game_id,date_time_utc,season_name,log_attendance,attendance,is_relocated_team,table_rank,opponent_table_rank,days_since_last_home_game,day_of_week,year,venue_name,home_team,away_team,stadium_capacity,metro_size,dedicated_soccer_facility,shared_with_other_league,team_venue_tenure,team_league_tenure,stadium_age_years,catchment_pop_30min,catchment_pop_60min
ljqE3k0YMx,2016-04-16 23:00:00+00:00,2016,8.182559264068665,3578.0,1,1,1,,Saturday,2016,Maryland SoccerPlex,Washington Spirit,Boston Breakers,4000.0,25934.0,1,0,,,26.0,12217.0,25934.0
N6MmLzjwQE,2016-04-17 00:30:00+00:00,2016,8.954156966583772,7740.0,0,2,2,,Sunday,2016,Shell Energy Stadium,Houston Dash,Chicago Stars FC,22039.0,549316.0,1,1,,,14.0,57833.0,549316.0
Xj5Y3zRxQb,2016-04-17 23:00:00+00:00,2016,8.290794347381356,3987.0,1,3,3,,Sunday,2016,Moda Field,Seattle Reign FC,NJ/NY Gotham FC,,,1,0,,,,,
jYQJ6y4EQG,2016-04-18 02:00:00+00:00,2016,9.684896124569141,16073.0,0,4,4,,Monday,2016,Providence Park,Portland Thorns FC,Orlando Pride,25218.0,694333.0,1,1,,,100.0,92452.0,694333.0
Oa5wx63Xq1,2016-04-23 23:00:00+00:00,2016,7.835579246669965,2529.0,0,5,5,,Saturday,2016,SeatGeek Stadium,Chicago Stars FC,Western New York Flash,20000.0,,1,1,,,20.0,,
eVq3Xl9gQW,2016-04-23 23:30:00+00:00,2016,10.060619498256424,23403.0,0,6,1,,Saturday,2016,Camping World Stadium,Orlando Pride,Houston Dash,19500.0,,1,1,,0.0,90.0,,
NWMWJznzQl,2016-04-24 22:00:00+00:00,2016,7.852050207265889,2571.0,0,2,2,,Sunday,2016,Yurcak Field,NJ/NY Gotham FC,Washington Spirit,,,1,0,,,,,
0Oq64eP7M6,2016-04-30 00:30:00+00:00,2016,8.533263371593732,5081.0,0,3,3,13.0,Saturday,2016,Shell Energy Stadium,Houston Dash,NJ/NY Gotham FC,22039.0,549316.0,1,1,,,14.0,57833.0,549316.0
gOMnyzpxQw,2016-05-01 22:00:00+00:00,2016,8.300031711779575,4024.0,0,5,5,7.0,Sunday,2016,SeatGeek Stadium,Chicago Stars FC,Orlando Pride,20000.0,,1,1,,,20.0,,
vzqoLzavQa,2016-05-01 23:00:00+00:00,2016,8.314587291319576,4083.0,1,6,8,14.0,Sunday,2016,Moda Field,Seattle Reign FC,FC Kansas City,,,1,0,,,,,
2lqRgeWDQr,2016-05-07 23:00:00+00:00,2016,7.132497551660044,1252.0,0,5,9,13.0,Saturday,2016,Yurcak Field,NJ/NY Gotham FC,Western New York Flash,,,1,0,,,,,
jYQJ6y4WQG,2016-05-07 23:00:00+00:00,2016,8.374015421739909,4333.0,1,1,2,21.0,Saturday,2016,Maryland SoccerPlex,Washington Spirit,Portland Thorns FC,4000.0,25934.0,1,0,,,26.0,12217.0,25934.0
KAqBnoXXqb,2016-05-08 21:00:00+00:00,2016,9.01322999770879,8211.0,0,7,5,14.0,Sunday,2016,Camping World Stadium,Orlando Pride,Seattle Reign FC,19500.0,,1,1,,0.0,90.0,,
NWMWJzneQl,2016-05-13 23:00:00+00:00,2016,7.150701457592526,1275.0,0,7,10,6.0,Friday,2016,Yurcak Field,NJ/NY Gotham FC,Boston Breakers,,,1,0,,,,,
7VqGWPpAqv,2016-05-14 23:00:00+00:00,2016,8.173293438966228,3545.0,1,1,4,7.0,Saturday,2016,Maryland SoccerPlex,Washington Spirit,Houston Dash,4000.0,25934.0,1,0,,,26.0,12217.0,25934.0
0Oq64ePrM6,2016-05-14 23:30:00+00:00,2016,8.967121656230923,7841.0,0,6,8,6.0,Saturday,2016,Camping World Stadium,Orlando Pride,Western New York Flash,19500.0,,1,1,,0.0,90.0,,
gpMO3lyOMz,2016-05-15 02:00:00+00:00,2016,8.440528106480752,4631.0,1,7,4,13.0,Sunday,2016,Moda Field,Seattle Reign FC,Portland Thorns FC,,,1,0,,,,,
gOMnyzn6Qw,2016-05-21 00:30:00+00:00,2016,8.747193183526933,6293.0,0,5,3,21.0,Saturday,2016,Shell Energy Stadium,Houston Dash,Orlando Pride,22039.0,549316.0,1,1,,,14.0,57833.0,549316.0
2lqRge12Qr,2016-05-22 02:00:00+00:00,2016,9.669219856718984,15823.0,0,4,1,34.0,Sunday,2016,Providence Park,Portland Thorns FC,Washington Spirit,25218.0,694333.0,1,1,,,100.0,92452.0,694333.0
9z5kAzGbQA,2016-05-22 23:00:00+00:00,2016,8.30795254527102,4056.0,1,5,4,7.0,Sunday,2016,Moda Field,Seattle Reign FC,Chicago Stars FC,,,1,0,,,,,
Pk5LnDPZQO,2016-05-29 23:00:00+00:00,2016,7.824845691026856,2502.0,0,1,7,28.0,Sunday,2016,SeatGeek Stadium,Chicago Stars FC,NJ/NY Gotham FC,20000.0,,1,1,,,20.0,,
gjMNwrNY5K,2016-05-29 23:00:00+00:00,2016,9.804440398934894,18114.0,0,3,6,7.0,Sunday,2016,Providence Park,Portland Thorns FC,Seattle Reign FC,25218.0,694333.0,1,1,,,100.0,92452.0,694333.0
7vQ74XAdMD,2016-06-11 23:00:00+00:00,2016,7.9208096792886,2754.0,0,6,9,29.0,Saturday,2016,Yurcak Field,NJ/NY Gotham FC,FC Kansas City,,,1,0,,,,,
2vQ1X128qr,2016-06-12 22:00:00+00:00,2016,8.049107721326406,3131.0,0,1,3,13.0,Sunday,2016,SeatGeek Stadium,Chicago Stars FC,Portland Thorns FC,20000.0,,1,1,,,20.0,,
a35re3YbML,2016-06-12 23:00:00+00:00,2016,8.451480648050856,4682.0,1,7,8,21.0,Sunday,2016,Moda Field,Seattle Reign FC,Houston Dash,,,1,0,,,,,
Vj58XJ4858,2016-06-18 23:00:00+00:00,2016,8.656955133791396,5750.0,1,3,4,35.0,Saturday,2016,Maryland SoccerPlex,Washington Spirit,Orlando Pride,4000.0,25934.0,1,0,,,26.0,12217.0,25934.0
9YqdxzbOqv,2016-06-19 00:00:00+00:00,2016,7.845024417241484,2553.0,0,3,10,6.0,Sunday,2016,SeatGeek Stadium,Chicago Stars FC,Boston Breakers,20000.0,,1,1,,,20.0,,
KXMexzJ6Q6,2016-06-19 22:00:00+00:00,2016,7.340835554123275,1542.0,0,7,6,7.0,Sunday,2016,Yurcak Field,NJ/NY Gotham FC,Seattle Reign FC,,,1,0,,,,,
odMXwzXaQY,2016-06-20 00:30:00+00:00,2016,8.42726848388825,4570.0,0,8,9,30.0,Monday,2016,Shell Energy Stadium,Houston Dash,FC Kansas City,22039.0,549316.0,1,1,,,14.0,57833.0,549316.0
9vQ2Xrxo5K,2016-06-23 02:00:00+00:00,2016,9.736901540128232,16931.0,0,2,1,24.0,Thursday,2016,Providence Park,Portland Thorns FC,Chicago Stars FC,25218.0,694333.0,1,1,,,100.0,92452.0,694333.0
NPqxPO7kq9,2016-06-23 23:30:00+00:00,2016,8.834919385216395,6870.0,0,4,9,40.0,Thursday,2016,Camping World Stadium,Orlando Pride,Houston Dash,19500.0,,1,1,,0.0,90.0,,
xW5pLJRB5g,2016-06-25 23:00:00+00:00,2016,8.145549631783584,3448.0,1,3,7,7.0,Saturday,2016,Maryland SoccerPlex,Washington Spirit,NJ/NY Gotham FC,4000.0,25934.0,1,0,,,26.0,12217.0,25934.0
kRQapzZ1qK,2016-06-26 21:00:00+00:00,2016,8.873888135154973,7143.0,0,4,1,2.0,Sunday,2016,Camping World Stadium,Orlando Pride,Portland Thorns FC,19500.0,,1,1,,0.0,90.0,,
4wM4X8jgMj,2016-07-02 23:00:00+00:00,2016,8.01829613851552,3036.0,1,4,8,7.0,Saturday,2016,Maryland SoccerPlex,Washington Spirit,FC Kansas City,4000.0,25934.0,1,0,,,26.0,12217.0,25934.0
zeQZBzxzQK,2016-07-03 02:00:00+00:00,2016,8.37930948405285,4356.0,1,6,10,20.0,Sunday,2016,Moda Field,Seattle Reign FC,Boston Breakers,,,1,0,,,,,
BLMvLGNjqx,2016-07-03 02:30:00+00:00,2016,9.567105311865157,14287.0,0,1,7,10.0,Sunday,2016,Providence Park,Portland Thorns FC,NJ/NY Gotham FC,25218.0,694333.0,1,1,,,100.0,92452.0,694333.0
XVqKO7Vwq0,2016-07-09 23:00:00+00:00,2016,7.4570320891223805,1732.0,0,7,9,20.0,Saturday,2016,Yurcak Field,NJ/NY Gotham FC,Houston Dash,,,1,0,,,,,
ljqE3kOwMx,2016-07-09 23:00:00+00:00,2016,8.197263371414335,3631.0,1,2,3,7.0,Saturday,2016,Maryland SoccerPlex,Washington Spirit,Chicago Stars FC,4000.0,25934.0,1,0,,,26.0,12217.0,25934.0
e7MzRo1OMr,2016-07-10 02:30:00+00:00,2016,9.737551024991497,16942.0,0,1,8,7.0,Sunday,2016,Providence Park,Portland Thorns FC,FC Kansas City,25218.0,694333.0,1,1,,,100.0,92452.0,694333.0
N6MmLzOvQE,2016-07-10 21:00:00+00:00,2016,8.672828482947686,5842.0,0,7,10,14.0,Sunday,2016,Camping World Stadium,Orlando Pride,Boston Breakers,19500.0,,1,1,,0.0,90.0,,
jYQJ6ykWQG,2016-07-16 23:30:00+00:00,2016,8.888342869109282,7247.0,0,3,3,6.0,Saturday,2016,Camping World Stadium,Orlando Pride,Chicago Stars FC,19500.0,,1,1,,0.0,90.0,,
Oa5wx6yBq1,2016-07-17 00:30:00+00:00,2016,8.64135583403666,5661.0,0,9,1,27.0,Sunday,2016,Shell Energy Stadium,Houston Dash,Portland Thorns FC,22039.0,549316.0,1,1,,,14.0,57833.0,549316.0
eVq3Xl0nQW,2016-07-17 02:00:00+00:00,2016,8.416488487294606,4521.0,1,6,4,14.0,Sunday,2016,Moda Field,Seattle Reign FC,Western New York Flash,,,1,0,,,,,
NWMWJzeeQl,2016-07-23 23:00:00+00:00,2016,7.347299700743164,1552.0,0,4,1,14.0,Saturday,2016,Yurcak Field,NJ/NY Gotham FC,Washington Spirit,,,1,0,,,,,
7VqGWPoAqv,2016-07-24 00:00:00+00:00,2016,8.19450550976564,3621.0,0,4,9,35.0,Sunday,2016,SeatGeek Stadium,Chicago Stars FC,Houston Dash,20000.0,,1,1,,,20.0,,
0Oq64earM6,2016-07-24 02:00:00+00:00,2016,8.537583881063972,5103.0,1,7,6,7.0,Sunday,2016,Moda Field,Seattle Reign FC,Orlando Pride,,,1,0,,,,,
gpMO3lZOMz,2016-07-31 00:00:00+00:00,2016,7.843848638152472,2550.0,0,3,8,7.0,Sunday,2016,SeatGeek Stadium,Chicago Stars FC,FC Kansas City,20000.0,,1,1,,,20.0,,
gOMnyze6Qw,2016-07-31 00:30:00+00:00,2016,8.37309184744198,4329.0,0,9,6,14.0,Sunday,2016,Shell Energy Stadium,Houston Dash,Western New York Flash,22039.0,549316.0,1,1,,,14.0,57833.0,549316.0
vzqoLzX7Qa,2016-07-31 02:30:00+00:00,2016,9.864278839310847,19231.0,0,1,5,21.0,Sunday,2016,Providence Park,Portland Thorns FC,Seattle Reign FC,25218.0,694333.0,1,1,,,100.0,92452.0,694333.0
2lqRgeb2Qr,2016-07-31 15:00:00+00:00,2016,7.982757702011113,2930.0,1,2,4,21.0,Sunday,2016,Maryland SoccerPlex,Washington Spirit,NJ/NY Gotham FC,4000.0,25934.0,1,0,,,26.0,12217.0,25934.0
9z5kAzlbQA,2016-08-19 00:00:00+00:00,2016,8.51959031601596,5012.0,0,9,1,18.0,Friday,2016,Shell Energy Stadium,Houston Dash,Washington Spirit,22039.0,549316.0,1,1,,,14.0,57833.0,549316.0
315Vnz3759,2016-08-26 23:30:00+00:00,2016,8.861066543517762,7052.0,0,7,1,41.0,Friday,2016,Camping World Stadium,Orlando Pride,Washington Spirit,19500.0,,1,1,,0.0,90.0,,
EGMPB8vrqa,2016-08-27 21:00:00+00:00,2016,8.680671660408713,5888.0,1,5,2,34.0,Saturday,2016,Moda Field,Seattle Reign FC,Portland Thorns FC,,,1,0,,,,,
gjMNwr4Y5K,2016-08-27 23:00:00+00:00,2016,8.041734711487537,3108.0,0,5,3,35.0,Saturday,2016,Yurcak Field,NJ/NY Gotham FC,Chicago Stars FC,,,1,0,,,,,
eV5Dw9dZMK,2016-09-03 23:00:00+00:00,2016,8.417814747435958,4527.0,1,1,6,34.0,Saturday,2016,Maryland SoccerPlex,Washington Spirit,Western New York Flash,4000.0,25934.0,1,0,,,26.0,12217.0,25934.0
2vQ1X1G8qr,2016-09-04 00:30:00+00:00,2016,8.827468112520654,6819.0,0,8,7,16.0,Sunday,2016,Shell Energy Stadium,Houston Dash,Orlando Pride,22039.0,549316.0,1,1,,,14.0,57833.0,549316.0
Vj58XJk858,2016-09-04 23:00:00+00:00,2016,8.118207049405783,3355.0,0,3,4,35.0,Sunday,2016,SeatGeek Stadium,Chicago Stars FC,Seattle Reign FC,20000.0,,1,1,,,20.0,,
OlMlKz8yQL,2016-09-04 23:00:00+00:00,2016,9.749870063870528,17152.0,0,2,10,35.0,Sunday,2016,Providence Park,Portland Thorns FC,Boston Breakers,25218.0,694333.0,1,1,,,100.0,92452.0,694333.0
9YqdxzLOqv,2016-09-07 23:00:00+00:00,2016,7.628031126930335,2055.0,0,5,9,11.0,Wednesday,2016,Yurcak Field,NJ/NY Gotham FC,Orlando Pride,,,1,0,,,,,
9vQ2Xr6o5K,2016-09-08 00:00:00+00:00,2016,7.63433723562832,2068.0,0,3,7,3.0,Thursday,2016,SeatGeek Stadium,Chicago Stars FC,FC Kansas City,20000.0,,1,1,,,20.0,,
odMXwzYaQY,2016-09-08 00:00:00+00:00,2016,8.019283792916793,3039.0,1,1,4,4.0,Thursday,2016,Maryland SoccerPlex,Washington Spirit,Seattle Reign FC,4000.0,25934.0,1,0,,,26.0,12217.0,25934.0
NPqxPOZkq9,2016-09-08 02:00:00+00:00,2016,9.528939547062684,13752.0,0,2,8,3.0,Thursday,2016,Providence Park,Portland Thorns FC,Houston Dash,25218.0,694333.0,1,1,,,100.0,92452.0,694333.0
aDQ0EDgvME,2016-09-10 23:30:00+00:00,2016,8.822911626354117,6788.0,0,8,5,15.0,Saturday,2016,Camping World Stadium,Orlando Pride,NJ/NY Gotham FC,19500.0,,1,1,,0.0,90.0,,
xW5pLJ2B5g,2016-09-11 23:00:00+00:00,2016,8.717190933223135,6107.0,0,8,10,7.0,Sunday,2016,Shell Energy Stadium,Houston Dash,Boston Breakers,22039.0,549316.0,1,1,,,14.0,57833.0,549316.0
kRQapzk1qK,2016-09-12 01:30:00+00:00,2016,9.959111456284125,21144.0,0,2,6,3.0,Monday,2016,Providence Park,Portland Thorns FC,Western New York Flash,25218.0,694333.0,1,1,,,100.0,92452.0,694333.0
4JMAOnr7qK,2016-09-12 02:00:00+00:00,2016,8.45765547870004,4711.0,1,5,1,15.0,Monday,2016,Moda Field,Seattle Reign FC,Washington Spirit,,,1,0,,,,,
4wM4X8ngMj,2016-09-24 21:00:00+00:00,2016,8.916506080039204,7454.0,0,9,6,13.0,Saturday,2016,Camping World Stadium,Orlando Pride,FC Kansas City,19500.0,,1,1,,0.0,90.0,,
BLMvLGAjqx,2016-09-25 00:00:00+00:00,2016,8.21932609390609,3712.0,0,3,1,17.0,Sunday,2016,SeatGeek Stadium,Chicago Stars FC,Washington Spirit,20000.0,,1,1,,,20.0,,
XVqKO7pwq0,2016-09-25 23:00:00+00:00,2016,8.237479288613633,3780.0,0,5,2,18.0,Sunday,2016,Yurcak Field,NJ/NY Gotham FC,Portland Thorns FC,,,1,0,,,,,
p6qbxzV4M0,2016-09-26 01:30:00+00:00,2016,8.639587799629844,5651.0,0,8,4,14.0,Monday,2016,Shell Energy Stadium,Houston Dash,Seattle Reign FC,22039.0,549316.0,1,1,,,14.0,57833.0,549316.0
ljqE3kewMx,2016-10-01 00:00:00+00:00,2016,8.354438940114811,4249.0,1,2,3,23.0,Saturday,2016,Maryland SoccerPlex,Washington Spirit,Chicago Stars FC,4000.0,25934.0,1,0,,,26.0,12217.0,25934.0
e7MzRoKOMr,2016-10-02 21:00:00+00:00,2016,9.907778333953285,20086.0,0,2,5,20.0,Sunday,2016,Providence Park,Portland Thorns FC,Western New York Flash,25218.0,694333.0,1,1,,,100.0,92452.0,694333.0
xW5pLbD05g,2017-04-15 18:00:00+00:00,2017,8.40827078419205,4484.0,0,1,1,201.0,Saturday,2017,Shell Energy Stadium,Houston Dash,Chicago Stars FC,22039.0,549316.0,1,1,,,14.0,57833.0,549316.0
gjMNwpkY5K,2017-04-15 19:00:00+00:00,2017,7.786136437783072,2407.0,1,3,3,196.0,Saturday,2017,Maryland SoccerPlex,Washington Spirit,North Carolina Courage,4000.0,25934.0,1,0,,,26.0,12217.0,25934.0
NPqxPjwYq9,2017-04-15 19:00:00+00:00,2017,9.689365683192376,16145.0,0,2,2,194.0,Saturday,2017,Providence Park,Portland Thorns FC,Orlando Pride,25218.0,694333.0,1,1,,,100.0,92452.0,694333.0
KPqjxj8NM6,2017-04-16 02:00:00+00:00,2017,8.166500319155052,3521.0,1,4,4,216.0,Sunday,2017,UW Medicine Pitch at Memorial Stadium,Seattle Reign FC,NJ/NY Gotham FC,,,1,0,,,,,
4JMAOb4PqK,2017-04-22 20:00:00+00:00,2017,7.674617497364363,2153.0,0,9,1,209.0,Saturday,2017,SeatGeek Stadium,Chicago Stars FC,FC Kansas City,20000.0,,1,1,,,20.0,,
zeQZBpaNQK,2017-04-22 20:00:00+00:00,2017,9.57858809226753,14452.0,0,7,7,209.0,Saturday,2017,Inter&Co Stadium,Orlando Pride,Washington Spirit,25500.0,263292.0,1,1,0.0,1.0,9.0,25319.0,263292.0
BLMvLje8qx,2017-04-22 23:30:00+00:00,2017,8.74798740166097,6298.0,0,1,1,,Saturday,2017,WakeMed Soccer Park,North Carolina Courage,Portland Thorns FC,,39683.0,1,0,,0.0,,11054.0,39683.0
4wM4XbzBMj,2017-04-23 02:00:00+00:00,2017,7.910957382845589,2727.0,1,6,2,7.0,Sunday,2017,UW Medicine Pitch at Memorial Stadium,Seattle Reign FC,Houston Dash,,,1,0,,,,,
N6MmLbDwQE,2017-04-29 20:00:00+00:00,2017,8.43076346341785,4586.0,0,1,8,6.0,Saturday,2017,WakeMed Soccer Park,North Carolina Courage,Orlando Pride,,39683.0,1,0,,0.0,,11054.0,39683.0
e7MzRjBPMr,2017-04-29 20:00:00+00:00,2017,9.579901925737992,14471.0,0,3,3,14.0,Saturday,2017,Providence Park,Portland Thorns FC,Chicago Stars FC,25218.0,694333.0,1,1,,,100.0,92452.0,694333.0
p6qbxjaaM0,2017-04-29 23:00:00+00:00,2017,8.056426767522984,3154.0,1,8,4,14.0,Saturday,2017,Maryland SoccerPlex,Washington Spirit,Houston Dash,4000.0,25934.0,1,0,,,26.0,12217.0,25934.0
Xj5Y3paxQb,2017-04-30 22:00:00+00:00,2017,7.848543482456679,2562.0,0,8,6,216.0,Sunday,2017,Yurcak Field,NJ/NY Gotham FC,FC Kansas City,,,1,0,,,,,
kRQapjY1qK,2017-05-06 20:00:00+00:00,2017,7.656337166430183,2114.0,0,7,2,14.0,Saturday,2017,SeatGeek Stadium,Chicago Stars FC,Houston Dash,20000.0,,1,1,,,20.0,,
eVq3XbzgQW,2017-05-06 23:00:00+00:00,2017,8.06777619577889,3190.0,1,9,6,7.0,Saturday,2017,Maryland SoccerPlex,Washington Spirit,NJ/NY Gotham FC,4000.0,25934.0,1,0,,,26.0,12217.0,25934.0
xW5pLbgB5g,2017-05-07 02:00:00+00:00,2017,9.690294332075087,16160.0,0,2,6,7.0,Sunday,2017,Providence Park,Portland Thorns FC,Seattle Reign FC,25218.0,694333.0,1,1,,,100.0,92452.0,694333.0
0Oq64bz7M6,2017-05-13 20:00:00+00:00,2017,8.008698182988528,3007.0,1,7,8,20.0,Saturday,2017,UW Medicine Pitch at Memorial Stadium,Seattle Reign FC,Washington Spirit,,,1,0,,,,,
0x5g0jDjq7,2017-05-13 20:00:00+00:00,2017,8.58839695042257,5369.0,0,3,7,28.0,Saturday,2017,Shell Energy Stadium,Houston Dash,NJ/NY Gotham FC,22039.0,549316.0,1,1,,,14.0,57833.0,549316.0
9vQ2Xb0o5K,2017-05-14 21:00:00+00:00,2017,8.567886305731756,5260.0,0,10,1,22.0,Sunday,2017,Inter&Co Stadium,Orlando Pride,North Carolina Courage,25500.0,263292.0,1,1,0.0,1.0,9.0,25319.0,263292.0
KPqjxjbPM6,2017-05-14 22:00:00+00:00,2017,7.510430556378006,1827.0,0,5,5,8.0,Sunday,2017,SeatGeek Stadium,Chicago Stars FC,Boston Breakers,20000.0,,1,1,,,20.0,,
2lqRgpaDQr,2017-05-20 20:00:00+00:00,2017,7.814399633804487,2476.0,0,5,7,19.0,Saturday,2017,Yurcak Field,NJ/NY Gotham FC,Houston Dash,,,1,0,,,,,
wvq9JbzlQW,2017-05-20 23:00:00+00:00,2017,8.219864741912652,3714.0,1,10,8,14.0,Saturday,2017,Maryland SoccerPlex,Washington Spirit,FC Kansas City,4000.0,25934.0,1,0,,,26.0,12217.0,25934.0
9z5kAjDYQA,2017-05-21 20:00:00+00:00,2017,8.47345026846832,4786.0,0,1,7,22.0,Sunday,2017,WakeMed Soccer Park,North Carolina Courage,Chicago Stars FC,,39683.0,1,0,,0.0,,11054.0,39683.0
315VnpaG59,2017-05-22 01:30:00+00:00,2017,8.30325712085294,4037.0,1,5,9,8.0,Monday,2017,UW Medicine Pitch at Memorial Stadium,Seattle Reign FC,Orlando Pride,,,1,0,,,,,
Pk5Lnp4PQO,2017-05-24 23:30:00+00:00,2017,7.776115477098742,2383.0,0,1,2,3.0,Wednesday,2017,WakeMed Soccer Park,North Carolina Courage,NJ/NY Gotham FC,,39683.0,1,0,,0.0,,11054.0,39683.0
gjMNwpm45K,2017-05-27 20:00:00+00:00,2017,7.870165946469845,2618.0,0,2,1,12.0,Saturday,2017,SeatGeek Stadium,Chicago Stars FC,North Carolina Courage,20000.0,,1,1,,,20.0,,
2vQ1XbnLqr,2017-05-27 20:00:00+00:00,2017,8.57772369115627,5312.0,0,8,4,14.0,Saturday,2017,Shell Energy Stadium,Houston Dash,Seattle Reign FC,22039.0,549316.0,1,1,,,14.0,57833.0,549316.0
raMyRj3J5d,2017-05-27 23:00:00+00:00,2017,8.146419323098003,3451.0,0,4,8,7.0,Saturday,2017,Yurcak Field,NJ/NY Gotham FC,Orlando Pride,,,1,0,,,,,
7vQ74bz8MD,2017-05-28 02:00:00+00:00,2017,9.832904131080666,18637.0,0,6,7,21.0,Sunday,2017,Providence Park,Portland Thorns FC,Boston Breakers,25218.0,694333.0,1,1,,,100.0,92452.0,694333.0
9Yqdxjpoqv,2017-06-03 19:30:00+00:00,2017,8.220672170297252,3717.0,0,1,6,9.0,Saturday,2017,WakeMed Soccer Park,North Carolina Courage,FC Kansas City,,39683.0,1,0,,0.0,,11054.0,39683.0
OlMlKjpAQL,2017-06-03 23:00:00+00:00,2017,7.790696031174738,2418.0,0,2,4,7.0,Saturday,2017,Yurcak Field,NJ/NY Gotham FC,Portland Thorns FC,,,1,0,,,,,
Vj58XbLw58,2017-06-03 23:00:00+00:00,2017,8.037866234709618,3096.0,1,10,8,14.0,Saturday,2017,Maryland SoccerPlex,Washington Spirit,Houston Dash,4000.0,25934.0,1,0,,,26.0,12217.0,25934.0
a35rejpKML,2017-06-03 23:30:00+00:00,2017,8.553525120663627,5185.0,0,9,7,20.0,Saturday,2017,Inter&Co Stadium,Orlando Pride,Boston Breakers,25500.0,263292.0,1,1,0.0,1.0,9.0,25319.0,263292.0
Oa5wxjJXq1,2017-06-04 19:00:00+00:00,2017,8.054204897064407,3147.0,0,3,5,7.0,Sunday,2017,SeatGeek Stadium,Chicago Stars FC,Seattle Reign FC,20000.0,,1,1,,,20.0,,
aDQ0EbOEME,2017-06-17 20:00:00+00:00,2017,8.067462667010057,3189.0,0,2,9,13.0,Saturday,2017,SeatGeek Stadium,Chicago Stars FC,Washington Spirit,20000.0,,1,1,,,20.0,,
odMXwpKGQY,2017-06-17 23:30:00+00:00,2017,8.237479288613633,3780.0,0,1,8,14.0,Saturday,2017,WakeMed Soccer Park,North Carolina Courage,Boston Breakers,,39683.0,1,0,,0.0,,11054.0,39683.0
NPqxPjJYq9,2017-06-18 00:30:00+00:00,2017,8.685753832960154,5918.0,0,10,7,21.0,Sunday,2017,Shell Energy Stadium,Houston Dash,Orlando Pride,22039.0,549316.0,1,1,,,14.0,57833.0,549316.0
KXMexZp3Q6,2017-06-18 02:00:00+00:00,2017,9.72531736686465,16736.0,0,3,4,21.0,Sunday,2017,Providence Park,Portland Thorns FC,NJ/NY Gotham FC,25218.0,694333.0,1,1,,,100.0,92452.0,694333.0
kRQapjKOqK,2017-06-24 19:30:00+00:00,2017,8.61195776786066,5497.0,0,6,10,20.0,Saturday,2017,Inter&Co Stadium,Orlando Pride,Houston Dash,25500.0,263292.0,1,1,0.0,1.0,9.0,25319.0,263292.0
4JMAObgPqK,2017-06-24 23:00:00+00:00,2017,8.3707791729607,4319.0,1,9,4,21.0,Saturday,2017,Maryland SoccerPlex,Washington Spirit,Portland Thorns FC,4000.0,25934.0,1,0,,,26.0,12217.0,25934.0
xW5pLbK05g,2017-06-25 02:00:00+00:00,2017,8.273591798199632,3919.0,1,5,6,34.0,Sunday,2017,UW Medicine Pitch at Memorial Stadium,Seattle Reign FC,FC Kansas City,,,1,0,,,,,
4wM4Xb9BMj,2017-06-25 22:00:00+00:00,2017,8.221478947267192,3720.0,0,2,3,8.0,Sunday,2017,SeatGeek Stadium,Chicago Stars FC,NJ/NY Gotham FC,20000.0,,1,1,,,20.0,,
p6qbxjKaM0,2017-06-28 23:00:00+00:00,2017,8.027802848370312,3065.0,0,3,7,25.0,Wednesday,2017,Yurcak Field,NJ/NY Gotham FC,Orlando Pride,,,1,0,,,,,
XVqKOzPNq0,2017-06-29 01:00:00+00:00,2017,8.715224041915372,6095.0,0,9,10,11.0,Thursday,2017,Shell Energy Stadium,Houston Dash,Boston Breakers,22039.0,549316.0,1,1,,,14.0,57833.0,549316.0
zeQZBpKNQK,2017-06-29 02:00:00+00:00,2017,9.692704790920137,16199.0,0,4,7,11.0,Thursday,2017,Providence Park,Portland Thorns FC,FC Kansas City,25218.0,694333.0,1,1,,,100.0,92452.0,694333.0
BLMvLjp8qx,2017-06-29 02:30:00+00:00,2017,8.184792654165078,3586.0,1,6,2,4.0,Thursday,2017,UW Medicine Pitch at Memorial Stadium,Seattle Reign FC,Chicago Stars FC,,,1,0,,,,,
N6MmLbpwQE,2017-07-01 19:30:00+00:00,2017,8.024862150286411,3056.0,0,1,5,13.0,Saturday,2017,WakeMed Soccer Park,North Carolina Courage,NJ/NY Gotham FC,,39683.0,1,0,,0.0,,11054.0,39683.0
e7MzRj3PMr,2017-07-01 21:00:00+00:00,2017,8.60813018640834,5476.0,0,6,2,7.0,Saturday,2017,Inter&Co Stadium,Orlando Pride,Chicago Stars FC,25500.0,263292.0,1,1,0.0,1.0,9.0,25319.0,263292.0
Xj5Y3pKxQb,2017-07-02 02:30:00+00:00,2017,8.35936910622267,4270.0,1,5,4,3.0,Sunday,2017,UW Medicine Pitch at Memorial Stadium,Seattle Reign FC,Portland Thorns FC,,,1,0,,,,,
eVq3XbRgQW,2017-07-08 19:30:00+00:00,2017,8.556413904569519,5200.0,1,10,6,13.0,Saturday,2017,Maryland SoccerPlex,Washington Spirit,Orlando Pride,4000.0,25934.0,1,0,,,26.0,12217.0,25934.0
NWMWJpKzQl,2017-07-08 23:00:00+00:00,2017,7.645397699428633,2091.0,0,4,7,10.0,Saturday,2017,Yurcak Field,NJ/NY Gotham FC,FC Kansas City,,,1,0,,,,,
0x5g0jpjq7,2017-07-09 01:45:00+00:00,2017,8.178919332848396,3565.0,0,1,4,7.0,Sunday,2017,WakeMed Soccer Park,North Carolina Courage,Seattle Reign FC,,39683.0,1,0,,0.0,,11054.0,39683.0
KAqBnbG7qb,2017-07-09 02:09:00+00:00,2017,8.260751354700513,3869.0,0,7,5,10.0,Sunday,2017,Shell Energy Stadium,Houston Dash,Portland Thorns FC,22039.0,549316.0,1,1,,,14.0,57833.0,549316.0
gpMO3p7RMz,2017-07-15 19:30:00+00:00,2017,9.729372232289272,16804.0,0,5,1,16.0,Saturday,2017,Providence Park,Portland Thorns FC,North Carolina Courage,25218.0,694333.0,1,1,,,100.0,92452.0,694333.0
gOMnyAbxQw,2017-07-15 23:00:00+00:00,2017,7.835579246669965,2529.0,0,3,2,7.0,Saturday,2017,Yurcak Field,NJ/NY Gotham FC,Chicago Stars FC,,,1,0,,,,,
7VqGWbRXqv,2017-07-15 23:30:00+00:00,2017,8.711607995897575,6073.0,0,6,8,14.0,Saturday,2017,Inter&Co Stadium,Orlando Pride,FC Kansas City,25500.0,263292.0,1,1,0.0,1.0,9.0,25319.0,263292.0
vzqoLKAvQa,2017-07-16 00:30:00+00:00,2017,8.111328003286733,3332.0,0,7,10,6.0,Sunday,2017,Shell Energy Stadium,Houston Dash,Washington Spirit,22039.0,549316.0,1,1,,,14.0,57833.0,549316.0
0Oq64bV7M6,2017-07-16 02:00:00+00:00,2017,8.224163512637862,3730.0,1,5,8,13.0,Sunday,2017,UW Medicine Pitch at Memorial Stadium,Seattle Reign FC,Boston Breakers,,,1,0,,,,,
2lqRgpKDQr,2017-07-22 19:30:00+00:00,2017,8.464214266625351,4742.0,0,2,6,26.0,Saturday,2017,SeatGeek Stadium,Chicago Stars FC,Orlando Pride,20000.0,,1,1,,,20.0,,
KAqBnbGXqb,2017-07-23 02:00:00+00:00,2017,8.403800504061147,4464.0,1,5,3,7.0,Sunday,2017,UW Medicine Pitch at Memorial Stadium,Seattle Reign FC,NJ/NY Gotham FC,,,1,0,,,,,
eVq3XbRnQW,2017-07-23 02:02:00+00:00,2017,8.582418976333944,5337.0,0,7,8,7.0,Sunday,2017,Shell Energy Stadium,Houston Dash,Boston Breakers,22039.0,549316.0,1,1,,,14.0,57833.0,549316.0
jYQJ6mVWQG,2017-07-23 02:20:00+00:00,2017,9.824336114230691,18478.0,0,5,10,7.0,Sunday,2017,Providence Park,Portland Thorns FC,Washington Spirit,25218.0,694333.0,1,1,,,100.0,92452.0,694333.0
0Oq64bVrM6,2017-08-04 23:00:00+00:00,2017,7.822444729489319,2496.0,0,5,10,20.0,Friday,2017,Yurcak Field,NJ/NY Gotham FC,Washington Spirit,,,1,0,,,,,
KAqBnb47qb,2017-08-05 18:00:00+00:00,2017,9.811536723788219,18243.0,0,3,6,13.0,Saturday,2017,Providence Park,Portland Thorns FC,Houston Dash,25218.0,694333.0,1,1,,,100.0,92452.0,694333.0
0x5g0jp7q7,2017-08-05 23:30:00+00:00,2017,8.64241515616962,5667.0,0,7,2,21.0,Saturday,2017,Inter&Co Stadium,Orlando Pride,Chicago Stars FC,25500.0,263292.0,1,1,0.0,1.0,9.0,25319.0,263292.0
7VqGWbRAqv,2017-08-05 23:30:00+00:00,2017,8.5657928612523,5249.0,0,3,4,27.0,Saturday,2017,WakeMed Soccer Park,North Carolina Courage,Seattle Reign FC,,39683.0,1,0,,0.0,,11054.0,39683.0
EGMPBa43qa,2017-08-08 23:30:00+00:00,2017,8.360071435644025,4273.0,0,6,8,3.0,Tuesday,2017,Inter&Co Stadium,Orlando Pride,Washington Spirit,25500.0,263292.0,1,1,0.0,1.0,9.0,25319.0,263292.0
gOMnyAB6Qw,2017-08-12 19:30:00+00:00,2017,8.222016437202196,3722.0,1,8,8,35.0,Saturday,2017,Maryland SoccerPlex,Washington Spirit,Boston Breakers,4000.0,25934.0,1,0,,,26.0,12217.0,25934.0
gpMO3pVOMz,2017-08-12 23:30:00+00:00,2017,8.564649132572534,5243.0,0,5,5,4.0,Saturday,2017,Inter&Co Stadium,Orlando Pride,NJ/NY Gotham FC,25500.0,263292.0,1,1,0.0,1.0,9.0,25319.0,263292.0
vzqoLKW7Qa,2017-08-13 00:00:00+00:00,2017,8.503905297089302,4934.0,0,2,3,21.0,Sunday,2017,SeatGeek Stadium,Chicago Stars FC,Portland Thorns FC,20000.0,,1,1,,,20.0,,
wvq9Jb43QW,2017-08-14 00:30:00+00:00,2017,8.378390788535778,4352.0,0,7,10,21.0,Monday,2017,Shell Energy Stadium,Houston Dash,FC Kansas City,22039.0,549316.0,1,1,,,14.0,57833.0,549316.0
2lqRgpN2Qr,2017-08-14 01:00:00+00:00,2017,8.332308352219117,4156.0,1,5,1,21.0,Monday,2017,UW Medicine Pitch at Memorial Stadium,Seattle Reign FC,North Carolina Courage,,,1,0,,,,,
EGMPBaPrqa,2017-08-17 00:00:00+00:00,2017,7.964155718840937,2876.0,0,3,5,4.0,Thursday,2017,SeatGeek Stadium,Chicago Stars FC,Seattle Reign FC,20000.0,,1,1,,,20.0,,
aDQ0EbzEME,2017-08-19 19:30:00+00:00,2017,8.169053149927343,3530.0,0,1,9,13.0,Saturday,2017,WakeMed Soccer Park,North Carolina Courage,Washington Spirit,,39683.0,1,0,,0.0,,11054.0,39683.0
7vQ74b0dMD,2017-08-19 23:00:00+00:00,2017,8.109224953089955,3325.0,0,6,5,15.0,Saturday,2017,Yurcak Field,NJ/NY Gotham FC,Seattle Reign FC,,,1,0,,,,,
Pk5LnpRZQO,2017-08-20 02:00:00+00:00,2017,9.886951583896028,19672.0,0,2,7,14.0,Sunday,2017,Providence Park,Portland Thorns FC,Houston Dash,25218.0,694333.0,1,1,,,100.0,92452.0,694333.0
eV5DwpBZMK,2017-08-20 22:00:00+00:00,2017,8.105911197986508,3314.0,0,3,8,3.0,Sunday,2017,SeatGeek Stadium,Chicago Stars FC,FC Kansas City,20000.0,,1,1,,,20.0,,
Vj58Xb0858,2017-08-26 20:00:00+00:00,2017,8.706324840138741,6041.0,1,5,2,12.0,Saturday,2017,UW Medicine Pitch at Memorial Stadium,Seattle Reign FC,Portland Thorns FC,,,1,0,,,,,
a35rej6bML,2017-08-26 23:00:00+00:00,2017,8.15162164696975,3469.0,1,9,4,14.0,Saturday,2017,Maryland SoccerPlex,Washington Spirit,Chicago Stars FC,4000.0,25934.0,1,0,,,26.0,12217.0,25934.0
2vQ1Xb08qr,2017-08-26 23:00:00+00:00,2017,7.716015266642587,2244.0,0,6,9,7.0,Saturday,2017,Yurcak Field,NJ/NY Gotham FC,Boston Breakers,,,1,0,,,,,
KXMexZA6Q6,2017-08-30 23:30:00+00:00,2017,7.768533300926033,2365.0,1,9,1,4.0,Wednesday,2017,Maryland SoccerPlex,Washington Spirit,North Carolina Courage,4000.0,25934.0,1,0,,,26.0,12217.0,25934.0
odMXwpjaQY,2017-09-02 19:30:00+00:00,2017,9.859587910246109,19141.0,0,2,9,13.0,Saturday,2017,Providence Park,Portland Thorns FC,Washington Spirit,25218.0,694333.0,1,1,,,100.0,92452.0,694333.0
gOMnyADxQw,2017-09-02 23:30:00+00:00,2017,8.596558746796978,5413.0,0,3,9,21.0,Saturday,2017,Inter&Co Stadium,Orlando Pride,Boston Breakers,25500.0,263292.0,1,1,0.0,1.0,9.0,25319.0,263292.0
gpMO3p4RMz,2017-09-03 22:00:00+00:00,2017,8.22817689595132,3745.0,0,4,1,14.0,Sunday,2017,SeatGeek Stadium,Chicago Stars FC,North Carolina Courage,20000.0,,1,1,,,20.0,,
4wM4Xb0gMj,2017-09-08 00:00:00+00:00,2017,8.375860015299594,4341.0,0,3,6,5.0,Friday,2017,Inter&Co Stadium,Orlando Pride,Seattle Reign FC,25500.0,263292.0,1,1,0.0,1.0,9.0,25319.0,263292.0
4JMAObJ7qK,2017-09-09 23:30:00+00:00,2017,8.455743229100015,4702.0,0,1,8,21.0,Saturday,2017,WakeMed Soccer Park,North Carolina Courage,Houston Dash,,39683.0,1,0,,0.0,,11054.0,39683.0
BLMvLjRjqx,2017-09-10 22:00:00+00:00,2017,7.60489448081162,2008.0,0,5,9,14.0,Sunday,2017,Yurcak Field,NJ/NY Gotham FC,Washington Spirit,,,1,0,,,,,
N6MmLb3vQE,2017-09-23 19:30:00+00:00,2017,8.902863672196222,7353.0,0,3,2,15.0,Saturday,2017,Inter&Co Stadium,Orlando Pride,Portland Thorns FC,25500.0,263292.0,1,1,0.0,1.0,9.0,25319.0,263292.0
ljqE3mYYMx,2017-09-23 23:00:00+00:00,2017,8.153349757998892,3475.0,1,9,10,23.0,Saturday,2017,Maryland SoccerPlex,Washington Spirit,Boston Breakers,4000.0,25934.0,1,0,,,26.0,12217.0,25934.0
ljqE3mWwMx,2017-09-24 00:30:00+00:00,2017,8.810907036099737,6707.0,0,8,4,41.0,Sunday,2017,Shell Energy Stadium,Houston Dash,Chicago Stars FC,22039.0,549316.0,1,1,,,14.0,57833.0,549316.0
e7MzRjPOMr,2017-09-24 22:00:00+00:00,2017,7.897296472595885,2690.0,0,5,1,14.0,Sunday,2017,Yurcak Field,NJ/NY Gotham FC,North Carolina Courage,,,1,0,,,,,
Xj5Y3prXQb,2017-09-25 01:00:00+00:00,2017,8.515391569469609,4991.0,1,6,7,29.0,Monday,2017,UW Medicine Pitch at Memorial Stadium,Seattle Reign FC,FC Kansas City,,,1,0,,,,,
9YqdxjEOqv,2017-09-28 00:00:00+00:00,2017,7.974188669286011,2905.0,0,8,1,3.0,Thursday,2017,Shell Energy Stadium,Houston Dash,North Carolina Courage,22039.0,549316.0,1,1,,,14.0,57833.0,549316.0
KAqBnbwXqb,2017-09-30 19:30:00+00:00,2017,9.959111456284125,21144.0,0,2,3,28.0,Saturday,2017,Providence Park,Portland Thorns FC,Chicago Stars FC,25218.0,694333.0,1,1,,,100.0,92452.0,694333.0
eVq3XbEnQW,2017-09-30 23:00:00+00:00,2017,8.237479288613633,3780.0,1,9,7,7.0,Saturday,2017,Maryland SoccerPlex,Washington Spirit,Seattle Reign FC,4000.0,25934.0,1,0,,,26.0,12217.0,25934.0
Oa5wxj9Bq1,2017-09-30 23:30:00+00:00,2017,8.856518497019858,7020.0,0,1,4,21.0,Saturday,2017,WakeMed Soccer Park,North Carolina Courage,Orlando Pride,,39683.0,1,0,,0.0,,11054.0,39683.0
xW5peLBGqg,2017-10-07 19:30:00+00:00,2017,9.808792183696804,18193.0,0,2,3,7.0,Saturday,2017,Providence Park,Portland Thorns FC,Orlando Pride,25218.0,694333.0,1,1,,,100.0,92452.0,694333.0
kRQa3p9m5K,2017-10-08 19:30:00+00:00,2017,9.212038928611765,10017.0,0,2,4,7.0,Sunday,2017,WakeMed Soccer Park,North Carolina Courage,Chicago Stars FC,,39683.0,1,0,,0.0,,11054.0,39683.0
9vQ2y0XeqK,2018-03-24 19:30:00+00:00,2018,8.345217926676428,4210.0,0,1,1,167.0,Saturday,2018,WakeMed Soccer Park,North Carolina Courage,Portland Thorns FC,,39683.0,1,0,,1.0,,11054.0,39683.0
aDQ0y0EEME,2018-03-24 23:30:00+00:00,2018,9.106866963499908,9017.0,0,2,2,182.0,Saturday,2018,Inter&Co Stadium,Orlando Pride,Utah Royals FC,25500.0,263292.0,1,1,1.0,2.0,9.0,25319.0,263292.0
KPqjNbxNq6,2018-03-25 02:00:00+00:00,2018,8.177796683277778,3561.0,1,4,4,181.0,Sunday,2018,UW Medicine Pitch at Memorial Stadium,Seattle Reign FC,Washington Spirit,,,1,0,,,,,
NPqxbkPYM9,2018-03-25 21:00:00+00:00,2018,8.673512945671192,5846.0,0,5,5,178.0,Sunday,2018,Shell Energy Stadium,Houston Dash,Chicago Stars FC,22039.0,549316.0,1,1,,,14.0,57833.0,549316.0
4JMApJOPQK,2018-03-31 00:00:00+00:00,2018,8.141189793457691,3433.0,0,3,3,5.0,Saturday,2018,Shell Energy Stadium,Houston Dash,Utah Royals FC,22039.0,549316.0,1,1,,,14.0,57833.0,549316.0
xW5pegL0qg,2018-03-31 19:00:00+00:00,2018,8.3133619511344,4078.0,0,1,7,6.0,Saturday,2018,WakeMed Soccer Park,North Carolina Courage,NJ/NY Gotham FC,,39683.0,1,0,,1.0,,11054.0,39683.0
kRQa3YpO5K,2018-03-31 19:30:00+00:00,2018,8.514990767861038,4989.0,1,7,5,181.0,Saturday,2018,Maryland SoccerPlex,Washington Spirit,Orlando Pride,4000.0,25934.0,1,0,,,26.0,12217.0,25934.0
4wM440XBMj,2018-04-01 00:15:00+00:00,2018,9.523543981658042,13678.0,0,6,8,209.0,Sunday,2018,SeatGeek Stadium,Chicago Stars FC,Portland Thorns FC,20000.0,,1,1,,,20.0,,
zeQZ4lBN5K,2018-04-14 19:30:00+00:00,2018,9.862821795810113,19203.0,0,5,7,,Saturday,2018,America First Field,Utah Royals FC,Chicago Stars FC,20213.0,316627.0,1,1,,0.0,18.0,12748.0,316627.0
BLMvmRL8Qx,2018-04-14 23:00:00+00:00,2018,8.148445666243235,3458.0,1,3,1,14.0,Saturday,2018,Maryland SoccerPlex,Washington Spirit,North Carolina Courage,4000.0,25934.0,1,0,,,26.0,12217.0,25934.0
XVqK3oONq0,2018-04-15 21:00:00+00:00,2018,7.556427969440253,1913.0,0,9,3,202.0,Sunday,2018,Yurcak Field,NJ/NY Gotham FC,Seattle Reign FC,,,1,0,,,,,
p6qbBdxaq0,2018-04-15 22:00:00+00:00,2018,9.709052927858371,16466.0,0,4,8,190.0,Sunday,2018,Providence Park,Portland Thorns FC,Orlando Pride,25218.0,694333.0,1,1,,,100.0,92452.0,694333.0
e7MzbPRPMr,2018-04-18 23:00:00+00:00,2018,8.010027528481734,3011.0,0,1,2,18.0,Wednesday,2018,WakeMed Soccer Park,North Carolina Courage,Seattle Reign FC,,39683.0,1,0,,1.0,,11054.0,39683.0
ljqE7W3YMx,2018-04-18 23:30:00+00:00,2018,7.752335163302292,2327.0,0,4,6,17.0,Wednesday,2018,SeatGeek Stadium,Chicago Stars FC,Houston Dash,20000.0,,1,1,,,20.0,,
N6MmV3Lw5E,2018-04-21 02:30:00+00:00,2018,9.580868910203451,14485.0,0,3,5,5.0,Saturday,2018,Providence Park,Portland Thorns FC,Washington Spirit,25218.0,694333.0,1,1,,,100.0,92452.0,694333.0
Xj5YEr3x5b,2018-04-21 19:30:00+00:00,2018,8.28349412616251,3958.0,0,1,6,2.0,Saturday,2018,WakeMed Soccer Park,North Carolina Courage,Utah Royals FC,,39683.0,1,0,,1.0,,11054.0,39683.0
jYQJwn6EMG,2018-04-22 00:00:00+00:00,2018,7.7886260656250315,2413.0,0,2,9,3.0,Sunday,2018,SeatGeek Stadium,Chicago Stars FC,NJ/NY Gotham FC,20000.0,,1,1,,,20.0,,
Oa5wb9xXM1,2018-04-22 21:00:00+00:00,2018,8.266164436612492,3890.0,0,8,7,28.0,Sunday,2018,Inter&Co Stadium,Orlando Pride,Houston Dash,25500.0,263292.0,1,1,1.0,2.0,9.0,25319.0,263292.0
eVq3dEXgQW,2018-04-28 19:30:00+00:00,2018,8.186185994226083,3591.0,0,8,1,28.0,Saturday,2018,Shell Energy Stadium,Houston Dash,North Carolina Courage,22039.0,549316.0,1,1,,,14.0,57833.0,549316.0
KAqBmwn75b,2018-04-28 23:00:00+00:00,2018,8.145549631783584,3448.0,1,5,2,14.0,Saturday,2018,Maryland SoccerPlex,Washington Spirit,Chicago Stars FC,4000.0,25934.0,1,0,,,26.0,12217.0,25934.0
NWMW2rJzQl,2018-04-28 23:30:00+00:00,2018,8.52872642722991,5058.0,0,6,4,6.0,Saturday,2018,Inter&Co Stadium,Orlando Pride,Seattle Reign FC,25500.0,263292.0,1,1,1.0,2.0,9.0,25319.0,263292.0
0x5gOZ0j57,2018-04-29 01:00:00+00:00,2018,9.041448235493888,8446.0,0,7,3,14.0,Sunday,2018,America First Field,Utah Royals FC,Portland Thorns FC,20213.0,316627.0,1,1,,0.0,18.0,12748.0,316627.0
7VqG7GWXqv,2018-05-02 23:30:00+00:00,2018,7.614312146452,2027.0,0,2,5,10.0,Wednesday,2018,SeatGeek Stadium,Chicago Stars FC,Orlando Pride,20000.0,,1,1,,,20.0,,
0Oq6d047M6,2018-05-05 19:30:00+00:00,2018,9.683713318691522,16054.0,0,3,5,14.0,Saturday,2018,Providence Park,Portland Thorns FC,Seattle Reign FC,25218.0,694333.0,1,1,,,100.0,92452.0,694333.0
gpMOGV3RMz,2018-05-05 23:00:00+00:00,2018,7.632885505395133,2065.0,0,9,8,20.0,Saturday,2018,Yurcak Field,NJ/NY Gotham FC,Houston Dash,,,1,0,,,,,
gOMnVByxMw,2018-05-06 01:00:00+00:00,2018,8.929435283803425,7551.0,0,8,6,7.0,Sunday,2018,America First Field,Utah Royals FC,Washington Spirit,20213.0,316627.0,1,1,,0.0,18.0,12748.0,316627.0
vzqoxWLvQa,2018-05-06 19:00:00+00:00,2018,8.31090675716845,4068.0,0,1,3,14.0,Sunday,2018,WakeMed Soccer Park,North Carolina Courage,Chicago Stars FC,,39683.0,1,0,,1.0,,11054.0,39683.0
2lqRnNgDqr,2018-05-10 00:00:00+00:00,2018,7.889084407035514,2668.0,0,7,4,11.0,Thursday,2018,Shell Energy Stadium,Houston Dash,Portland Thorns FC,22039.0,549316.0,1,1,,,14.0,57833.0,549316.0
wvq9d4Jl5W,2018-05-10 01:00:00+00:00,2018,8.873047798971067,7137.0,0,6,5,4.0,Thursday,2018,America First Field,Utah Royals FC,Orlando Pride,20213.0,316627.0,1,1,,0.0,18.0,12748.0,316627.0
9z5kVJAYMA,2018-05-12 19:30:00+00:00,2018,9.747710550964285,17115.0,0,4,4,7.0,Saturday,2018,Providence Park,Portland Thorns FC,Orlando Pride,25218.0,694333.0,1,1,,,100.0,92452.0,694333.0
315V2rnG59,2018-05-12 23:00:00+00:00,2018,8.676928249537397,5866.0,0,1,8,6.0,Saturday,2018,WakeMed Soccer Park,North Carolina Courage,Washington Spirit,,39683.0,1,0,,1.0,,11054.0,39683.0
EGMP6PB3qa,2018-05-13 00:00:00+00:00,2018,7.771488760117616,2372.0,0,3,7,10.0,Sunday,2018,SeatGeek Stadium,Chicago Stars FC,Houston Dash,20000.0,,1,1,,,20.0,,
Pk5LBRnPQO,2018-05-13 02:00:00+00:00,2018,8.19063168090354,3607.0,1,4,9,49.0,Sunday,2018,UW Medicine Pitch at Memorial Stadium,Seattle Reign FC,NJ/NY Gotham FC,,,1,0,,,,,
gjMNgkw45K,2018-05-19 19:30:00+00:00,2018,9.026778045746095,8323.0,0,6,7,9.0,Saturday,2018,America First Field,Utah Royals FC,Houston Dash,20213.0,316627.0,1,1,,0.0,18.0,12748.0,316627.0
raMybVRJ5d,2018-05-19 23:00:00+00:00,2018,7.56164174558878,1923.0,0,9,1,14.0,Saturday,2018,Yurcak Field,NJ/NY Gotham FC,North Carolina Courage,,,1,0,,,,,
7vQ7d048MD,2018-05-19 23:00:00+00:00,2018,8.096817470572319,3284.0,1,8,6,21.0,Saturday,2018,Maryland SoccerPlex,Washington Spirit,Portland Thorns FC,4000.0,25934.0,1,0,,,26.0,12217.0,25934.0
eV5D7B7mMK,2018-05-20 02:00:00+00:00,2018,8.187855443695623,3597.0,1,2,5,7.0,Sunday,2018,UW Medicine Pitch at Memorial Stadium,Seattle Reign FC,Chicago Stars FC,,,1,0,,,,,
2vQ1y0yLQr,2018-05-23 23:30:00+00:00,2018,8.04044688130311,3104.0,0,3,1,25.0,Wednesday,2018,Inter&Co Stadium,Orlando Pride,North Carolina Courage,25500.0,263292.0,1,1,1.0,2.0,9.0,25319.0,263292.0
a35r767KqL,2018-05-23 23:30:00+00:00,2018,7.796880342783522,2433.0,1,8,9,4.0,Wednesday,2018,Maryland SoccerPlex,Washington Spirit,NJ/NY Gotham FC,4000.0,25934.0,1,0,,,26.0,12217.0,25934.0
OlMlPYPAML,2018-05-24 00:00:00+00:00,2018,7.773173680482536,2376.0,0,8,2,14.0,Thursday,2018,Shell Energy Stadium,Houston Dash,Seattle Reign FC,22039.0,549316.0,1,1,,,14.0,57833.0,549316.0
Vj58d0dw58,2018-05-26 02:30:00+00:00,2018,9.62331057957012,15113.0,0,3,6,13.0,Saturday,2018,Providence Park,Portland Thorns FC,Utah Royals FC,25218.0,694333.0,1,1,,,100.0,92452.0,694333.0
9YqdgEgo5v,2018-05-26 19:30:00+00:00,2018,8.526549286340263,5047.0,0,4,4,13.0,Saturday,2018,SeatGeek Stadium,Chicago Stars FC,Orlando Pride,20000.0,,1,1,,,20.0,,
KXMeGAG3q6,2018-05-26 23:00:00+00:00,2018,7.942362237674335,2814.0,0,9,4,7.0,Saturday,2018,Yurcak Field,NJ/NY Gotham FC,Seattle Reign FC,,,1,0,,,,,
odMX2j2GqY,2018-05-28 00:00:00+00:00,2018,8.305236829492593,4045.0,0,7,8,4.0,Monday,2018,Shell Energy Stadium,Houston Dash,Washington Spirit,22039.0,549316.0,1,1,,,14.0,57833.0,549316.0
9vQ2y0yeqK,2018-05-31 02:30:00+00:00,2018,9.61700476065983,15018.0,0,3,1,5.0,Thursday,2018,Providence Park,Portland Thorns FC,North Carolina Courage,25218.0,694333.0,1,1,,,100.0,92452.0,694333.0
aDQ0y0yEME,2018-06-02 23:00:00+00:00,2018,7.709308333385869,2229.0,0,9,7,7.0,Saturday,2018,Yurcak Field,NJ/NY Gotham FC,Utah Royals FC,,,1,0,,,,,
NPqxbkbYM9,2018-06-03 01:00:00+00:00,2018,8.070593539949519,3199.0,1,8,7,10.0,Sunday,2018,Maryland SoccerPlex,Washington Spirit,Chicago Stars FC,4000.0,25934.0,1,0,,,26.0,12217.0,25934.0
KPqjNbNNq6,2018-06-03 23:00:00+00:00,2018,7.9865049385539955,2941.0,0,7,1,6.0,Sunday,2018,Shell Energy Stadium,Houston Dash,North Carolina Courage,22039.0,549316.0,1,1,,,14.0,57833.0,549316.0
xW5pege0qg,2018-06-04 01:00:00+00:00,2018,8.566173813637858,5251.0,1,2,3,14.0,Monday,2018,UW Medicine Pitch at Memorial Stadium,Seattle Reign FC,Orlando Pride,,,1,0,,,,,
kRQa3Y3O5K,2018-06-08 23:00:00+00:00,2018,7.690743163541872,2188.0,0,9,8,6.0,Friday,2018,Yurcak Field,NJ/NY Gotham FC,Washington Spirit,,,1,0,,,,,
4wM4404BMj,2018-06-16 23:00:00+00:00,2018,8.163086375583216,3509.0,1,8,2,13.0,Saturday,2018,Maryland SoccerPlex,Washington Spirit,Seattle Reign FC,4000.0,25934.0,1,0,,,26.0,12217.0,25934.0
4JMApJpPQK,2018-06-16 23:00:00+00:00,2018,8.549466751966532,5164.0,0,1,6,35.0,Saturday,2018,WakeMed Soccer Park,North Carolina Courage,Utah Royals FC,,39683.0,1,0,,1.0,,11054.0,39683.0
zeQZ4l4N5K,2018-06-16 23:30:00+00:00,2018,8.399535147948004,4445.0,0,4,9,24.0,Saturday,2018,Inter&Co Stadium,Orlando Pride,NJ/NY Gotham FC,25500.0,263292.0,1,1,1.0,2.0,9.0,25319.0,263292.0
BLMvmRm8Qx,2018-06-17 00:00:00+00:00,2018,8.317033476492403,4093.0,0,5,5,21.0,Sunday,2018,SeatGeek Stadium,Chicago Stars FC,Portland Thorns FC,20000.0,,1,1,,,20.0,,
XVqK3o3Nq0,2018-06-23 00:30:00+00:00,2018,8.15478757276852,3480.0,0,7,5,19.0,Saturday,2018,Shell Energy Stadium,Houston Dash,Portland Thorns FC,22039.0,549316.0,1,1,,,14.0,57833.0,549316.0
p6qbBdBaq0,2018-06-23 20:00:00+00:00,2018,8.302017809751204,4032.0,1,2,1,19.0,Saturday,2018,UW Medicine Pitch at Memorial Stadium,Seattle Reign FC,North Carolina Courage,,,1,0,,,,,
ljqE7W7YMx,2018-06-23 23:00:00+00:00,2018,8.29529885950246,4005.0,1,8,2,7.0,Saturday,2018,Maryland SoccerPlex,Washington Spirit,Orlando Pride,4000.0,25934.0,1,0,,,26.0,12217.0,25934.0
e7MzbPbPMr,2018-06-24 00:00:00+00:00,2018,8.106816038947052,3317.0,0,6,5,7.0,Sunday,2018,SeatGeek Stadium,Chicago Stars FC,Utah Royals FC,20000.0,,1,1,,,20.0,,
N6MmV3Vw5E,2018-06-27 23:30:00+00:00,2018,8.07558263667172,3215.0,0,2,7,11.0,Wednesday,2018,Inter&Co Stadium,Orlando Pride,Houston Dash,25500.0,263292.0,1,1,1.0,2.0,9.0,25319.0,263292.0
jYQJwnwEMG,2018-06-28 02:00:00+00:00,2018,9.048291920021784,8504.0,0,6,3,39.0,Thursday,2018,America First Field,Utah Royals FC,Seattle Reign FC,20213.0,316627.0,1,1,,0.0,18.0,12748.0,316627.0
Xj5YErEx5b,2018-06-28 02:30:00+00:00,2018,9.811207776416833,18237.0,0,4,9,28.0,Thursday,2018,Providence Park,Portland Thorns FC,NJ/NY Gotham FC,25218.0,694333.0,1,1,,,100.0,92452.0,694333.0
KAqBmwm75b,2018-06-30 19:30:00+00:00,2018,8.298290634359283,4017.0,0,2,1,2.0,Saturday,2018,Inter&Co Stadium,Orlando Pride,North Carolina Courage,25500.0,263292.0,1,1,1.0,2.0,9.0,25319.0,263292.0
Oa5wb9bXM1,2018-07-01 02:00:00+00:00,2018,8.472405008626103,4781.0,1,4,4,7.0,Sunday,2018,UW Medicine Pitch at Memorial Stadium,Seattle Reign FC,Portland Thorns FC,,,1,0,,,,,
eVq3dEdgQW,2018-07-01 02:00:00+00:00,2018,9.035272443893536,8394.0,0,6,9,3.0,Sunday,2018,America First Field,Utah Royals FC,NJ/NY Gotham FC,20213.0,316627.0,1,1,,0.0,18.0,12748.0,316627.0
NWMW2r2zQl,2018-07-01 22:00:00+00:00,2018,7.957877358489813,2858.0,0,6,8,7.0,Sunday,2018,SeatGeek Stadium,Chicago Stars FC,Washington Spirit,20000.0,,1,1,,,20.0,,
0x5gOZOj57,2018-07-05 00:50:00+00:00,2018,8.574518258035507,5295.0,0,1,3,18.0,Thursday,2018,WakeMed Soccer Park,North Carolina Courage,Chicago Stars FC,,39683.0,1,0,,1.0,,11054.0,39683.0
7VqG7G7Xqv,2018-07-07 03:00:00+00:00,2018,9.794230566599179,17930.0,0,6,5,9.0,Saturday,2018,Providence Park,Portland Thorns FC,Utah Royals FC,25218.0,694333.0,1,1,,,100.0,92452.0,694333.0
0Oq6d0d7M6,2018-07-07 23:00:00+00:00,2018,7.953669778649798,2846.0,0,9,4,29.0,Saturday,2018,Yurcak Field,NJ/NY Gotham FC,Chicago Stars FC,,,1,0,,,,,
gpMOGVGRMz,2018-07-08 00:00:00+00:00,2018,8.438366410870266,4621.0,0,5,8,7.0,Sunday,2018,Inter&Co Stadium,Orlando Pride,Washington Spirit,25500.0,263292.0,1,1,1.0,2.0,9.0,25319.0,263292.0
gOMnVBVxMw,2018-07-08 02:00:00+00:00,2018,8.06211758275474,3172.0,1,4,7,7.0,Sunday,2018,UW Medicine Pitch at Memorial Stadium,Seattle Reign FC,Houston Dash,,,1,0,,,,,
vzqoxWxvQa,2018-07-11 23:00:00+00:00,2018,8.134174272137903,3409.0,0,1,8,6.0,Wednesday,2018,WakeMed Soccer Park,North Carolina Courage,Washington Spirit,,39683.0,1,0,,1.0,,11054.0,39683.0
2lqRnNnDqr,2018-07-12 00:30:00+00:00,2018,8.104099056143582,3308.0,0,7,3,19.0,Thursday,2018,Shell Energy Stadium,Houston Dash,Orlando Pride,22039.0,549316.0,1,1,,,14.0,57833.0,549316.0
jYQJwnwWMG,2018-07-12 02:30:00+00:00,2018,8.068089626278244,3191.0,1,2,6,4.0,Thursday,2018,UW Medicine Pitch at Memorial Stadium,Seattle Reign FC,Utah Royals FC,,,1,0,,,,,
eVq3dEdnQW,2018-07-14 23:00:00+00:00,2018,7.773173680482536,2376.0,0,9,1,7.0,Saturday,2018,Yurcak Field,NJ/NY Gotham FC,North Carolina Courage,,,1,0,,,,,
Oa5wb9bBM1,2018-07-14 23:00:00+00:00,2018,9.078065332666364,8761.0,0,6,3,13.0,Saturday,2018,America First Field,Utah Royals FC,Orlando Pride,20213.0,316627.0,1,1,,0.0,18.0,12748.0,316627.0
KAqBmwmX5b,2018-07-15 00:00:00+00:00,2018,8.12415060330663,3375.0,0,4,2,13.0,Sunday,2018,SeatGeek Stadium,Chicago Stars FC,Seattle Reign FC,20000.0,,1,1,,,20.0,,
NWMW2r2eQl,2018-07-16 03:00:00+00:00,2018,9.637371257998907,15327.0,0,5,7,9.0,Monday,2018,Providence Park,Portland Thorns FC,Houston Dash,25218.0,694333.0,1,1,,,100.0,92452.0,694333.0
0x5gOZO757,2018-07-21 02:00:00+00:00,2018,9.05122740031911,8529.0,0,6,1,6.0,Saturday,2018,America First Field,Utah Royals FC,North Carolina Courage,20213.0,316627.0,1,1,,0.0,18.0,12748.0,316627.0
7VqG7G7Aqv,2018-07-21 19:30:00+00:00,2018,8.531884740159228,5074.0,0,3,2,13.0,Saturday,2018,Inter&Co Stadium,Orlando Pride,Seattle Reign FC,25500.0,263292.0,1,1,1.0,2.0,9.0,25319.0,263292.0
0Oq6d0drM6,2018-07-21 23:00:00+00:00,2018,7.757051142032013,2338.0,0,9,5,7.0,Saturday,2018,Yurcak Field,NJ/NY Gotham FC,Portland Thorns FC,,,1,0,,,,,
gpMOGV2OMz,2018-07-22 14:00:00+00:00,2018,8.195057690895077,3623.0,1,8,7,28.0,Sunday,2018,Maryland SoccerPlex,Washington Spirit,Houston Dash,4000.0,25934.0,1,0,,,26.0,12217.0,25934.0
vzqoxWb7Qa,2018-08-05 22:00:00+00:00,2018,8.590257762273243,5379.0,0,1,3,24.0,Sunday,2018,WakeMed Soccer Park,North Carolina Courage,Portland Thorns FC,,39683.0,1,0,,1.0,,11054.0,39683.0
2lqRnNY2qr,2018-08-05 23:30:00+00:00,2018,8.428799040653642,4577.0,0,3,9,15.0,Sunday,2018,Inter&Co Stadium,Orlando Pride,NJ/NY Gotham FC,25500.0,263292.0,1,1,1.0,2.0,9.0,25319.0,263292.0
wvq9d4Y35W,2018-08-06 00:30:00+00:00,2018,8.27052509505507,3907.0,0,6,7,25.0,Monday,2018,Shell Energy Stadium,Houston Dash,Utah Royals FC,22039.0,549316.0,1,1,,,14.0,57833.0,549316.0
9z5kVJ0bMA,2018-08-06 01:00:00+00:00,2018,8.21716859576607,3704.0,1,2,8,24.0,Monday,2018,UW Medicine Pitch at Memorial Stadium,Seattle Reign FC,Washington Spirit,,,1,0,,,,,
315V2rj759,2018-08-09 02:00:00+00:00,2018,9.006263883379198,8154.0,0,6,8,19.0,Thursday,2018,America First Field,Utah Royals FC,Washington Spirit,20213.0,316627.0,1,1,,0.0,18.0,12748.0,316627.0
EGMP6PDrqa,2018-08-11 00:00:00+00:00,2018,8.17948018535889,3567.0,0,5,1,27.0,Saturday,2018,SeatGeek Stadium,Chicago Stars FC,North Carolina Courage,20000.0,,1,1,,,20.0,,
Pk5LBRYZQO,2018-08-11 19:30:00+00:00,2018,9.07566546864958,8740.0,0,6,2,2.0,Saturday,2018,America First Field,Utah Royals FC,Seattle Reign FC,20213.0,316627.0,1,1,,0.0,18.0,12748.0,316627.0
gjMNgklY5K,2018-08-11 23:00:00+00:00,2018,7.661997558901893,2126.0,0,9,7,21.0,Saturday,2018,Yurcak Field,NJ/NY Gotham FC,Houston Dash,,,1,0,,,,,
raMybVzR5d,2018-08-11 23:30:00+00:00,2018,8.701512750872865,6012.0,0,3,4,6.0,Saturday,2018,Inter&Co Stadium,Orlando Pride,Portland Thorns FC,25500.0,263292.0,1,1,1.0,2.0,9.0,25319.0,263292.0
7vQ7d0ZdMD,2018-08-16 02:30:00+00:00,2018,8.114025442356757,3341.0,1,2,5,10.0,Thursday,2018,UW Medicine Pitch at Memorial Stadium,Seattle Reign FC,Chicago Stars FC,,,1,0,,,,,
eV5D7BZZMK,2018-08-18 00:30:00+00:00,2018,8.008698182988528,3007.0,0,7,8,12.0,Saturday,2018,Shell Energy Stadium,Houston Dash,Washington Spirit,22039.0,549316.0,1,1,,,14.0,57833.0,549316.0
a35r76zbqL,2018-08-18 22:30:00+00:00,2018,8.151333337900432,3468.0,0,9,7,6.0,Saturday,2018,Yurcak Field,NJ/NY Gotham FC,Utah Royals FC,,,1,0,,,,,
2vQ1y0E8Qr,2018-08-19 02:30:00+00:00,2018,9.832582139020353,18631.0,0,3,4,33.0,Sunday,2018,Providence Park,Portland Thorns FC,Chicago Stars FC,25218.0,694333.0,1,1,,,100.0,92452.0,694333.0
OlMlPYbyML,2018-08-19 14:00:00+00:00,2018,8.936692688488204,7606.0,0,1,5,13.0,Sunday,2018,WakeMed Soccer Park,North Carolina Courage,Orlando Pride,,39683.0,1,0,,1.0,,11054.0,39683.0
Vj58d02858,2018-08-22 02:30:00+00:00,2018,8.068716192714781,3193.0,1,2,6,6.0,Wednesday,2018,UW Medicine Pitch at Memorial Stadium,Seattle Reign FC,Houston Dash,,,1,0,,,,,
9YqdgEAO5v,2018-08-22 23:30:00+00:00,2018,8.10711747075039,3318.0,1,8,6,31.0,Wednesday,2018,Maryland SoccerPlex,Washington Spirit,Utah Royals FC,4000.0,25934.0,1,0,,,26.0,12217.0,25934.0
KXMeGAV6q6,2018-08-23 03:00:00+00:00,2018,9.79734895647446,17986.0,0,3,9,4.0,Thursday,2018,Providence Park,Portland Thorns FC,NJ/NY Gotham FC,25218.0,694333.0,1,1,,,100.0,92452.0,694333.0
9vQ2y01oqK,2018-08-25 20:00:00+00:00,2018,8.40178233990491,4455.0,1,2,1,3.0,Saturday,2018,UW Medicine Pitch at Memorial Stadium,Seattle Reign FC,North Carolina Courage,,,1,0,,,,,
odMX2jlaqY,2018-08-25 23:30:00+00:00,2018,8.520388082312756,5016.0,0,6,5,14.0,Saturday,2018,Inter&Co Stadium,Orlando Pride,Chicago Stars FC,25500.0,263292.0,1,1,1.0,2.0,9.0,25319.0,263292.0
aDQ0y04vME,2018-08-26 00:30:00+00:00,2018,8.356319965828153,4257.0,0,7,9,8.0,Sunday,2018,Shell Energy Stadium,Houston Dash,NJ/NY Gotham FC,22039.0,549316.0,1,1,,,14.0,57833.0,549316.0
KPqjNb0Pq6,2018-09-02 14:00:00+00:00,2018,8.149601735736155,3462.0,1,8,9,10.0,Sunday,2018,Maryland SoccerPlex,Washington Spirit,NJ/NY Gotham FC,4000.0,25934.0,1,0,,,26.0,12217.0,25934.0
gOMnVBK6Mw,2018-09-04 23:30:00+00:00,2018,7.9976631270201,2974.0,0,4,9,24.0,Tuesday,2018,SeatGeek Stadium,Chicago Stars FC,NJ/NY Gotham FC,20000.0,,1,1,,,20.0,,
xW5peg0Bqg,2018-09-08 02:00:00+00:00,2018,9.959111456284125,21144.0,0,4,2,15.0,Saturday,2018,Providence Park,Portland Thorns FC,Seattle Reign FC,25218.0,694333.0,1,1,,,100.0,92452.0,694333.0
kRQa3YV15K,2018-09-08 16:00:00+00:00,2018,8.315321775377567,4086.0,0,9,7,20.0,Saturday,2018,Yurcak Field,NJ/NY Gotham FC,Orlando Pride,,,1,0,,,,,
4JMApJm7QK,2018-09-08 19:30:00+00:00,2018,9.380167531188448,11851.0,0,5,4,28.0,Saturday,2018,America First Field,Utah Royals FC,Chicago Stars FC,20213.0,316627.0,1,1,,0.0,18.0,12748.0,316627.0
4wM4401gMj,2018-09-08 23:30:00+00:00,2018,9.15957325492253,9505.0,0,1,6,20.0,Saturday,2018,WakeMed Soccer Park,North Carolina Courage,Houston Dash,,39683.0,1,0,,1.0,,11054.0,39683.0
N6MmArNPME,2018-09-15 19:00:00+00:00,2018,9.559517275737559,14179.0,0,3,2,7.0,Saturday,2018,Providence Park,Portland Thorns FC,Seattle Reign FC,25218.0,694333.0,1,1,,,100.0,92452.0,694333.0
315VjbG959,2019-04-13 23:00:00+00:00,2019,8.307212626628308,4053.0,0,1,1,216.0,Saturday,2019,WakeMed Soccer Park,North Carolina Courage,Chicago Stars FC,,39683.0,1,0,,2.0,,11054.0,39683.0
EGMPDbJVMa,2019-04-13 23:00:00+00:00,2019,7.771910256435763,2373.0,1,3,3,223.0,Saturday,2019,Maryland SoccerPlex,Washington Spirit,NJ/NY Gotham FC,4000.0,25934.0,1,0,,,26.0,12217.0,25934.0
Pk5LY8AOqO,2019-04-14 21:00:00+00:00,2019,8.880307358983872,7189.0,0,4,4,231.0,Sunday,2019,Inter&Co Stadium,Orlando Pride,Portland Thorns FC,25500.0,263292.0,1,1,2.0,3.0,9.0,25319.0,263292.0
gjMNlbZ0qK,2019-04-14 22:00:00+00:00,2019,8.374476889214643,4335.0,0,5,5,231.0,Sunday,2019,Shell Energy Stadium,Houston Dash,Seattle Reign FC,22039.0,549316.0,1,1,,,14.0,57833.0,549316.0
raMyzdBO5d,2019-04-17 23:00:00+00:00,2019,8.36450810375059,4292.0,0,3,7,4.0,Wednesday,2019,WakeMed Soccer Park,North Carolina Courage,Orlando Pride,,39683.0,1,0,,2.0,,11054.0,39683.0
7vQ7Zgk2qD,2019-04-20 19:30:00+00:00,2019,9.470162947548884,12967.0,0,4,2,227.0,Saturday,2019,SeatGeek Stadium,Chicago Stars FC,Portland Thorns FC,20000.0,,1,1,,,20.0,,
eV5DZPeAQK,2019-04-20 22:00:00+00:00,2019,7.2399325913204695,1394.0,0,7,5,224.0,Saturday,2019,Yurcak Field,NJ/NY Gotham FC,Houston Dash,,,1,0,,,,,
2vQ1Ep6KQr,2019-04-21 01:00:00+00:00,2019,9.798960023182193,18015.0,0,7,4,224.0,Sunday,2019,America First Field,Utah Royals FC,Washington Spirit,20213.0,316627.0,1,1,,1.0,18.0,12748.0,316627.0
a35rzbAA5L,2019-04-22 02:00:00+00:00,2019,8.579792333172758,5323.0,1,7,8,239.0,Monday,2019,Cheney Stadium,Seattle Reign FC,Orlando Pride,,77359.0,1,0,,,,6697.0,77359.0
OlMlbZ20qL,2019-04-27 23:30:00+00:00,2019,8.442469645220301,4640.0,0,8,4,13.0,Saturday,2019,Inter&Co Stadium,Orlando Pride,Utah Royals FC,25500.0,263292.0,1,1,2.0,3.0,9.0,25319.0,263292.0
Vj582GV4Q8,2019-04-28 17:00:00+00:00,2019,7.938802248154481,2804.0,0,6,6,7.0,Sunday,2019,SeatGeek Stadium,Chicago Stars FC,Seattle Reign FC,20000.0,,1,1,,,20.0,,
9YqdANDLQv,2019-04-28 22:00:00+00:00,2019,7.983781068977451,2933.0,0,4,4,14.0,Sunday,2019,Shell Energy Stadium,Houston Dash,North Carolina Courage,22039.0,549316.0,1,1,,,14.0,57833.0,549316.0
KXMeV21r56,2019-04-28 22:00:00+00:00,2019,7.186144304522325,1321.0,0,9,3,8.0,Sunday,2019,Yurcak Field,NJ/NY Gotham FC,Portland Thorns FC,,,1,0,,,,,
odMXlbOWMY,2019-05-04 01:30:00+00:00,2019,9.714503852868623,16556.0,0,2,3,13.0,Saturday,2019,America First Field,Utah Royals FC,Chicago Stars FC,20213.0,316627.0,1,1,,1.0,18.0,12748.0,316627.0
NPqxvpBmM9,2019-05-04 23:00:00+00:00,2019,7.64826303090192,2097.0,1,6,7,21.0,Saturday,2019,Maryland SoccerPlex,Washington Spirit,Seattle Reign FC,4000.0,25934.0,1,0,,,26.0,12217.0,25934.0
9vQ21JRaqK,2019-05-04 23:00:00+00:00,2019,8.524962928680598,5039.0,0,2,8,17.0,Saturday,2019,WakeMed Soccer Park,North Carolina Courage,NJ/NY Gotham FC,,39683.0,1,0,,2.0,,11054.0,39683.0
aDQ04pnPQE,2019-05-05 22:00:00+00:00,2019,8.336390480591552,4173.0,0,5,9,7.0,Sunday,2019,Shell Energy Stadium,Houston Dash,Orlando Pride,22039.0,549316.0,1,1,,,14.0,57833.0,549316.0
KPqj0Z2RM6,2019-05-11 19:00:00+00:00,2019,7.1929342212158,1330.0,0,8,6,12.0,Saturday,2019,Yurcak Field,NJ/NY Gotham FC,Washington Spirit,,,1,0,,,,,
xW5p0ZAd5g,2019-05-11 19:30:00+00:00,2019,9.224046019032295,10138.0,0,1,3,7.0,Saturday,2019,America First Field,Utah Royals FC,Houston Dash,20213.0,316627.0,1,1,,1.0,18.0,12748.0,316627.0
kRQaVD7oMK,2019-05-11 23:30:00+00:00,2019,8.382289428951436,4369.0,0,9,5,14.0,Saturday,2019,Inter&Co Stadium,Orlando Pride,Portland Thorns FC,25500.0,263292.0,1,1,2.0,3.0,9.0,25319.0,263292.0
4JMAmPekMK,2019-05-12 22:00:00+00:00,2019,7.655864017616056,2113.0,0,6,3,14.0,Sunday,2019,SeatGeek Stadium,Chicago Stars FC,North Carolina Courage,20000.0,,1,1,,,20.0,,
4wM413kp5j,2019-05-18 20:00:00+00:00,2019,8.01829613851552,3036.0,1,7,8,26.0,Saturday,2019,Cheney Stadium,Seattle Reign FC,NJ/NY Gotham FC,,77359.0,1,0,,,,6697.0,77359.0
zeQZZb91QK,2019-05-18 23:00:00+00:00,2019,8.022568946988255,3049.0,1,6,3,14.0,Saturday,2019,Maryland SoccerPlex,Washington Spirit,Portland Thorns FC,4000.0,25934.0,1,0,,,26.0,12217.0,25934.0
BLMvvZwOMx,2019-05-19 21:00:00+00:00,2019,8.480736654405622,4821.0,0,4,3,14.0,Sunday,2019,WakeMed Soccer Park,North Carolina Courage,Utah Royals FC,,39683.0,1,0,,2.0,,11054.0,39683.0
XVqKlDZOQ0,2019-05-19 22:00:00+00:00,2019,8.213381737034572,3690.0,0,1,5,14.0,Sunday,2019,Shell Energy Stadium,Houston Dash,Chicago Stars FC,22039.0,549316.0,1,1,,,14.0,57833.0,549316.0
p6qbZADBq0,2019-05-25 22:00:00+00:00,2019,7.294377299288821,1472.0,0,8,6,14.0,Saturday,2019,Yurcak Field,NJ/NY Gotham FC,Portland Thorns FC,,,1,0,,,,,
ljqEzP0zQx,2019-05-26 00:00:00+00:00,2019,8.901775088607979,7345.0,0,3,9,14.0,Sunday,2019,America First Field,Utah Royals FC,Orlando Pride,20213.0,316627.0,1,1,,1.0,18.0,12748.0,316627.0
e7MzvDg6Mr,2019-05-26 22:00:00+00:00,2019,8.145259566516865,3447.0,0,2,4,14.0,Sunday,2019,SeatGeek Stadium,Chicago Stars FC,Washington Spirit,20000.0,,1,1,,,20.0,,
N6MmAZjZME,2019-05-27 23:00:00+00:00,2019,8.016977746762262,3032.0,1,7,6,9.0,Monday,2019,Cheney Stadium,Seattle Reign FC,North Carolina Courage,,77359.0,1,0,,,,6697.0,77359.0
Xj5YDbRAMb,2019-06-01 23:00:00+00:00,2019,8.428361977709622,4575.0,1,1,1,14.0,Saturday,2019,Maryland SoccerPlex,Washington Spirit,Utah Royals FC,4000.0,25934.0,1,0,,,26.0,12217.0,25934.0
jYQJdN4P5G,2019-06-01 23:30:00+00:00,2019,8.395477432732141,4427.0,0,9,6,21.0,Saturday,2019,Inter&Co Stadium,Orlando Pride,North Carolina Courage,25500.0,263292.0,1,1,2.0,3.0,9.0,25319.0,263292.0
Oa5wvZ38M1,2019-06-02 20:00:00+00:00,2019,8.027150106832774,3063.0,1,7,6,5.0,Sunday,2019,Cheney Stadium,Seattle Reign FC,Houston Dash,,77359.0,1,0,,,,6697.0,77359.0
eVq31w9DMW,2019-06-02 22:00:00+00:00,2019,9.876167741881165,19461.0,0,4,4,260.0,Sunday,2019,Providence Park,Portland Thorns FC,Chicago Stars FC,25218.0,694333.0,1,1,,,100.0,92452.0,694333.0
0x5gV1dZM7,2019-06-15 23:45:00+00:00,2019,8.72777821348305,6172.0,0,4,2,27.0,Saturday,2019,WakeMed Soccer Park,North Carolina Courage,Portland Thorns FC,,39683.0,1,0,,2.0,,11054.0,39683.0
7VqGazp6Mv,2019-06-16 00:30:00+00:00,2019,8.236420527265391,3776.0,0,5,9,27.0,Sunday,2019,Shell Energy Stadium,Houston Dash,Orlando Pride,22039.0,549316.0,1,1,,,14.0,57833.0,549316.0
NWMWDbnK5l,2019-06-16 02:00:00+00:00,2019,8.661639795781266,5777.0,0,3,8,21.0,Sunday,2019,America First Field,Utah Royals FC,NJ/NY Gotham FC,20213.0,316627.0,1,1,,1.0,18.0,12748.0,316627.0
KAqB2dX4qb,2019-06-16 02:00:00+00:00,2019,8.18088094199639,3572.0,1,7,1,13.0,Sunday,2019,Cheney Stadium,Seattle Reign FC,Washington Spirit,,77359.0,1,0,,,,6697.0,77359.0
0Oq61WPA56,2019-06-22 03:00:00+00:00,2019,9.653807502217354,15581.0,0,3,2,19.0,Saturday,2019,Providence Park,Portland Thorns FC,Utah Royals FC,25218.0,694333.0,1,1,,,100.0,92452.0,694333.0
gOMnKZpX5w,2019-06-22 23:00:00+00:00,2019,7.769378609513984,2367.0,1,1,5,21.0,Saturday,2019,Maryland SoccerPlex,Washington Spirit,Houston Dash,4000.0,25934.0,1,0,,,26.0,12217.0,25934.0
gpMO2bwEQz,2019-06-22 23:00:00+00:00,2019,7.404887575616125,1644.0,0,8,8,28.0,Saturday,2019,Yurcak Field,NJ/NY Gotham FC,Orlando Pride,,,1,0,,,,,
vzqobZak5a,2019-06-23 22:00:00+00:00,2019,7.612336837167746,2023.0,0,6,6,28.0,Sunday,2019,SeatGeek Stadium,Chicago Stars FC,Seattle Reign FC,20000.0,,1,1,,,20.0,,
2lqRYzW05r,2019-06-29 02:00:00+00:00,2019,8.840724916761715,6910.0,0,2,4,13.0,Saturday,2019,America First Field,Utah Royals FC,Seattle Reign FC,20213.0,316627.0,1,1,,1.0,18.0,12748.0,316627.0
wvq9Y6ywqW,2019-06-30 00:00:00+00:00,2019,8.15507488781144,3481.0,1,1,5,7.0,Sunday,2019,Maryland SoccerPlex,Washington Spirit,North Carolina Courage,4000.0,25934.0,1,0,,,26.0,12217.0,25934.0
9z5k0ZxjqA,2019-06-30 02:00:00+00:00,2019,8.12533508671429,3379.0,0,6,4,14.0,Sunday,2019,Shell Energy Stadium,Houston Dash,Portland Thorns FC,22039.0,549316.0,1,1,,,14.0,57833.0,549316.0
315VjbO959,2019-06-30 21:00:00+00:00,2019,8.270269111436624,3906.0,0,8,7,28.0,Sunday,2019,Inter&Co Stadium,Orlando Pride,Chicago Stars FC,25500.0,263292.0,1,1,2.0,3.0,9.0,25319.0,263292.0
Pk5LY8vOqO,2019-07-05 23:30:00+00:00,2019,8.53030683056162,5066.0,0,5,7,19.0,Friday,2019,WakeMed Soccer Park,North Carolina Courage,Houston Dash,,39683.0,1,0,,2.0,,11054.0,39683.0
EGMPDb3VMa,2019-07-06 03:00:00+00:00,2019,9.85828095969805,19116.0,0,1,4,14.0,Saturday,2019,Providence Park,Portland Thorns FC,Seattle Reign FC,25218.0,694333.0,1,1,,,100.0,92452.0,694333.0
raMyzdWO5d,2019-07-07 00:00:00+00:00,2019,7.772331575169614,2374.0,0,6,9,13.0,Sunday,2019,SeatGeek Stadium,Chicago Stars FC,NJ/NY Gotham FC,20000.0,,1,1,,,20.0,,
gjMNlbJ0qK,2019-07-07 00:20:00+00:00,2019,8.216898580913613,3703.0,0,8,4,6.0,Sunday,2019,Inter&Co Stadium,Orlando Pride,Washington Spirit,25500.0,263292.0,1,1,2.0,3.0,9.0,25319.0,263292.0
7vQ7ZgL2qD,2019-07-12 23:30:00+00:00,2019,7.518607216815252,1842.0,0,9,5,20.0,Friday,2019,Yurcak Field,NJ/NY Gotham FC,Utah Royals FC,,,1,0,,,,,
eV5DZPxAQK,2019-07-13 23:00:00+00:00,2019,8.734881892047483,6216.0,0,2,1,7.0,Saturday,2019,WakeMed Soccer Park,North Carolina Courage,Seattle Reign FC,,39683.0,1,0,,2.0,,11054.0,39683.0
2vQ1EpoKQr,2019-07-14 01:00:00+00:00,2019,8.580543506917,5327.0,0,7,6,13.0,Sunday,2019,Shell Energy Stadium,Houston Dash,Chicago Stars FC,22039.0,549316.0,1,1,,,14.0,57833.0,549316.0
a35rzbZA5L,2019-07-14 19:00:00+00:00,2019,9.84739327818122,18909.0,0,3,8,8.0,Sunday,2019,Providence Park,Portland Thorns FC,Orlando Pride,25218.0,694333.0,1,1,,,100.0,92452.0,694333.0
OlMlbZ00qL,2019-07-20 02:00:00+00:00,2019,9.676022175572895,15931.0,0,5,1,21.0,Saturday,2019,America First Field,Utah Royals FC,Portland Thorns FC,20213.0,316627.0,1,1,,1.0,18.0,12748.0,316627.0
9YqdANrLQv,2019-07-20 23:30:00+00:00,2019,9.150059441091253,9415.0,0,8,8,13.0,Saturday,2019,Inter&Co Stadium,Orlando Pride,NJ/NY Gotham FC,25500.0,263292.0,1,1,2.0,3.0,9.0,25319.0,263292.0
Vj582GN4Q8,2019-07-21 00:00:00+00:00,2019,8.612503371220562,5500.0,1,4,7,21.0,Sunday,2019,Maryland SoccerPlex,Washington Spirit,Houston Dash,4000.0,25934.0,1,0,,,26.0,12217.0,25934.0
KXMeV2lr56,2019-07-21 22:00:00+00:00,2019,9.763535592108683,17388.0,0,6,2,14.0,Sunday,2019,SeatGeek Stadium,Chicago Stars FC,North Carolina Courage,20000.0,,1,1,,,20.0,,
9vQ21JxaqK,2019-07-24 23:30:00+00:00,2019,8.517793011488205,5003.0,0,9,5,12.0,Wednesday,2019,Yurcak Field,NJ/NY Gotham FC,Washington Spirit,,,1,0,,,,,
odMXlboWMY,2019-07-25 02:30:00+00:00,2019,10.01364156102802,22329.0,0,1,7,10.0,Thursday,2019,Providence Park,Portland Thorns FC,Houston Dash,25218.0,694333.0,1,1,,,100.0,92452.0,694333.0
NPqxvp7mM9,2019-07-28 02:00:00+00:00,2019,9.263407092912875,10545.0,0,6,2,8.0,Sunday,2019,America First Field,Utah Royals FC,North Carolina Courage,20213.0,316627.0,1,1,,1.0,18.0,12748.0,316627.0
aDQ04pXPQE,2019-07-28 20:00:00+00:00,2019,8.919854372191667,7479.0,1,4,4,42.0,Sunday,2019,Cheney Stadium,Seattle Reign FC,Chicago Stars FC,,77359.0,1,0,,,,6697.0,77359.0
KPqj0ZgRM6,2019-07-29 00:30:00+00:00,2019,8.163371316459912,3510.0,0,7,9,14.0,Monday,2019,Shell Energy Stadium,Houston Dash,NJ/NY Gotham FC,22039.0,549316.0,1,1,,,14.0,57833.0,549316.0
xW5p0ZRd5g,2019-08-02 23:00:00+00:00,2019,8.19450550976564,3621.0,0,6,5,4.0,Friday,2019,Shell Energy Stadium,Houston Dash,Seattle Reign FC,22039.0,549316.0,1,1,,,14.0,57833.0,549316.0
kRQaVDZoMK,2019-08-03 20:00:00+00:00,2019,8.38776764397578,4393.0,0,2,5,20.0,Saturday,2019,WakeMed Soccer Park,North Carolina Courage,Washington Spirit,,39683.0,1,0,,2.0,,11054.0,39683.0
4wM413jp5j,2019-08-04 00:00:00+00:00,2019,8.374476889214643,4335.0,0,3,7,13.0,Sunday,2019,SeatGeek Stadium,Chicago Stars FC,Utah Royals FC,20000.0,,1,1,,,20.0,,
4JMAmPWkMK,2019-08-04 03:00:00+00:00,2019,9.855871698594465,19070.0,0,2,9,10.0,Sunday,2019,Providence Park,Portland Thorns FC,NJ/NY Gotham FC,25218.0,694333.0,1,1,,,100.0,92452.0,694333.0
zeQZZbx1QK,2019-08-08 02:00:00+00:00,2019,8.676757761087575,5865.0,1,4,2,10.0,Thursday,2019,Cheney Stadium,Seattle Reign FC,Portland Thorns FC,,77359.0,1,0,,,,6697.0,77359.0
BLMvvZNOMx,2019-08-08 02:00:00+00:00,2019,8.950921764797261,7715.0,0,7,9,11.0,Thursday,2019,America First Field,Utah Royals FC,NJ/NY Gotham FC,20213.0,316627.0,1,1,,1.0,18.0,12748.0,316627.0
XVqKlDVOQ0,2019-08-10 23:00:00+00:00,2019,8.575462099540212,5300.0,1,5,3,20.0,Saturday,2019,Maryland SoccerPlex,Washington Spirit,Chicago Stars FC,4000.0,25934.0,1,0,,,26.0,12217.0,25934.0
p6qbZAvBq0,2019-08-10 23:30:00+00:00,2019,8.53817159780143,5106.0,0,8,7,21.0,Saturday,2019,Inter&Co Stadium,Orlando Pride,Houston Dash,25500.0,263292.0,1,1,2.0,3.0,9.0,25319.0,263292.0
ljqEzPOzQx,2019-08-11 19:00:00+00:00,2019,10.135313304233172,25218.0,0,3,2,7.0,Sunday,2019,Providence Park,Portland Thorns FC,North Carolina Courage,25218.0,694333.0,1,1,,,100.0,92452.0,694333.0
e7MzvD16Mr,2019-08-11 20:00:00+00:00,2019,8.68929604801586,5939.0,1,4,6,3.0,Sunday,2019,Cheney Stadium,Seattle Reign FC,Utah Royals FC,,77359.0,1,0,,,,6697.0,77359.0
N6MmAZOZME,2019-08-14 23:00:00+00:00,2019,7.846980982138788,2558.0,0,9,2,20.0,Wednesday,2019,Yurcak Field,NJ/NY Gotham FC,Chicago Stars FC,,,1,0,,,,,
Oa5wvZy8M1,2019-08-17 23:30:00+00:00,2019,8.571491964823617,5279.0,0,9,5,7.0,Saturday,2019,Inter&Co Stadium,Orlando Pride,Utah Royals FC,25500.0,263292.0,1,1,2.0,3.0,9.0,25319.0,263292.0
jYQJdNkP5G,2019-08-18 02:30:00+00:00,2019,9.947265174882016,20895.0,0,1,7,6.0,Sunday,2019,Providence Park,Portland Thorns FC,Washington Spirit,25218.0,694333.0,1,1,,,100.0,92452.0,694333.0
KAqB2dg4qb,2019-08-21 23:30:00+00:00,2019,8.604104563405533,5454.0,0,2,9,17.0,Wednesday,2019,SeatGeek Stadium,Chicago Stars FC,Orlando Pride,20000.0,,1,1,,,20.0,,
NWMWDbeK5l,2019-08-21 23:30:00+00:00,2019,7.795646536334594,2430.0,1,7,4,11.0,Wednesday,2019,Maryland SoccerPlex,Washington Spirit,Utah Royals FC,4000.0,25934.0,1,0,,,26.0,12217.0,25934.0
0x5gV13ZM7,2019-08-24 23:00:00+00:00,2019,8.816260208734581,6743.0,0,3,5,21.0,Saturday,2019,WakeMed Soccer Park,North Carolina Courage,Seattle Reign FC,,39683.0,1,0,,2.0,,11054.0,39683.0
0Oq61WaA56,2019-08-25 00:30:00+00:00,2019,8.319229938632326,4102.0,0,6,9,22.0,Sunday,2019,Shell Energy Stadium,Houston Dash,NJ/NY Gotham FC,22039.0,549316.0,1,1,,,14.0,57833.0,549316.0
gpMO2byEQz,2019-08-25 19:00:00+00:00,2019,9.772353284511327,17542.0,0,1,3,7.0,Sunday,2019,Providence Park,Portland Thorns FC,Chicago Stars FC,25218.0,694333.0,1,1,,,100.0,92452.0,694333.0
vzqobZok5a,2019-09-07 01:30:00+00:00,2019,9.296242800976886,10897.0,0,4,1,29.0,Saturday,2019,America First Field,Utah Royals FC,Portland Thorns FC,20213.0,316627.0,1,1,,1.0,18.0,12748.0,316627.0
jYQJdNky5G,2019-09-07 19:00:00+00:00,2019,7.970740390007095,2895.0,0,8,2,23.0,Saturday,2019,Yurcak Field,NJ/NY Gotham FC,North Carolina Courage,,,1,0,,,,,
2lqRYz105r,2019-09-08 02:00:00+00:00,2019,8.805075243870684,6668.0,1,5,9,27.0,Sunday,2019,Cheney Stadium,Seattle Reign FC,Orlando Pride,,77359.0,1,0,,,,6697.0,77359.0
Oa5wvZyjM1,2019-09-08 22:00:00+00:00,2019,8.11522197256233,3345.0,0,4,6,17.0,Sunday,2019,SeatGeek Stadium,Chicago Stars FC,Houston Dash,20000.0,,1,1,,,20.0,,
KAqB2dgJqb,2019-09-11 23:00:00+00:00,2019,8.432070937999402,4592.0,0,9,3,24.0,Wednesday,2019,Inter&Co Stadium,Orlando Pride,Chicago Stars FC,25500.0,263292.0,1,1,2.0,3.0,9.0,25319.0,263292.0
eVq31w06MW,2019-09-12 02:30:00+00:00,2019,9.770927116951647,17517.0,0,1,3,17.0,Thursday,2019,Providence Park,Portland Thorns FC,North Carolina Courage,25218.0,694333.0,1,1,,,100.0,92452.0,694333.0
NWMWDbe75l,2019-09-14 00:30:00+00:00,2019,8.420241665339788,4538.0,0,6,4,20.0,Saturday,2019,Shell Energy Stadium,Houston Dash,Utah Royals FC,22039.0,549316.0,1,1,,,14.0,57833.0,549316.0
0x5gV13rM7,2019-09-14 23:00:00+00:00,2019,9.165656764349542,9563.0,0,1,9,21.0,Saturday,2019,WakeMed Soccer Park,North Carolina Courage,Orlando Pride,,39683.0,1,0,,2.0,,11054.0,39683.0
0Oq61WaX56,2019-09-15 21:00:00+00:00,2019,7.962415680121064,2871.0,0,8,3,8.0,Sunday,2019,Yurcak Field,NJ/NY Gotham FC,Chicago Stars FC,,,1,0,,,,,
Xj5YDb2AMb,2019-09-17 23:30:00+00:00,2019,8.505727713306959,4943.0,0,1,6,3.0,Tuesday,2019,WakeMed Soccer Park,North Carolina Courage,Houston Dash,,39683.0,1,0,,2.0,,11054.0,39683.0
2lqRYz1W5r,2019-09-22 00:00:00+00:00,2019,8.370315995555478,4317.0,0,2,7,13.0,Sunday,2019,SeatGeek Stadium,Chicago Stars FC,Washington Spirit,20000.0,,1,1,,,20.0,,
wvq9Y6ZZqW,2019-09-22 01:00:00+00:00,2019,9.204925739274683,9946.0,0,4,1,14.0,Sunday,2019,America First Field,Utah Royals FC,North Carolina Courage,20213.0,316627.0,1,1,,1.0,18.0,12748.0,316627.0
gOMnKZnm5w,2019-09-22 02:00:00+00:00,2019,8.73052880173936,6189.0,1,5,8,14.0,Sunday,2019,Cheney Stadium,Seattle Reign FC,NJ/NY Gotham FC,,77359.0,1,0,,,,6697.0,77359.0
vzqobZoj5a,2019-09-22 02:30:00+00:00,2019,9.9533247873833,21022.0,0,3,6,10.0,Sunday,2019,Providence Park,Portland Thorns FC,Houston Dash,25218.0,694333.0,1,1,,,100.0,92452.0,694333.0
9z5k0ZGlqA,2019-09-26 01:00:00+00:00,2019,8.565411763686711,5247.0,0,6,7,12.0,Thursday,2019,Shell Energy Stadium,Houston Dash,Washington Spirit,22039.0,549316.0,1,1,,,14.0,57833.0,549316.0
gpMO2bynQz,2019-09-26 02:00:00+00:00,2019,8.520188700396035,5015.0,1,5,4,4.0,Thursday,2019,Cheney Stadium,Seattle Reign FC,Utah Royals FC,,77359.0,1,0,,,,6697.0,77359.0
315Vjbd659,2019-09-28 23:00:00+00:00,2019,8.556413904569519,5200.0,1,7,1,37.0,Saturday,2019,Maryland SoccerPlex,Washington Spirit,North Carolina Courage,4000.0,25934.0,1,0,,,26.0,12217.0,25934.0
EGMPDb7jMa,2019-09-29 00:00:00+00:00,2019,8.48446336679332,4839.0,0,2,5,7.0,Sunday,2019,SeatGeek Stadium,Chicago Stars FC,Utah Royals FC,20000.0,,1,1,,,20.0,,
gjMNlb4vqK,2019-09-29 18:00:00+00:00,2019,8.905172985183382,7370.0,1,4,3,3.0,Sunday,2019,Cheney Stadium,Seattle Reign FC,Portland Thorns FC,,77359.0,1,0,,,,6697.0,77359.0
gOMnKZnX5w,2019-10-05 21:00:00+00:00,2019,8.708474489581665,6054.0,0,9,6,23.0,Saturday,2019,Inter&Co Stadium,Orlando Pride,Washington Spirit,25500.0,263292.0,1,1,2.0,3.0,9.0,25319.0,263292.0
7vQ7Zg9YqD,2019-10-12 23:00:00+00:00,2019,9.126415137038421,9195.0,0,1,8,24.0,Saturday,2019,WakeMed Soccer Park,North Carolina Courage,NJ/NY Gotham FC,,39683.0,1,0,,2.0,,11054.0,39683.0
eV5DZPdaQK,2019-10-12 23:30:00+00:00,2019,8.999989642460726,8103.0,0,9,4,7.0,Saturday,2019,Inter&Co Stadium,Orlando Pride,Seattle Reign FC,25500.0,263292.0,1,1,2.0,3.0,9.0,25319.0,263292.0
2vQ1EpG4Qr,2019-10-13 01:00:00+00:00,2019,9.160414563206457,9513.0,0,5,7,21.0,Sunday,2019,America First Field,Utah Royals FC,Houston Dash,20213.0,316627.0,1,1,,1.0,18.0,12748.0,316627.0
raMyzdvA5d,2019-10-13 02:30:00+00:00,2019,10.1072851722528,24521.0,0,3,6,21.0,Sunday,2019,Providence Park,Portland Thorns FC,Washington Spirit,25218.0,694333.0,1,1,,,100.0,92452.0,694333.0
odMXxmjoMY,2019-10-20 17:30:00+00:00,2019,8.912203841620542,7422.0,0,1,4,7.0,Sunday,2019,WakeMed Soccer Park,North Carolina Courage,Seattle Reign FC,,39683.0,1,0,,2.0,,11054.0,39683.0
9vQ2AK0xqK,2019-10-20 19:30:00+00:00,2019,9.128913373280454,9218.0,0,2,3,21.0,Sunday,2019,SeatGeek Stadium,Chicago Stars FC,Portland Thorns FC,20000.0,,1,1,,,20.0,,
NPqxaWkZQ9,2019-10-27 19:30:00+00:00,2019,9.232786560806012,10227.0,0,1,2,7.0,Sunday,2019,WakeMed Soccer Park,North Carolina Courage,Chicago Stars FC,,39683.0,1,0,,2.0,,11054.0,39683.0
eVq3gP1gqW,2022-03-18 23:30:00+00:00,2022,8.5814816812986,5332.0,0,1,1,,Friday,2022,Lynn Family Stadium,Racing Louisville FC,Kansas City Current,,188743.0,1,0,,1.0,6.0,26979.0,188743.0
KAqBD027Mb,2022-03-19 02:00:00+00:00,2022,8.90150275745161,7343.0,1,3,3,901.0,Saturday,2022,Lumen Field,Seattle Reign FC,Portland Thorns FC,38500.0,833559.0,0,1,0.0,,24.0,111635.0,833559.0
NWMWP7Dz5l,2022-03-19 23:00:00+00:00,2022,8.170185652879642,3534.0,0,5,5,888.0,Saturday,2022,Inter&Co Stadium,Orlando Pride,Washington Spirit,25500.0,263292.0,1,1,5.0,6.0,9.0,25319.0,263292.0
0x5ggBVj57,2022-03-19 23:00:00+00:00,2022,7.838737559599282,2537.0,0,7,7,874.0,Saturday,2022,WakeMed Soccer Park,North Carolina Courage,NJ/NY Gotham FC,,39683.0,1,0,,5.0,,11054.0,39683.0
0Oq6Oy17Q6,2022-03-20 23:00:00+00:00,2022,8.315566483564277,4087.0,0,8,8,906.0,Sunday,2022,Shell Energy Stadium,Houston Dash,Chicago Stars FC,22039.0,549316.0,1,1,,,14.0,57833.0,549316.0
gpMO6R2RQz,2022-03-25 23:30:00+00:00,2022,8.242756345714477,3800.0,0,3,9,7.0,Friday,2022,Lynn Family Stadium,Racing Louisville FC,Houston Dash,,188743.0,1,0,,1.0,6.0,26979.0,188743.0
vzqokRbvqa,2022-03-26 00:30:00+00:00,2022,7.86480400332846,2604.0,0,1,4,887.0,Saturday,2022,SeatGeek Stadium,Chicago Stars FC,Kansas City Current,20000.0,,1,1,,,20.0,,
jYQJ3GdWMG,2022-03-26 23:00:00+00:00,2022,8.1101268019411,3328.0,0,2,5,7.0,Saturday,2022,WakeMed Soccer Park,North Carolina Courage,Orlando Pride,,39683.0,1,0,,5.0,,11054.0,39683.0
Oa5w17vBQ1,2022-03-27 02:00:00+00:00,2022,8.699514748210191,6000.0,1,10,5,,Sunday,2022,Torero Stadium,San Diego Wave FC,Portland Thorns FC,,358541.0,1,0,,0.0,65.0,26886.0,358541.0
KAqBD02XMb,2022-03-30 23:30:00+00:00,2022,7.675546002537848,2155.0,1,7,1,914.0,Wednesday,2022,Audi Field,Washington Spirit,North Carolina Courage,20000.0,676306.0,1,1,0.0,,8.0,30395.0,676306.0
0x5ggBV757,2022-03-31 00:30:00+00:00,2022,7.709308333385869,2229.0,0,5,2,10.0,Thursday,2022,Shell Energy Stadium,Houston Dash,Kansas City Current,22039.0,549316.0,1,1,,,14.0,57833.0,549316.0
7VqGdBaAQv,2022-03-31 02:00:00+00:00,2022,9.200492035921368,9902.0,0,3,11,899.0,Thursday,2022,Providence Park,Portland Thorns FC,Angel City FC,25218.0,694333.0,1,1,,,100.0,92452.0,694333.0
0Oq6Oy1rQ6,2022-04-02 19:00:00+00:00,2022,8.749890955535259,6310.0,1,1,7,,Saturday,2022,Children's Mercy Park,Kansas City Current,Racing Louisville FC,18467.0,6028.0,1,1,,1.0,15.0,4307.0,6028.0
gpMO6R8OQz,2022-04-02 20:00:00+00:00,2022,8.54830418644129,5158.0,1,11,11,6.0,Saturday,2022,Torero Stadium,San Diego Wave FC,Angel City FC,,358541.0,1,0,,0.0,65.0,26886.0,358541.0
gOMn9oO6Qw,2022-04-03 00:00:00+00:00,2022,7.450660796211539,1721.0,0,5,6,7.0,Sunday,2022,SeatGeek Stadium,Chicago Stars FC,Houston Dash,20000.0,,1,1,,,20.0,,
vzqokRn7qa,2022-04-03 02:00:00+00:00,2022,9.395491255780296,12034.0,0,1,10,3.0,Sunday,2022,Providence Park,Portland Thorns FC,Seattle Reign FC,25218.0,694333.0,1,1,,,100.0,92452.0,694333.0
wvq9R1x3QW,2022-04-03 19:00:00+00:00,2022,7.249925536717988,1408.0,0,7,1,930.0,Sunday,2022,Red Bull Arena,NJ/NY Gotham FC,North Carolina Courage,25000.0,1051425.0,1,1,0.0,,16.0,64815.0,1051425.0
2lqRoVr2Qr,2022-04-03 20:00:00+00:00,2022,8.640472207576408,5656.0,1,10,11,3.0,Sunday,2022,Audi Field,Washington Spirit,Orlando Pride,20000.0,676306.0,1,1,0.0,,8.0,30395.0,676306.0
9z5kn6gbMA,2022-04-15 02:00:00+00:00,2022,8.476996001664824,4803.0,1,7,9,27.0,Friday,2022,Lumen Field,Seattle Reign FC,San Diego Wave FC,38500.0,833559.0,0,1,0.0,,24.0,111635.0,833559.0
315VVyl759,2022-04-16 00:00:00+00:00,2022,8.52158353971753,5022.0,1,2,9,13.0,Saturday,2022,Children's Mercy Park,Kansas City Current,Houston Dash,18467.0,6028.0,1,1,,1.0,15.0,4307.0,6028.0
Pk5LWOyZMO,2022-04-16 23:30:00+00:00,2022,8.391403185357937,4409.0,0,6,3,22.0,Saturday,2022,Lynn Family Stadium,Racing Louisville FC,Chicago Stars FC,,188743.0,1,0,,1.0,6.0,26979.0,188743.0
7vQ7n7NdqD,2022-04-17 19:00:00+00:00,2022,7.630946580890459,2061.0,0,8,7,14.0,Sunday,2022,Red Bull Arena,NJ/NY Gotham FC,Washington Spirit,25000.0,1051425.0,1,1,0.0,,16.0,64815.0,1051425.0
raMyl1GRQd,2022-04-17 22:00:00+00:00,2022,8.641179171197228,5660.0,1,5,12,2.0,Sunday,2022,Lumen Field,Seattle Reign FC,Angel City FC,38500.0,833559.0,0,1,0.0,,24.0,111635.0,833559.0
gjMNGoDY5K,2022-04-17 23:00:00+00:00,2022,9.42867236629317,12440.0,0,6,9,14.0,Sunday,2022,Providence Park,Portland Thorns FC,San Diego Wave FC,25218.0,694333.0,1,1,,,100.0,92452.0,694333.0
eV5DrJgZQK,2022-04-23 17:00:00+00:00,2022,8.270013062273787,3905.0,0,1,5,27.0,Saturday,2022,WakeMed Soccer Park,North Carolina Courage,Washington Spirit,,39683.0,1,0,,5.0,,11054.0,39683.0
a35rLV9bQL,2022-04-23 23:00:00+00:00,2022,7.913521017283895,2734.0,0,8,11,6.0,Saturday,2022,Red Bull Arena,NJ/NY Gotham FC,Orlando Pride,25000.0,1051425.0,1,1,0.0,,16.0,64815.0,1051425.0
2vQ1Bk88Mr,2022-04-24 02:00:00+00:00,2022,8.699514748210191,6000.0,1,9,2,21.0,Sunday,2022,Torero Stadium,San Diego Wave FC,Seattle Reign FC,,358541.0,1,0,,0.0,65.0,26886.0,358541.0
OlMloOGyQL,2022-04-24 21:00:00+00:00,2022,8.538367426647644,5107.0,1,3,6,8.0,Sunday,2022,Children's Mercy Park,Kansas City Current,Chicago Stars FC,18467.0,6028.0,1,1,,1.0,15.0,4307.0,6028.0
Vj58oDZ8M8,2022-04-24 22:00:00+00:00,2022,8.030409562130485,3073.0,0,10,7,24.0,Sunday,2022,Shell Energy Stadium,Houston Dash,Racing Louisville FC,22039.0,549316.0,1,1,,,14.0,57833.0,549316.0
ljqEl8645x,2022-04-30 22:00:00+00:00,2022,9.523105224795426,13672.0,0,4,1,12.0,Saturday,2022,Providence Park,Portland Thorns FC,Kansas City Current,25218.0,694333.0,1,1,,,100.0,92452.0,694333.0
e7Mz8ndGqr,2022-05-01 00:00:00+00:00,2022,8.01565761455734,3028.0,0,6,7,28.0,Sunday,2022,SeatGeek Stadium,Chicago Stars FC,Racing Louisville FC,20000.0,,1,1,,,20.0,,
N6MmRv9x5E,2022-05-01 21:00:00+00:00,2022,9.227885551191932,10177.0,1,6,4,28.0,Sunday,2022,Audi Field,Washington Spirit,Seattle Reign FC,20000.0,676306.0,1,1,0.0,,8.0,30395.0,676306.0
Xj5YNvXRqb,2022-05-01 23:00:00+00:00,2022,8.951828676824181,7722.0,0,8,10,7.0,Sunday,2022,Shell Energy Stadium,Houston Dash,San Diego Wave FC,22039.0,549316.0,1,1,,,14.0,57833.0,549316.0
jYQJ3x9kMG,2022-05-01 23:00:00+00:00,2022,8.36730010184162,4304.0,0,12,9,43.0,Sunday,2022,Inter&Co Stadium,Orlando Pride,NJ/NY Gotham FC,25500.0,263292.0,1,1,5.0,6.0,9.0,25319.0,263292.0
gOMn9xY8Qw,2022-05-05 00:30:00+00:00,2022,8.317033476492403,4093.0,1,1,3,10.0,Thursday,2022,Children's Mercy Park,Kansas City Current,North Carolina Courage,18467.0,6028.0,1,1,,1.0,15.0,4307.0,6028.0
NWMWPvNE5l,2022-05-08 21:00:00+00:00,2022,8.722580021141189,6140.0,1,2,9,3.0,Sunday,2022,Children's Mercy Park,Kansas City Current,Houston Dash,18467.0,6028.0,1,1,,1.0,15.0,4307.0,6028.0
0x5ggvaP57,2022-05-08 22:00:00+00:00,2022,8.388450315523512,4396.0,1,5,10,21.0,Sunday,2022,Lumen Field,Seattle Reign FC,Racing Louisville FC,38500.0,833559.0,0,1,0.0,,24.0,111635.0,833559.0
0Oq6OnDxQ6,2022-05-14 02:30:00+00:00,2022,9.581628028282761,14496.0,0,2,4,13.0,Saturday,2022,Providence Park,Portland Thorns FC,Seattle Reign FC,25218.0,694333.0,1,1,,,100.0,92452.0,694333.0
gpMO6KnrQz,2022-05-14 22:30:00+00:00,2022,8.163656176168432,3511.0,0,11,3,12.0,Saturday,2022,Inter&Co Stadium,Orlando Pride,Kansas City Current,25500.0,263292.0,1,1,5.0,6.0,9.0,25319.0,263292.0
jYQJ3xWZMG,2022-05-15 21:00:00+00:00,2022,8.913684824725294,7433.0,1,5,12,14.0,Sunday,2022,Audi Field,Washington Spirit,Angel City FC,20000.0,676306.0,1,1,0.0,,8.0,30395.0,676306.0
2lqRov9JQr,2022-05-15 21:00:00+00:00,2022,8.517193191416238,5000.0,1,7,6,21.0,Sunday,2022,Torero Stadium,San Diego Wave FC,Chicago Stars FC,,358541.0,1,0,,0.0,65.0,26886.0,358541.0
Oa5w1GkDQ1,2022-05-18 23:00:00+00:00,2022,8.03398273468322,3084.0,0,1,11,25.0,Wednesday,2022,WakeMed Soccer Park,North Carolina Courage,Orlando Pride,,39683.0,1,0,,5.0,,11054.0,39683.0
eVq3gGNXqW,2022-05-18 23:30:00+00:00,2022,8.57583938684897,5302.0,0,10,4,32.0,Wednesday,2022,Lynn Family Stadium,Racing Louisville FC,San Diego Wave FC,,188743.0,1,0,,1.0,6.0,26979.0,188743.0
KAqBD1pmMb,2022-05-19 02:00:00+00:00,2022,9.19786285046507,9876.0,0,2,6,4.0,Thursday,2022,Providence Park,Portland Thorns FC,Washington Spirit,25218.0,694333.0,1,1,,,100.0,92452.0,694333.0
NWMWPvND5l,2022-05-21 22:00:00+00:00,2022,9.60521627853008,14842.0,0,2,9,2.0,Saturday,2022,Providence Park,Portland Thorns FC,Houston Dash,25218.0,694333.0,1,1,,,100.0,92452.0,694333.0
0x5ggvaw57,2022-05-22 02:30:00+00:00,2022,9.826282481627157,18514.0,0,12,3,22.0,Sunday,2022,BMO Stadium,Angel City FC,Kansas City Current,22000.0,1464640.0,1,1,,0.0,8.0,218728.0,1464640.0
7VqGdewzQv,2022-05-22 18:00:00+00:00,2022,8.711113884053544,6070.0,0,1,4,3.0,Sunday,2022,WakeMed Soccer Park,North Carolina Courage,San Diego Wave FC,,39683.0,1,0,,5.0,,11054.0,39683.0
0Oq6OnDgQ6,2022-05-22 21:00:00+00:00,2022,7.890582534656536,2672.0,0,12,8,28.0,Sunday,2022,Red Bull Arena,NJ/NY Gotham FC,Racing Louisville FC,25000.0,1051425.0,1,1,0.0,,16.0,64815.0,1051425.0
gpMO6KnDQz,2022-05-22 22:00:00+00:00,2022,8.673512945671192,5846.0,1,6,6,14.0,Sunday,2022,Lumen Field,Seattle Reign FC,Washington Spirit,38500.0,833559.0,0,1,0.0,,24.0,111635.0,833559.0
gOMn9vW8Qw,2022-05-22 23:00:00+00:00,2022,8.011355109161286,3015.0,0,10,9,8.0,Sunday,2022,Inter&Co Stadium,Orlando Pride,Chicago Stars FC,25500.0,263292.0,1,1,5.0,6.0,9.0,25319.0,263292.0
vzqokvgNqa,2022-05-26 02:00:00+00:00,2022,8.279950715722526,3944.0,1,4,4,3.0,Thursday,2022,Lumen Field,Seattle Reign FC,Kansas City Current,38500.0,833559.0,0,1,0.0,,24.0,111635.0,833559.0
2lqRov9aQr,2022-05-27 23:00:00+00:00,2022,8.184792654165078,3586.0,0,10,5,5.0,Friday,2022,Inter&Co Stadium,Orlando Pride,Washington Spirit,25500.0,263292.0,1,1,5.0,6.0,9.0,25319.0,263292.0
wvq9R9lNQW,2022-05-29 00:00:00+00:00,2022,8.091933455979893,3268.0,0,6,4,28.0,Sunday,2022,SeatGeek Stadium,Chicago Stars FC,Portland Thorns FC,20000.0,,1,1,,,20.0,,
9z5knvwJMA,2022-05-29 19:00:00+00:00,2022,8.65032450401942,5712.0,1,2,3,3.0,Sunday,2022,Lumen Field,Seattle Reign FC,San Diego Wave FC,38500.0,833559.0,0,1,0.0,,24.0,111635.0,833559.0
315VVvLY59,2022-05-29 23:00:00+00:00,2022,8.48714627006394,4852.0,0,9,2,28.0,Sunday,2022,Shell Energy Stadium,Houston Dash,North Carolina Courage,22039.0,549316.0,1,1,,,14.0,57833.0,549316.0
EGMPOzoxQa,2022-05-30 00:00:00+00:00,2022,9.840760722627824,18784.0,0,11,12,7.0,Monday,2022,BMO Stadium,Angel City FC,NJ/NY Gotham FC,22000.0,1464640.0,1,1,,0.0,8.0,218728.0,1464640.0
Pk5LWjGEMO,2022-05-30 19:00:00+00:00,2022,8.777092882855566,6484.0,1,7,7,21.0,Monday,2022,Children's Mercy Park,Kansas City Current,Racing Louisville FC,18467.0,6028.0,1,1,,1.0,15.0,4307.0,6028.0
raMylOPlQd,2022-06-04 00:30:00+00:00,2022,8.711607995897575,6073.0,0,8,11,5.0,Saturday,2022,Shell Energy Stadium,Houston Dash,Orlando Pride,22039.0,549316.0,1,1,,,14.0,57833.0,549316.0
7vQ7no1OqD,2022-06-04 02:30:00+00:00,2022,9.581421053222517,14493.0,0,5,12,13.0,Saturday,2022,Providence Park,Portland Thorns FC,Angel City FC,25218.0,694333.0,1,1,,,100.0,92452.0,694333.0
eV5DrlA9QK,2022-06-04 19:00:00+00:00,2022,8.007034012193408,3002.0,0,7,1,6.0,Saturday,2022,SeatGeek Stadium,Chicago Stars FC,Seattle Reign FC,20000.0,,1,1,,,20.0,,
2vQ1BWPbMr,2022-06-04 23:00:00+00:00,2022,8.769196271411001,6433.0,0,10,8,13.0,Saturday,2022,Red Bull Arena,NJ/NY Gotham FC,Washington Spirit,25000.0,1051425.0,1,1,0.0,,16.0,64815.0,1051425.0
OlMlov34QL,2022-06-05 00:00:00+00:00,2022,8.65486599654131,5738.0,0,9,2,17.0,Sunday,2022,Lynn Family Stadium,Racing Louisville FC,North Carolina Courage,,188743.0,1,0,,1.0,6.0,26979.0,188743.0
a35rLwOoQL,2022-06-05 00:30:00+00:00,2022,8.981430225767635,7954.0,1,5,7,5.0,Sunday,2022,Children's Mercy Park,Kansas City Current,San Diego Wave FC,18467.0,6028.0,1,1,,1.0,15.0,4307.0,6028.0
KPqjOvJ2Q6,2022-06-08 02:00:00+00:00,2022,9.72549660510262,16739.0,0,12,6,9.0,Wednesday,2022,BMO Stadium,Angel City FC,Houston Dash,22000.0,1464640.0,1,1,,0.0,8.0,218728.0,1464640.0
eVq3gG8VqW,2022-06-09 00:00:00+00:00,2022,7.7458682297922685,2312.0,0,4,8,4.0,Thursday,2022,SeatGeek Stadium,Chicago Stars FC,Washington Spirit,20000.0,,1,1,,,20.0,,
Vj58oRrDM8,2022-06-09 02:00:00+00:00,2022,8.716044050161402,6100.0,1,7,3,24.0,Thursday,2022,Torero Stadium,San Diego Wave FC,Portland Thorns FC,,358541.0,1,0,,0.0,65.0,26886.0,358541.0
odMXLvyeMY,2022-06-12 00:00:00+00:00,2022,8.722417141427496,6139.0,0,9,11,7.0,Sunday,2022,Lynn Family Stadium,Racing Louisville FC,Angel City FC,,188743.0,1,0,,1.0,6.0,26979.0,188743.0
KXMeBvjv56,2022-06-12 00:30:00+00:00,2022,8.647343875881283,5695.0,1,5,9,7.0,Sunday,2022,Children's Mercy Park,Kansas City Current,NJ/NY Gotham FC,18467.0,6028.0,1,1,,1.0,15.0,4307.0,6028.0
aDQ03BVGqE,2022-06-12 21:00:00+00:00,2022,8.517193191416238,5000.0,1,6,3,3.0,Sunday,2022,Torero Stadium,San Diego Wave FC,Seattle Reign FC,,358541.0,1,0,,0.0,65.0,26886.0,358541.0
9vQ2WgLLMK,2022-06-12 22:00:00+00:00,2022,8.263848131368906,3881.0,0,5,12,3.0,Sunday,2022,SeatGeek Stadium,Chicago Stars FC,Orlando Pride,20000.0,,1,1,,,20.0,,
NPqxr6VWM9,2022-06-12 23:00:00+00:00,2022,8.518392471991719,5006.0,0,7,5,8.0,Sunday,2022,Shell Energy Stadium,Houston Dash,Portland Thorns FC,22039.0,549316.0,1,1,,,14.0,57833.0,549316.0
kRQadvXkqK,2022-06-19 00:30:00+00:00,2022,8.831711917821577,6848.0,1,4,2,7.0,Sunday,2022,Children's Mercy Park,Kansas City Current,Chicago Stars FC,18467.0,6028.0,1,1,,1.0,15.0,4307.0,6028.0
4JMA7Dj2qK,2022-06-19 02:00:00+00:00,2022,8.758883680017025,6367.0,1,5,11,20.0,Sunday,2022,Lumen Field,Seattle Reign FC,Angel City FC,38500.0,833559.0,0,1,0.0,,24.0,111635.0,833559.0
4wM4G6YyQj,2022-06-19 19:00:00+00:00,2022,9.691840166360345,16185.0,0,2,12,15.0,Sunday,2022,Providence Park,Portland Thorns FC,Orlando Pride,25218.0,694333.0,1,1,,,100.0,92452.0,694333.0
zeQZyvmYqK,2022-06-19 20:00:00+00:00,2022,8.874168090363968,7145.0,0,9,6,14.0,Sunday,2022,Red Bull Arena,NJ/NY Gotham FC,San Diego Wave FC,25000.0,1051425.0,1,1,0.0,,16.0,64815.0,1051425.0
BLMvDg3lqx,2022-06-19 21:00:00+00:00,2022,8.322880021769905,4117.0,0,4,7,28.0,Sunday,2022,WakeMed Soccer Park,North Carolina Courage,Houston Dash,,39683.0,1,0,,5.0,,11054.0,39683.0
ljqEl8KV5x,2022-07-02 00:30:00+00:00,2022,8.518592212329946,5007.0,0,7,4,19.0,Saturday,2022,Shell Energy Stadium,Houston Dash,Kansas City Current,22039.0,549316.0,1,1,,,14.0,57833.0,549316.0
XVqKB0mW50,2022-07-02 02:00:00+00:00,2022,8.925188429378027,7519.0,1,3,5,13.0,Saturday,2022,Lumen Field,Seattle Reign FC,North Carolina Courage,38500.0,833559.0,0,1,0.0,,24.0,111635.0,833559.0
p6qbJEmXq0,2022-07-02 02:30:00+00:00,2022,9.76949891253281,17492.0,0,11,2,24.0,Saturday,2022,BMO Stadium,Angel City FC,Portland Thorns FC,22000.0,1464640.0,1,1,,0.0,8.0,218728.0,1464640.0
N6MmRvmW5E,2022-07-02 23:00:00+00:00,2022,8.160232492367689,3499.0,0,9,4,13.0,Saturday,2022,Red Bull Arena,NJ/NY Gotham FC,Chicago Stars FC,25000.0,1051425.0,1,1,0.0,,16.0,64815.0,1051425.0
Xj5YNvmyqb,2022-07-03 21:00:00+00:00,2022,8.699514748210191,6000.0,1,5,8,21.0,Sunday,2022,Torero Stadium,San Diego Wave FC,Washington Spirit,,358541.0,1,0,,0.0,65.0,26886.0,358541.0
jYQJ3xKZMG,2022-07-08 23:00:00+00:00,2022,8.166216268592143,3520.0,0,12,7,42.0,Friday,2022,Inter&Co Stadium,Orlando Pride,Houston Dash,25500.0,263292.0,1,1,5.0,6.0,9.0,25319.0,263292.0
Oa5w1GBDQ1,2022-07-09 00:00:00+00:00,2022,8.660600654710967,5771.0,0,9,9,27.0,Saturday,2022,Lynn Family Stadium,Racing Louisville FC,NJ/NY Gotham FC,,188743.0,1,0,,1.0,6.0,26979.0,188743.0
NWMWPvmD5l,2022-07-10 22:00:00+00:00,2022,8.318254328798846,4098.0,0,3,6,28.0,Sunday,2022,SeatGeek Stadium,Chicago Stars FC,North Carolina Courage,20000.0,,1,1,,,20.0,,
0x5ggvmw57,2022-07-10 22:00:00+00:00,2022,9.108529105829499,9032.0,1,1,1,8.0,Sunday,2022,Lumen Field,Seattle Reign FC,Portland Thorns FC,38500.0,833559.0,0,1,0.0,,24.0,111635.0,833559.0
0Oq6OnKgQ6,2022-07-16 02:00:00+00:00,2022,8.465268118551318,4747.0,1,4,11,12.0,Saturday,2022,Torero Stadium,San Diego Wave FC,Racing Louisville FC,,358541.0,1,0,,0.0,65.0,26886.0,358541.0
gpMO6KmDQz,2022-07-17 00:30:00+00:00,2022,8.441822884391462,4637.0,0,7,3,15.0,Sunday,2022,Shell Energy Stadium,Houston Dash,Chicago Stars FC,22039.0,549316.0,1,1,,,14.0,57833.0,549316.0
gOMn9vm8Qw,2022-07-17 02:30:00+00:00,2022,9.733292175540013,16870.0,0,1,8,27.0,Sunday,2022,Providence Park,Portland Thorns FC,NJ/NY Gotham FC,25218.0,694333.0,1,1,,,100.0,92452.0,694333.0
2lqRovmaQr,2022-07-17 23:00:00+00:00,2022,8.888204871455022,7246.0,1,5,2,28.0,Sunday,2022,Children's Mercy Park,Kansas City Current,Seattle Reign FC,18467.0,6028.0,1,1,,1.0,15.0,4307.0,6028.0
wvq9R9KNQW,2022-07-29 23:30:00+00:00,2022,8.558527054909215,5211.0,0,7,8,40.0,Friday,2022,WakeMed Soccer Park,North Carolina Courage,Washington Spirit,,39683.0,1,0,,5.0,,11054.0,39683.0
9z5knvYJMA,2022-07-30 00:00:00+00:00,2022,8.866299565855018,7089.0,0,11,1,21.0,Saturday,2022,Lynn Family Stadium,Racing Louisville FC,Portland Thorns FC,,188743.0,1,0,,1.0,6.0,26979.0,188743.0
Pk5LWjKEMO,2022-07-31 21:00:00+00:00,2022,8.636042325254618,5631.0,0,9,6,28.0,Sunday,2022,Red Bull Arena,NJ/NY Gotham FC,Houston Dash,25000.0,1051425.0,1,1,0.0,,16.0,64815.0,1051425.0
gjMNGaK35K,2022-07-31 23:00:00+00:00,2022,8.880724576151456,7192.0,1,3,12,14.0,Sunday,2022,Children's Mercy Park,Kansas City Current,Orlando Pride,18467.0,6028.0,1,1,,1.0,15.0,4307.0,6028.0
raMylOglQd,2022-08-03 00:00:00+00:00,2022,8.538367426647644,5107.0,0,11,2,4.0,Wednesday,2022,Lynn Family Stadium,Racing Louisville FC,Seattle Reign FC,,188743.0,1,0,,1.0,6.0,26979.0,188743.0
7vQ7noKOqD,2022-08-06 00:00:00+00:00,2022,8.587465244401569,5364.0,0,11,8,3.0,Saturday,2022,Lynn Family Stadium,Racing Louisville FC,Washington Spirit,,188743.0,1,0,,1.0,6.0,26979.0,188743.0
eV5DrlK9QK,2022-08-06 02:30:00+00:00,2022,9.749111847392573,17139.0,0,1,7,20.0,Saturday,2022,Providence Park,Portland Thorns FC,North Carolina Courage,25218.0,694333.0,1,1,,,100.0,92452.0,694333.0
2vQ1BWKbMr,2022-08-07 21:00:00+00:00,2022,8.405367376233981,4471.0,1,6,3,22.0,Sunday,2022,Torero Stadium,San Diego Wave FC,Kansas City Current,,358541.0,1,0,,0.0,65.0,26886.0,358541.0
a35rLwmoQL,2022-08-07 22:00:00+00:00,2022,8.532672762264625,5078.0,0,4,9,28.0,Sunday,2022,SeatGeek Stadium,Chicago Stars FC,NJ/NY Gotham FC,20000.0,,1,1,,,20.0,,
OlMlovm4QL,2022-08-07 22:00:00+00:00,2022,8.889032571874742,7252.0,1,2,5,28.0,Sunday,2022,Lumen Field,Seattle Reign FC,Houston Dash,38500.0,833559.0,0,1,0.0,,24.0,111635.0,833559.0
Vj58oRKDM8,2022-08-07 23:00:00+00:00,2022,8.497806477616047,4904.0,0,12,9,30.0,Sunday,2022,Inter&Co Stadium,Orlando Pride,Angel City FC,25500.0,263292.0,1,1,5.0,6.0,9.0,25319.0,263292.0
KXMeBvmv56,2022-08-13 00:30:00+00:00,2022,8.571491964823617,5279.0,0,4,10,27.0,Saturday,2022,Shell Energy Stadium,Houston Dash,Racing Louisville FC,22039.0,549316.0,1,1,,,14.0,57833.0,549316.0
9vQ2WgKLMK,2022-08-14 00:00:00+00:00,2022,8.535425959677298,5092.0,0,7,2,15.0,Sunday,2022,WakeMed Soccer Park,North Carolina Courage,Kansas City Current,,39683.0,1,0,,5.0,,11054.0,39683.0
odMXLvmeMY,2022-08-14 02:30:00+00:00,2022,8.393442383980062,4418.0,1,6,12,6.0,Sunday,2022,Torero Stadium,San Diego Wave FC,Orlando Pride,,358541.0,1,0,,0.0,65.0,26886.0,358541.0
NPqxr6WWM9,2022-08-14 19:00:00+00:00,2022,8.860499167616016,7048.0,1,3,12,6.0,Sunday,2022,Lumen Field,Seattle Reign FC,NJ/NY Gotham FC,38500.0,833559.0,0,1,0.0,,24.0,111635.0,833559.0
aDQ03BKGqE,2022-08-15 00:00:00+00:00,2022,9.741086263177305,17002.0,0,10,5,14.0,Monday,2022,BMO Stadium,Angel City FC,Chicago Stars FC,22000.0,1464640.0,1,1,,0.0,8.0,218728.0,1464640.0
KPqjOvm2Q6,2022-08-18 00:30:00+00:00,2022,8.46653127661401,4753.0,0,4,12,5.0,Thursday,2022,Shell Energy Stadium,Houston Dash,NJ/NY Gotham FC,22039.0,549316.0,1,1,,,14.0,57833.0,549316.0
xW5pVvmRQg,2022-08-20 00:00:00+00:00,2022,9.249080200292113,10395.0,1,1,8,19.0,Saturday,2022,Children's Mercy Park,Kansas City Current,Angel City FC,18467.0,6028.0,1,1,,1.0,15.0,4307.0,6028.0
4JMA7DK2qK,2022-08-20 23:00:00+00:00,2022,8.18060094759445,3571.0,0,7,5,6.0,Saturday,2022,WakeMed Soccer Park,North Carolina Courage,Chicago Stars FC,,39683.0,1,0,,5.0,,11054.0,39683.0
4wM4G6KyQj,2022-08-21 02:00:00+00:00,2022,8.571870752706934,5281.0,1,7,4,6.0,Sunday,2022,Torero Stadium,San Diego Wave FC,Houston Dash,,358541.0,1,0,,0.0,65.0,26886.0,358541.0
Oa5w1Gr4Q1,2022-08-24 23:00:00+00:00,2022,8.043663352393944,3114.0,0,7,2,4.0,Wednesday,2022,WakeMed Soccer Park,North Carolina Courage,Portland Thorns FC,,39683.0,1,0,,5.0,,11054.0,39683.0
zeQZyvoYqK,2022-08-26 23:30:00+00:00,2022,8.431199478249262,4588.0,0,9,2,19.0,Friday,2022,Inter&Co Stadium,Orlando Pride,Seattle Reign FC,25500.0,263292.0,1,1,5.0,6.0,9.0,25319.0,263292.0
BLMvDgJlqx,2022-08-27 23:30:00+00:00,2022,9.07440609473535,8729.0,0,11,6,21.0,Saturday,2022,Lynn Family Stadium,Racing Louisville FC,Chicago Stars FC,,188743.0,1,0,,1.0,6.0,26979.0,188743.0
XVqKB0aW50,2022-08-28 00:30:00+00:00,2022,8.523374050491318,5031.0,0,4,9,10.0,Sunday,2022,Shell Energy Stadium,Houston Dash,Washington Spirit,22039.0,549316.0,1,1,,,14.0,57833.0,549316.0
p6qbJEyXq0,2022-08-28 02:30:00+00:00,2022,9.832206350531164,18624.0,0,3,7,22.0,Sunday,2022,Providence Park,Portland Thorns FC,San Diego Wave FC,25218.0,694333.0,1,1,,,100.0,92452.0,694333.0
ljqEl8XV5x,2022-08-28 21:00:00+00:00,2022,8.824089482791823,6796.0,0,12,8,28.0,Sunday,2022,Red Bull Arena,NJ/NY Gotham FC,Angel City FC,25000.0,1051425.0,1,1,0.0,,16.0,64815.0,1051425.0
e7Mz8nWJqr,2022-08-28 23:00:00+00:00,2022,8.9085593751449,7395.0,1,2,7,8.0,Sunday,2022,Children's Mercy Park,Kansas City Current,North Carolina Courage,18467.0,6028.0,1,1,,1.0,15.0,4307.0,6028.0
gOMn9vWlQw,2022-09-04 21:00:00+00:00,2022,8.046869510959576,3124.0,0,12,7,7.0,Sunday,2022,Red Bull Arena,NJ/NY Gotham FC,North Carolina Courage,25000.0,1051425.0,1,1,0.0,,16.0,64815.0,1051425.0
Xj5YNvnyqb,2022-09-09 23:00:00+00:00,2022,8.164794804244766,3515.0,0,10,3,13.0,Friday,2022,Inter&Co Stadium,Orlando Pride,Portland Thorns FC,25500.0,263292.0,1,1,5.0,6.0,9.0,25319.0,263292.0
N6MmRvxW5E,2022-09-10 02:00:00+00:00,2022,8.912877287669296,7427.0,1,2,6,26.0,Saturday,2022,Lumen Field,Seattle Reign FC,Chicago Stars FC,38500.0,833559.0,0,1,0.0,,24.0,111635.0,833559.0
jYQJ3xpZMG,2022-09-10 17:00:00+00:00,2022,9.22601685136119,10158.0,1,9,7,117.0,Saturday,2022,Audi Field,Washington Spirit,San Diego Wave FC,20000.0,676306.0,1,1,0.0,,8.0,30395.0,676306.0
Oa5w1GwDQ1,2022-09-10 23:00:00+00:00,2022,8.10076824307173,3297.0,0,5,11,17.0,Saturday,2022,WakeMed Soccer Park,North Carolina Courage,Racing Louisville FC,,39683.0,1,0,,5.0,,11054.0,39683.0
eVq3gGnXqW,2022-09-11 22:00:00+00:00,2022,7.6638772587034705,2130.0,0,12,1,7.0,Sunday,2022,Red Bull Arena,NJ/NY Gotham FC,Kansas City Current,25000.0,1051425.0,1,1,0.0,,16.0,64815.0,1051425.0
KAqBD18mMb,2022-09-11 23:00:00+00:00,2022,8.687273461787838,5927.0,0,5,8,14.0,Sunday,2022,Shell Energy Stadium,Houston Dash,Angel City FC,22039.0,549316.0,1,1,,,14.0,57833.0,549316.0
7VqGdeKzQv,2022-09-14 23:00:00+00:00,2022,8.205491613120236,3661.0,0,4,8,4.0,Wednesday,2022,WakeMed Soccer Park,North Carolina Courage,Angel City FC,,39683.0,1,0,,5.0,,11054.0,39683.0
NWMWPv6D5l,2022-09-15 00:00:00+00:00,2022,7.666221925662725,2135.0,0,6,1,38.0,Thursday,2022,SeatGeek Stadium,Chicago Stars FC,Kansas City Current,20000.0,,1,1,,,20.0,,
0x5ggvlw57,2022-09-16 23:30:00+00:00,2022,8.593598522618644,5397.0,0,11,10,20.0,Friday,2022,Lynn Family Stadium,Racing Louisville FC,Orlando Pride,,188743.0,1,0,,1.0,6.0,26979.0,188743.0
7VqGdexzQv,2022-09-17 23:00:00+00:00,2022,9.080345575359996,8781.0,1,9,12,7.0,Saturday,2022,Audi Field,Washington Spirit,NJ/NY Gotham FC,20000.0,676306.0,1,1,0.0,,8.0,30395.0,676306.0
0Oq6On9gQ6,2022-09-17 23:30:00+00:00,2022,8.763740720509464,6398.0,0,2,3,3.0,Saturday,2022,WakeMed Soccer Park,North Carolina Courage,Seattle Reign FC,,39683.0,1,0,,5.0,,11054.0,39683.0
gpMO6KvDQz,2022-09-18 00:00:00+00:00,2022,8.610319169405722,5488.0,0,5,6,3.0,Sunday,2022,SeatGeek Stadium,Chicago Stars FC,Houston Dash,20000.0,,1,1,,,20.0,,
vzqokvjNqa,2022-09-18 21:00:00+00:00,2022,9.135724578595394,9281.0,1,1,5,20.0,Sunday,2022,Children's Mercy Park,Kansas City Current,Portland Thorns FC,18467.0,6028.0,1,1,,1.0,15.0,4307.0,6028.0
eVq3gGnvqW,2022-09-21 23:00:00+00:00,2022,8.08886878916199,3258.0,0,11,3,12.0,Wednesday,2022,Inter&Co Stadium,Orlando Pride,North Carolina Courage,25500.0,263292.0,1,1,5.0,6.0,9.0,25319.0,263292.0
Oa5w1Gw9Q1,2022-09-21 23:00:00+00:00,2022,7.729295674310482,2274.0,0,12,3,10.0,Wednesday,2022,Red Bull Arena,NJ/NY Gotham FC,Seattle Reign FC,25000.0,1051425.0,1,1,0.0,,16.0,64815.0,1051425.0
2lqRov3aQr,2022-09-22 02:00:00+00:00,2022,9.658353983330302,15652.0,0,4,10,24.0,Thursday,2022,Providence Park,Portland Thorns FC,Racing Louisville FC,25218.0,694333.0,1,1,,,100.0,92452.0,694333.0
jYQJ3xpVMG,2022-09-22 02:30:00+00:00,2022,9.687319614958344,16112.0,0,8,8,38.0,Thursday,2022,BMO Stadium,Angel City FC,Washington Spirit,22000.0,1464640.0,1,1,,0.0,8.0,218728.0,1464640.0
KAqBD18AMb,2022-09-24 23:00:00+00:00,2022,8.760296220470051,6376.0,0,2,12,6.0,Saturday,2022,WakeMed Soccer Park,North Carolina Courage,NJ/NY Gotham FC,,39683.0,1,0,,5.0,,11054.0,39683.0
NWMWPv6Y5l,2022-09-25 00:30:00+00:00,2022,8.961622569542543,7798.0,0,5,2,13.0,Sunday,2022,Shell Energy Stadium,Houston Dash,Seattle Reign FC,22039.0,549316.0,1,1,,,14.0,57833.0,549316.0
7VqGdexdQv,2022-09-25 20:00:00+00:00,2022,9.858856228390534,19127.0,0,4,6,3.0,Sunday,2022,Providence Park,Portland Thorns FC,Chicago Stars FC,25218.0,694333.0,1,1,,,100.0,92452.0,694333.0
0x5ggvlX57,2022-09-25 21:00:00+00:00,2022,9.168788944817948,9593.0,1,4,9,7.0,Sunday,2022,Children's Mercy Park,Kansas City Current,Washington Spirit,18467.0,6028.0,1,1,,1.0,15.0,4307.0,6028.0
0Oq6On96Q6,2022-09-25 23:00:00+00:00,2022,8.774312958285378,6466.0,0,11,7,4.0,Sunday,2022,Inter&Co Stadium,Orlando Pride,San Diego Wave FC,25500.0,263292.0,1,1,5.0,6.0,9.0,25319.0,263292.0
vzqokvjYqa,2022-10-01 22:00:00+00:00,2022,8.466320861042481,4752.0,0,12,4,9.0,Saturday,2022,Red Bull Arena,NJ/NY Gotham FC,Portland Thorns FC,25000.0,1051425.0,1,1,0.0,,16.0,64815.0,1051425.0
2lqRov3LQr,2022-10-01 23:00:00+00:00,2022,9.12052506765382,9141.0,1,9,5,14.0,Saturday,2022,Audi Field,Washington Spirit,Houston Dash,20000.0,676306.0,1,1,0.0,,8.0,30395.0,676306.0
wvq9R9P1QW,2022-10-01 23:30:00+00:00,2022,8.798152718107191,6622.0,0,10,2,15.0,Saturday,2022,Lynn Family Stadium,Racing Louisville FC,Kansas City Current,,188743.0,1,0,,1.0,6.0,26979.0,188743.0
9z5knvXeMA,2022-10-02 02:00:00+00:00,2022,9.282288871288767,10746.0,1,1,11,22.0,Sunday,2022,Lumen Field,Seattle Reign FC,Orlando Pride,38500.0,833559.0,0,1,0.0,,24.0,111635.0,833559.0
315VVvGv59,2022-10-02 22:00:00+00:00,2022,9.029657471850737,8347.0,0,6,8,14.0,Sunday,2022,SeatGeek Stadium,Chicago Stars FC,Angel City FC,20000.0,,1,1,,,20.0,,
NWMW0Zge5l,2022-10-16 21:00:00+00:00,2022,9.96571089571626,21284.0,0,5,2,21.0,Sunday,2022,Shell Energy Stadium,Houston Dash,Kansas City Current,22039.0,549316.0,1,1,,,14.0,57833.0,549316.0
0Oq66j2rq6,2022-10-23 21:00:00+00:00,2022,10.000387377276088,22035.0,0,3,7,28.0,Sunday,2022,Providence Park,Portland Thorns FC,San Diego Wave FC,25218.0,694333.0,1,1,,,100.0,92452.0,694333.0
7VqG89LAQv,2022-10-23 23:30:00+00:00,2022,9.975389521825207,21491.0,1,1,2,21.0,Sunday,2022,Lumen Field,Seattle Reign FC,Kansas City Current,38500.0,833559.0,0,1,0.0,,24.0,111635.0,833559.0
xW5pEJzYqg,2023-03-25 18:00:00+00:00,2023,8.506738733512378,4948.0,0,1,1,181.0,Saturday,2023,WakeMed Soccer Park,North Carolina Courage,Kansas City Current,,39683.0,1,0,,6.0,,11054.0,39683.0
kRQa0zB8qK,2023-03-26 02:00:00+00:00,2023,10.337021680571885,30854.0,1,2,2,217.0,Sunday,2023,Snapdragon Stadium,San Diego Wave FC,Chicago Stars FC,,402583.0,1,1,0.0,1.0,,9590.0,402583.0
4JMAyn6OMK,2023-03-26 20:00:00+00:00,2023,9.33087517360492,11281.0,1,3,3,175.0,Sunday,2023,Audi Field,Washington Spirit,Seattle Reign FC,20000.0,676306.0,1,1,1.0,,8.0,30395.0,676306.0
4wM4g8D4Qj,2023-03-26 21:00:00+00:00,2023,9.629313830109139,15204.0,0,4,4,154.0,Sunday,2023,Providence Park,Portland Thorns FC,Orlando Pride,25218.0,694333.0,1,1,,,100.0,92452.0,694333.0
zeQZ0zdZ5K,2023-03-26 23:00:00+00:00,2023,8.652073673610056,5722.0,0,5,5,161.0,Sunday,2023,Shell Energy Stadium,Houston Dash,Racing Louisville FC,22039.0,549316.0,1,1,,,14.0,57833.0,549316.0
XVqKA7NDM0,2023-04-01 16:30:00+00:00,2023,9.332646496360152,11301.0,1,8,1,187.0,Saturday,2023,Children's Mercy Park,Kansas City Current,Portland Thorns FC,18467.0,6028.0,1,1,,2.0,15.0,4307.0,6028.0
p6qbpzWbM0,2023-04-01 18:00:00+00:00,2023,8.310169021981912,4065.0,0,8,6,180.0,Saturday,2023,SeatGeek Stadium,Chicago Stars FC,Houston Dash,20000.0,,1,1,,,20.0,,
ljqErkRoQx,2023-04-01 19:00:00+00:00,2023,8.488999457045455,4861.0,0,7,3,181.0,Saturday,2023,Lynn Family Stadium,Racing Louisville FC,Washington Spirit,,188743.0,1,0,,2.0,6.0,26979.0,188743.0
e7MzEo2eQr,2023-04-02 01:13:00+00:00,2023,8.927181388251986,7534.0,0,4,8,182.0,Sunday,2023,Red Bull Arena,NJ/NY Gotham FC,Seattle Reign FC,25000.0,1051425.0,1,1,1.0,,16.0,64815.0,1051425.0
N6MmEzPPME,2023-04-02 02:00:00+00:00,2023,9.740968623038354,17000.0,1,4,4,7.0,Sunday,2023,Snapdragon Stadium,San Diego Wave FC,North Carolina Courage,,402583.0,1,1,0.0,1.0,,9590.0,402583.0
Xj5Y0zdaMb,2023-04-02 21:30:00+00:00,2023,8.873047798971067,7137.0,0,9,9,188.0,Sunday,2023,Inter&Co Stadium,Orlando Pride,Angel City FC,25500.0,263292.0,1,1,6.0,7.0,9.0,25319.0,263292.0
jYQJ0yLV5G,2023-04-15 02:30:00+00:00,2023,9.658673380311523,15657.0,0,1,3,19.0,Saturday,2023,Providence Park,Portland Thorns FC,Houston Dash,25218.0,694333.0,1,1,,,100.0,92452.0,694333.0
Oa5wm629Q1,2023-04-15 23:00:00+00:00,2023,8.548691858475609,5160.0,0,6,5,21.0,Saturday,2023,WakeMed Soccer Park,North Carolina Courage,Washington Spirit,,39683.0,1,0,,6.0,,11054.0,39683.0
eVq3WlDvqW,2023-04-15 23:00:00+00:00,2023,8.567506005289827,5258.0,0,10,5,13.0,Saturday,2023,Inter&Co Stadium,Orlando Pride,NJ/NY Gotham FC,25500.0,263292.0,1,1,6.0,7.0,9.0,25319.0,263292.0
KAqB7oOAQb,2023-04-16 00:00:00+00:00,2023,7.764720544771477,2356.0,0,10,10,14.0,Sunday,2023,SeatGeek Stadium,Chicago Stars FC,Kansas City Current,20000.0,,1,1,,,20.0,,
NWMW0z4Y5l,2023-04-16 02:00:00+00:00,2023,9.798515850169505,18007.0,0,7,10,20.0,Sunday,2023,BMO Stadium,Angel City FC,Racing Louisville FC,22000.0,1464640.0,1,1,,1.0,8.0,218728.0,1464640.0
0x5gEznXQ7,2023-04-16 02:00:00+00:00,2023,9.129021850798594,9219.0,1,6,3,174.0,Sunday,2023,Lumen Field,Seattle Reign FC,San Diego Wave FC,38500.0,833559.0,0,1,1.0,,24.0,111635.0,833559.0
gpMO0lV15z,2023-04-19 23:00:00+00:00,2023,8.051659556841953,3139.0,0,11,8,4.0,Wednesday,2023,Inter&Co Stadium,Orlando Pride,North Carolina Courage,25500.0,263292.0,1,1,6.0,7.0,9.0,25319.0,263292.0
vzqoEzWLMa,2023-04-19 23:30:00+00:00,2023,8.32457884513685,4124.0,0,6,12,24.0,Wednesday,2023,Shell Energy Stadium,Houston Dash,Kansas City Current,22039.0,549316.0,1,1,,,14.0,57833.0,549316.0
gOMnEzBJQw,2023-04-19 23:30:00+00:00,2023,8.928375259853631,7543.0,0,3,1,17.0,Wednesday,2023,Red Bull Arena,NJ/NY Gotham FC,Washington Spirit,25000.0,1051425.0,1,1,1.0,,16.0,64815.0,1051425.0
wvq9ow4YMW,2023-04-20 02:00:00+00:00,2023,9.159468041602427,9504.0,1,4,2,18.0,Thursday,2023,Snapdragon Stadium,San Diego Wave FC,Portland Thorns FC,,402583.0,1,1,0.0,1.0,,9590.0,402583.0
2lqR0eNnMr,2023-04-20 02:00:00+00:00,2023,9.212438170058329,10021.0,0,7,5,4.0,Thursday,2023,BMO Stadium,Angel City FC,Seattle Reign FC,22000.0,1464640.0,1,1,,1.0,8.0,218728.0,1464640.0
0Oq66eZ6q6,2023-04-22 19:30:00+00:00,2023,8.730043953245016,6186.0,1,1,9,6.0,Saturday,2023,Lumen Field,Seattle Reign FC,Chicago Stars FC,38500.0,833559.0,0,1,1.0,,24.0,111635.0,833559.0
gpMO0ldl5z,2023-04-22 23:00:00+00:00,2023,8.86403999703599,7073.0,1,4,6,27.0,Saturday,2023,Audi Field,Washington Spirit,Houston Dash,20000.0,676306.0,1,1,1.0,,8.0,30395.0,676306.0
gOMnEzLAQw,2023-04-22 23:30:00+00:00,2023,8.070906088787819,3200.0,0,2,7,3.0,Saturday,2023,Red Bull Arena,NJ/NY Gotham FC,North Carolina Courage,25000.0,1051425.0,1,1,1.0,,16.0,64815.0,1051425.0
vzqoEzNYMa,2023-04-23 02:30:00+00:00,2023,9.61393706902432,14972.0,0,5,9,8.0,Sunday,2023,Providence Park,Portland Thorns FC,Racing Louisville FC,25218.0,694333.0,1,1,,,100.0,92452.0,694333.0
7VqG8PYdQv,2023-04-23 21:00:00+00:00,2023,9.190953658175992,9808.0,1,9,12,22.0,Sunday,2023,Children's Mercy Park,Kansas City Current,Orlando Pride,18467.0,6028.0,1,1,,2.0,15.0,4307.0,6028.0
Oa5wm62gQ1,2023-04-29 23:30:00+00:00,2023,8.729882284826589,6185.0,0,10,1,28.0,Saturday,2023,Lynn Family Stadium,Racing Louisville FC,Seattle Reign FC,,188743.0,1,0,,2.0,6.0,26979.0,188743.0
eVq3WlDGqW,2023-04-30 00:00:00+00:00,2023,8.191463051326927,3610.0,0,11,5,14.0,Sunday,2023,SeatGeek Stadium,Chicago Stars FC,Washington Spirit,20000.0,,1,1,,,20.0,,
KAqB7oOWQb,2023-04-30 02:00:00+00:00,2023,9.69430854157229,16225.0,1,2,12,10.0,Sunday,2023,Snapdragon Stadium,San Diego Wave FC,Orlando Pride,,402583.0,1,1,0.0,1.0,,9590.0,402583.0
NWMW0z4N5l,2023-04-30 02:30:00+00:00,2023,9.737314897481545,16938.0,0,4,9,7.0,Sunday,2023,Providence Park,Portland Thorns FC,Angel City FC,25218.0,694333.0,1,1,,,100.0,92452.0,694333.0
0x5gEznmQ7,2023-04-30 22:00:00+00:00,2023,9.149421957006766,9409.0,1,7,2,7.0,Sunday,2023,Children's Mercy Park,Kansas City Current,NJ/NY Gotham FC,18467.0,6028.0,1,1,,2.0,15.0,4307.0,6028.0
9z5kEzJgQA,2023-05-03 23:00:00+00:00,2023,7.923348211930154,2761.0,0,7,2,18.0,Wednesday,2023,WakeMed Soccer Park,North Carolina Courage,NJ/NY Gotham FC,,39683.0,1,0,,6.0,,11054.0,39683.0
315V0zrbQ9,2023-05-04 00:00:00+00:00,2023,8.215006432761575,3696.0,0,8,10,14.0,Thursday,2023,Shell Energy Stadium,Houston Dash,Chicago Stars FC,22039.0,549316.0,1,1,,,14.0,57833.0,549316.0
EGMP08PAMa,2023-05-04 02:00:00+00:00,2023,8.614501373883236,5511.0,1,1,9,11.0,Thursday,2023,Lumen Field,Seattle Reign FC,Angel City FC,38500.0,833559.0,0,1,1.0,,24.0,111635.0,833559.0
7VqG8PYxQv,2023-05-06 17:00:00+00:00,2023,9.411810747608898,12232.0,1,5,3,13.0,Saturday,2023,Audi Field,Washington Spirit,San Diego Wave FC,20000.0,676306.0,1,1,1.0,,8.0,30395.0,676306.0
0Oq66eZPq6,2023-05-06 23:00:00+00:00,2023,8.53817159780143,5106.0,0,10,10,17.0,Saturday,2023,Inter&Co Stadium,Orlando Pride,Racing Louisville FC,25500.0,263292.0,1,1,6.0,7.0,9.0,25319.0,263292.0
gpMO0ldy5z,2023-05-06 23:00:00+00:00,2023,8.863615758890619,7070.0,0,8,5,3.0,Saturday,2023,WakeMed Soccer Park,North Carolina Courage,Portland Thorns FC,,39683.0,1,0,,6.0,,11054.0,39683.0
gOMnEzLeQw,2023-05-07 02:00:00+00:00,2023,8.721276239991704,6132.0,1,1,6,3.0,Sunday,2023,Lumen Field,Seattle Reign FC,Houston Dash,38500.0,833559.0,0,1,1.0,,24.0,111635.0,833559.0
vzqoEzNpMa,2023-05-07 22:00:00+00:00,2023,8.213923595622743,3692.0,0,11,2,7.0,Sunday,2023,SeatGeek Stadium,Chicago Stars FC,NJ/NY Gotham FC,20000.0,,1,1,,,20.0,,
2lqR0ed4Mr,2023-05-08 00:00:00+00:00,2023,9.863654652034406,19219.0,0,10,6,14.0,Monday,2023,BMO Stadium,Angel City FC,Kansas City Current,22000.0,1464640.0,1,1,,1.0,8.0,218728.0,1464640.0
Pk5L0DRN5O,2023-05-10 23:30:00+00:00,2023,8.515391569469609,4991.0,1,3,10,4.0,Wednesday,2023,Audi Field,Washington Spirit,Orlando Pride,20000.0,676306.0,1,1,1.0,,8.0,30395.0,676306.0
wvq9owzaMW,2023-05-12 23:30:00+00:00,2023,8.329175442077402,4143.0,0,11,11,13.0,Friday,2023,Lynn Family Stadium,Racing Louisville FC,Chicago Stars FC,,188743.0,1,0,,2.0,6.0,26979.0,188743.0
9z5kEzDaQA,2023-05-13 00:30:00+00:00,2023,8.442038517815478,4638.0,0,6,4,9.0,Saturday,2023,Shell Energy Stadium,Houston Dash,Portland Thorns FC,22039.0,549316.0,1,1,,,14.0,57833.0,549316.0
315V0zaXQ9,2023-05-14 02:00:00+00:00,2023,9.765776006660642,17427.0,0,7,3,6.0,Sunday,2023,BMO Stadium,Angel City FC,Washington Spirit,22000.0,1464640.0,1,1,,1.0,8.0,218728.0,1464640.0
Pk5L0D475O,2023-05-14 19:00:00+00:00,2023,8.308691916838898,4059.0,0,7,2,7.0,Sunday,2023,WakeMed Soccer Park,North Carolina Courage,Seattle Reign FC,,39683.0,1,0,,6.0,,11054.0,39683.0
EGMP084kMa,2023-05-14 21:30:00+00:00,2023,8.151333337900432,3468.0,0,3,10,21.0,Sunday,2023,Red Bull Arena,NJ/NY Gotham FC,Orlando Pride,25000.0,1051425.0,1,1,1.0,,16.0,64815.0,1051425.0
gjMNArmjQK,2023-05-14 22:00:00+00:00,2023,9.470317173335742,12969.0,1,8,4,14.0,Sunday,2023,Children's Mercy Park,Kansas City Current,San Diego Wave FC,18467.0,6028.0,1,1,,2.0,15.0,4307.0,6028.0
gjMNArkBQK,2023-05-17 23:30:00+00:00,2023,8.3670677328386,4303.0,0,11,8,5.0,Wednesday,2023,Lynn Family Stadium,Racing Louisville FC,Kansas City Current,,188743.0,1,0,,2.0,6.0,26979.0,188743.0
7vQ7OXzeQD,2023-05-20 23:00:00+00:00,2023,8.364042011922063,4290.0,0,11,1,14.0,Saturday,2023,Inter&Co Stadium,Orlando Pride,Washington Spirit,25500.0,263292.0,1,1,6.0,7.0,9.0,25319.0,263292.0
raMyEn3eMd,2023-05-20 23:00:00+00:00,2023,8.460199469896118,4723.0,0,5,9,6.0,Saturday,2023,WakeMed Soccer Park,North Carolina Courage,Angel City FC,,39683.0,1,0,,6.0,,11054.0,39683.0
eV5D194RqK,2023-05-21 00:00:00+00:00,2023,9.268892258925797,10603.0,1,11,9,6.0,Sunday,2023,Children's Mercy Park,Kansas City Current,Racing Louisville FC,18467.0,6028.0,1,1,,2.0,15.0,4307.0,6028.0
2vQ131zx5r,2023-05-21 00:30:00+00:00,2023,8.693831965074693,5966.0,0,7,4,8.0,Sunday,2023,Shell Energy Stadium,Houston Dash,San Diego Wave FC,22039.0,549316.0,1,1,,,14.0,57833.0,549316.0
a35rE3DeML,2023-05-21 21:00:00+00:00,2023,9.923388214242465,20402.0,0,7,12,21.0,Sunday,2023,Providence Park,Portland Thorns FC,Chicago Stars FC,25218.0,694333.0,1,1,,,100.0,92452.0,694333.0
OlMlEzDP5L,2023-05-21 22:00:00+00:00,2023,9.005282288208358,8146.0,1,3,3,14.0,Sunday,2023,Lumen Field,Seattle Reign FC,NJ/NY Gotham FC,38500.0,833559.0,0,1,1.0,,24.0,111635.0,833559.0
Vj58nJz2Q8,2023-05-27 00:00:00+00:00,2023,9.199986959896691,9897.0,1,11,8,6.0,Saturday,2023,Children's Mercy Park,Kansas City Current,Houston Dash,18467.0,6028.0,1,1,,2.0,15.0,4307.0,6028.0
9YqdZzKRMv,2023-05-27 02:00:00+00:00,2023,9.805323303748898,18130.0,1,2,5,27.0,Saturday,2023,Snapdragon Stadium,San Diego Wave FC,Portland Thorns FC,,402583.0,1,1,0.0,1.0,,9590.0,402583.0
KXMeEza2M6,2023-05-27 19:30:00+00:00,2023,8.938531648680692,7620.0,1,4,10,5.0,Saturday,2023,Lumen Field,Seattle Reign FC,Angel City FC,38500.0,833559.0,0,1,1.0,,24.0,111635.0,833559.0
9vQ2Brz7QK,2023-05-28 00:00:00+00:00,2023,8.638702608813434,5646.0,0,12,9,20.0,Sunday,2023,SeatGeek Stadium,Chicago Stars FC,Orlando Pride,20000.0,,1,1,,,20.0,,
odMX0zaAMY,2023-05-28 00:00:00+00:00,2023,8.678291111758565,5874.0,0,7,7,10.0,Sunday,2023,Lynn Family Stadium,Racing Louisville FC,North Carolina Courage,,188743.0,1,0,,2.0,6.0,26979.0,188743.0
NPqxEOw8Q9,2023-05-28 21:00:00+00:00,2023,9.354007721788596,11545.0,1,4,1,17.0,Sunday,2023,Audi Field,Washington Spirit,NJ/NY Gotham FC,20000.0,676306.0,1,1,1.0,,8.0,30395.0,676306.0
raMyEnV2Md,2023-06-01 00:00:00+00:00,2023,7.474204806496124,1762.0,0,12,8,4.0,Thursday,2023,SeatGeek Stadium,Chicago Stars FC,Racing Louisville FC,20000.0,,1,1,,,20.0,,
7vQ7OX0zQD,2023-06-01 02:00:00+00:00,2023,9.186355009225672,9763.0,1,3,2,5.0,Thursday,2023,Snapdragon Stadium,San Diego Wave FC,Seattle Reign FC,,402583.0,1,1,0.0,1.0,,9590.0,402583.0
eV5D19BOqK,2023-06-01 02:30:00+00:00,2023,9.706803344906337,16429.0,0,5,10,10.0,Thursday,2023,Providence Park,Portland Thorns FC,Angel City FC,25218.0,694333.0,1,1,,,100.0,92452.0,694333.0
kRQa0zaYqK,2023-06-04 00:00:00+00:00,2023,9.049584593096789,8515.0,1,4,6,6.0,Sunday,2023,Audi Field,Washington Spirit,Racing Louisville FC,20000.0,676306.0,1,1,1.0,,8.0,30395.0,676306.0
aDQ0wDz2qE,2023-06-04 00:00:00+00:00,2023,10.64670978572838,42054.0,1,1,3,7.0,Sunday,2023,Lumen Field,Seattle Reign FC,Portland Thorns FC,38500.0,833559.0,0,1,1.0,,24.0,111635.0,833559.0
xW5pEJDKqg,2023-06-04 00:30:00+00:00,2023,9.2393164802127,10294.0,1,11,8,8.0,Sunday,2023,Children's Mercy Park,Kansas City Current,North Carolina Courage,18467.0,6028.0,1,1,,2.0,15.0,4307.0,6028.0
KPqjYz8856,2023-06-04 00:30:00+00:00,2023,8.489410810403786,4863.0,0,8,9,14.0,Sunday,2023,Shell Energy Stadium,Houston Dash,Orlando Pride,22039.0,549316.0,1,1,,,14.0,57833.0,549316.0
4JMAyn4YMK,2023-06-04 22:00:00+00:00,2023,9.619664690410067,15058.0,0,3,5,21.0,Sunday,2023,Red Bull Arena,NJ/NY Gotham FC,San Diego Wave FC,25000.0,1051425.0,1,1,1.0,,16.0,64815.0,1051425.0
4wM4g8zAQj,2023-06-06 02:00:00+00:00,2023,9.722085572801557,16682.0,0,11,12,23.0,Tuesday,2023,BMO Stadium,Angel City FC,Chicago Stars FC,22000.0,1464640.0,1,1,,1.0,8.0,218728.0,1464640.0
zeQZ0zag5K,2023-06-10 00:00:00+00:00,2023,8.817742129574842,6753.0,0,7,2,13.0,Saturday,2023,Lynn Family Stadium,Racing Louisville FC,San Diego Wave FC,,188743.0,1,0,,2.0,6.0,26979.0,188743.0
BLMvEGeXQx,2023-06-10 23:00:00+00:00,2023,9.213535262872702,10032.0,1,5,11,6.0,Saturday,2023,Audi Field,Washington Spirit,Angel City FC,20000.0,676306.0,1,1,1.0,,8.0,30395.0,676306.0
XVqKA74BM0,2023-06-11 00:00:00+00:00,2023,8.172164452111904,3541.0,0,11,8,10.0,Sunday,2023,SeatGeek Stadium,Chicago Stars FC,North Carolina Courage,20000.0,,1,1,,,20.0,,
p6qbpzapM0,2023-06-11 02:00:00+00:00,2023,9.020510699691906,8271.0,1,1,9,7.0,Sunday,2023,Lumen Field,Seattle Reign FC,Kansas City Current,38500.0,833559.0,0,1,1.0,,24.0,111635.0,833559.0
e7MzEoBjQr,2023-06-11 23:00:00+00:00,2023,8.898228985601227,7319.0,0,10,4,22.0,Sunday,2023,Inter&Co Stadium,Orlando Pride,Portland Thorns FC,25500.0,263292.0,1,1,6.0,7.0,9.0,25319.0,263292.0
ljqErkZkQx,2023-06-11 23:00:00+00:00,2023,8.670257567143075,5827.0,0,7,5,7.0,Sunday,2023,Shell Energy Stadium,Houston Dash,NJ/NY Gotham FC,22039.0,549316.0,1,1,,,14.0,57833.0,549316.0
a35rE36GML,2023-06-14 23:30:00+00:00,2023,8.661812881026181,5778.0,1,2,6,4.0,Wednesday,2023,Audi Field,Washington Spirit,North Carolina Courage,20000.0,676306.0,1,1,1.0,,8.0,30395.0,676306.0
OlMlEzYN5L,2023-06-15 00:00:00+00:00,2023,8.513787398281405,4983.0,0,8,7,5.0,Thursday,2023,Lynn Family Stadium,Racing Louisville FC,Houston Dash,,188743.0,1,0,,2.0,6.0,26979.0,188743.0
Vj58nJ0mQ8,2023-06-15 00:00:00+00:00,2023,9.015055148790369,8226.0,1,10,11,10.0,Thursday,2023,Children's Mercy Park,Kansas City Current,Chicago Stars FC,18467.0,6028.0,1,1,,2.0,15.0,4307.0,6028.0
N6MmEzDgME,2023-06-17 20:00:00+00:00,2023,10.147021793498071,25515.0,1,2,11,16.0,Saturday,2023,Snapdragon Stadium,San Diego Wave FC,Angel City FC,,402583.0,1,1,0.0,1.0,,9590.0,402583.0
Xj5Y0zalMb,2023-06-17 23:00:00+00:00,2023,8.297543529356284,4014.0,0,4,10,28.0,Saturday,2023,WakeMed Soccer Park,North Carolina Courage,Orlando Pride,,39683.0,1,0,,6.0,,11054.0,39683.0
jYQJ0ybG5G,2023-06-18 00:30:00+00:00,2023,9.003070169818264,8128.0,0,8,1,6.0,Sunday,2023,Shell Energy Stadium,Houston Dash,Seattle Reign FC,22039.0,549316.0,1,1,,,14.0,57833.0,549316.0
Oa5wm6JgQ1,2023-06-18 20:00:00+00:00,2023,8.537583881063972,5103.0,0,7,5,3.0,Sunday,2023,Lynn Family Stadium,Racing Louisville FC,NJ/NY Gotham FC,,188743.0,1,0,,2.0,6.0,26979.0,188743.0
eVq3WlzGqW,2023-06-18 22:00:00+00:00,2023,8.203851372183879,3655.0,0,12,6,7.0,Sunday,2023,SeatGeek Stadium,Chicago Stars FC,Portland Thorns FC,20000.0,,1,1,,,20.0,,
KAqB7o4WQb,2023-06-18 23:00:00+00:00,2023,9.174091239301061,9644.0,1,9,5,3.0,Sunday,2023,Children's Mercy Park,Kansas City Current,Washington Spirit,18467.0,6028.0,1,1,,2.0,15.0,4307.0,6028.0
NWMW0zaN5l,2023-06-24 02:30:00+00:00,2023,9.91610758389223,20254.0,0,3,2,23.0,Saturday,2023,Providence Park,Portland Thorns FC,Washington Spirit,25218.0,694333.0,1,1,,,100.0,92452.0,694333.0
7VqG8P4xQv,2023-06-24 23:00:00+00:00,2023,8.304247465078474,4041.0,0,4,5,7.0,Saturday,2023,WakeMed Soccer Park,North Carolina Courage,Racing Louisville FC,,39683.0,1,0,,6.0,,11054.0,39683.0
0x5gEzDmQ7,2023-06-24 23:00:00+00:00,2023,8.77539495854551,6473.0,0,10,9,13.0,Saturday,2023,Inter&Co Stadium,Orlando Pride,Kansas City Current,25500.0,263292.0,1,1,6.0,7.0,9.0,25319.0,263292.0
0Oq66ezPq6,2023-06-25 02:00:00+00:00,2023,10.029326937375275,22682.0,1,6,3,7.0,Sunday,2023,Snapdragon Stadium,San Diego Wave FC,Seattle Reign FC,,402583.0,1,1,0.0,1.0,,9590.0,402583.0
gpMO0l4y5z,2023-06-25 21:30:00+00:00,2023,8.630700432209832,5601.0,0,7,12,20.0,Sunday,2023,Red Bull Arena,NJ/NY Gotham FC,Chicago Stars FC,25000.0,1051425.0,1,1,1.0,,16.0,64815.0,1051425.0
KXMeEzABM6,2023-06-29 02:30:00+00:00,2023,9.52134826973146,13648.0,0,10,7,3.0,Thursday,2023,BMO Stadium,Angel City FC,San Diego Wave FC,22000.0,1464640.0,1,1,,1.0,8.0,218728.0,1464640.0
odMX0zj0MY,2023-06-29 02:30:00+00:00,2023,9.695971257107617,16252.0,0,2,1,5.0,Thursday,2023,Providence Park,Portland Thorns FC,Seattle Reign FC,25218.0,694333.0,1,1,,,100.0,92452.0,694333.0
vzqoEzlpMa,2023-07-01 19:30:00+00:00,2023,8.921991410536698,7495.0,1,1,6,20.0,Saturday,2023,Lumen Field,Seattle Reign FC,Racing Louisville FC,38500.0,833559.0,0,1,1.0,,24.0,111635.0,833559.0
9z5kEzpaQA,2023-07-02 00:00:00+00:00,2023,8.647870515057853,5698.0,0,12,7,13.0,Sunday,2023,SeatGeek Stadium,Chicago Stars FC,San Diego Wave FC,20000.0,,1,1,,,20.0,,
2lqR0ea4Mr,2023-07-02 00:19:00+00:00,2023,9.093918908958932,8901.0,1,4,11,17.0,Sunday,2023,Audi Field,Washington Spirit,Orlando Pride,20000.0,676306.0,1,1,1.0,,8.0,30395.0,676306.0
wvq9owNaMW,2023-07-02 00:30:00+00:00,2023,8.386400901166214,4387.0,0,2,8,7.0,Sunday,2023,WakeMed Soccer Park,North Carolina Courage,Houston Dash,,39683.0,1,0,,6.0,,11054.0,39683.0
315V0zKXQ9,2023-07-02 02:00:00+00:00,2023,9.786728991925932,17796.0,0,3,9,2.0,Sunday,2023,Providence Park,Portland Thorns FC,Kansas City Current,25218.0,694333.0,1,1,,,100.0,92452.0,694333.0
EGMP08KkMa,2023-07-02 21:30:00+00:00,2023,8.515391569469609,4991.0,0,5,10,7.0,Sunday,2023,Red Bull Arena,NJ/NY Gotham FC,Angel City FC,25000.0,1051425.0,1,1,1.0,,16.0,64815.0,1051425.0
Pk5L0DL75O,2023-07-07 23:00:00+00:00,2023,8.767796255626598,6424.0,0,11,1,13.0,Friday,2023,Inter&Co Stadium,Orlando Pride,Seattle Reign FC,25500.0,263292.0,1,1,6.0,7.0,9.0,25319.0,263292.0
gjMNAryjQK,2023-07-08 00:00:00+00:00,2023,8.536407410340042,5097.0,0,6,8,19.0,Saturday,2023,Lynn Family Stadium,Racing Louisville FC,Kansas City Current,,188743.0,1,0,,2.0,6.0,26979.0,188743.0
raMyEnweMd,2023-07-08 00:30:00+00:00,2023,8.495356496807062,4892.0,0,8,12,20.0,Saturday,2023,Shell Energy Stadium,Houston Dash,Chicago Stars FC,22039.0,549316.0,1,1,,,14.0,57833.0,549316.0
7vQ7OXPeQD,2023-07-09 02:00:00+00:00,2023,9.572341108670264,14362.0,1,7,5,14.0,Sunday,2023,Snapdragon Stadium,San Diego Wave FC,Washington Spirit,,402583.0,1,1,0.0,1.0,,9590.0,402583.0
eV5D19ORqK,2023-07-09 21:15:00+00:00,2023,8.276903481267057,3932.0,0,6,3,6.0,Sunday,2023,Red Bull Arena,NJ/NY Gotham FC,Portland Thorns FC,25000.0,1051425.0,1,1,1.0,,16.0,64815.0,1051425.0
2vQ131nx5r,2023-07-10 00:00:00+00:00,2023,9.791214310053341,17876.0,0,11,2,10.0,Monday,2023,BMO Stadium,Angel City FC,North Carolina Courage,22000.0,1464640.0,1,1,,1.0,8.0,218728.0,1464640.0
9vQ2Br0rQK,2023-07-21 23:00:00+00:00,2023,8.612321536507814,5499.0,0,4,12,13.0,Friday,2023,Lynn Family Stadium,Racing Louisville FC,Chicago Stars FC,,188743.0,1,0,,2.0,6.0,26979.0,188743.0
NPqxEOkjQ9,2023-07-22 02:30:00+00:00,2023,9.704609693426455,16393.0,0,5,7,20.0,Saturday,2023,Providence Park,Portland Thorns FC,San Diego Wave FC,25218.0,694333.0,1,1,,,100.0,92452.0,694333.0
aDQ0wD0WqE,2023-07-22 23:00:00+00:00,2023,8.309676895987726,4063.0,0,2,6,20.0,Saturday,2023,WakeMed Soccer Park,North Carolina Courage,Washington Spirit,,39683.0,1,0,,6.0,,11054.0,39683.0
KPqjYzb456,2023-07-23 00:00:00+00:00,2023,9.306922469822426,11014.0,1,8,8,34.0,Sunday,2023,Children's Mercy Park,Kansas City Current,Houston Dash,18467.0,6028.0,1,1,,2.0,15.0,4307.0,6028.0
9YqdZzE8Mv,2023-07-23 23:00:00+00:00,2023,8.30671904320269,4051.0,0,11,5,16.0,Sunday,2023,Inter&Co Stadium,Orlando Pride,NJ/NY Gotham FC,25500.0,263292.0,1,1,6.0,7.0,9.0,25319.0,263292.0
xW5pEJg9qg,2023-07-28 23:00:00+00:00,2023,8.462103225098277,4732.0,1,6,3,26.0,Friday,2023,Audi Field,Washington Spirit,NJ/NY Gotham FC,20000.0,676306.0,1,1,1.0,,8.0,30395.0,676306.0
kRQa0zYLqK,2023-07-29 02:00:00+00:00,2023,8.92439013236916,7513.0,1,1,7,27.0,Saturday,2023,Lumen Field,Seattle Reign FC,San Diego Wave FC,38500.0,833559.0,0,1,1.0,,24.0,111635.0,833559.0
4JMAynJDMK,2023-07-29 23:00:00+00:00,2023,8.172729104865471,3543.0,0,2,11,7.0,Saturday,2023,WakeMed Soccer Park,North Carolina Courage,Orlando Pride,,39683.0,1,0,,6.0,,11054.0,39683.0
4wM4g80dQj,2023-07-30 00:00:00+00:00,2023,7.99260665240021,2959.0,0,12,7,28.0,Sunday,2023,SeatGeek Stadium,Chicago Stars FC,Kansas City Current,20000.0,,1,1,,,20.0,,
BLMvEGR3Qx,2023-07-30 02:00:00+00:00,2023,9.484481173861296,13154.0,0,10,4,20.0,Sunday,2023,BMO Stadium,Angel City FC,Portland Thorns FC,22000.0,1464640.0,1,1,,1.0,8.0,218728.0,1464640.0
XVqKA7oaM0,2023-08-04 23:00:00+00:00,2023,8.205491613120236,3661.0,0,11,6,12.0,Friday,2023,Inter&Co Stadium,Orlando Pride,Washington Spirit,25500.0,263292.0,1,1,6.0,7.0,9.0,25319.0,263292.0
ljqErkWOQx,2023-08-05 23:30:00+00:00,2023,8.007700012884026,3004.0,0,4,1,27.0,Saturday,2023,Red Bull Arena,NJ/NY Gotham FC,North Carolina Courage,25000.0,1051425.0,1,1,1.0,,16.0,64815.0,1051425.0
N6MmEz30ME,2023-08-05 23:30:00+00:00,2023,9.575538886855792,14408.0,1,8,8,27.0,Saturday,2023,Snapdragon Stadium,San Diego Wave FC,Angel City FC,,402583.0,1,1,0.0,1.0,,9590.0,402583.0
e7MzEoPKQr,2023-08-06 00:00:00+00:00,2023,8.051022208190679,3137.0,0,12,10,7.0,Sunday,2023,SeatGeek Stadium,Chicago Stars FC,Houston Dash,20000.0,,1,1,,,20.0,,
p6qbpzdDM0,2023-08-06 00:00:00+00:00,2023,9.140025198061156,9321.0,1,7,5,14.0,Sunday,2023,Children's Mercy Park,Kansas City Current,Racing Louisville FC,18467.0,6028.0,1,1,,2.0,15.0,4307.0,6028.0
Xj5Y0zrGMb,2023-08-06 22:00:00+00:00,2023,9.397732385583243,12061.0,1,1,5,8.0,Sunday,2023,Lumen Field,Seattle Reign FC,Portland Thorns FC,38500.0,833559.0,0,1,1.0,,24.0,111635.0,833559.0
2vQ131005r,2023-08-09 23:30:00+00:00,2023,7.61972421378267,2038.0,0,3,11,4.0,Wednesday,2023,Red Bull Arena,NJ/NY Gotham FC,Orlando Pride,25000.0,1051425.0,1,1,1.0,,16.0,64815.0,1051425.0
a35rE3peML,2023-08-19 00:00:00+00:00,2023,9.507106063161006,13455.0,1,7,1,13.0,Saturday,2023,Children's Mercy Park,Kansas City Current,Seattle Reign FC,18467.0,6028.0,1,1,,2.0,15.0,4307.0,6028.0
OlMlEzpP5L,2023-08-19 23:30:00+00:00,2023,9.23151460720759,10214.0,0,6,8,29.0,Saturday,2023,Lynn Family Stadium,Racing Louisville FC,Angel City FC,,188743.0,1,0,,2.0,6.0,26979.0,188743.0
9YqdZzpRMv,2023-08-20 00:00:00+00:00,2023,9.396404915048972,12045.0,1,9,3,14.0,Sunday,2023,Snapdragon Stadium,San Diego Wave FC,NJ/NY Gotham FC,,402583.0,1,1,0.0,1.0,,9590.0,402583.0
Vj58nJL2Q8,2023-08-20 00:30:00+00:00,2023,8.480944058741116,4822.0,0,10,4,43.0,Sunday,2023,Shell Energy Stadium,Houston Dash,Washington Spirit,22039.0,549316.0,1,1,,,14.0,57833.0,549316.0
KXMeEzp2M6,2023-08-20 23:00:00+00:00,2023,8.683385366280309,5904.0,0,11,12,16.0,Sunday,2023,Inter&Co Stadium,Orlando Pride,Chicago Stars FC,25500.0,263292.0,1,1,6.0,7.0,9.0,25319.0,263292.0
odMX0zKAMY,2023-08-21 02:30:00+00:00,2023,10.003649579435109,22107.0,0,5,2,30.0,Monday,2023,Providence Park,Portland Thorns FC,North Carolina Courage,25218.0,694333.0,1,1,,,100.0,92452.0,694333.0
9vQ2Bro7QK,2023-08-25 23:00:00+00:00,2023,8.224163512637862,3730.0,0,11,8,5.0,Friday,2023,Inter&Co Stadium,Orlando Pride,San Diego Wave FC,25500.0,263292.0,1,1,6.0,7.0,9.0,25319.0,263292.0
NPqxEOJ8Q9,2023-08-27 00:30:00+00:00,2023,8.419800845407588,4536.0,0,10,7,7.0,Sunday,2023,Shell Energy Stadium,Houston Dash,Kansas City Current,22039.0,549316.0,1,1,,,14.0,57833.0,549316.0
KPqjYzp856,2023-08-27 21:00:00+00:00,2023,9.476390144300849,13048.0,1,5,4,29.0,Sunday,2023,Audi Field,Washington Spirit,Portland Thorns FC,20000.0,676306.0,1,1,1.0,,8.0,30395.0,676306.0
xW5pEJKKqg,2023-08-27 21:30:00+00:00,2023,8.350193650720067,4231.0,0,3,6,17.0,Sunday,2023,Red Bull Arena,NJ/NY Gotham FC,Racing Louisville FC,25000.0,1051425.0,1,1,1.0,,16.0,64815.0,1051425.0
4JMAyngYMK,2023-09-02 00:00:00+00:00,2023,9.378140332251117,11827.0,1,7,9,14.0,Saturday,2023,Children's Mercy Park,Kansas City Current,Angel City FC,18467.0,6028.0,1,1,,2.0,15.0,4307.0,6028.0
4wM4g89AQj,2023-09-02 23:30:00+00:00,2023,8.762333040602343,6389.0,0,1,3,35.0,Saturday,2023,WakeMed Soccer Park,North Carolina Courage,NJ/NY Gotham FC,,39683.0,1,0,,6.0,,11054.0,39683.0
zeQZ0zKg5K,2023-09-02 23:30:00+00:00,2023,8.661812881026181,5778.0,0,6,4,14.0,Saturday,2023,Lynn Family Stadium,Racing Louisville FC,Portland Thorns FC,,188743.0,1,0,,2.0,6.0,26979.0,188743.0
BLMvEGpXQx,2023-09-03 21:00:00+00:00,2023,9.213834261230438,10035.0,1,6,12,7.0,Sunday,2023,Audi Field,Washington Spirit,Chicago Stars FC,20000.0,676306.0,1,1,1.0,,8.0,30395.0,676306.0
XVqKA7PBM0,2023-09-03 22:00:00+00:00,2023,9.220884585851854,10106.0,1,2,11,28.0,Sunday,2023,Lumen Field,Seattle Reign FC,Orlando Pride,38500.0,833559.0,0,1,1.0,,24.0,111635.0,833559.0
p6qbpzKpM0,2023-09-04 00:00:00+00:00,2023,10.124067821447174,24936.0,1,9,10,15.0,Monday,2023,Snapdragon Stadium,San Diego Wave FC,Houston Dash,,402583.0,1,1,0.0,1.0,,9590.0,402583.0
2vQ11XaxQr,2023-09-07 00:00:00+00:00,2023,8.431635303054591,4590.0,1,8,2,5.0,Thursday,2023,Children's Mercy Park,Kansas City Current,North Carolina Courage,18467.0,6028.0,1,1,,2.0,15.0,4307.0,6028.0
eV5D9wmRqK,2023-09-07 02:00:00+00:00,2023,8.270269111436624,3906.0,1,2,4,3.0,Thursday,2023,Lumen Field,Seattle Reign FC,Racing Louisville FC,38500.0,833559.0,0,1,1.0,,24.0,111635.0,833559.0
ljqErkYkQx,2023-09-15 23:30:00+00:00,2023,8.617219505483362,5526.0,0,3,10,13.0,Friday,2023,Lynn Family Stadium,Racing Louisville FC,Houston Dash,,188743.0,1,0,,2.0,6.0,26979.0,188743.0
e7MzEo3jQr,2023-09-16 23:30:00+00:00,2023,8.732627099660395,6202.0,0,4,6,20.0,Saturday,2023,Red Bull Arena,NJ/NY Gotham FC,Washington Spirit,25000.0,1051425.0,1,1,1.0,,16.0,64815.0,1051425.0
N6MmEzpgME,2023-09-17 02:00:00+00:00,2023,9.669788487282402,15832.0,1,7,8,13.0,Sunday,2023,Snapdragon Stadium,San Diego Wave FC,Kansas City Current,,402583.0,1,1,0.0,1.0,,9590.0,402583.0
Xj5Y0zKlMb,2023-09-17 02:30:00+00:00,2023,10.135313304233172,25218.0,0,5,2,27.0,Sunday,2023,Providence Park,Portland Thorns FC,Seattle Reign FC,25218.0,694333.0,1,1,,,100.0,92452.0,694333.0
jYQJ0yVG5G,2023-09-17 22:00:00+00:00,2023,9.10063710688422,8961.0,0,11,9,42.0,Sunday,2023,SeatGeek Stadium,Chicago Stars FC,Angel City FC,20000.0,,1,1,,,20.0,,
Oa5wm6pgQ1,2023-09-17 23:00:00+00:00,2023,8.683893367307235,5907.0,0,12,1,23.0,Sunday,2023,Inter&Co Stadium,Orlando Pride,North Carolina Courage,25500.0,263292.0,1,1,6.0,7.0,9.0,25319.0,263292.0
KAqB7oGWQb,2023-09-30 23:00:00+00:00,2023,9.359363643368622,11607.0,1,6,6,27.0,Saturday,2023,Audi Field,Washington Spirit,Kansas City Current,20000.0,676306.0,1,1,1.0,,8.0,30395.0,676306.0
NWMW0zKN5l,2023-10-01 00:00:00+00:00,2023,8.319717386850606,4104.0,0,12,4,13.0,Sunday,2023,SeatGeek Stadium,Chicago Stars FC,Racing Louisville FC,20000.0,,1,1,,,20.0,,
0x5gEzpmQ7,2023-10-01 02:30:00+00:00,2023,9.900834035070565,19947.0,0,4,8,14.0,Sunday,2023,Providence Park,Portland Thorns FC,San Diego Wave FC,25218.0,694333.0,1,1,,,100.0,92452.0,694333.0
0Oq66eVPq6,2023-10-02 00:00:00+00:00,2023,9.244258590179644,10345.0,1,2,1,24.0,Monday,2023,Lumen Field,Seattle Reign FC,North Carolina Courage,38500.0,833559.0,0,1,1.0,,24.0,111635.0,833559.0
eVq3WlRGqW,2023-10-03 02:00:00+00:00,2023,9.803777708387116,18102.0,0,9,12,36.0,Tuesday,2023,BMO Stadium,Angel City FC,Orlando Pride,22000.0,1464640.0,1,1,,1.0,8.0,218728.0,1464640.0
gpMO0l7y5z,2023-10-06 23:30:00+00:00,2023,8.772610303280743,6455.0,0,4,11,21.0,Friday,2023,Lynn Family Stadium,Racing Louisville FC,Orlando Pride,,188743.0,1,0,,2.0,6.0,26979.0,188743.0
gOMnEzbeQw,2023-10-07 00:00:00+00:00,2023,10.437932041900753,34130.0,1,2,6,5.0,Saturday,2023,Lumen Field,Seattle Reign FC,Washington Spirit,38500.0,833559.0,0,1,1.0,,24.0,111635.0,833559.0
vzqoEzApMa,2023-10-07 21:00:00+00:00,2023,9.88323382350886,19599.0,0,5,4,6.0,Saturday,2023,Providence Park,Portland Thorns FC,NJ/NY Gotham FC,25218.0,694333.0,1,1,,,100.0,92452.0,694333.0
2lqR0eK4Mr,2023-10-07 23:00:00+00:00,2023,9.252824983582338,10434.0,0,1,7,34.0,Saturday,2023,WakeMed Soccer Park,North Carolina Courage,San Diego Wave FC,,39683.0,1,0,,6.0,,11054.0,39683.0
jYQJ0ynD5G,2023-10-08 00:00:00+00:00,2023,9.659567149523216,15671.0,1,8,12,31.0,Sunday,2023,Children's Mercy Park,Kansas City Current,Chicago Stars FC,18467.0,6028.0,1,1,,2.0,15.0,4307.0,6028.0
Oa5wm69YQ1,2023-10-08 23:00:00+00:00,2023,9.12423767292277,9175.0,0,10,9,42.0,Sunday,2023,Shell Energy Stadium,Houston Dash,Angel City FC,22039.0,549316.0,1,1,,,14.0,57833.0,549316.0
KAqB7owVQb,2023-10-15 21:00:00+00:00,2023,9.105535257610056,9005.0,0,5,7,28.0,Sunday,2023,Red Bull Arena,NJ/NY Gotham FC,Kansas City Current,25000.0,1051425.0,1,1,1.0,,16.0,64815.0,1051425.0
0Oq66e02q6,2023-10-15 21:00:00+00:00,2023,10.319298952698437,30312.0,1,9,3,28.0,Sunday,2023,Snapdragon Stadium,San Diego Wave FC,Racing Louisville FC,,402583.0,1,1,0.0,1.0,,9590.0,402583.0
0x5gEzZLQ7,2023-10-15 21:00:00+00:00,2023,8.987696695703624,8004.0,0,12,2,14.0,Sunday,2023,SeatGeek Stadium,Chicago Stars FC,Seattle Reign FC,20000.0,,1,1,,,20.0,,
NWMW0zrL5l,2023-10-15 21:00:00+00:00,2023,9.048291920021784,8504.0,0,11,10,27.0,Sunday,2023,Inter&Co Stadium,Orlando Pride,Houston Dash,25500.0,263292.0,1,1,6.0,7.0,9.0,25319.0,263292.0
eVq3WlEjqW,2023-10-15 21:00:00+00:00,2023,9.647239545573877,15479.0,1,6,1,14.0,Sunday,2023,Audi Field,Washington Spirit,North Carolina Courage,20000.0,676306.0,1,1,1.0,,8.0,30395.0,676306.0
Xj5YzJ2yqb,2023-10-21 02:00:00+00:00,2023,9.405249044275608,12152.0,1,2,7,14.0,Saturday,2023,Lumen Field,Seattle Reign FC,Angel City FC,38500.0,833559.0,0,1,1.0,,24.0,111635.0,833559.0
jYQJyRkZqG,2023-10-22 23:00:00+00:00,2023,8.436416881388949,4612.0,0,1,3,15.0,Sunday,2023,WakeMed Soccer Park,North Carolina Courage,NJ/NY Gotham FC,,39683.0,1,0,,6.0,,11054.0,39683.0
eVq3l40XQW,2023-11-06 00:00:00+00:00,2023,10.135313304233172,25218.0,0,4,3,29.0,Monday,2023,Providence Park,Portland Thorns FC,NJ/NY Gotham FC,25218.0,694333.0,1,1,,,100.0,92452.0,694333.0
Oa5w6WyDM1,2023-11-06 02:30:00+00:00,2023,10.381645346037732,32262.0,1,6,2,21.0,Monday,2023,Snapdragon Stadium,San Diego Wave FC,Seattle Reign FC,,402583.0,1,1,0.0,1.0,,9590.0,402583.0
NPqxOw9X59,2024-03-16 00:00:00+00:00,2024,9.563880407219427,14241.0,0,1,1,152.0,Saturday,2024,Red Bull Arena,NJ/NY Gotham FC,San Diego Wave FC,25000.0,1051425.0,1,1,2.0,,16.0,64815.0,1051425.0
xW5pJg9lQg,2024-03-16 20:00:00+00:00,2024,8.719807451477955,6123.0,0,3,3,161.0,Saturday,2024,Lynn Family Stadium,Racing Louisville FC,Orlando Pride,,188743.0,1,0,,3.0,6.0,26979.0,188743.0
kRQazYxgMK,2024-03-16 23:00:00+00:00,2024,8.678971846978863,5878.0,0,5,5,146.0,Saturday,2024,WakeMed Soccer Park,North Carolina Courage,Houston Dash,,39683.0,1,0,,7.0,,11054.0,39683.0
4JMAnJx65K,2024-03-16 23:30:00+00:00,2024,9.921818509220852,20370.0,0,6,6,1616.0,Saturday,2024,America First Field,Utah Royals FC,Chicago Stars FC,20213.0,316627.0,1,1,,6.0,18.0,12748.0,316627.0
zeQZzlrKQK,2024-03-17 22:00:00+00:00,2024,9.054504940418054,8557.0,1,7,7,148.0,Sunday,2024,Lumen Field,Seattle Reign FC,Washington Spirit,38500.0,833559.0,0,1,2.0,,24.0,111635.0,833559.0
BLMvGRyR5x,2024-03-23 00:00:00+00:00,2024,8.749256840105007,6306.0,0,7,9,159.0,Saturday,2024,Inter&Co Stadium,Orlando Pride,Angel City FC,25500.0,263292.0,1,1,7.0,8.0,9.0,25319.0,263292.0
XVqK7o6Rq0,2024-03-23 01:30:00+00:00,2024,9.007121989469242,8161.0,0,10,1,6.0,Saturday,2024,America First Field,Utah Royals FC,North Carolina Courage,20213.0,316627.0,1,1,,6.0,18.0,12748.0,316627.0
p6qbzd06q0,2024-03-23 20:00:00+00:00,2024,8.611411866655219,5494.0,0,1,1,159.0,Saturday,2024,SeatGeek Stadium,Chicago Stars FC,Seattle Reign FC,20000.0,,1,1,,,20.0,,
ljqEkWwEMx,2024-03-23 23:30:00+00:00,2024,9.370245889485805,11734.0,1,11,2,160.0,Saturday,2024,Audi Field,Washington Spirit,Bay FC,20000.0,676306.0,1,1,2.0,,8.0,30395.0,676306.0
e7MzoPrX5r,2024-03-24 00:30:00+00:00,2024,9.0595174822416,8600.0,0,12,10,167.0,Sunday,2024,Shell Energy Stadium,Houston Dash,Racing Louisville FC,22039.0,549316.0,1,1,,,14.0,57833.0,549316.0
N6Mmz3nR5E,2024-03-24 02:00:00+00:00,2024,10.375551557748782,32066.0,1,2,2,138.0,Sunday,2024,Snapdragon Stadium,San Diego Wave FC,Kansas City Current,,402583.0,1,1,1.0,2.0,,9590.0,402583.0
Xj5Yzr10qb,2024-03-24 23:00:00+00:00,2024,9.896311868787032,19857.0,0,13,13,139.0,Sunday,2024,Providence Park,Portland Thorns FC,NJ/NY Gotham FC,25218.0,694333.0,1,1,,,100.0,92452.0,694333.0
jYQJynGyqG,2024-03-29 23:00:00+00:00,2024,8.628018746505122,5586.0,0,10,1,6.0,Friday,2024,Inter&Co Stadium,Orlando Pride,Chicago Stars FC,25500.0,263292.0,1,1,7.0,8.0,9.0,25319.0,263292.0
Oa5w697jM1,2024-03-30 02:00:00+00:00,2024,9.725914702764378,16746.0,1,3,3,6.0,Saturday,2024,Snapdragon Stadium,San Diego Wave FC,Seattle Reign FC,,402583.0,1,1,1.0,2.0,,9590.0,402583.0
KAqBow0JQb,2024-03-30 23:00:00+00:00,2024,8.571870752706934,5281.0,0,4,4,14.0,Saturday,2024,WakeMed Soccer Park,North Carolina Courage,NJ/NY Gotham FC,,39683.0,1,0,,7.0,,11054.0,39683.0
NWMWzr77Ql,2024-03-30 23:30:00+00:00,2024,9.722445177240553,16688.0,0,14,11,6.0,Saturday,2024,Providence Park,Portland Thorns FC,Racing Louisville FC,25218.0,694333.0,1,1,,,100.0,92452.0,694333.0
0x5gzZBrM7,2024-03-31 02:00:00+00:00,2024,9.798127036878302,18000.0,0,5,12,,Sunday,2024,PayPal Park,Bay FC,Houston Dash,18000.0,471028.0,1,1,,0.0,11.0,15341.0,471028.0
7VqGPGBeQv,2024-03-31 17:00:00+00:00,2024,9.009691898489343,8182.0,1,6,6,7.0,Sunday,2024,Audi Field,Washington Spirit,Utah Royals FC,20000.0,676306.0,1,1,2.0,,8.0,30395.0,676306.0
0Oq6e0yX56,2024-04-13 00:00:00+00:00,2024,8.957639268419648,7767.0,0,6,3,19.0,Saturday,2024,Shell Energy Stadium,Houston Dash,Washington Spirit,22039.0,549316.0,1,1,,,14.0,57833.0,549316.0
gpMOlVRn5z,2024-04-13 01:30:00+00:00,2024,9.056956065076825,8578.0,0,7,7,21.0,Saturday,2024,America First Field,Utah Royals FC,Orlando Pride,20213.0,316627.0,1,1,,6.0,18.0,12748.0,316627.0
vzqozWRj5a,2024-04-13 23:00:00+00:00,2024,8.650149418664864,5711.0,0,4,13,14.0,Saturday,2024,WakeMed Soccer Park,North Carolina Courage,Portland Thorns FC,,39683.0,1,0,,7.0,,11054.0,39683.0
gOMnzBomMw,2024-04-13 23:30:00+00:00,2024,8.827321452697849,6818.0,0,8,5,28.0,Saturday,2024,Lynn Family Stadium,Racing Louisville FC,San Diego Wave FC,,188743.0,1,0,,3.0,6.0,26979.0,188743.0
2lqReNVW5r,2024-04-14 01:30:00+00:00,2024,8.060855752934316,3168.0,0,4,13,21.0,Sunday,2024,SeatGeek Stadium,Chicago Stars FC,Angel City FC,20000.0,,1,1,,,20.0,,
wvq9w41ZMW,2024-04-14 22:00:00+00:00,2024,9.056373008678756,8573.0,0,10,1,29.0,Sunday,2024,Red Bull Arena,NJ/NY Gotham FC,Kansas City Current,25000.0,1051425.0,1,1,2.0,,16.0,64815.0,1051425.0
9z5kzJ6lMA,2024-04-15 00:00:00+00:00,2024,9.724301076237646,16719.0,0,11,11,14.0,Monday,2024,PayPal Park,Bay FC,Seattle Reign FC,18000.0,471028.0,1,1,,0.0,11.0,15341.0,471028.0
315Vzry659,2024-04-20 00:00:00+00:00,2024,8.94910546953925,7701.0,0,6,4,21.0,Saturday,2024,Inter&Co Stadium,Orlando Pride,San Diego Wave FC,25500.0,263292.0,1,1,7.0,8.0,9.0,25319.0,263292.0
EGMP8P9jMa,2024-04-20 17:00:00+00:00,2024,9.616072111201778,15004.0,1,2,8,20.0,Saturday,2024,Audi Field,Washington Spirit,NJ/NY Gotham FC,20000.0,676306.0,1,1,2.0,,8.0,30395.0,676306.0
Pk5LDR2m5O,2024-04-20 21:00:00+00:00,2024,9.338293736286644,11365.0,0,8,12,6.0,Saturday,2024,Lynn Family Stadium,Racing Louisville FC,Utah Royals FC,,188743.0,1,0,,3.0,6.0,26979.0,188743.0
raMynV6A5d,2024-04-21 02:00:00+00:00,2024,9.774517171239168,17580.0,0,14,9,21.0,Sunday,2024,Providence Park,Portland Thorns FC,Houston Dash,25218.0,694333.0,1,1,,,100.0,92452.0,694333.0
7vQ7X06YMD,2024-04-21 22:00:00+00:00,2024,9.172223049863055,9626.0,1,13,5,35.0,Sunday,2024,Lumen Field,Seattle Reign FC,Chicago Stars FC,38500.0,833559.0,0,1,2.0,,24.0,111635.0,833559.0
2vQ110w4Qr,2024-04-26 23:30:00+00:00,2024,9.361859019615093,11636.0,1,2,4,6.0,Friday,2024,Audi Field,Washington Spirit,Orlando Pride,20000.0,676306.0,1,1,2.0,,8.0,30395.0,676306.0
a35r36JBqL,2024-04-27 02:00:00+00:00,2024,9.861519067713626,19178.0,0,6,1,5.0,Saturday,2024,BMO Stadium,Angel City FC,Kansas City Current,22000.0,1464640.0,1,1,,2.0,8.0,218728.0,1464640.0
OlMlzYXgqL,2024-04-27 23:00:00+00:00,2024,9.003931019653137,8135.0,0,5,13,14.0,Saturday,2024,WakeMed Soccer Park,North Carolina Courage,Seattle Reign FC,,39683.0,1,0,,7.0,,11054.0,39683.0
Vj58J0O3Q8,2024-04-27 23:30:00+00:00,2024,9.244645175668174,10349.0,0,13,10,14.0,Saturday,2024,America First Field,Utah Royals FC,Houston Dash,20213.0,316627.0,1,1,,6.0,18.0,12748.0,316627.0
9YqdzE79Mv,2024-04-27 23:30:00+00:00,2024,8.421562960400987,4544.0,0,5,11,13.0,Saturday,2024,SeatGeek Stadium,Chicago Stars FC,Portland Thorns FC,20000.0,,1,1,,,20.0,,
KXMezADx56,2024-04-28 02:00:00+00:00,2024,9.753013439181293,17206.0,1,6,10,29.0,Sunday,2024,Snapdragon Stadium,San Diego Wave FC,Bay FC,,402583.0,1,1,1.0,2.0,,9590.0,402583.0
odMXzj62qY,2024-04-28 21:00:00+00:00,2024,8.70201162840878,6015.0,0,12,7,13.0,Sunday,2024,Red Bull Arena,NJ/NY Gotham FC,Racing Louisville FC,25000.0,1051425.0,1,1,2.0,,16.0,64815.0,1051425.0
9vQ2r031QK,2024-05-01 23:00:00+00:00,2024,8.455743229100015,4702.0,0,2,2,11.0,Wednesday,2024,Inter&Co Stadium,Orlando Pride,North Carolina Courage,25500.0,263292.0,1,1,7.0,8.0,9.0,25319.0,263292.0
NPqxOkGg59,2024-05-02 00:00:00+00:00,2024,8.00603417874901,2999.0,0,5,3,4.0,Thursday,2024,SeatGeek Stadium,Chicago Stars FC,Washington Spirit,20000.0,,1,1,,,20.0,,
aDQ0D0JpQE,2024-05-02 02:00:00+00:00,2024,9.269646477873591,10611.0,0,10,8,17.0,Thursday,2024,PayPal Park,Bay FC,Portland Thorns FC,18000.0,471028.0,1,1,,0.0,11.0,15341.0,471028.0
KPqjzbdyq6,2024-05-04 01:30:00+00:00,2024,9.280892027927127,10731.0,0,13,9,6.0,Saturday,2024,America First Field,Utah Royals FC,Angel City FC,20213.0,316627.0,1,1,,6.0,18.0,12748.0,316627.0
xW5pJgjlQg,2024-05-04 02:00:00+00:00,2024,8.857941984804711,7030.0,1,14,5,12.0,Saturday,2024,Lumen Field,Seattle Reign FC,San Diego Wave FC,38500.0,833559.0,0,1,2.0,,24.0,111635.0,833559.0
kRQazYLgMK,2024-05-04 23:30:00+00:00,2024,8.729720590267258,6184.0,0,12,4,6.0,Saturday,2024,Red Bull Arena,NJ/NY Gotham FC,North Carolina Courage,25000.0,1051425.0,1,1,2.0,,16.0,64815.0,1051425.0
4JMAnJN65K,2024-05-05 02:00:00+00:00,2024,9.74326011321524,17039.0,0,5,2,14.0,Sunday,2024,Providence Park,Portland Thorns FC,Washington Spirit,25218.0,694333.0,1,1,,,100.0,92452.0,694333.0
4wM480WzMj,2024-05-05 17:00:00+00:00,2024,8.536799721055155,5099.0,0,13,1,22.0,Sunday,2024,Shell Energy Stadium,Houston Dash,Kansas City Current,22039.0,549316.0,1,1,,,14.0,57833.0,549316.0
zeQZzlnKQK,2024-05-05 22:00:00+00:00,2024,8.830104317913793,6837.0,0,2,9,3.0,Sunday,2024,Inter&Co Stadium,Orlando Pride,Racing Louisville FC,25500.0,263292.0,1,1,7.0,8.0,9.0,25319.0,263292.0
BLMvGRWR5x,2024-05-06 00:00:00+00:00,2024,9.569202921360327,14317.0,0,11,6,3.0,Monday,2024,PayPal Park,Bay FC,Chicago Stars FC,18000.0,471028.0,1,1,,0.0,11.0,15341.0,471028.0
XVqK7oXRq0,2024-05-09 00:00:00+00:00,2024,8.39795910349254,4438.0,0,11,9,3.0,Thursday,2024,Shell Energy Stadium,Houston Dash,NJ/NY Gotham FC,22039.0,549316.0,1,1,,,14.0,57833.0,549316.0
p6qbzdN6q0,2024-05-09 02:00:00+00:00,2024,9.23883064237581,10289.0,1,8,14,11.0,Thursday,2024,Snapdragon Stadium,San Diego Wave FC,Utah Royals FC,,402583.0,1,1,1.0,2.0,,9590.0,402583.0
ljqEkW1EMx,2024-05-09 02:00:00+00:00,2024,8.533656917446903,5083.0,1,11,2,5.0,Thursday,2024,Lumen Field,Seattle Reign FC,Kansas City Current,38500.0,833559.0,0,1,2.0,,24.0,111635.0,833559.0
e7MzoPOX5r,2024-05-11 00:00:00+00:00,2024,8.735846677457582,6222.0,0,10,3,20.0,Saturday,2024,Lynn Family Stadium,Racing Louisville FC,Washington Spirit,,188743.0,1,0,,3.0,6.0,26979.0,188743.0
N6Mmz32R5E,2024-05-11 23:30:00+00:00,2024,8.949884285777994,7707.0,0,1,12,6.0,Saturday,2024,Inter&Co Stadium,Orlando Pride,Bay FC,25500.0,263292.0,1,1,7.0,8.0,9.0,25319.0,263292.0
Xj5YzrO0qb,2024-05-12 02:00:00+00:00,2024,9.914872497402692,20229.0,0,4,11,7.0,Sunday,2024,Providence Park,Portland Thorns FC,Seattle Reign FC,25218.0,694333.0,1,1,,,100.0,92452.0,694333.0
jYQJyneyqG,2024-05-12 21:30:00+00:00,2024,8.04044688130311,3104.0,0,5,14,10.0,Sunday,2024,SeatGeek Stadium,Chicago Stars FC,Utah Royals FC,20000.0,,1,1,,,20.0,,
eVq3lEB6QW,2024-05-12 23:30:00+00:00,2024,9.8001804826702,18037.0,0,9,12,15.0,Sunday,2024,BMO Stadium,Angel City FC,Houston Dash,22000.0,1464640.0,1,1,,2.0,8.0,218728.0,1464640.0
KAqBowyJQb,2024-05-12 23:30:00+00:00,2024,9.681842877345654,16024.0,1,6,8,3.0,Sunday,2024,Snapdragon Stadium,San Diego Wave FC,NJ/NY Gotham FC,,402583.0,1,1,1.0,2.0,,9590.0,402583.0
0x5gzZrrM7,2024-05-18 00:00:00+00:00,2024,8.41803561988302,4528.0,0,7,14,20.0,Saturday,2024,WakeMed Soccer Park,North Carolina Courage,Utah Royals FC,,39683.0,1,0,,7.0,,11054.0,39683.0
7VqGPGleQv,2024-05-18 02:30:00+00:00,2024,9.736842475127181,16930.0,0,13,7,12.0,Saturday,2024,PayPal Park,Bay FC,San Diego Wave FC,18000.0,471028.0,1,1,,0.0,11.0,15341.0,471028.0
NWMWzrG7Ql,2024-05-18 02:38:00+00:00,2024,8.65277248565806,5726.0,0,10,4,9.0,Saturday,2024,Shell Energy Stadium,Houston Dash,Portland Thorns FC,22039.0,549316.0,1,1,,,14.0,57833.0,549316.0
0Oq6e0GX56,2024-05-18 23:30:00+00:00,2024,9.498672233269462,13342.0,1,4,9,22.0,Saturday,2024,Audi Field,Washington Spirit,Angel City FC,20000.0,676306.0,1,1,2.0,,8.0,30395.0,676306.0
gOMnzBxmMw,2024-05-19 21:00:00+00:00,2024,9.104535313079205,8996.0,0,8,5,14.0,Sunday,2024,Red Bull Arena,NJ/NY Gotham FC,Chicago Stars FC,25000.0,1051425.0,1,1,2.0,,16.0,64815.0,1051425.0
vzqozW0j5a,2024-05-19 22:00:00+00:00,2024,8.821879862683842,6781.0,1,13,2,10.0,Sunday,2024,Lumen Field,Seattle Reign FC,Orlando Pride,38500.0,833559.0,0,1,2.0,,24.0,111635.0,833559.0
jYQJynekqG,2024-05-24 23:00:00+00:00,2024,9.129780864117766,9226.0,0,1,4,12.0,Friday,2024,Inter&Co Stadium,Orlando Pride,Portland Thorns FC,25500.0,263292.0,1,1,7.0,8.0,9.0,25319.0,263292.0
Oa5w69g4M1,2024-05-24 23:30:00+00:00,2024,9.35452729228868,11551.0,1,3,13,6.0,Friday,2024,Audi Field,Washington Spirit,Seattle Reign FC,20000.0,676306.0,1,1,2.0,,8.0,30395.0,676306.0
eVq3lEBVQW,2024-05-25 00:00:00+00:00,2024,8.462103225098277,4732.0,0,10,6,6.0,Saturday,2024,Shell Energy Stadium,Houston Dash,North Carolina Courage,22039.0,549316.0,1,1,,,14.0,57833.0,549316.0
KAqBowyBQb,2024-05-25 02:00:00+00:00,2024,9.444858981311897,12643.0,0,11,6,6.0,Saturday,2024,PayPal Park,Bay FC,NJ/NY Gotham FC,18000.0,471028.0,1,1,,0.0,11.0,15341.0,471028.0
NWMWzrvEQl,2024-05-25 23:30:00+00:00,2024,8.261526448396468,3872.0,0,6,11,13.0,Saturday,2024,SeatGeek Stadium,Chicago Stars FC,Racing Louisville FC,20000.0,,1,1,,,20.0,,
0x5gzZvPM7,2024-05-26 02:40:00+00:00,2024,8.921457578947884,7491.0,0,14,3,22.0,Sunday,2024,America First Field,Utah Royals FC,Kansas City Current,20213.0,316627.0,1,1,,6.0,18.0,12748.0,316627.0
0Oq6e0nx56,2024-06-08 00:00:00+00:00,2024,8.709630081951286,6061.0,0,9,9,28.0,Saturday,2024,Lynn Family Stadium,Racing Louisville FC,Houston Dash,,188743.0,1,0,,3.0,6.0,26979.0,188743.0
7VqGPGejQv,2024-06-08 02:00:00+00:00,2024,9.745253547271233,17073.0,1,7,1,26.0,Saturday,2024,Snapdragon Stadium,San Diego Wave FC,Orlando Pride,,402583.0,1,1,1.0,2.0,,9590.0,402583.0
gpMOlVKr5z,2024-06-08 16:30:00+00:00,2024,9.364090971782101,11662.0,0,5,11,19.0,Saturday,2024,Red Bull Arena,NJ/NY Gotham FC,Angel City FC,25000.0,1051425.0,1,1,2.0,,16.0,64815.0,1051425.0
gOMnzBvlMw,2024-06-08 23:30:00+00:00,2024,9.04617302576227,8486.0,0,14,3,13.0,Saturday,2024,America First Field,Utah Royals FC,Washington Spirit,20213.0,316627.0,1,1,,6.0,18.0,12748.0,316627.0
vzqozWvJ5a,2024-06-09 02:00:00+00:00,2024,9.953467484841148,21025.0,0,5,8,28.0,Sunday,2024,Providence Park,Portland Thorns FC,North Carolina Courage,25218.0,694333.0,1,1,,,100.0,92452.0,694333.0
315Vzrvn59,2024-06-15 16:00:00+00:00,2024,8.765926513729443,6412.0,0,8,5,7.0,Saturday,2024,Lynn Family Stadium,Racing Louisville FC,NJ/NY Gotham FC,,188743.0,1,0,,3.0,6.0,26979.0,188743.0
EGMP8Pz6Ma,2024-06-15 23:30:00+00:00,2024,9.898324245579248,19897.0,1,3,7,22.0,Saturday,2024,Audi Field,Washington Spirit,San Diego Wave FC,20000.0,676306.0,1,1,2.0,,8.0,30395.0,676306.0
Pk5LDRjY5O,2024-06-15 23:54:00+00:00,2024,8.471358655072438,4776.0,0,8,2,28.0,Saturday,2024,WakeMed Soccer Park,North Carolina Courage,Orlando Pride,,39683.0,1,0,,7.0,,11054.0,39683.0
gjMNrkaDMK,2024-06-16 01:30:00+00:00,2024,8.72371943690701,6147.0,0,10,11,22.0,Sunday,2024,Shell Energy Stadium,Houston Dash,Angel City FC,22039.0,549316.0,1,1,,,14.0,57833.0,549316.0
raMynVOd5d,2024-06-16 20:00:00+00:00,2024,9.110741006753427,9052.0,1,13,5,27.0,Sunday,2024,Lumen Field,Seattle Reign FC,Portland Thorns FC,38500.0,833559.0,0,1,2.0,,24.0,111635.0,833559.0
7vQ7X0oGMD,2024-06-17 02:00:00+00:00,2024,9.246382963323112,10367.0,0,12,14,23.0,Monday,2024,PayPal Park,Bay FC,Utah Royals FC,18000.0,471028.0,1,1,,0.0,11.0,15341.0,471028.0
eV5D9BlnqK,2024-06-19 23:00:00+00:00,2024,9.279679850054796,10718.0,0,4,6,11.0,Wednesday,2024,Red Bull Arena,NJ/NY Gotham FC,San Diego Wave FC,25000.0,1051425.0,1,1,2.0,,16.0,64815.0,1051425.0
2vQ110WOQr,2024-06-20 02:00:00+00:00,2024,9.725257613645427,16735.0,0,11,9,38.0,Thursday,2024,BMO Stadium,Angel City FC,Racing Louisville FC,22000.0,1464640.0,1,1,,2.0,8.0,218728.0,1464640.0
a35r36w2qL,2024-06-22 00:00:00+00:00,2024,9.175334762777368,9656.0,0,1,14,28.0,Saturday,2024,Inter&Co Stadium,Orlando Pride,Utah Royals FC,25500.0,263292.0,1,1,7.0,8.0,9.0,25319.0,263292.0
OlMlzYvDqL,2024-06-22 23:30:00+00:00,2024,8.77539495854551,6473.0,0,11,6,6.0,Saturday,2024,Shell Energy Stadium,Houston Dash,San Diego Wave FC,22039.0,549316.0,1,1,,,14.0,57833.0,549316.0
Vj58J0RLQ8,2024-06-23 02:00:00+00:00,2024,9.657587014099303,15640.0,0,12,9,6.0,Sunday,2024,PayPal Park,Bay FC,Angel City FC,18000.0,471028.0,1,1,,0.0,11.0,15341.0,471028.0
KXMezAvP56,2024-06-23 20:00:00+00:00,2024,9.90468683311161,20024.0,0,5,2,14.0,Sunday,2024,Providence Park,Portland Thorns FC,Kansas City Current,25218.0,694333.0,1,1,,,100.0,92452.0,694333.0
9vQ2r0gmQK,2024-06-23 22:00:00+00:00,2024,8.567125560164447,5256.0,0,8,7,7.0,Sunday,2024,WakeMed Soccer Park,North Carolina Courage,Chicago Stars FC,,39683.0,1,0,,7.0,,11054.0,39683.0
odMXzjvxqY,2024-06-23 22:00:00+00:00,2024,9.279399907907678,10715.0,1,13,9,7.0,Sunday,2024,Lumen Field,Seattle Reign FC,Racing Louisville FC,38500.0,833559.0,0,1,2.0,,24.0,111635.0,833559.0
9YqdzEvEMv,2024-06-23 22:00:00+00:00,2024,9.035510680940524,8396.0,0,4,3,3.0,Sunday,2024,Red Bull Arena,NJ/NY Gotham FC,Washington Spirit,25000.0,1051425.0,1,1,2.0,,16.0,64815.0,1051425.0
aDQ0D0B3QE,2024-06-29 02:00:00+00:00,2024,10.090589332503072,24115.0,1,7,8,21.0,Saturday,2024,Snapdragon Stadium,San Diego Wave FC,Chicago Stars FC,,402583.0,1,1,1.0,2.0,,9590.0,402583.0
KPqjzbvYq6,2024-06-29 20:00:00+00:00,2024,8.999125391527247,8096.0,0,9,12,14.0,Saturday,2024,Lynn Family Stadium,Racing Louisville FC,Bay FC,,188743.0,1,0,,3.0,6.0,26979.0,188743.0
xW5pJgvJQg,2024-06-29 23:30:00+00:00,2024,9.662498208076329,15717.0,1,3,7,14.0,Saturday,2024,Audi Field,Washington Spirit,North Carolina Courage,20000.0,676306.0,1,1,2.0,,8.0,30395.0,676306.0
kRQazYvjMK,2024-06-30 02:00:00+00:00,2024,9.06843112579349,8677.0,0,14,5,21.0,Sunday,2024,America First Field,Utah Royals FC,Portland Thorns FC,20213.0,316627.0,1,1,,6.0,18.0,12748.0,316627.0
4JMAnJD15K,2024-06-30 17:00:00+00:00,2024,8.862766742283796,7064.0,0,4,13,6.0,Sunday,2024,Red Bull Arena,NJ/NY Gotham FC,Seattle Reign FC,25000.0,1051425.0,1,1,2.0,,16.0,64815.0,1051425.0
zeQZzlvrQK,2024-07-06 02:00:00+00:00,2024,9.798737961337057,18011.0,0,5,8,12.0,Saturday,2024,Providence Park,Portland Thorns FC,San Diego Wave FC,25218.0,694333.0,1,1,,,100.0,92452.0,694333.0
BLMvGRgW5x,2024-07-06 17:00:00+00:00,2024,8.624431942085836,5566.0,0,7,12,41.0,Saturday,2024,SeatGeek Stadium,Chicago Stars FC,Houston Dash,20000.0,,1,1,,,20.0,,
p6qbzdEwq0,2024-07-07 02:00:00+00:00,2024,9.339964139769688,11384.0,0,10,3,14.0,Sunday,2024,PayPal Park,Bay FC,Washington Spirit,18000.0,471028.0,1,1,,0.0,11.0,15341.0,471028.0
e7MzoPnG5r,2024-07-07 20:30:00+00:00,2024,8.463370384718731,4738.0,0,7,9,13.0,Sunday,2024,WakeMed Soccer Park,North Carolina Courage,Racing Louisville FC,,39683.0,1,0,,7.0,,11054.0,39683.0
N6Mmz3vx5E,2024-07-07 22:00:00+00:00,2024,8.744488113852924,6276.0,1,13,14,14.0,Sunday,2024,Lumen Field,Seattle Reign FC,Utah Royals FC,38500.0,833559.0,0,1,2.0,,24.0,111635.0,833559.0
Xj5YzrvRqb,2024-08-24 00:00:00+00:00,2024,8.781708985836179,6514.0,0,12,1,62.0,Saturday,2024,Shell Energy Stadium,Houston Dash,Orlando Pride,22039.0,549316.0,1,1,,,14.0,57833.0,549316.0
jYQJynxkqG,2024-08-24 01:30:00+00:00,2024,9.584589972931425,14539.0,0,14,10,54.0,Saturday,2024,America First Field,Utah Royals FC,Bay FC,20213.0,316627.0,1,1,,6.0,18.0,12748.0,316627.0
Oa5w69G4M1,2024-08-24 18:30:00+00:00,2024,9.272375762895635,10640.0,0,4,5,55.0,Saturday,2024,Red Bull Arena,NJ/NY Gotham FC,Portland Thorns FC,25000.0,1051425.0,1,1,2.0,,16.0,64815.0,1051425.0
KAqBow1BQb,2024-08-24 23:30:00+00:00,2024,8.795884972029885,6607.0,0,10,7,56.0,Saturday,2024,Lynn Family Stadium,Racing Louisville FC,Chicago Stars FC,,188743.0,1,0,,3.0,6.0,26979.0,188743.0
0x5gzZGPM7,2024-08-26 02:00:00+00:00,2024,9.717037485158393,16598.0,1,14,6,49.0,Monday,2024,Lumen Field,Seattle Reign FC,North Carolina Courage,38500.0,833559.0,0,1,2.0,,24.0,111635.0,833559.0
7VqGPGnjQv,2024-08-31 02:00:00+00:00,2024,9.799126537211386,18018.0,0,5,11,56.0,Saturday,2024,Providence Park,Portland Thorns FC,Bay FC,25218.0,694333.0,1,1,,,100.0,92452.0,694333.0
0Oq6e0Xx56,2024-08-31 23:30:00+00:00,2024,8.519390774959724,5011.0,0,8,12,7.0,Saturday,2024,Lynn Family Stadium,Racing Louisville FC,Seattle Reign FC,,188743.0,1,0,,3.0,6.0,26979.0,188743.0
gpMOlVNr5z,2024-09-01 01:30:00+00:00,2024,8.550821372396221,5171.0,0,13,14,8.0,Sunday,2024,Shell Energy Stadium,Houston Dash,Utah Royals FC,22039.0,549316.0,1,1,,,14.0,57833.0,549316.0
gOMnzBklMw,2024-09-01 18:00:00+00:00,2024,8.700014623251842,6003.0,0,6,3,55.0,Sunday,2024,WakeMed Soccer Park,North Carolina Courage,Kansas City Current,,39683.0,1,0,,7.0,,11054.0,39683.0
vzqozWVJ5a,2024-09-01 20:00:00+00:00,2024,9.806921584559797,18159.0,0,9,7,62.0,Sunday,2024,BMO Stadium,Angel City FC,Chicago Stars FC,22000.0,1464640.0,1,1,,2.0,8.0,218728.0,1464640.0
2lqReNDJ5r,2024-09-01 23:25:00+00:00,2024,9.074062353683555,8726.0,0,1,4,71.0,Sunday,2024,Inter&Co Stadium,Orlando Pride,NJ/NY Gotham FC,25500.0,263292.0,1,1,7.0,8.0,9.0,25319.0,263292.0
wvq9w40BMW,2024-09-02 00:00:00+00:00,2024,10.066498860795583,23541.0,1,10,2,64.0,Monday,2024,Snapdragon Stadium,San Diego Wave FC,Washington Spirit,,402583.0,1,1,1.0,2.0,,9590.0,402583.0
9z5kzJodMA,2024-09-07 02:00:00+00:00,2024,9.68178046900788,16023.0,0,8,12,5.0,Saturday,2024,BMO Stadium,Angel City FC,Seattle Reign FC,22000.0,1464640.0,1,1,,2.0,8.0,218728.0,1464640.0
315Vzr8n59,2024-09-07 16:30:00+00:00,2024,9.56843430866833,14306.0,1,2,6,69.0,Saturday,2024,Audi Field,Washington Spirit,Portland Thorns FC,20000.0,676306.0,1,1,2.0,,8.0,30395.0,676306.0
Pk5LDRVY5O,2024-09-08 02:00:00+00:00,2024,9.348187438668308,11478.0,0,12,10,63.0,Sunday,2024,PayPal Park,Bay FC,Racing Louisville FC,18000.0,471028.0,1,1,,0.0,11.0,15341.0,471028.0
gjMNrkLDMK,2024-09-08 17:00:00+00:00,2024,8.679822114864455,5883.0,0,4,14,14.0,Sunday,2024,Red Bull Arena,NJ/NY Gotham FC,Houston Dash,25000.0,1051425.0,1,1,2.0,,16.0,64815.0,1051425.0
raMynV8d5d,2024-09-08 22:00:00+00:00,2024,8.89439598980643,7291.0,0,7,1,64.0,Sunday,2024,SeatGeek Stadium,Chicago Stars FC,Orlando Pride,20000.0,,1,1,,,20.0,,
7vQ7X02GMD,2024-09-09 00:00:00+00:00,2024,10.185503603361282,26516.0,1,11,5,7.0,Monday,2024,Snapdragon Stadium,San Diego Wave FC,North Carolina Courage,,402583.0,1,1,1.0,2.0,,9590.0,402583.0
2vQ110rOQr,2024-09-13 23:00:00+00:00,2024,8.830104317913793,6837.0,0,5,8,12.0,Friday,2024,WakeMed Soccer Park,North Carolina Courage,Bay FC,,39683.0,1,0,,7.0,,11054.0,39683.0
eV5D9BGnqK,2024-09-14 00:00:00+00:00,2024,9.148039345778804,9396.0,0,1,3,12.0,Saturday,2024,Inter&Co Stadium,Orlando Pride,Kansas City Current,25500.0,263292.0,1,1,7.0,8.0,9.0,25319.0,263292.0
OlMlzYRDqL,2024-09-14 23:30:00+00:00,2024,8.61122983334262,5493.0,0,11,9,14.0,Saturday,2024,Lynn Family Stadium,Racing Louisville FC,Angel City FC,,188743.0,1,0,,3.0,6.0,26979.0,188743.0
Vj58J0xLQ8,2024-09-15 02:00:00+00:00,2024,9.158415299111264,9494.0,0,13,12,22.0,Sunday,2024,America First Field,Utah Royals FC,San Diego Wave FC,20213.0,316627.0,1,1,,6.0,18.0,12748.0,316627.0
9YqdzEBEMv,2024-09-15 17:00:00+00:00,2024,9.375176614429117,11792.0,1,2,14,8.0,Sunday,2024,Audi Field,Washington Spirit,Houston Dash,20000.0,676306.0,1,1,2.0,,8.0,30395.0,676306.0
KXMezAWP56,2024-09-17 02:00:00+00:00,2024,8.795430805040018,6604.0,1,12,4,22.0,Tuesday,2024,Lumen Field,Seattle Reign FC,NJ/NY Gotham FC,38500.0,833559.0,0,1,2.0,,24.0,111635.0,833559.0
9vQ2r0lmQK,2024-09-21 02:30:00+00:00,2024,9.311361486034912,11063.0,0,8,1,13.0,Saturday,2024,PayPal Park,Bay FC,Orlando Pride,18000.0,471028.0,1,1,,0.0,11.0,15341.0,471028.0
NPqxOklX59,2024-09-21 23:30:00+00:00,2024,8.445267451844648,4653.0,0,8,5,7.0,Saturday,2024,Lynn Family Stadium,Racing Louisville FC,North Carolina Courage,,188743.0,1,0,,3.0,6.0,26979.0,188743.0
aDQ0D013QE,2024-09-22 00:30:00+00:00,2024,8.66681936537205,5807.0,0,14,12,20.0,Sunday,2024,Shell Energy Stadium,Houston Dash,Seattle Reign FC,22039.0,549316.0,1,1,,,14.0,57833.0,549316.0
KPqjzbnYq6,2024-09-22 01:30:00+00:00,2024,8.52615293278771,5045.0,0,7,9,13.0,Sunday,2024,SeatGeek Stadium,Chicago Stars FC,San Diego Wave FC,20000.0,,1,1,,,20.0,,
xW5pJgPJQg,2024-09-22 17:00:00+00:00,2024,8.946374826141717,7680.0,0,4,14,14.0,Sunday,2024,Red Bull Arena,NJ/NY Gotham FC,Utah Royals FC,25000.0,1051425.0,1,1,2.0,,16.0,64815.0,1051425.0
4JMAnJB15K,2024-09-28 02:00:00+00:00,2024,9.865629909979887,19257.0,0,9,2,4.0,Saturday,2024,BMO Stadium,Angel City FC,Washington Spirit,22000.0,1464640.0,1,1,,2.0,8.0,218728.0,1464640.0
zeQZzl2rQK,2024-09-28 23:00:00+00:00,2024,9.105202053852878,9002.0,0,14,8,13.0,Saturday,2024,America First Field,Utah Royals FC,Racing Louisville FC,20213.0,316627.0,1,1,,6.0,18.0,12748.0,316627.0
BLMvGRYW5x,2024-09-28 23:30:00+00:00,2024,9.746073219448274,17087.0,0,1,14,14.0,Saturday,2024,Inter&Co Stadium,Orlando Pride,Houston Dash,25500.0,263292.0,1,1,7.0,8.0,9.0,25319.0,263292.0
XVqK7ok0q0,2024-09-29 02:00:00+00:00,2024,9.633710883953182,15271.0,1,9,7,20.0,Sunday,2024,Snapdragon Stadium,San Diego Wave FC,Portland Thorns FC,,402583.0,1,1,1.0,2.0,,9590.0,402583.0
ljqEkW64Mx,2024-09-29 22:00:00+00:00,2024,8.370315995555478,4317.0,0,6,5,7.0,Sunday,2024,SeatGeek Stadium,Chicago Stars FC,North Carolina Courage,20000.0,,1,1,,,20.0,,
p6qbzdwwq0,2024-09-29 22:00:00+00:00,2024,9.11063052782717,9051.0,1,12,10,12.0,Sunday,2024,Lumen Field,Seattle Reign FC,Bay FC,38500.0,833559.0,0,1,2.0,,24.0,111635.0,833559.0
N6Mmz39x5E,2024-10-05 00:00:00+00:00,2024,8.677609912822142,5870.0,0,14,6,12.0,Saturday,2024,Shell Energy Stadium,Houston Dash,Chicago Stars FC,22039.0,549316.0,1,1,,,14.0,57833.0,549316.0
e7MzoPdG5r,2024-10-05 02:00:00+00:00,2024,8.810907036099737,6707.0,1,12,11,5.0,Saturday,2024,Lumen Field,Seattle Reign FC,Angel City FC,38500.0,833559.0,0,1,2.0,,24.0,111635.0,833559.0
Xj5YzrXRqb,2024-10-05 23:00:00+00:00,2024,9.04735074348172,8496.0,0,5,8,22.0,Saturday,2024,WakeMed Soccer Park,North Carolina Courage,San Diego Wave FC,,39683.0,1,0,,7.0,,11054.0,39683.0
Oa5w69r4M1,2024-10-05 23:30:00+00:00,2024,9.115150184972434,9092.0,0,3,8,13.0,Saturday,2024,Red Bull Arena,NJ/NY Gotham FC,Bay FC,25000.0,1051425.0,1,1,2.0,,16.0,64815.0,1051425.0
jYQJyn9kqG,2024-10-05 23:30:00+00:00,2024,8.70167907103957,6013.0,0,8,4,14.0,Saturday,2024,Lynn Family Stadium,Racing Louisville FC,Kansas City Current,,188743.0,1,0,,3.0,6.0,26979.0,188743.0
eVq3lE8VQW,2024-10-06 02:00:00+00:00,2024,9.767152232578871,17451.0,0,7,13,36.0,Sunday,2024,Providence Park,Portland Thorns FC,Utah Royals FC,25218.0,694333.0,1,1,,,100.0,92452.0,694333.0
KAqBowWBQb,2024-10-06 21:00:00+00:00,2024,8.952734767106872,7729.0,0,1,2,7.0,Sunday,2024,Inter&Co Stadium,Orlando Pride,Washington Spirit,25500.0,263292.0,1,1,7.0,8.0,9.0,25319.0,263292.0
7VqGPGwjQv,2024-10-12 23:30:00+00:00,2024,8.85893722196655,7037.0,0,5,8,7.0,Saturday,2024,WakeMed Soccer Park,North Carolina Courage,Angel City FC,,39683.0,1,0,,7.0,,11054.0,39683.0
Oa5w69kDM1,2024-10-19 23:30:00+00:00,2024,8.683554728631462,5905.0,0,9,7,14.0,Saturday,2024,Lynn Family Stadium,Racing Louisville FC,Portland Thorns FC,,188743.0,1,0,,3.0,6.0,26979.0,188743.0
eVq3lENXQW,2024-10-20 02:00:00+00:00,2024,9.60918360377546,14901.0,0,10,5,28.0,Sunday,2024,PayPal Park,Bay FC,North Carolina Courage,18000.0,471028.0,1,1,,0.0,11.0,15341.0,471028.0
NWMWzrNDQl,2024-10-20 21:00:00+00:00,2024,9.744784861340808,17065.0,1,3,6,35.0,Sunday,2024,Audi Field,Washington Spirit,Chicago Stars FC,20000.0,676306.0,1,1,2.0,,8.0,30395.0,676306.0
KAqBowpmQb,2024-10-20 21:00:00+00:00,2024,9.905435653754145,20039.0,0,4,1,14.0,Sunday,2024,Red Bull Arena,NJ/NY Gotham FC,Orlando Pride,25000.0,1051425.0,1,1,2.0,,16.0,64815.0,1051425.0
0x5gzZawM7,2024-10-20 23:30:00+00:00,2024,9.905435653754145,20039.0,0,10,12,22.0,Sunday,2024,BMO Stadium,Angel City FC,Utah Royals FC,22000.0,1464640.0,1,1,,2.0,8.0,218728.0,1464640.0
7VqGPGwzQv,2024-11-02 01:30:00+00:00,2024,9.198166571044474,9879.0,0,11,2,34.0,Saturday,2024,America First Field,Utah Royals FC,NJ/NY Gotham FC,20213.0,316627.0,1,1,,6.0,18.0,12748.0,316627.0
0Oq6e0Dg56,2024-11-02 02:00:00+00:00,2024,10.052424665310498,23212.0,0,7,10,27.0,Saturday,2024,Providence Park,Portland Thorns FC,Angel City FC,25218.0,694333.0,1,1,,,100.0,92452.0,694333.0
gpMOlVnD5z,2024-11-02 21:00:00+00:00,2024,8.957381735582787,7765.0,0,1,13,27.0,Saturday,2024,Inter&Co Stadium,Orlando Pride,Seattle Reign FC,25500.0,263292.0,1,1,7.0,8.0,9.0,25319.0,263292.0
gOMnzBW8Mw,2024-11-02 23:30:00+00:00,2024,9.212936997823448,10026.0,0,5,3,21.0,Saturday,2024,WakeMed Soccer Park,North Carolina Courage,Washington Spirit,,39683.0,1,0,,7.0,,11054.0,39683.0
vzqozWgN5a,2024-11-03 02:20:00+00:00,2024,9.008958312443486,8176.0,0,14,8,29.0,Sunday,2024,Shell Energy Stadium,Houston Dash,Bay FC,22039.0,549316.0,1,1,,,14.0,57833.0,549316.0
2lqReN9a5r,2024-11-03 20:00:00+00:00,2024,8.629628620746026,5595.0,0,7,4,34.0,Sunday,2024,SeatGeek Stadium,Chicago Stars FC,Kansas City Current,20000.0,,1,1,,,20.0,,
gOMnzWBmMw,2024-11-09 01:00:00+00:00,2024,9.34975442775886,11496.0,0,1,7,6.0,Saturday,2024,Inter&Co Stadium,Orlando Pride,Chicago Stars FC,25500.0,263292.0,1,1,7.0,8.0,9.0,25319.0,263292.0
wvq9wl4ZMW,2024-11-10 17:30:00+00:00,2024,9.863446502998944,19215.0,1,3,8,20.0,Sunday,2024,Audi Field,Washington Spirit,Bay FC,20000.0,676306.0,1,1,2.0,,8.0,30395.0,676306.0
9z5kzwJlMA,2024-11-10 20:00:00+00:00,2024,9.651172623921639,15540.0,0,4,6,20.0,Sunday,2024,Red Bull Arena,NJ/NY Gotham FC,Portland Thorns FC,25000.0,1051425.0,1,1,2.0,,16.0,64815.0,1051425.0
EGMP8oPjMa,2024-11-16 17:00:00+00:00,2024,9.871222591948852,19365.0,1,2,2,5.0,Saturday,2024,Audi Field,Washington Spirit,NJ/NY Gotham FC,20000.0,676306.0,1,1,2.0,,8.0,30395.0,676306.0
315VzLr659,2024-11-17 20:00:00+00:00,2024,9.583557732534226,14524.0,0,1,4,8.0,Sunday,2024,Inter&Co Stadium,Orlando Pride,Kansas City Current,25500.0,263292.0,1,1,7.0,8.0,9.0,25319.0,263292.0
KXMeZn0X56,2025-03-15 00:00:00+00:00,2025,9.86459078690618,19237.0,0,2,3,117.0,Saturday,2025,Inter&Co Stadium,Orlando Pride,Chicago Stars FC,25500.0,263292.0,1,1,8.0,9.0,9.0,25319.0,263292.0
NPqxj8dGM9,2025-03-15 23:30:00+00:00,2025,9.270870871716214,10624.0,0,4,4,133.0,Saturday,2025,America First Field,Utah Royals FC,Bay FC,20213.0,316627.0,1,1,,7.0,18.0,12748.0,316627.0
9vQ2bnVYQK,2025-03-16 00:00:00+00:00,2025,7.954021087278037,2847.0,0,6,6,147.0,Sunday,2025,Lynn Family Stadium,Racing Louisville FC,North Carolina Courage,,188743.0,1,0,,4.0,6.0,26979.0,188743.0
aDQ0b6oB5E,2025-03-16 02:00:00+00:00,2025,9.043931533642278,8467.0,1,8,8,162.0,Sunday,2025,Lumen Field,Seattle Reign FC,NJ/NY Gotham FC,38500.0,833559.0,0,1,3.0,,24.0,111635.0,833559.0
KPqjjVEnq6,2025-03-16 22:50:00+00:00,2025,9.889794225404126,19728.0,0,10,10,146.0,Sunday,2025,BMO Stadium,Angel City FC,San Diego Wave FC,22000.0,1464640.0,1,1,,3.0,8.0,218728.0,1464640.0
xW5pb8nGQg,2025-03-22 02:00:00+00:00,2025,9.670230532062421,15839.0,0,12,4,140.0,Saturday,2025,Providence Park,Portland Thorns FC,Angel City FC,25218.0,694333.0,1,1,,,100.0,92452.0,694333.0
kRQajgrmMK,2025-03-22 23:00:00+00:00,2025,9.006754319877503,8158.0,0,5,5,139.0,Saturday,2025,WakeMed Soccer Park,North Carolina Courage,Seattle Reign FC,,39683.0,1,0,,8.0,,11054.0,39683.0
4JMAbXwl5K,2025-03-22 23:30:00+00:00,2025,9.865474110337912,19254.0,1,1,4,126.0,Saturday,2025,Audi Field,Washington Spirit,Kansas City Current,20000.0,676306.0,1,1,3.0,,8.0,30395.0,676306.0
4wM4bRykqj,2025-03-23 02:00:00+00:00,2025,9.598455841749233,14742.0,0,7,7,154.0,Sunday,2025,PayPal Park,Bay FC,Racing Louisville FC,18000.0,471028.0,1,1,,1.0,11.0,15341.0,471028.0
zeQZpPOx5K,2025-03-23 02:00:00+00:00,2025,9.823632327286663,18465.0,1,6,6,175.0,Sunday,2025,Snapdragon Stadium,San Diego Wave FC,Utah Royals FC,,402583.0,1,1,2.0,3.0,,9590.0,402583.0
XVqKzJ1K50,2025-03-23 19:00:00+00:00,2025,8.124446855715847,3376.0,0,13,13,139.0,Sunday,2025,SeatGeek Stadium,Chicago Stars FC,Houston Dash,20000.0,,1,1,,,20.0,,
BLMvj81AMx,2025-03-23 21:00:00+00:00,2025,9.181735114965848,9718.0,0,9,2,133.0,Sunday,2025,Red Bull Arena,NJ/NY Gotham FC,Orlando Pride,25000.0,1051425.0,1,1,3.0,,16.0,64815.0,1051425.0
p6qbjG88q0,2025-03-29 00:00:00+00:00,2025,9.40426106461349,12140.0,1,3,3,6.0,Saturday,2025,Audi Field,Washington Spirit,Bay FC,20000.0,676306.0,1,1,3.0,,8.0,30395.0,676306.0
ljqEmRAAqx,2025-03-29 00:00:00+00:00,2025,8.640825751861513,5658.0,0,7,9,145.0,Saturday,2025,Shell Energy Stadium,Houston Dash,NJ/NY Gotham FC,22039.0,549316.0,1,1,,,14.0,57833.0,549316.0
e7Mzj2p9Mr,2025-03-29 16:00:00+00:00,2025,8.863757191604241,7071.0,0,1,4,14.0,Saturday,2025,Inter&Co Stadium,Orlando Pride,San Diego Wave FC,25500.0,263292.0,1,1,8.0,9.0,9.0,25319.0,263292.0
Xj5YpdZwMb,2025-03-30 02:00:00+00:00,2025,9.678279371339702,15967.0,0,10,10,8.0,Sunday,2025,Providence Park,Portland Thorns FC,North Carolina Courage,25218.0,694333.0,1,1,,,100.0,92452.0,694333.0
jYQJmLDBqG,2025-03-30 22:00:00+00:00,2025,7.498869733976931,1806.0,0,14,12,7.0,Sunday,2025,SeatGeek Stadium,Chicago Stars FC,Racing Louisville FC,20000.0,,1,1,,,20.0,,
Oa5wj2LAM1,2025-03-31 00:00:00+00:00,2025,9.641083287268616,15384.0,0,9,4,14.0,Monday,2025,BMO Stadium,Angel City FC,Seattle Reign FC,22000.0,1464640.0,1,1,,3.0,8.0,218728.0,1464640.0
eVq3bDky5W,2025-04-12 02:00:00+00:00,2025,8.527341522468053,5051.0,0,13,10,27.0,Saturday,2025,America First Field,Utah Royals FC,Portland Thorns FC,20213.0,316627.0,1,1,,7.0,18.0,12748.0,316627.0
NWMWp4Ej5l,2025-04-12 21:00:00+00:00,2025,8.972844314437573,7886.0,0,6,3,27.0,Saturday,2025,Lynn Family Stadium,Racing Louisville FC,Washington Spirit,,188743.0,1,0,,4.0,6.0,26979.0,188743.0
KAqBbOLvqb,2025-04-12 21:00:00+00:00,2025,8.56845648535378,5263.0,0,6,4,14.0,Saturday,2025,Shell Energy Stadium,Houston Dash,Angel City FC,22039.0,549316.0,1,1,,,14.0,57833.0,549316.0
0x5gjnebM7,2025-04-12 23:30:00+00:00,2025,8.951699168308815,7721.0,1,6,1,27.0,Saturday,2025,Lumen Field,Seattle Reign FC,Orlando Pride,38500.0,833559.0,0,1,3.0,,24.0,111635.0,833559.0
7VqGbYVW5v,2025-04-13 02:00:00+00:00,2025,9.29403793099775,10873.0,1,6,3,21.0,Sunday,2025,Snapdragon Stadium,San Diego Wave FC,Kansas City Current,,402583.0,1,1,2.0,3.0,,9590.0,402583.0
0Oq6bZ8dq6,2025-04-13 20:00:00+00:00,2025,8.869960510523953,7115.0,0,11,11,20.0,Sunday,2025,Red Bull Arena,NJ/NY Gotham FC,North Carolina Courage,25000.0,1051425.0,1,1,3.0,,16.0,64815.0,1051425.0
gpMOpdO25z,2025-04-13 23:00:00+00:00,2025,9.41897923708751,12320.0,0,7,14,21.0,Sunday,2025,PayPal Park,Bay FC,Chicago Stars FC,18000.0,471028.0,1,1,,1.0,11.0,15341.0,471028.0
gOMnALrOQw,2025-04-19 01:30:00+00:00,2025,9.745956164549392,17085.0,0,14,12,6.0,Saturday,2025,America First Field,Utah Royals FC,Chicago Stars FC,20213.0,316627.0,1,1,,7.0,18.0,12748.0,316627.0
vzqoKN9Zqa,2025-04-19 02:00:00+00:00,2025,8.937087036176523,7609.0,1,7,5,6.0,Saturday,2025,Lumen Field,Seattle Reign FC,Portland Thorns FC,38500.0,833559.0,0,1,3.0,,24.0,111635.0,833559.0
2lqRpdZAMr,2025-04-19 02:30:00+00:00,2025,9.823632327286663,18465.0,0,4,6,19.0,Saturday,2025,BMO Stadium,Angel City FC,NJ/NY Gotham FC,22000.0,1464640.0,1,1,,3.0,8.0,218728.0,1464640.0
jYQJmLDPqG,2025-04-19 19:00:00+00:00,2025,8.39638057119949,4431.0,0,8,8,6.0,Saturday,2025,Lynn Family Stadium,Racing Louisville FC,San Diego Wave FC,,188743.0,1,0,,4.0,6.0,26979.0,188743.0
Oa5wj2L8M1,2025-04-19 21:05:00+00:00,2025,9.107310471656639,9021.0,0,1,3,21.0,Saturday,2025,Inter&Co Stadium,Orlando Pride,Washington Spirit,25500.0,263292.0,1,1,8.0,9.0,9.0,25319.0,263292.0
eVq3bDkD5W,2025-04-19 23:00:00+00:00,2025,8.860641041773876,7049.0,0,14,9,28.0,Saturday,2025,WakeMed Soccer Park,North Carolina Courage,Bay FC,,39683.0,1,0,,8.0,,11054.0,39683.0
NWMWp4EK5l,2025-04-23 02:30:00+00:00,2025,9.640368002912599,15373.0,0,9,4,24.0,Wednesday,2025,Providence Park,Portland Thorns FC,NJ/NY Gotham FC,25218.0,694333.0,1,1,,,100.0,92452.0,694333.0
0x5gjneZM7,2025-04-26 00:00:00+00:00,2025,8.804625232612809,6665.0,0,2,4,6.0,Saturday,2025,Inter&Co Stadium,Orlando Pride,Angel City FC,25500.0,263292.0,1,1,8.0,9.0,9.0,25319.0,263292.0
7VqGbYV65v,2025-04-26 00:00:00+00:00,2025,8.533853632309345,5084.0,0,10,10,13.0,Saturday,2025,Shell Energy Stadium,Houston Dash,Utah Royals FC,22039.0,549316.0,1,1,,,14.0,57833.0,549316.0
0Oq6bZ8Aq6,2025-04-26 17:00:00+00:00,2025,9.707655133714226,16443.0,1,3,4,28.0,Saturday,2025,Audi Field,Washington Spirit,NJ/NY Gotham FC,20000.0,676306.0,1,1,3.0,,8.0,30395.0,676306.0
gpMOpdOE5z,2025-04-26 23:00:00+00:00,2025,8.737933858114136,6235.0,0,14,2,7.0,Saturday,2025,WakeMed Soccer Park,North Carolina Courage,Kansas City Current,,39683.0,1,0,,8.0,,11054.0,39683.0
vzqoKN9kqa,2025-04-27 02:00:00+00:00,2025,9.355652103136237,11564.0,0,8,8,13.0,Sunday,2025,PayPal Park,Bay FC,Seattle Reign FC,18000.0,471028.0,1,1,,1.0,11.0,15341.0,471028.0
2lqRpdZ0Mr,2025-04-27 20:00:00+00:00,2025,9.69393867348769,16219.0,0,6,12,4.0,Sunday,2025,Providence Park,Portland Thorns FC,Racing Louisville FC,25218.0,694333.0,1,1,,,100.0,92452.0,694333.0
wvq9b8awQW,2025-05-03 00:00:00+00:00,2025,9.527920994773828,13738.0,1,3,7,6.0,Saturday,2025,Audi Field,Washington Spirit,Angel City FC,20000.0,676306.0,1,1,3.0,,8.0,30395.0,676306.0
9z5kjk9jMA,2025-05-03 01:58:00+00:00,2025,8.65956043270316,5765.0,0,10,11,7.0,Saturday,2025,Shell Energy Stadium,Houston Dash,Racing Louisville FC,22039.0,549316.0,1,1,,,14.0,57833.0,549316.0
315VpEZ9Q9,2025-05-03 02:30:00+00:00,2025,8.684739462628038,5912.0,1,8,2,14.0,Saturday,2025,Lumen Field,Seattle Reign FC,Kansas City Current,38500.0,833559.0,0,1,3.0,,24.0,111635.0,833559.0
EGMPadeV5a,2025-05-03 23:30:00+00:00,2025,9.785604511879411,17776.0,0,8,1,6.0,Saturday,2025,Providence Park,Portland Thorns FC,Orlando Pride,25218.0,694333.0,1,1,,,100.0,92452.0,694333.0
Pk5LpdmO5O,2025-05-04 02:00:00+00:00,2025,8.905308661189288,7371.0,0,13,12,15.0,Sunday,2025,America First Field,Utah Royals FC,North Carolina Courage,20213.0,316627.0,1,1,,7.0,18.0,12748.0,316627.0
gjMNpdn0qK,2025-05-04 17:00:00+00:00,2025,8.899730794880696,7330.0,0,5,14,20.0,Sunday,2025,Red Bull Arena,NJ/NY Gotham FC,Chicago Stars FC,25000.0,1051425.0,1,1,3.0,,16.0,64815.0,1051425.0
raMyj2LO5d,2025-05-05 00:00:00+00:00,2025,9.32420462812523,11206.0,1,8,9,21.0,Monday,2025,Snapdragon Stadium,San Diego Wave FC,Bay FC,,402583.0,1,1,2.0,3.0,,9590.0,402583.0
7vQ7bja2qD,2025-05-10 00:00:00+00:00,2025,8.611593866837723,5495.0,0,9,5,20.0,Saturday,2025,Lynn Family Stadium,Racing Louisville FC,NJ/NY Gotham FC,,188743.0,1,0,,4.0,6.0,26979.0,188743.0
eV5DpomA5K,2025-05-10 02:30:00+00:00,2025,9.713113662551345,16533.0,0,7,13,21.0,Saturday,2025,BMO Stadium,Angel City FC,Utah Royals FC,22000.0,1464640.0,1,1,,3.0,8.0,218728.0,1464640.0
2vQ1bDaKMr,2025-05-10 16:50:00+00:00,2025,8.138856750696325,3425.0,0,13,4,40.0,Saturday,2025,SeatGeek Stadium,Chicago Stars FC,Washington Spirit,20000.0,,1,1,,,20.0,,
a35rj2dA5L,2025-05-10 23:30:00+00:00,2025,9.144841389743487,9366.0,0,10,1,14.0,Saturday,2025,WakeMed Soccer Park,North Carolina Courage,Orlando Pride,,39683.0,1,0,,8.0,,11054.0,39683.0
OlMljV70qL,2025-05-11 02:00:00+00:00,2025,9.25272913846797,10433.0,1,5,6,6.0,Sunday,2025,Snapdragon Stadium,San Diego Wave FC,Portland Thorns FC,,402583.0,1,1,2.0,3.0,,9590.0,402583.0
9YqdjGXLMv,2025-05-12 00:00:00+00:00,2025,8.830689198760998,6841.0,1,8,12,8.0,Monday,2025,Lumen Field,Seattle Reign FC,Houston Dash,38500.0,833559.0,0,1,3.0,,24.0,111635.0,833559.0
odMXpd4WMY,2025-05-16 23:30:00+00:00,2025,8.964311948124514,7819.0,0,7,4,12.0,Friday,2025,Red Bull Arena,NJ/NY Gotham FC,San Diego Wave FC,25000.0,1051425.0,1,1,3.0,,16.0,64815.0,1051425.0
NPqxj2mmM9,2025-05-17 00:00:00+00:00,2025,8.735042754269337,6217.0,0,10,6,13.0,Saturday,2025,Shell Energy Stadium,Houston Dash,Portland Thorns FC,22039.0,549316.0,1,1,,,14.0,57833.0,549316.0
KXMeZ6er56,2025-05-17 17:00:00+00:00,2025,8.019283792916793,3039.0,0,8,8,7.0,Saturday,2025,Lynn Family Stadium,Racing Louisville FC,Seattle Reign FC,,188743.0,1,0,,4.0,6.0,26979.0,188743.0
aDQ0b2aP5E,2025-05-17 21:00:00+00:00,2025,9.058586816748646,8592.0,0,11,13,6.0,Saturday,2025,WakeMed Soccer Park,North Carolina Courage,Chicago Stars FC,,39683.0,1,0,,8.0,,11054.0,39683.0
KPqjj9oRq6,2025-05-17 23:30:00+00:00,2025,9.616871578266345,15016.0,1,4,13,14.0,Saturday,2025,Audi Field,Washington Spirit,Utah Royals FC,20000.0,676306.0,1,1,3.0,,8.0,30395.0,676306.0
xW5pbzxdQg,2025-05-18 02:00:00+00:00,2025,9.563880407219427,14241.0,0,12,6,21.0,Sunday,2025,PayPal Park,Bay FC,Angel City FC,18000.0,471028.0,1,1,,1.0,11.0,15341.0,471028.0
kRQajBboMK,2025-05-24 01:30:00+00:00,2025,9.364605330987612,11668.0,0,13,2,19.0,Saturday,2025,America First Field,Utah Royals FC,Orlando Pride,20213.0,316627.0,1,1,,7.0,18.0,12748.0,316627.0
4JMAb6ak5K,2025-05-24 02:00:00+00:00,2025,8.865029186687766,7080.0,1,6,3,12.0,Saturday,2025,Lumen Field,Seattle Reign FC,Washington Spirit,38500.0,833559.0,0,1,3.0,,24.0,111635.0,833559.0
zeQZpdJ15K,2025-05-24 23:30:00+00:00,2025,8.265135629937385,3886.0,0,14,1,14.0,Saturday,2025,SeatGeek Stadium,Chicago Stars FC,Kansas City Current,20000.0,,1,1,,,20.0,,
4wM4bD2pqj,2025-05-25 00:00:00+00:00,2025,8.629628620746026,5595.0,0,12,10,8.0,Sunday,2025,Shell Energy Stadium,Houston Dash,Bay FC,22039.0,549316.0,1,1,,,14.0,57833.0,549316.0
BLMvj2lOMx,2025-05-25 02:00:00+00:00,2025,9.725556344043467,16740.0,0,6,11,14.0,Sunday,2025,BMO Stadium,Angel City FC,Racing Louisville FC,22000.0,1464640.0,1,1,,3.0,8.0,218728.0,1464640.0
XVqKzNYO50,2025-05-26 02:00:00+00:00,2025,9.454070556898781,12760.0,1,4,9,15.0,Monday,2025,Snapdragon Stadium,San Diego Wave FC,North Carolina Courage,,402583.0,1,1,2.0,3.0,,9590.0,402583.0
p6qbjWeBq0,2025-06-07 00:34:00+00:00,2025,8.281723990411392,3951.0,0,6,13,20.0,Saturday,2025,Lynn Family Stadium,Racing Louisville FC,Utah Royals FC,,188743.0,1,0,,4.0,6.0,26979.0,188743.0
ljqEmRjzqx,2025-06-07 02:00:00+00:00,2025,9.641668139610074,15393.0,1,2,7,12.0,Saturday,2025,Snapdragon Stadium,San Diego Wave FC,Seattle Reign FC,,402583.0,1,1,2.0,3.0,,9590.0,402583.0
e7Mzj296Mr,2025-06-07 17:00:00+00:00,2025,9.249464926660233,10399.0,0,9,1,21.0,Saturday,2025,Red Bull Arena,NJ/NY Gotham FC,Kansas City Current,25000.0,1051425.0,1,1,3.0,,16.0,64815.0,1051425.0
N6MmbP7Z5E,2025-06-07 23:00:00+00:00,2025,9.186662244621605,9766.0,0,2,12,42.0,Saturday,2025,Inter&Co Stadium,Orlando Pride,Houston Dash,25500.0,263292.0,1,1,8.0,9.0,9.0,25319.0,263292.0
Xj5Ypd8AMb,2025-06-07 23:30:00+00:00,2025,9.553504453886967,14094.0,0,9,7,20.0,Saturday,2025,PayPal Park,Bay FC,Portland Thorns FC,18000.0,471028.0,1,1,,1.0,11.0,15341.0,471028.0
jYQJmL1PqG,2025-06-08 02:00:00+00:00,2025,9.7721252343393,17538.0,0,9,14,14.0,Sunday,2025,BMO Stadium,Angel City FC,Chicago Stars FC,22000.0,1464640.0,1,1,,3.0,8.0,218728.0,1464640.0
Oa5wj2Y8M1,2025-06-08 20:00:00+00:00,2025,9.777073627680469,17625.0,1,3,10,21.0,Sunday,2025,Audi Field,Washington Spirit,North Carolina Courage,20000.0,676306.0,1,1,3.0,,8.0,30395.0,676306.0
eVq3bDaD5W,2025-06-14 00:00:00+00:00,2025,8.738895704934043,6241.0,0,12,4,20.0,Saturday,2025,Shell Energy Stadium,Houston Dash,San Diego Wave FC,22039.0,549316.0,1,1,,,14.0,57833.0,549316.0
KAqBbOj4qb,2025-06-14 01:30:00+00:00,2025,9.03013657115323,8351.0,0,13,10,21.0,Saturday,2025,America First Field,Utah Royals FC,NJ/NY Gotham FC,20213.0,316627.0,1,1,,7.0,18.0,12748.0,316627.0
NWMWp4XK5l,2025-06-14 02:00:00+00:00,2025,9.403189650656792,12127.0,0,8,2,6.0,Saturday,2025,PayPal Park,Bay FC,Orlando Pride,18000.0,471028.0,1,1,,1.0,11.0,15341.0,471028.0
0Oq6bZlAq6,2025-06-15 02:00:00+00:00,2025,9.61132880805727,14933.0,0,8,11,7.0,Sunday,2025,BMO Stadium,Angel City FC,North Carolina Courage,22000.0,1464640.0,1,1,,3.0,8.0,218728.0,1464640.0
gpMOpdzE5z,2025-06-15 20:00:00+00:00,2025,9.964958874624228,21268.0,0,7,3,42.0,Sunday,2025,Providence Park,Portland Thorns FC,Washington Spirit,25218.0,694333.0,1,1,,,100.0,92452.0,694333.0
vzqoKNrkqa,2025-06-21 00:00:00+00:00,2025,8.606851063346772,5469.0,0,6,2,13.0,Saturday,2025,Lynn Family Stadium,Racing Louisville FC,Orlando Pride,,188743.0,1,0,,4.0,6.0,26979.0,188743.0
2lqRpdR0Mr,2025-06-21 21:00:00+00:00,2025,9.010913347279288,8192.0,0,13,7,7.0,Saturday,2025,America First Field,Utah Royals FC,Seattle Reign FC,20213.0,316627.0,1,1,,7.0,18.0,12748.0,316627.0
9z5kjkajMA,2025-06-21 23:30:00+00:00,2025,8.801168401936692,6642.0,0,9,12,35.0,Saturday,2025,WakeMed Soccer Park,North Carolina Courage,Houston Dash,,39683.0,1,0,,8.0,,11054.0,39683.0
wvq9b8pwQW,2025-06-21 23:30:00+00:00,2025,9.10597935665144,9009.0,0,8,8,14.0,Saturday,2025,Red Bull Arena,NJ/NY Gotham FC,Bay FC,25000.0,1051425.0,1,1,3.0,,16.0,64815.0,1051425.0
315VpEe9Q9,2025-06-22 02:00:00+00:00,2025,9.785773264516571,17779.0,0,7,13,6.0,Sunday,2025,Providence Park,Portland Thorns FC,Chicago Stars FC,25218.0,694333.0,1,1,,,100.0,92452.0,694333.0
EGMPadlV5a,2025-06-23 02:00:00+00:00,2025,9.39357817555449,12011.0,1,3,3,16.0,Monday,2025,Snapdragon Stadium,San Diego Wave FC,Washington Spirit,,402583.0,1,1,2.0,3.0,,9590.0,402583.0
gjMNpdv0qK,2025-08-02 00:00:00+00:00,2025,9.001222992395064,8113.0,0,6,1,42.0,Saturday,2025,Lynn Family Stadium,Racing Louisville FC,Kansas City Current,,188743.0,1,0,,4.0,6.0,26979.0,188743.0
Pk5Lpd1O5O,2025-08-02 00:00:00+00:00,2025,7.96346006663897,2874.0,0,13,8,69.0,Saturday,2025,SeatGeek Stadium,Chicago Stars FC,NJ/NY Gotham FC,20000.0,,1,1,,,20.0,,
raMyj2ZO5d,2025-08-02 02:30:00+00:00,2025,9.22197245620589,10117.0,1,6,10,70.0,Saturday,2025,Lumen Field,Seattle Reign FC,Angel City FC,38500.0,833559.0,0,1,3.0,,24.0,111635.0,833559.0
7vQ7bj32qD,2025-08-02 23:30:00+00:00,2025,8.869116865929483,7109.0,0,9,3,42.0,Saturday,2025,WakeMed Soccer Park,North Carolina Courage,San Diego Wave FC,,39683.0,1,0,,8.0,,11054.0,39683.0
eV5Dpo0A5K,2025-08-03 02:00:00+00:00,2025,9.615938804529582,15002.0,0,10,12,50.0,Sunday,2025,PayPal Park,Bay FC,Houston Dash,18000.0,471028.0,1,1,,1.0,11.0,15341.0,471028.0
2vQ1bDLKMr,2025-08-03 16:30:00+00:00,2025,9.680781405546698,16007.0,1,4,6,55.0,Sunday,2025,Audi Field,Washington Spirit,Portland Thorns FC,20000.0,676306.0,1,1,3.0,,8.0,30395.0,676306.0
a35rj2lA5L,2025-08-03 22:00:00+00:00,2025,8.868694776580972,7106.0,0,3,14,56.0,Sunday,2025,Inter&Co Stadium,Orlando Pride,Utah Royals FC,25500.0,263292.0,1,1,8.0,9.0,9.0,25319.0,263292.0
OlMljVr0qL,2025-08-09 00:47:00+00:00,2025,8.595819511871428,5409.0,0,12,8,56.0,Saturday,2025,Shell Energy Stadium,Houston Dash,North Carolina Courage,22039.0,549316.0,1,1,,,14.0,57833.0,549316.0
Vj58bpY4Q8,2025-08-09 02:00:00+00:00,2025,8.830981510952498,6843.0,0,13,1,48.0,Saturday,2025,America First Field,Utah Royals FC,Kansas City Current,20213.0,316627.0,1,1,,7.0,18.0,12748.0,316627.0
9YqdjGkLMv,2025-08-09 16:00:00+00:00,2025,9.536762272743895,13860.0,0,8,2,48.0,Saturday,2025,Red Bull Arena,NJ/NY Gotham FC,Washington Spirit,25000.0,1051425.0,1,1,3.0,,16.0,64815.0,1051425.0
KXMeZ6Or56,2025-08-09 23:30:00+00:00,2025,8.854093907655518,7003.0,0,3,7,6.0,Saturday,2025,Inter&Co Stadium,Orlando Pride,Racing Louisville FC,25500.0,263292.0,1,1,8.0,9.0,9.0,25319.0,263292.0
odMXpd8WMY,2025-08-10 02:00:00+00:00,2025,9.669914805731379,15834.0,1,4,11,48.0,Sunday,2025,Snapdragon Stadium,San Diego Wave FC,Angel City FC,,402583.0,1,1,2.0,3.0,,9590.0,402583.0
9vQ2bD2aQK,2025-08-10 18:00:00+00:00,2025,8.19533366716287,3624.0,0,13,10,8.0,Sunday,2025,SeatGeek Stadium,Chicago Stars FC,Bay FC,20000.0,,1,1,,,20.0,,
NPqxj2emM9,2025-08-10 20:00:00+00:00,2025,9.990169708671852,21811.0,0,6,5,49.0,Sunday,2025,Providence Park,Portland Thorns FC,Seattle Reign FC,25218.0,694333.0,1,1,,,100.0,92452.0,694333.0
aDQ0b2PP5E,2025-08-16 00:00:00+00:00,2025,9.366574594006819,11691.0,1,2,7,12.0,Saturday,2025,Audi Field,Washington Spirit,Racing Louisville FC,20000.0,676306.0,1,1,3.0,,8.0,30395.0,676306.0
KPqjj97Rq6,2025-08-16 02:00:00+00:00,2025,8.74814616962193,6299.0,0,14,11,7.0,Saturday,2025,America First Field,Utah Royals FC,Angel City FC,20213.0,316627.0,1,1,,7.0,18.0,12748.0,316627.0
kRQajB2oMK,2025-08-16 23:30:00+00:00,2025,8.870943863837724,7122.0,0,9,5,14.0,Saturday,2025,WakeMed Soccer Park,North Carolina Courage,Portland Thorns FC,,39683.0,1,0,,8.0,,11054.0,39683.0
4JMAb69k5K,2025-08-17 02:00:00+00:00,2025,9.348710041240954,11484.0,0,10,4,14.0,Sunday,2025,PayPal Park,Bay FC,San Diego Wave FC,18000.0,471028.0,1,1,,1.0,11.0,15341.0,471028.0
4wM4bDapqj,2025-08-17 20:00:00+00:00,2025,8.925188429378027,7519.0,0,8,12,8.0,Sunday,2025,Red Bull Arena,NJ/NY Gotham FC,Houston Dash,25000.0,1051425.0,1,1,3.0,,16.0,64815.0,1051425.0
zeQZpd715K,2025-08-19 02:00:00+00:00,2025,8.894258825002703,7290.0,1,6,13,16.0,Tuesday,2025,Lumen Field,Seattle Reign FC,Chicago Stars FC,38500.0,833559.0,0,1,3.0,,24.0,111635.0,833559.0
XVqKzNWO50,2025-08-23 00:00:00+00:00,2025,7.813187267521416,2473.0,0,13,8,12.0,Saturday,2025,SeatGeek Stadium,Chicago Stars FC,North Carolina Courage,20000.0,,1,1,,,20.0,,
ljqEmR2zqx,2025-08-23 23:30:00+00:00,2025,8.399760094524142,4446.0,0,9,14,6.0,Saturday,2025,Red Bull Arena,NJ/NY Gotham FC,Utah Royals FC,25000.0,1051425.0,1,1,3.0,,16.0,64815.0,1051425.0
N6MmbPeZ5E,2025-08-24 23:20:00+00:00,2025,8.609042845046117,5481.0,0,11,6,15.0,Sunday,2025,Shell Energy Stadium,Houston Dash,Seattle Reign FC,22039.0,549316.0,1,1,,,14.0,57833.0,549316.0
Xj5Ypd6AMb,2025-08-25 00:00:00+00:00,2025,9.470085825734941,12966.0,1,2,7,14.0,Monday,2025,Snapdragon Stadium,San Diego Wave FC,Racing Louisville FC,,402583.0,1,1,2.0,3.0,,9590.0,402583.0
jYQJmLzPqG,2025-08-29 23:30:00+00:00,2025,8.715224041915372,6095.0,0,6,11,27.0,Friday,2025,Lynn Family Stadium,Racing Louisville FC,Houston Dash,,188743.0,1,0,,4.0,6.0,26979.0,188743.0
Oa5wj2V8M1,2025-08-30 00:00:00+00:00,2025,8.872346978983032,7132.0,0,2,8,20.0,Saturday,2025,Inter&Co Stadium,Orlando Pride,NJ/NY Gotham FC,25500.0,263292.0,1,1,8.0,9.0,9.0,25319.0,263292.0
KAqBbO94qb,2025-08-30 02:30:00+00:00,2025,9.207736986106068,9974.0,1,7,2,11.0,Saturday,2025,Lumen Field,Seattle Reign FC,San Diego Wave FC,38500.0,833559.0,0,1,3.0,,24.0,111635.0,833559.0
0x5gjn2ZM7,2025-08-31 20:00:00+00:00,2025,9.717459133810847,16605.0,1,3,14,15.0,Sunday,2025,Audi Field,Washington Spirit,Chicago Stars FC,20000.0,676306.0,1,1,3.0,,8.0,30395.0,676306.0
7VqGbYj65v,2025-09-02 01:00:00+00:00,2025,9.613870275449836,14971.0,0,10,12,78.0,Tuesday,2025,BMO Stadium,Angel City FC,Bay FC,22000.0,1464640.0,1,1,,3.0,8.0,218728.0,1464640.0
0Oq6bZwAq6,2025-09-06 00:00:00+00:00,2025,8.716371865276615,6102.0,0,5,5,7.0,Saturday,2025,Lynn Family Stadium,Racing Louisville FC,Portland Thorns FC,,188743.0,1,0,,4.0,6.0,26979.0,188743.0
gpMOpdaE5z,2025-09-06 23:30:00+00:00,2025,8.757469141470748,6358.0,0,10,13,21.0,Saturday,2025,WakeMed Soccer Park,North Carolina Courage,Utah Royals FC,,39683.0,1,0,,8.0,,11054.0,39683.0
gOMnALRXQw,2025-09-07 02:00:00+00:00,2025,9.351839934249883,11520.0,0,12,1,21.0,Sunday,2025,PayPal Park,Bay FC,Kansas City Current,18000.0,471028.0,1,1,,1.0,11.0,15341.0,471028.0
2lqRpdk0Mr,2025-09-07 20:00:00+00:00,2025,9.44683440765853,12668.0,1,2,6,7.0,Sunday,2025,Audi Field,Washington Spirit,Seattle Reign FC,20000.0,676306.0,1,1,3.0,,8.0,30395.0,676306.0
jYQJmLzyqG,2025-09-07 21:00:00+00:00,2025,9.09268232850795,8890.0,0,8,9,14.0,Sunday,2025,Red Bull Arena,NJ/NY Gotham FC,Angel City FC,25000.0,1051425.0,1,1,3.0,,16.0,64815.0,1051425.0
Oa5wj2VjM1,2025-09-08 00:30:00+00:00,2025,9.65669147255669,15626.0,1,3,11,14.0,Monday,2025,Snapdragon Stadium,San Diego Wave FC,Houston Dash,,402583.0,1,1,2.0,3.0,,9590.0,402583.0
eVq3bDj65W,2025-09-13 02:00:00+00:00,2025,9.249849505070895,10403.0,1,3,6,5.0,Saturday,2025,Snapdragon Stadium,San Diego Wave FC,NJ/NY Gotham FC,,402583.0,1,1,2.0,3.0,,9590.0,402583.0
KAqBbO9Jqb,2025-09-13 16:30:00+00:00,2025,8.760609847570002,6378.0,0,11,9,6.0,Saturday,2025,WakeMed Soccer Park,North Carolina Courage,Angel City FC,,39683.0,1,0,,8.0,,11054.0,39683.0
NWMWp4V75l,2025-09-13 21:03:00+00:00,2025,8.902591637374087,7351.0,0,5,12,14.0,Saturday,2025,Inter&Co Stadium,Orlando Pride,Bay FC,25500.0,263292.0,1,1,8.0,9.0,9.0,25319.0,263292.0
7VqGbYje5v,2025-09-14 19:00:00+00:00,2025,8.229777750081887,3751.0,0,14,6,22.0,Sunday,2025,SeatGeek Stadium,Chicago Stars FC,Portland Thorns FC,20000.0,,1,1,,,20.0,,
0Oq6bZwXq6,2025-09-14 22:00:00+00:00,2025,8.596558746796978,5413.0,0,13,10,29.0,Sunday,2025,America First Field,Utah Royals FC,Houston Dash,20213.0,316627.0,1,1,,7.0,18.0,12748.0,316627.0
gOMnALRmQw,2025-09-19 02:30:00+00:00,2025,9.618003063627834,15033.0,0,10,2,17.0,Friday,2025,BMO Stadium,Angel City FC,Washington Spirit,22000.0,1464640.0,1,1,,3.0,8.0,218728.0,1464640.0
2lqRpdkWMr,2025-09-20 00:00:00+00:00,2025,8.576781982827894,5307.0,0,11,14,26.0,Saturday,2025,Shell Energy Stadium,Houston Dash,Chicago Stars FC,22039.0,549316.0,1,1,,,14.0,57833.0,549316.0
vzqoKN7jqa,2025-09-20 00:00:00+00:00,2025,9.93183202554527,20575.0,0,3,9,6.0,Saturday,2025,Inter&Co Stadium,Orlando Pride,North Carolina Courage,25500.0,263292.0,1,1,8.0,9.0,9.0,25319.0,263292.0
wvq9b8gZQW,2025-09-20 02:00:00+00:00,2025,9.039077442538963,8426.0,0,13,9,5.0,Saturday,2025,America First Field,Utah Royals FC,Racing Louisville FC,20213.0,316627.0,1,1,,7.0,18.0,12748.0,316627.0
315VpEX6Q9,2025-09-21 02:00:00+00:00,2025,9.822440173682805,18443.0,0,3,3,41.0,Sunday,2025,Providence Park,Portland Thorns FC,San Diego Wave FC,25218.0,694333.0,1,1,,,100.0,92452.0,694333.0
EGMPadnj5a,2025-09-22 00:30:00+00:00,2025,9.323043861889268,11193.0,0,12,5,14.0,Monday,2025,PayPal Park,Bay FC,NJ/NY Gotham FC,18000.0,471028.0,1,1,,1.0,11.0,15341.0,471028.0
Pk5Lpdkm5O,2025-09-27 00:00:00+00:00,2025,9.050406334059858,8522.0,0,3,3,19.0,Saturday,2025,Red Bull Arena,NJ/NY Gotham FC,Portland Thorns FC,25000.0,1051425.0,1,1,3.0,,16.0,64815.0,1051425.0
raMyj2mA5d,2025-09-27 02:30:00+00:00,2025,9.363919459904483,11660.0,1,4,6,14.0,Saturday,2025,Snapdragon Stadium,San Diego Wave FC,Orlando Pride,,402583.0,1,1,2.0,3.0,,9590.0,402583.0
7vQ7bjYYqD,2025-09-27 23:30:00+00:00,2025,8.711113884053544,6070.0,0,9,11,21.0,Saturday,2025,Lynn Family Stadium,Racing Louisville FC,Angel City FC,,188743.0,1,0,,4.0,6.0,26979.0,188743.0
eV5DpoVa5K,2025-09-28 02:00:00+00:00,2025,9.287116210778231,10798.0,0,12,13,6.0,Sunday,2025,PayPal Park,Bay FC,Utah Royals FC,18000.0,471028.0,1,1,,1.0,11.0,15341.0,471028.0
2vQ1bDZ4Mr,2025-09-28 17:00:00+00:00,2025,9.45053767785622,12715.0,1,2,10,20.0,Sunday,2025,Audi Field,Washington Spirit,Houston Dash,20000.0,676306.0,1,1,3.0,,8.0,30395.0,676306.0
a35rj2PB5L,2025-09-29 00:00:00+00:00,2025,9.055205875026193,8563.0,1,7,9,29.0,Monday,2025,Lumen Field,Seattle Reign FC,North Carolina Courage,38500.0,833559.0,0,1,3.0,,24.0,111635.0,833559.0
OlMljVAgqL,2025-10-04 00:00:00+00:00,2025,8.764990330169104,6406.0,0,10,4,14.0,Saturday,2025,Shell Energy Stadium,Houston Dash,Orlando Pride,22039.0,549316.0,1,1,,,14.0,57833.0,549316.0
Vj58bpy3Q8,2025-10-04 23:30:00+00:00,2025,8.884333185202735,7218.0,0,9,8,21.0,Saturday,2025,WakeMed Soccer Park,North Carolina Courage,Racing Louisville FC,,39683.0,1,0,,8.0,,11054.0,39683.0
9YqdjGa9Mv,2025-10-05 02:00:00+00:00,2025,9.957217874957095,21104.0,0,7,13,14.0,Sunday,2025,Providence Park,Portland Thorns FC,Bay FC,25218.0,694333.0,1,1,,,100.0,92452.0,694333.0
KXMeZ67x56,2025-10-05 17:00:00+00:00,2025,9.765489054378838,17422.0,1,2,8,7.0,Sunday,2025,Audi Field,Washington Spirit,San Diego Wave FC,20000.0,676306.0,1,1,3.0,,8.0,30395.0,676306.0
9vQ2bDj1QK,2025-10-05 20:00:00+00:00,2025,9.185227671161108,9752.0,0,3,6,8.0,Sunday,2025,Red Bull Arena,NJ/NY Gotham FC,Seattle Reign FC,25000.0,1051425.0,1,1,3.0,,16.0,64815.0,1051425.0
odMXpdJ2MY,2025-10-05 20:00:00+00:00,2025,8.21878715560148,3710.0,0,14,12,21.0,Sunday,2025,SeatGeek Stadium,Chicago Stars FC,Utah Royals FC,20000.0,,1,1,,,20.0,,
NPqxj2ygM9,2025-10-07 02:30:00+00:00,2025,9.318925682389624,11147.0,0,11,1,18.0,Tuesday,2025,BMO Stadium,Angel City FC,Kansas City Current,22000.0,1464640.0,1,1,,3.0,8.0,218728.0,1464640.0
aDQ0b2jp5E,2025-10-10 23:30:00+00:00,2025,8.648747631156539,5703.0,0,7,14,13.0,Friday,2025,Lynn Family Stadium,Racing Louisville FC,Chicago Stars FC,,188743.0,1,0,,4.0,6.0,26979.0,188743.0
KPqjj9Ryq6,2025-10-11 00:00:00+00:00,2025,8.863615758890619,7070.0,0,4,4,21.0,Saturday,2025,Inter&Co Stadium,Orlando Pride,Portland Thorns FC,25500.0,263292.0,1,1,8.0,9.0,9.0,25319.0,263292.0
xW5pbzklQg,2025-10-11 02:30:00+00:00,2025,8.812099108957337,6715.0,1,6,13,12.0,Saturday,2025,Lumen Field,Seattle Reign FC,Bay FC,38500.0,833559.0,0,1,3.0,,24.0,111635.0,833559.0
4JMAb6d65K,2025-10-11 23:30:00+00:00,2025,9.047586120674756,8498.0,0,9,2,7.0,Saturday,2025,WakeMed Soccer Park,North Carolina Courage,Washington Spirit,,39683.0,1,0,,8.0,,11054.0,39683.0
4wM4bDlzqj,2025-10-12 02:50:00+00:00,2025,9.100413892597578,8959.0,0,12,8,22.0,Sunday,2025,America First Field,Utah Royals FC,San Diego Wave FC,20213.0,316627.0,1,1,,7.0,18.0,12748.0,316627.0
XVqKzNdR50,2025-10-18 02:00:00+00:00,2025,9.511851382364405,13519.0,0,13,9,20.0,Saturday,2025,PayPal Park,Bay FC,North Carolina Courage,18000.0,471028.0,1,1,,1.0,11.0,15341.0,471028.0
BLMvj2PRMx,2025-10-18 02:00:00+00:00,2025,8.978408314628894,7930.0,1,5,12,6.0,Saturday,2025,Lumen Field,Seattle Reign FC,Utah Royals FC,38500.0,833559.0,0,1,3.0,,24.0,111635.0,833559.0
p6qbjWX6q0,2025-10-18 16:30:00+00:00,2025,9.743201422602786,17038.0,1,2,3,12.0,Saturday,2025,Audi Field,Washington Spirit,Orlando Pride,20000.0,676306.0,1,1,3.0,,8.0,30395.0,676306.0
ljqEmRDEqx,2025-10-18 23:30:00+00:00,2025,9.040263541598666,8436.0,0,10,1,14.0,Saturday,2025,Shell Energy Stadium,Houston Dash,Kansas City Current,22039.0,549316.0,1,1,,,14.0,57833.0,549316.0
e7Mzj2mXMr,2025-10-19 02:00:00+00:00,2025,9.736251633160215,16920.0,1,6,14,21.0,Sunday,2025,Snapdragon Stadium,San Diego Wave FC,Chicago Stars FC,,402583.0,1,1,2.0,3.0,,9590.0,402583.0
N6MmbPlR5E,2025-10-19 19:00:00+00:00,2025,9.325364048544964,11219.0,0,6,8,13.0,Sunday,2025,Red Bull Arena,NJ/NY Gotham FC,Racing Louisville FC,25000.0,1051425.0,1,1,3.0,,16.0,64815.0,1051425.0
Oa5wj2OjM1,2025-11-02 22:15:00+00:00,2025,8.347353412124338,4219.0,0,14,11,28.0,Sunday,2025,SeatGeek Stadium,Chicago Stars FC,Angel City FC,20000.0,,1,1,,,20.0,,
NWMWp4875l,2025-11-02 22:15:00+00:00,2025,9.069813136839207,8689.0,0,3,5,22.0,Sunday,2025,Inter&Co Stadium,Orlando Pride,Seattle Reign FC,25500.0,263292.0,1,1,8.0,9.0,9.0,25319.0,263292.0
eVq3bDp65W,2025-11-02 22:15:00+00:00,2025,8.790877754224164,6574.0,0,9,13,22.0,Sunday,2025,Lynn Family Stadium,Racing Louisville FC,Bay FC,,188743.0,1,0,,4.0,6.0,26979.0,188743.0
0x5gjnorM7,2025-11-02 22:15:00+00:00,2025,9.994378892724196,21903.0,0,4,10,28.0,Sunday,2025,Providence Park,Portland Thorns FC,Houston Dash,25218.0,694333.0,1,1,,,100.0,92452.0,694333.0
7VqGbYNe5v,2025-11-02 22:15:00+00:00,2025,9.123692565250511,9170.0,0,12,2,21.0,Sunday,2025,America First Field,Utah Royals FC,Washington Spirit,20213.0,316627.0,1,1,,7.0,18.0,12748.0,316627.0
KAqBbOVJqb,2025-11-02 22:15:00+00:00,2025,9.320986892063246,11170.0,0,9,7,21.0,Sunday,2025,WakeMed Soccer Park,North Carolina Courage,NJ/NY Gotham FC,,39683.0,1,0,,8.0,,11054.0,39683.0
0x5gxE17q7,2025-11-08 01:00:00+00:00,2025,9.337413454539659,11355.0,0,3,5,5.0,Saturday,2025,Inter&Co Stadium,Orlando Pride,Seattle Reign FC,25500.0,263292.0,1,1,8.0,9.0,9.0,25319.0,263292.0
7VqGX8zAQv,2025-11-08 17:00:00+00:00,2025,9.863446502998944,19215.0,1,3,6,21.0,Saturday,2025,Audi Field,Washington Spirit,Racing Louisville FC,20000.0,676306.0,1,1,3.0,,8.0,30395.0,676306.0
0Oq6o6WrQ6,2025-11-09 20:00:00+00:00,2025,9.868326587442539,19309.0,0,4,8,6.0,Sunday,2025,Providence Park,Portland Thorns FC,San Diego Wave FC,25218.0,694333.0,1,1,,,100.0,92452.0,694333.0
gOMnGEN65w,2025-11-15 17:00:00+00:00,2025,9.871222591948852,19365.0,1,3,3,7.0,Saturday,2025,Audi Field,Washington Spirit,Portland Thorns FC,20000.0,676306.0,1,1,3.0,,8.0,30395.0,676306.0
vzqoYEy7Ma,2025-11-16 20:00:00+00:00,2025,9.662370949231669,15715.0,0,3,5,8.0,Sunday,2025,Inter&Co Stadium,Orlando Pride,NJ/NY Gotham FC,25500.0,263292.0,1,1,8.0,9.0,9.0,25319.0,263292.0
9vQ2GgwmMK,2026-03-14 00:00:00+00:00,2026,9.863446502998944,19215.0,1,1,1,118.0,Saturday,2026,Audi Field,Washington Spirit,Portland Thorns FC,20000.0,676306.0,1,1,4.0,,8.0,30395.0,676306.0
KPqj3vyYQ6,2026-03-14 22:30:00+00:00,2026,9.481130576757746,13110.0,0,4,4,147.0,Saturday,2026,PayPal Park,Bay FC,Denver Summit FC,18000.0,471028.0,1,1,,2.0,11.0,15341.0,471028.0
xW5pOvNJMg,2026-03-14 23:00:00+00:00,2026,9.00663173330058,8157.0,0,5,5,132.0,Saturday,2026,WakeMed Soccer Park,North Carolina Courage,Racing Louisville FC,,39683.0,1,0,,9.0,,11054.0,39683.0
kRQalvAjqK,2026-03-15 00:45:00+00:00,2026,9.552368574168076,14078.0,1,6,6,146.0,Sunday,2026,Snapdragon Stadium,San Diego Wave FC,Houston Dash,,402583.0,1,1,3.0,4.0,,9590.0,402583.0
4JMA1Dz1MK,2026-03-15 20:00:00+00:00,2026,9.700146628518098,16320.0,0,7,7,119.0,Sunday,2026,Inter&Co Stadium,Orlando Pride,Seattle Reign FC,25500.0,263292.0,1,1,9.0,10.0,9.0,25319.0,263292.0
4wM4O6BNQj,2026-03-15 23:00:00+00:00,2026,9.729907675678929,16813.0,0,8,8,159.0,Sunday,2026,BMO Stadium,Angel City FC,Chicago Stars FC,22000.0,1464640.0,1,1,,4.0,8.0,218728.0,1464640.0
BLMvVgdWMx,2026-03-21 00:00:00+00:00,2026,8.864464055279676,7076.0,0,9,9,5.0,Saturday,2026,Inter&Co Stadium,Orlando Pride,Denver Summit FC,25500.0,263292.0,1,1,9.0,10.0,9.0,25319.0,263292.0
zeQZLvAr5K,2026-03-21 00:00:00+00:00,2026,8.652073673610056,5722.0,0,11,11,138.0,Saturday,2026,Lynn Family Stadium,Racing Louisville FC,Washington Spirit,,188743.0,1,0,,5.0,6.0,26979.0,188743.0
XVqKw0r0q0,2026-03-21 02:00:00+00:00,2026,9.967447781495006,21321.0,0,1,1,131.0,Saturday,2026,Providence Park,Portland Thorns FC,Seattle Reign FC,25218.0,694333.0,1,1,,,100.0,92452.0,694333.0
p6qbYEbw50,2026-03-21 20:00:00+00:00,2026,9.235910648087712,10259.0,0,2,13,153.0,Saturday,2026,Shell Energy Stadium,Houston Dash,Boston Legacy FC,22039.0,549316.0,1,1,,,14.0,57833.0,549316.0
ljqEd8v45x,2026-03-21 22:30:00+00:00,2026,9.286930974137896,10796.0,0,3,3,153.0,Saturday,2026,Red Bull Arena,NJ/NY Gotham FC,North Carolina Courage,25000.0,1051425.0,1,1,4.0,,16.0,64815.0,1051425.0
e7MzynNGQr,2026-03-22 00:45:00+00:00,2026,9.239802082125802,10299.0,0,5,5,7.0,Sunday,2026,PayPal Park,Bay FC,Angel City FC,18000.0,471028.0,1,1,,2.0,11.0,15341.0,471028.0
N6MmgvNxqE,2026-03-22 18:00:00+00:00,2026,8.340933226000878,4192.0,0,13,6,139.0,Sunday,2026,Northwestern Stadium,Chicago Stars FC,Kansas City Current,,782732.0,1,0,0.0,,,75360.0,782732.0
Xj5YPvARMb,2026-03-22 23:00:00+00:00,2026,9.187890243138591,9778.0,0,14,14,140.0,Sunday,2026,America First Field,Utah Royals FC,San Diego Wave FC,20213.0,316627.0,1,1,,8.0,18.0,12748.0,316627.0
jYQJJxrkQG,2026-03-25 23:00:00+00:00,2026,8.517193191416238,5000.0,0,4,11,4.0,Wednesday,2026,Red Bull Arena,NJ/NY Gotham FC,Denver Summit FC,25000.0,1051425.0,1,1,4.0,,16.0,64815.0,1051425.0
Oa5wPGN4q1,2026-03-25 23:00:00+00:00,2026,9.143024664691316,9349.0,1,12,15,11.0,Wednesday,2026,Audi Field,Washington Spirit,Utah Royals FC,20000.0,676306.0,1,1,4.0,,8.0,30395.0,676306.0
eVq36G3V5W,2026-03-26 00:00:00+00:00,2026,7.507141079727608,1821.0,0,7,13,3.0,Thursday,2026,Northwestern Stadium,Chicago Stars FC,Orlando Pride,,782732.0,1,0,0.0,,,75360.0,782732.0
NWMWkvZEMl,2026-03-26 02:00:00+00:00,2026,9.03931477492408,8428.0,1,8,1,11.0,Thursday,2026,Snapdragon Stadium,San Diego Wave FC,Portland Thorns FC,,402583.0,1,1,3.0,4.0,,9590.0,402583.0
0x5gxvKPq7,2026-03-28 02:00:00+00:00,2026,9.53935630792094,13896.0,0,1,1,12.0,Saturday,2026,BMO Stadium,Angel City FC,Houston Dash,22000.0,1464640.0,1,1,,4.0,8.0,218728.0,1464640.0
gpMOgKDrMz,2026-03-28 20:00:00+00:00,2026,9.725197856855544,16734.0,0,2,10,7.0,Saturday,2026,Providence Park,Portland Thorns FC,Kansas City Current,25218.0,694333.0,1,1,,,100.0,92452.0,694333.0
vzqoYv1JMa,2026-03-28 23:00:00+00:00,2026,8.85552084853691,7013.0,0,5,10,14.0,Saturday,2026,WakeMed Soccer Park,North Carolina Courage,Bay FC,,39683.0,1,0,,9.0,,11054.0,39683.0
2lqROv8JQr,2026-03-29 00:45:00+00:00,2026,9.45798139489078,12810.0,1,3,11,2.0,Sunday,2026,Snapdragon Stadium,San Diego Wave FC,Chicago Stars FC,,402583.0,1,1,3.0,4.0,,9590.0,402583.0
wvq9k97BMW,2026-03-29 23:00:00+00:00,2026,8.701013624333928,6009.0,0,6,6,4.0,Sunday,2026,Red Bull Arena,NJ/NY Gotham FC,Orlando Pride,25000.0,1051425.0,1,1,4.0,,16.0,64815.0,1051425.0
315V9vNnM9,2026-04-04 00:00:00+00:00,2026,8.992184362173012,8040.0,0,6,2,14.0,Saturday,2026,Inter&Co Stadium,Orlando Pride,Angel City FC,25500.0,263292.0,1,1,9.0,10.0,9.0,25319.0,263292.0
EGMPGzN6Qa,2026-04-04 00:30:00+00:00,2026,8.601901919343192,5442.0,0,5,15,13.0,Saturday,2026,Shell Energy Stadium,Houston Dash,Racing Louisville FC,22039.0,549316.0,1,1,,,14.0,57833.0,549316.0
Pk5L3jNYMO,2026-04-04 01:00:00+00:00,2026,9.211539652551664,10012.0,0,8,11,12.0,Saturday,2026,America First Field,Utah Royals FC,Chicago Stars FC,20213.0,316627.0,1,1,,8.0,18.0,12748.0,316627.0
raMyNOpd5d,2026-04-04 22:30:00+00:00,2026,8.85623355614316,7018.0,0,10,2,6.0,Saturday,2026,WakeMed Soccer Park,North Carolina Courage,Portland Thorns FC,,39683.0,1,0,,9.0,,11054.0,39683.0
eV5D8lnn5K,2026-04-05 21:00:00+00:00,2026,9.233763886919771,10237.0,0,7,14,14.0,Sunday,2026,PayPal Park,Bay FC,Washington Spirit,18000.0,471028.0,1,1,,2.0,11.0,15341.0,471028.0
2vQ1gW7O5r,2026-04-24 21:30:00+00:00,2026,8.502688505213357,4928.0,0,15,5,34.0,Friday,2026,Lynn Family Stadium,Racing Louisville FC,Orlando Pride,,188743.0,1,0,,5.0,6.0,26979.0,188743.0
a35row12qL,2026-04-25 00:00:00+00:00,2026,9.863446502998944,19215.0,1,9,7,30.0,Saturday,2026,Audi Field,Washington Spirit,Kansas City Current,20000.0,676306.0,1,1,4.0,,8.0,30395.0,676306.0
OlMlWv1DQL,2026-04-25 17:00:00+00:00,2026,8.879611609982035,7184.0,0,10,8,26.0,Saturday,2026,Red Bull Arena,NJ/NY Gotham FC,Bay FC,25000.0,1051425.0,1,1,4.0,,16.0,64815.0,1051425.0
Vj589R8Lq8,2026-04-25 22:30:00+00:00,2026,8.429235912657095,4579.0,0,14,16,30.0,Saturday,2026,Northwestern Stadium,Chicago Stars FC,Boston Legacy FC,,782732.0,1,0,0.0,,,75360.0,782732.0
9YqdevlEQv,2026-04-26 00:00:00+00:00,2026,8.826294231241318,6811.0,0,3,12,21.0,Sunday,2026,Shell Energy Stadium,Houston Dash,North Carolina Courage,22039.0,549316.0,1,1,,,14.0,57833.0,549316.0
odMXVvNxqY,2026-04-26 22:00:00+00:00,2026,9.719324300862802,16636.0,0,3,2,29.0,Sunday,2026,BMO Stadium,Angel City FC,Portland Thorns FC,22000.0,1464640.0,1,1,,4.0,8.0,218728.0,1464640.0
9vQ2Gg7mMK,2026-04-27 00:00:00+00:00,2026,9.01322999770879,8211.0,1,15,9,190.0,Monday,2026,Lumen Field,Seattle Reign FC,Utah Royals FC,38500.0,833559.0,0,1,4.0,,24.0,111635.0,833559.0
NPqxL61Xq9,2026-04-29 23:00:00+00:00,2026,9.26738211234338,10587.0,1,7,13,4.0,Wednesday,2026,Audi Field,Washington Spirit,Racing Louisville FC,20000.0,676306.0,1,1,4.0,,8.0,30395.0,676306.0
KPqj3vlYQ6,2026-04-30 00:00:00+00:00,2026,7.865955413933502,2607.0,0,10,8,4.0,Thursday,2026,Northwestern Stadium,Chicago Stars FC,NJ/NY Gotham FC,,782732.0,1,0,0.0,,,75360.0,782732.0
xW5pOvlJMg,2026-04-30 02:00:00+00:00,2026,9.893740201081249,19806.0,0,2,1,32.0,Thursday,2026,Providence Park,Portland Thorns FC,San Diego Wave FC,25218.0,694333.0,1,1,,,100.0,92452.0,694333.0
kRQalvEjqK,2026-05-02 00:00:00+00:00,2026,8.60611940061064,5465.0,0,6,15,6.0,Saturday,2026,Shell Energy Stadium,Houston Dash,Seattle Reign FC,22039.0,549316.0,1,1,,,14.0,57833.0,549316.0
4JMA1DG1MK,2026-05-02 21:37:00+00:00,2026,8.923591197573002,7507.0,0,9,3,28.0,Saturday,2026,Inter&Co Stadium,Orlando Pride,Washington Spirit,25500.0,263292.0,1,1,9.0,10.0,9.0,25319.0,263292.0
4wM4O67NQj,2026-05-02 22:30:00+00:00,2026,9.213435576883485,10031.0,0,7,10,28.0,Saturday,2026,WakeMed Soccer Park,North Carolina Courage,Kansas City Current,,39683.0,1,0,,9.0,,11054.0,39683.0
zeQZLvNr5K,2026-05-03 00:45:00+00:00,2026,9.627931659882188,15183.0,0,7,5,6.0,Sunday,2026,BMO Stadium,Angel City FC,Utah Royals FC,22000.0,1464640.0,1,1,,4.0,8.0,218728.0,1464640.0
BLMvVgxWMx,2026-05-03 17:00:00+00:00,2026,8.37655086161377,4344.0,0,11,1,3.0,Sunday,2026,Northwestern Stadium,Chicago Stars FC,Portland Thorns FC,,782732.0,1,0,0.0,,,75360.0,782732.0
p6qbYElw50,2026-05-03 21:00:00+00:00,2026,8.731174900938061,6193.0,0,5,13,8.0,Sunday,2026,Red Bull Arena,NJ/NY Gotham FC,Racing Louisville FC,25000.0,1051425.0,1,1,4.0,,16.0,64815.0,1051425.0
ljqEd8o45x,2026-05-03 23:00:00+00:00,2026,9.511037381505458,13508.0,1,2,11,35.0,Sunday,2026,Snapdragon Stadium,San Diego Wave FC,Bay FC,,402583.0,1,1,3.0,4.0,,9590.0,402583.0
e7MzynYGQr,2026-05-07 02:00:00+00:00,2026,8.823058934301647,6789.0,0,5,6,33.0,Thursday,2026,America First Field,Utah Royals FC,Houston Dash,20213.0,316627.0,1,1,,8.0,18.0,12748.0,316627.0
N6Mmgv1xqE,2026-05-08 22:30:00+00:00,2026,8.585972706811063,5356.0,0,13,1,14.0,Friday,2026,Lynn Family Stadium,Racing Louisville FC,Portland Thorns FC,,188743.0,1,0,,5.0,6.0,26979.0,188743.0
jYQJJxPkQG,2026-05-09 22:30:00+00:00,2026,9.33326571881348,11308.0,0,4,14,6.0,Saturday,2026,Red Bull Arena,NJ/NY Gotham FC,Boston Legacy FC,25000.0,1051425.0,1,1,4.0,,16.0,64815.0,1051425.0
eVq36G7V5W,2026-05-10 00:45:00+00:00,2026,9.750860711077213,17169.0,0,7,3,7.0,Sunday,2026,BMO Stadium,Angel City FC,San Diego Wave FC,22000.0,1464640.0,1,1,,4.0,8.0,218728.0,1464640.0
Oa5wPGe4q1,2026-05-10 01:36:00+00:00,2026,8.869398159883518,7111.0,0,6,15,8.0,Sunday,2026,Shell Energy Stadium,Houston Dash,Denver Summit FC,22039.0,549316.0,1,1,,,14.0,57833.0,549316.0
NWMWkv9EMl,2026-05-10 20:00:00+00:00,2026,9.366403507607771,11689.0,0,8,3,34.0,Sunday,2026,PayPal Park,Bay FC,Utah Royals FC,18000.0,471028.0,1,1,,2.0,11.0,15341.0,471028.0
0x5gxvRPq7,2026-05-10 23:00:00+00:00,2026,8.935508711503221,7597.0,1,16,5,13.0,Sunday,2026,Lumen Field,Seattle Reign FC,Washington Spirit,38500.0,833559.0,0,1,4.0,,24.0,111635.0,833559.0
gpMOgKWrMz,2026-05-16 02:00:00+00:00,2026,9.436120444611522,12533.0,0,7,11,5.0,Saturday,2026,PayPal Park,Bay FC,Boston Legacy FC,18000.0,471028.0,1,1,,2.0,11.0,15341.0,471028.0
vzqoYv8JMa,2026-05-16 02:00:00+00:00,2026,9.45798139489078,12810.0,1,2,4,12.0,Saturday,2026,Snapdragon Stadium,San Diego Wave FC,Washington Spirit,,402583.0,1,1,3.0,4.0,,9590.0,402583.0
gOMnGv8l5w,2026-05-16 02:00:00+00:00,2026,8.764990330169104,6406.0,1,16,5,5.0,Saturday,2026,Lumen Field,Seattle Reign FC,NJ/NY Gotham FC,38500.0,833559.0,0,1,4.0,,24.0,111635.0,833559.0
2lqROv6JQr,2026-05-16 22:30:00+00:00,2026,9.212637731024866,10023.0,0,9,15,14.0,Saturday,2026,WakeMed Soccer Park,North Carolina Courage,Chicago Stars FC,,39683.0,1,0,,9.0,,11054.0,39683.0
Oa5wPG8Dq1,2026-05-17 22:00:00+00:00,2026,9.93556744599954,20652.0,0,2,11,17.0,Sunday,2026,Providence Park,Portland Thorns FC,Angel City FC,25218.0,694333.0,1,1,,,100.0,92452.0,694333.0
eVq36GoX5W,2026-05-18 00:00:00+00:00,2026,8.781708985836179,6514.0,0,4,14,10.0,Monday,2026,America First Field,Utah Royals FC,Racing Louisville FC,20213.0,316627.0,1,1,,8.0,18.0,12748.0,316627.0
KAqBr1amqb,2026-05-21 00:00:00+00:00,2026,8.550241045462437,5168.0,0,9,1,10.0,Thursday,2026,Shell Energy Stadium,Houston Dash,San Diego Wave FC,22039.0,549316.0,1,1,,,14.0,57833.0,549316.0
NWMWkv9DMl,2026-05-21 02:00:00+00:00,2026,9.356516482133785,11574.0,0,10,6,11.0,Thursday,2026,BMO Stadium,Angel City FC,Kansas City Current,22000.0,1464640.0,1,1,,4.0,8.0,218728.0,1464640.0
0x5gxvRwq7,2026-05-21 02:00:00+00:00,2026,9.660332602134424,15683.0,0,2,8,3.0,Thursday,2026,Providence Park,Portland Thorns FC,Bay FC,25218.0,694333.0,1,1,,,100.0,92452.0,694333.0
0Oq6onkgQ6,2026-05-23 20:00:00+00:00,2026,8.689801056022553,5942.0,0,14,8,14.0,Saturday,2026,Lynn Family Stadium,Racing Louisville FC,North Carolina Courage,,188743.0,1,0,,5.0,6.0,26979.0,188743.0
gpMOgKWDMz,2026-05-23 22:30:00+00:00,2026,9.866512316411233,19274.0,0,3,11,5.0,Saturday,2026,America First Field,Utah Royals FC,Denver Summit FC,20213.0,316627.0,1,1,,8.0,18.0,12748.0,316627.0
gOMnGv885w,2026-05-24 00:45:00+00:00,2026,8.733432966413652,6207.0,0,9,8,3.0,Sunday,2026,Shell Energy Stadium,Houston Dash,Angel City FC,22039.0,549316.0,1,1,,,14.0,57833.0,549316.0
2lqROv6aQr,2026-05-24 21:00:00+00:00,2026,9.39391114817057,12015.0,0,10,15,8.0,Sunday,2026,PayPal Park,Bay FC,Chicago Stars FC,18000.0,471028.0,1,1,,2.0,11.0,15341.0,471028.0
wvq9k9LNMW,2026-05-24 23:00:00+00:00,2026,9.405002140854743,12149.0,1,3,14,8.0,Sunday,2026,Snapdragon Stadium,San Diego Wave FC,Orlando Pride,,402583.0,1,1,3.0,4.0,,9590.0,402583.0
315V9vRYM9,2026-05-30 00:00:00+00:00,2026,8.705165419719007,6034.0,0,15,12,6.0,Saturday,2026,Lynn Family Stadium,Racing Louisville FC,Denver Summit FC,,188743.0,1,0,,5.0,6.0,26979.0,188743.0
9z5kBvPJMA,2026-05-30 00:10:00+00:00,2026,9.004545458996587,8140.0,0,11,11,27.0,Saturday,2026,Inter&Co Stadium,Orlando Pride,Bay FC,25500.0,263292.0,1,1,9.0,10.0,9.0,25319.0,263292.0
Pk5L3jwEMO,2026-05-30 20:00:00+00:00,2026,9.906134047477034,20053.0,0,1,1,9.0,Saturday,2026,Providence Park,Portland Thorns FC,Utah Royals FC,25218.0,694333.0,1,1,,,100.0,92452.0,694333.0
gjMNWaB35K,2026-05-30 22:30:00+00:00,2026,9.871222591948852,19365.0,1,6,16,30.0,Saturday,2026,Audi Field,Washington Spirit,Seattle Reign FC,20000.0,676306.0,1,1,4.0,,8.0,30395.0,676306.0
raMyNOxl5d,2026-05-31 17:00:00+00:00,2026,8.701845363548474,6014.0,0,13,3,28.0,Sunday,2026,Northwestern Stadium,Chicago Stars FC,San Diego Wave FC,,782732.0,1,0,0.0,,,75360.0,782732.0
7vQ7RoVOqD,2026-05-31 19:00:00+00:00,2026,9.263786347681808,10549.0,0,6,8,21.0,Sunday,2026,Red Bull Arena,NJ/NY Gotham FC,Houston Dash,25000.0,1051425.0,1,1,4.0,,16.0,64815.0,1051425.0
eV5D8ly95K,2026-05-31 23:00:00+00:00,2026,9.683900170549684,16057.0,0,10,7,10.0,Sunday,2026,BMO Stadium,Angel City FC,North Carolina Courage,22000.0,1464640.0,1,1,,4.0,8.0,218728.0,1464640.0
2vQ1gWOb5r,2026-07-04 00:00:00+00:00,2026,9.667258761673263,15792.0,1,6,8,34.0,Saturday,2026,Audi Field,Washington Spirit,Houston Dash,20000.0,676306.0,1,1,4.0,,8.0,30395.0,676306.0
OlMlWvL4QL,2026-07-04 02:00:00+00:00,2026,9.539644119118783,13900.0,0,10,8,33.0,Saturday,2026,BMO Stadium,Angel City FC,Orlando Pride,22000.0,1464640.0,1,1,,4.0,8.0,218728.0,1464640.0
Vj589RPDq8,2026-07-04 23:30:00+00:00,2026,8.871505346165781,7126.0,0,7,16,49.0,Saturday,2026,WakeMed Soccer Park,North Carolina Courage,Seattle Reign FC,,39683.0,1,0,,9.0,,11054.0,39683.0
9YqdevO7Qv,2026-07-05 00:45:00+00:00,2026,9.26785427817679,10592.0,1,1,6,41.0,Sunday,2026,Snapdragon Stadium,San Diego Wave FC,NJ/NY Gotham FC,,402583.0,1,1,3.0,4.0,,9590.0,402583.0
odMXVvkeqY,2026-07-05 21:00:00+00:00,2026,8.332308352219117,4156.0,0,13,2,35.0,Sunday,2026,Northwestern Stadium,Chicago Stars FC,Utah Royals FC,,782732.0,1,0,0.0,,,75360.0,782732.0
9vQ2GgnLMK,2026-07-05 23:00:00+00:00,2026,9.719444514843833,16638.0,0,2,15,36.0,Sunday,2026,Providence Park,Portland Thorns FC,Racing Louisville FC,25218.0,694333.0,1,1,,,100.0,92452.0,694333.0
aDQ0WB6GqE,2026-07-11 00:00:00+00:00,2026,8.580731212220226,5328.0,0,15,13,42.0,Saturday,2026,Lynn Family Stadium,Racing Louisville FC,Bay FC,,188743.0,1,0,,5.0,6.0,26979.0,188743.0
KPqj3vV2Q6,2026-07-11 01:03:00+00:00,2026,8.994420665751292,8058.0,0,9,3,42.0,Saturday,2026,Inter&Co Stadium,Orlando Pride,Kansas City Current,25500.0,263292.0,1,1,9.0,10.0,9.0,25319.0,263292.0
xW5pOv8RMg,2026-07-11 02:00:00+00:00,2026,9.211739392889891,10014.0,0,3,6,48.0,Saturday,2026,America First Field,Utah Royals FC,NJ/NY Gotham FC,20213.0,316627.0,1,1,,8.0,18.0,12748.0,316627.0
kRQalvgkqK,2026-07-11 22:30:00+00:00,2026,9.074062353683555,8726.0,0,7,6,6.0,Saturday,2026,WakeMed Soccer Park,North Carolina Courage,Washington Spirit,,39683.0,1,0,,9.0,,11054.0,39683.0
4JMA1DX2MK,2026-07-12 00:45:00+00:00,2026,9.672878705110646,15881.0,1,1,9,7.0,Sunday,2026,Snapdragon Stadium,San Diego Wave FC,Angel City FC,,402583.0,1,1,3.0,4.0,,9590.0,402583.0
4wM4O6RyQj,2026-07-12 20:00:00+00:00,2026,9.601909374892236,14793.0,1,16,2,57.0,Sunday,2026,Lumen Field,Seattle Reign FC,Portland Thorns FC,38500.0,833559.0,0,1,4.0,,24.0,111635.0,833559.0
XVqKw0NWq0,2026-07-15 23:00:00+00:00,2026,8.700181192753353,6004.0,0,9,14,4.0,Wednesday,2026,Inter&Co Stadium,Orlando Pride,Boston Legacy FC,25500.0,263292.0,1,1,9.0,10.0,9.0,25319.0,263292.0
N6MmgvPWqE,2026-07-18 20:00:00+00:00,2026,9.399389249519563,12081.0,0,11,7,54.0,Saturday,2026,PayPal Park,Bay FC,North Carolina Courage,18000.0,471028.0,1,1,,2.0,11.0,15341.0,471028.0
Xj5YPvdyMb,2026-07-18 22:30:00+00:00,2026,8.8065738205036,6678.0,0,13,8,13.0,Saturday,2026,Northwestern Stadium,Chicago Stars FC,Angel City FC,,782732.0,1,0,0.0,,,75360.0,782732.0
Oa5wPG2Dq1,2026-07-19 00:45:00+00:00,2026,9.16858043772795,9591.0,0,5,9,7.0,Sunday,2026,America First Field,Utah Royals FC,Orlando Pride,20213.0,316627.0,1,1,,8.0,18.0,12748.0,316627.0
jYQJJxLZQG,2026-07-19 01:00:00+00:00,2026,8.461257559085935,4728.0,0,15,11,8.0,Sunday,2026,Lynn Family Stadium,Racing Louisville FC,Houston Dash,,188743.0,1,0,,5.0,6.0,26979.0,188743.0
KAqBr1Omqb,2026-07-25 00:00:00+00:00,2026,8.891511570527564,7270.0,0,11,10,61.0,Saturday,2026,Shell Energy Stadium,Houston Dash,Bay FC,22039.0,549316.0,1,1,,,14.0,57833.0,549316.0
NWMWkv4DMl,2026-07-25 00:00:00+00:00,2026,8.803424211600703,6657.0,0,9,13,9.0,Saturday,2026,Inter&Co Stadium,Orlando Pride,Chicago Stars FC,25500.0,263292.0,1,1,9.0,10.0,9.0,25319.0,263292.0
0x5gxvnwq7,2026-07-25 02:00:00+00:00,2026,9.987047145635058,21743.0,0,2,6,19.0,Saturday,2026,Providence Park,Portland Thorns FC,NJ/NY Gotham FC,25218.0,694333.0,1,1,,,100.0,92452.0,694333.0
0Oq6onZgQ6,2026-07-25 23:45:00+00:00,2026,8.872487182278038,7133.0,0,8,3,14.0,Saturday,2026,WakeMed Soccer Park,North Carolina Courage,Utah Royals FC,,39683.0,1,0,,9.0,,11054.0,39683.0
gpMOgKdDMz,2026-07-26 21:00:00+00:00,2026,9.286930974137896,10796.0,1,2,16,14.0,Sunday,2026,Snapdragon Stadium,San Diego Wave FC,Seattle Reign FC,,402583.0,1,1,3.0,4.0,,9590.0,402583.0
gOMnGvL85w,2026-07-26 23:00:00+00:00,2026,9.627009150591672,15169.0,1,4,12,22.0,Sunday,2026,Audi Field,Washington Spirit,Denver Summit FC,20000.0,676306.0,1,1,4.0,,8.0,30395.0,676306.0
vzqoYvNNMa,2026-07-27 01:00:00+00:00,2026,9.67457740632758,15908.0,0,7,16,22.0,Monday,2026,BMO Stadium,Angel City FC,Racing Louisville FC,22000.0,1464640.0,1,1,,4.0,8.0,218728.0,1464640.0
wvq9k98NMW,2026-07-30 01:00:00+00:00,2026,9.16303909885817,9538.0,0,1,2,11.0,Thursday,2026,America First Field,Utah Royals FC,Washington Spirit,20213.0,316627.0,1,1,,8.0,18.0,12748.0,316627.0
9z5kBvkJMA,2026-07-30 02:00:00+00:00,2026,9.40738632416852,12178.0,0,11,6,11.0,Thursday,2026,PayPal Park,Bay FC,NJ/NY Gotham FC,18000.0,471028.0,1,1,,2.0,11.0,15341.0,471028.0
315V9vEYM9,2026-08-01 00:00:00+00:00,2026,8.886270902072013,7232.0,0,8,9,6.0,Saturday,2026,WakeMed Soccer Park,North Carolina Courage,Orlando Pride,,39683.0,1,0,,9.0,,11054.0,39683.0
EGMPGzdxQa,2026-08-01 20:00:00+00:00,2026,8.546363568716018,5148.0,0,15,13,13.0,Saturday,2026,Lynn Family Stadium,Racing Louisville FC,Chicago Stars FC,,188743.0,1,0,,5.0,6.0,26979.0,188743.0
gjMNWad35K,2026-08-02 00:00:00+00:00,2026,8.9242570208881,7512.0,0,10,5,8.0,Sunday,2026,Shell Energy Stadium,Houston Dash,NJ/NY Gotham FC,22039.0,549316.0,1,1,,,14.0,57833.0,549316.0
raMyNO2l5d,2026-08-02 00:45:00+00:00,2026,9.344783848525674,11439.0,0,11,16,2.0,Sunday,2026,PayPal Park,Bay FC,Seattle Reign FC,18000.0,471028.0,1,1,,2.0,11.0,15341.0,471028.0
7vQ7RojOqD,2026-08-02 20:00:00+00:00,2026,9.57983281962553,14470.0,1,1,4,6.0,Sunday,2026,Audi Field,Washington Spirit,San Diego Wave FC,20000.0,676306.0,1,1,4.0,,8.0,30395.0,676306.0
eV5D8lo95K,2026-08-02 23:00:00+00:00,2026,8.739216115061744,6243.0,0,4,6,3.0,Sunday,2026,America First Field,Utah Royals FC,Portland Thorns FC,20213.0,316627.0,1,1,,8.0,18.0,12748.0,316627.0
OlMlWvV4QL,2026-08-08 00:25:00+00:00,2026,8.752897524775305,6329.0,0,4,2,68.0,Saturday,2026,Red Bull Arena,NJ/NY Gotham FC,San Diego Wave FC,25000.0,1051425.0,1,1,4.0,,16.0,64815.0,1051425.0
9YqdevG7Qv,2026-08-08 22:30:00+00:00,2026,9.55874117946267,14168.0,1,3,7,6.0,Saturday,2026,Audi Field,Washington Spirit,North Carolina Courage,20000.0,676306.0,1,1,4.0,,8.0,30395.0,676306.0
odMXVvdeqY,2026-08-09 00:45:00+00:00,2026,8.86953877719374,7112.0,0,10,5,7.0,Sunday,2026,Shell Energy Stadium,Houston Dash,Kansas City Current,22039.0,549316.0,1,1,,,14.0,57833.0,549316.0
NPqxL62Wq9,2026-08-09 23:00:00+00:00,2026,8.502079553606189,4925.0,0,15,11,22.0,Sunday,2026,Northwestern Stadium,Chicago Stars FC,Bay FC,,782732.0,1,0,0.0,,,75360.0,782732.0
aDQ0WB2GqE,2026-08-10 01:00:00+00:00,2026,8.868131713503033,7102.0,1,14,8,28.0,Monday,2026,Lumen Field,Seattle Reign FC,Angel City FC,38500.0,833559.0,0,1,4.0,,24.0,111635.0,833559.0
KPqj3v92Q6,2026-08-15 00:00:00+00:00,2026,9.171807422259398,9622.0,0,1,5,6.0,Saturday,2026,Red Bull Arena,NJ/NY Gotham FC,Kansas City Current,25000.0,1051425.0,1,1,4.0,,16.0,64815.0,1051425.0
xW5pOvzRMg,2026-08-15 02:00:00+00:00,2026,9.507700460979235,13463.0,1,3,12,19.0,Saturday,2026,Snapdragon Stadium,San Diego Wave FC,Denver Summit FC,,402583.0,1,1,3.0,4.0,,9590.0,402583.0
4JMA1D62MK,2026-08-15 02:00:00+00:00,2026,8.856518497019858,7020.0,0,2,11,12.0,Saturday,2026,America First Field,Utah Royals FC,Bay FC,20213.0,316627.0,1,1,,8.0,18.0,12748.0,316627.0
kRQalvBkqK,2026-08-15 02:00:00+00:00,2026,8.941937914256359,7646.0,1,13,15,5.0,Saturday,2026,Lumen Field,Seattle Reign FC,Chicago Stars FC,38500.0,833559.0,0,1,4.0,,24.0,111635.0,833559.0
4wM4O6DyQj,2026-08-15 22:30:00+00:00,2026,8.85623355614316,7018.0,0,14,16,14.0,Saturday,2026,Lynn Family Stadium,Racing Louisville FC,Boston Legacy FC,,188743.0,1,0,,5.0,6.0,26979.0,188743.0
zeQZLvaY5K,2026-08-16 00:45:00+00:00,2026,9.857757700829954,19106.0,0,6,9,21.0,Sunday,2026,Providence Park,Portland Thorns FC,Orlando Pride,25218.0,694333.0,1,1,,,100.0,92452.0,694333.0
BLMvVgelMx,2026-08-16 23:00:00+00:00,2026,8.858084222199162,7031.0,0,7,9,15.0,Sunday,2026,WakeMed Soccer Park,North Carolina Courage,Houston Dash,,39683.0,1,0,,9.0,,11054.0,39683.0
