from_id,GEOID,travel_time_minutes,site_id,site_name
yankee_stadium,36081003400,83.0,yankee_stadium,Yankee Stadium
yankee_stadium,36081003900,58.0,yankee_stadium,Yankee Stadium
yankee_stadium,36081003600,82.0,yankee_stadium,Yankee Stadium
yankee_stadium,36081003700,60.0,yankee_stadium,Yankee Stadium
yankee_stadium,36081003800,80.0,yankee_stadium,Yankee Stadium
yankee_stadium,36081004001,79.0,yankee_stadium,Yankee Stadium
yankee_stadium,36081004200,76.0,yankee_stadium,Yankee Stadium
yankee_stadium,36081004300,53.0,yankee_stadium,Yankee Stadium
yankee_stadium,36081077907,75.0,yankee_stadium,Yankee Stadium
yankee_stadium,36081024000,72.0,yankee_stadium,Yankee Stadium
yankee_stadium,36081024300,63.0,yankee_stadium,Yankee Stadium
yankee_stadium,36081077908,77.0,yankee_stadium,Yankee Stadium
yankee_stadium,36081024500,57.0,yankee_stadium,Yankee Stadium
yankee_stadium,36081024900,54.0,yankee_stadium,Yankee Stadium
yankee_stadium,36081025100,55.0,yankee_stadium,Yankee Stadium
yankee_stadium,36081025500,57.0,yankee_stadium,Yankee Stadium
yankee_stadium,36081025700,56.0,yankee_stadium,Yankee Stadium
yankee_stadium,36081100801,,yankee_stadium,Yankee Stadium
yankee_stadium,36081102900,86.0,yankee_stadium,Yankee Stadium
yankee_stadium,36047021100,64.0,yankee_stadium,Yankee Stadium
yankee_stadium,36081025800,84.0,yankee_stadium,Yankee Stadium
yankee_stadium,36081026000,85.0,yankee_stadium,Yankee Stadium
yankee_stadium,36081026200,85.0,yankee_stadium,Yankee Stadium
yankee_stadium,36081026300,52.0,yankee_stadium,Yankee Stadium
yankee_stadium,36081026600,87.0,yankee_stadium,Yankee Stadium
yankee_stadium,36047048500,51.0,yankee_stadium,Yankee Stadium
yankee_stadium,36081107202,113.0,yankee_stadium,Yankee Stadium
yankee_stadium,36081103201,113.0,yankee_stadium,Yankee Stadium
yankee_stadium,36081103202,,yankee_stadium,Yankee Stadium
yankee_stadium,36081103900,71.0,yankee_stadium,Yankee Stadium
yankee_stadium,36081104700,78.0,yankee_stadium,Yankee Stadium
yankee_stadium,36081105900,90.0,yankee_stadium,Yankee Stadium
yankee_stadium,36081027000,84.0,yankee_stadium,Yankee Stadium
yankee_stadium,36081027200,81.0,yankee_stadium,Yankee Stadium
yankee_stadium,36081027400,85.0,yankee_stadium,Yankee Stadium
yankee_stadium,36081027800,93.0,yankee_stadium,Yankee Stadium
yankee_stadium,36081027900,62.0,yankee_stadium,Yankee Stadium
yankee_stadium,36081028000,91.0,yankee_stadium,Yankee Stadium
yankee_stadium,36081028100,60.0,yankee_stadium,Yankee Stadium
yankee_stadium,36081028200,89.0,yankee_stadium,Yankee Stadium
yankee_stadium,36081028400,96.0,yankee_stadium,Yankee Stadium
yankee_stadium,36081094500,80.0,yankee_stadium,Yankee Stadium
yankee_stadium,36081094700,77.0,yankee_stadium,Yankee Stadium
yankee_stadium,36081096400,,yankee_stadium,Yankee Stadium
yankee_stadium,36081097300,83.0,yankee_stadium,Yankee Stadium
yankee_stadium,36081098100,95.0,yankee_stadium,Yankee Stadium
yankee_stadium,36081098700,94.0,yankee_stadium,Yankee Stadium
yankee_stadium,36081099100,95.0,yankee_stadium,Yankee Stadium
yankee_stadium,36081099200,115.0,yankee_stadium,Yankee Stadium
yankee_stadium,36047080800,75.0,yankee_stadium,Yankee Stadium
yankee_stadium,36081099900,111.0,yankee_stadium,Yankee Stadium
yankee_stadium,36047123700,69.0,yankee_stadium,Yankee Stadium
yankee_stadium,36081112300,96.0,yankee_stadium,Yankee Stadium
yankee_stadium,36081109700,95.0,yankee_stadium,Yankee Stadium
yankee_stadium,36081109900,90.0,yankee_stadium,Yankee Stadium
yankee_stadium,36081112900,99.0,yankee_stadium,Yankee Stadium
yankee_stadium,36081113900,84.0,yankee_stadium,Yankee Stadium
yankee_stadium,36081114100,90.0,yankee_stadium,Yankee Stadium
yankee_stadium,36081029100,56.0,yankee_stadium,Yankee Stadium
yankee_stadium,36081029300,54.0,yankee_stadium,Yankee Stadium
yankee_stadium,36081029500,56.0,yankee_stadium,Yankee Stadium
yankee_stadium,36081029700,64.0,yankee_stadium,Yankee Stadium
yankee_stadium,36081028700,57.0,yankee_stadium,Yankee Stadium
yankee_stadium,36081028900,54.0,yankee_stadium,Yankee Stadium
yankee_stadium,36081029900,58.0,yankee_stadium,Yankee Stadium
yankee_stadium,36081031700,59.0,yankee_stadium,Yankee Stadium
yankee_stadium,36081032000,103.0,yankee_stadium,Yankee Stadium
yankee_stadium,36081032800,101.0,yankee_stadium,Yankee Stadium
yankee_stadium,36081032900,51.0,yankee_stadium,Yankee Stadium
yankee_stadium,36081033000,97.0,yankee_stadium,Yankee Stadium
yankee_stadium,36081033100,60.0,yankee_stadium,Yankee Stadium
yankee_stadium,36081033900,63.0,yankee_stadium,Yankee Stadium
yankee_stadium,36081039400,103.0,yankee_stadium,Yankee Stadium
yankee_stadium,36081039800,93.0,yankee_stadium,Yankee Stadium
yankee_stadium,36081040200,98.0,yankee_stadium,Yankee Stadium
yankee_stadium,36081040400,96.0,yankee_stadium,Yankee Stadium
yankee_stadium,36081041100,69.0,yankee_stadium,Yankee Stadium
yankee_stadium,36081041400,89.0,yankee_stadium,Yankee Stadium
yankee_stadium,36081041500,67.0,yankee_stadium,Yankee Stadium
yankee_stadium,36081042700,72.0,yankee_stadium,Yankee Stadium
yankee_stadium,36081043400,88.0,yankee_stadium,Yankee Stadium
yankee_stadium,36081045000,80.0,yankee_stadium,Yankee Stadium
yankee_stadium,36081045400,78.0,yankee_stadium,Yankee Stadium
yankee_stadium,36081045500,77.0,yankee_stadium,Yankee Stadium
yankee_stadium,36081045600,86.0,yankee_stadium,Yankee Stadium
yankee_stadium,36081044602,71.0,yankee_stadium,Yankee Stadium
yankee_stadium,36081044800,74.0,yankee_stadium,Yankee Stadium
yankee_stadium,36081045800,83.0,yankee_stadium,Yankee Stadium
yankee_stadium,36081046200,83.0,yankee_stadium,Yankee Stadium
yankee_stadium,36081046300,64.0,yankee_stadium,Yankee Stadium
yankee_stadium,36081046400,88.0,yankee_stadium,Yankee Stadium
yankee_stadium,36081046500,58.0,yankee_stadium,Yankee Stadium
yankee_stadium,36081046600,84.0,yankee_stadium,Yankee Stadium
yankee_stadium,36081046700,59.0,yankee_stadium,Yankee Stadium
yankee_stadium,36081046800,82.0,yankee_stadium,Yankee Stadium
yankee_stadium,36081047000,87.0,yankee_stadium,Yankee Stadium
yankee_stadium,36081047100,67.0,yankee_stadium,Yankee Stadium
yankee_stadium,36081047200,90.0,yankee_stadium,Yankee Stadium
yankee_stadium,36081047300,61.0,yankee_stadium,Yankee Stadium
yankee_stadium,36081047500,67.0,yankee_stadium,Yankee Stadium
yankee_stadium,36081004500,56.0,yankee_stadium,Yankee Stadium
yankee_stadium,36081004700,51.0,yankee_stadium,Yankee Stadium
yankee_stadium,36081005000,79.0,yankee_stadium,Yankee Stadium
yankee_stadium,36081005300,50.0,yankee_stadium,Yankee Stadium
yankee_stadium,36081005400,77.0,yankee_stadium,Yankee Stadium
yankee_stadium,36081005800,84.0,yankee_stadium,Yankee Stadium
yankee_stadium,36081006100,49.0,yankee_stadium,Yankee Stadium
yankee_stadium,36081030904,48.0,yankee_stadium,Yankee Stadium
yankee_stadium,36081043702,76.0,yankee_stadium,Yankee Stadium
yankee_stadium,36081044301,72.0,yankee_stadium,Yankee Stadium
yankee_stadium,36081036500,64.0,yankee_stadium,Yankee Stadium
yankee_stadium,36081036600,98.0,yankee_stadium,Yankee Stadium
yankee_stadium,36081035800,106.0,yankee_stadium,Yankee Stadium
yankee_stadium,36081036700,63.0,yankee_stadium,Yankee Stadium
yankee_stadium,36081036800,93.0,yankee_stadium,Yankee Stadium
yankee_stadium,36081065401,100.0,yankee_stadium,Yankee Stadium
yankee_stadium,36081065402,111.0,yankee_stadium,Yankee Stadium
yankee_stadium,36081037100,66.0,yankee_stadium,Yankee Stadium
yankee_stadium,36081037300,62.0,yankee_stadium,Yankee Stadium
yankee_stadium,36081037600,110.0,yankee_stadium,Yankee Stadium
yankee_stadium,36081038100,64.0,yankee_stadium,Yankee Stadium
yankee_stadium,36081007700,52.0,yankee_stadium,Yankee Stadium
yankee_stadium,36081008600,81.0,yankee_stadium,Yankee Stadium
yankee_stadium,36081008700,55.0,yankee_stadium,Yankee Stadium
yankee_stadium,36081008800,87.0,yankee_stadium,Yankee Stadium
yankee_stadium,36081007900,55.0,yankee_stadium,Yankee Stadium
yankee_stadium,36081008100,56.0,yankee_stadium,Yankee Stadium
yankee_stadium,36081008300,52.0,yankee_stadium,Yankee Stadium
yankee_stadium,36081009100,58.0,yankee_stadium,Yankee Stadium
yankee_stadium,36081009400,82.0,yankee_stadium,Yankee Stadium
yankee_stadium,36081009500,48.0,yankee_stadium,Yankee Stadium
yankee_stadium,36081009600,89.0,yankee_stadium,Yankee Stadium
yankee_stadium,36081009800,89.0,yankee_stadium,Yankee Stadium
yankee_stadium,36081009900,59.0,yankee_stadium,Yankee Stadium
yankee_stadium,36081034700,51.0,yankee_stadium,Yankee Stadium
yankee_stadium,36081035200,98.0,yankee_stadium,Yankee Stadium
yankee_stadium,36081035300,57.0,yankee_stadium,Yankee Stadium
yankee_stadium,36081026501,50.0,yankee_stadium,Yankee Stadium
yankee_stadium,36081037502,62.0,yankee_stadium,Yankee Stadium
yankee_stadium,36081089202,108.0,yankee_stadium,Yankee Stadium
yankee_stadium,36081027301,58.0,yankee_stadium,Yankee Stadium
yankee_stadium,36081000104,43.0,yankee_stadium,Yankee Stadium
yankee_stadium,36081027101,58.0,yankee_stadium,Yankee Stadium
yankee_stadium,36081040702,65.0,yankee_stadium,Yankee Stadium
yankee_stadium,36081040302,59.0,yankee_stadium,Yankee Stadium
yankee_stadium,36081040102,60.0,yankee_stadium,Yankee Stadium
yankee_stadium,36081027302,62.0,yankee_stadium,Yankee Stadium
yankee_stadium,36081040902,58.0,yankee_stadium,Yankee Stadium
yankee_stadium,36081043900,76.0,yankee_stadium,Yankee Stadium
yankee_stadium,36081044000,90.0,yankee_stadium,Yankee Stadium
yankee_stadium,36081044601,74.0,yankee_stadium,Yankee Stadium
yankee_stadium,36081007500,49.0,yankee_stadium,Yankee Stadium
yankee_stadium,36081006300,48.0,yankee_stadium,Yankee Stadium
yankee_stadium,36081007100,49.0,yankee_stadium,Yankee Stadium
yankee_stadium,36081010000,87.0,yankee_stadium,Yankee Stadium
yankee_stadium,36081010300,56.0,yankee_stadium,Yankee Stadium
yankee_stadium,36081010500,64.0,yankee_stadium,Yankee Stadium
yankee_stadium,36081010600,80.0,yankee_stadium,Yankee Stadium
yankee_stadium,36081010701,79.0,yankee_stadium,Yankee Stadium
yankee_stadium,36081011000,86.0,yankee_stadium,Yankee Stadium
yankee_stadium,36081011200,84.0,yankee_stadium,Yankee Stadium
yankee_stadium,36081011300,52.0,yankee_stadium,Yankee Stadium
yankee_stadium,36081010200,89.0,yankee_stadium,Yankee Stadium
yankee_stadium,36081011500,47.0,yankee_stadium,Yankee Stadium
yankee_stadium,36081011700,49.0,yankee_stadium,Yankee Stadium
yankee_stadium,36081011800,86.0,yankee_stadium,Yankee Stadium
yankee_stadium,36081012200,75.0,yankee_stadium,Yankee Stadium
yankee_stadium,36081012301,59.0,yankee_stadium,Yankee Stadium
yankee_stadium,36081012400,81.0,yankee_stadium,Yankee Stadium
yankee_stadium,36081012602,84.0,yankee_stadium,Yankee Stadium
yankee_stadium,36081013200,76.0,yankee_stadium,Yankee Stadium
yankee_stadium,36081013400,73.0,yankee_stadium,Yankee Stadium
yankee_stadium,36081013500,58.0,yankee_stadium,Yankee Stadium
yankee_stadium,36081013600,71.0,yankee_stadium,Yankee Stadium
yankee_stadium,36081013700,48.0,yankee_stadium,Yankee Stadium
yankee_stadium,36081013800,72.0,yankee_stadium,Yankee Stadium
yankee_stadium,36081014000,72.0,yankee_stadium,Yankee Stadium
yankee_stadium,36081014202,74.0,yankee_stadium,Yankee Stadium
yankee_stadium,36081014500,53.0,yankee_stadium,Yankee Stadium
yankee_stadium,36081015000,85.0,yankee_stadium,Yankee Stadium
yankee_stadium,36081015200,78.0,yankee_stadium,Yankee Stadium
yankee_stadium,36081015400,83.0,yankee_stadium,Yankee Stadium
yankee_stadium,36081015500,54.0,yankee_stadium,Yankee Stadium
yankee_stadium,36081015600,82.0,yankee_stadium,Yankee Stadium
yankee_stadium,36081015700,50.0,yankee_stadium,Yankee Stadium
yankee_stadium,36081014700,53.0,yankee_stadium,Yankee Stadium
yankee_stadium,36081014800,83.0,yankee_stadium,Yankee Stadium
yankee_stadium,36081014900,54.0,yankee_stadium,Yankee Stadium
yankee_stadium,36081018502,51.0,yankee_stadium,Yankee Stadium
yankee_stadium,36081016300,54.0,yankee_stadium,Yankee Stadium
yankee_stadium,36081016600,85.0,yankee_stadium,Yankee Stadium
yankee_stadium,36081016800,89.0,yankee_stadium,Yankee Stadium
yankee_stadium,36081016900,58.0,yankee_stadium,Yankee Stadium
yankee_stadium,36081017000,86.0,yankee_stadium,Yankee Stadium
yankee_stadium,36081066402,111.0,yankee_stadium,Yankee Stadium
yankee_stadium,36081017200,90.0,yankee_stadium,Yankee Stadium
yankee_stadium,36081017400,91.0,yankee_stadium,Yankee Stadium
yankee_stadium,36081017600,94.0,yankee_stadium,Yankee Stadium
yankee_stadium,36081018000,92.0,yankee_stadium,Yankee Stadium
yankee_stadium,36081025301,48.0,yankee_stadium,Yankee Stadium
yankee_stadium,36081018200,87.0,yankee_stadium,Yankee Stadium
yankee_stadium,36081025302,51.0,yankee_stadium,Yankee Stadium
yankee_stadium,36081066404,117.0,yankee_stadium,Yankee Stadium
yankee_stadium,36081033403,96.0,yankee_stadium,Yankee Stadium
yankee_stadium,36081033404,97.0,yankee_stadium,Yankee Stadium
yankee_stadium,36081000102,46.0,yankee_stadium,Yankee Stadium
yankee_stadium,36081053501,71.0,yankee_stadium,Yankee Stadium
yankee_stadium,36081026502,55.0,yankee_stadium,Yankee Stadium
yankee_stadium,36081048301,57.0,yankee_stadium,Yankee Stadium
yankee_stadium,36081039902,61.0,yankee_stadium,Yankee Stadium
yankee_stadium,36047070601,105.0,yankee_stadium,Yankee Stadium
yankee_stadium,36047088002,66.0,yankee_stadium,Yankee Stadium
yankee_stadium,36047070602,,yankee_stadium,Yankee Stadium
yankee_stadium,36047006901,51.0,yankee_stadium,Yankee Stadium
yankee_stadium,36047006902,54.0,yankee_stadium,Yankee Stadium
yankee_stadium,36047033701,58.0,yankee_stadium,Yankee Stadium
yankee_stadium,36047033702,59.0,yankee_stadium,Yankee Stadium
yankee_stadium,36047088001,67.0,yankee_stadium,Yankee Stadium
yankee_stadium,36081018401,84.0,yankee_stadium,Yankee Stadium
yankee_stadium,36081018700,57.0,yankee_stadium,Yankee Stadium
yankee_stadium,36081018402,84.0,yankee_stadium,Yankee Stadium
yankee_stadium,36081018600,84.0,yankee_stadium,Yankee Stadium
yankee_stadium,36081018800,85.0,yankee_stadium,Yankee Stadium
yankee_stadium,36081026902,57.0,yankee_stadium,Yankee Stadium
yankee_stadium,36081019200,81.0,yankee_stadium,Yankee Stadium
yankee_stadium,36081030903,59.0,yankee_stadium,Yankee Stadium
yankee_stadium,36081019600,80.0,yankee_stadium,Yankee Stadium
yankee_stadium,36081018900,54.0,yankee_stadium,Yankee Stadium
yankee_stadium,36081019000,79.0,yankee_stadium,Yankee Stadium
yankee_stadium,36081020400,71.0,yankee_stadium,Yankee Stadium
yankee_stadium,36081020600,75.0,yankee_stadium,Yankee Stadium
yankee_stadium,36081020800,64.0,yankee_stadium,Yankee Stadium
yankee_stadium,36081021200,70.0,yankee_stadium,Yankee Stadium
yankee_stadium,36081021400,70.0,yankee_stadium,Yankee Stadium
yankee_stadium,36081021900,76.0,yankee_stadium,Yankee Stadium
yankee_stadium,36081022001,73.0,yankee_stadium,Yankee Stadium
yankee_stadium,36081022900,73.0,yankee_stadium,Yankee Stadium
yankee_stadium,36081023000,79.0,yankee_stadium,Yankee Stadium
yankee_stadium,36081043701,73.0,yankee_stadium,Yankee Stadium
yankee_stadium,36081061302,76.0,yankee_stadium,Yankee Stadium
yankee_stadium,36081071306,69.0,yankee_stadium,Yankee Stadium
yankee_stadium,36081077906,71.0,yankee_stadium,Yankee Stadium
yankee_stadium,36081057900,74.0,yankee_stadium,Yankee Stadium
yankee_stadium,36081058000,110.0,yankee_stadium,Yankee Stadium
yankee_stadium,36081058100,67.0,yankee_stadium,Yankee Stadium
yankee_stadium,36081058900,66.0,yankee_stadium,Yankee Stadium
yankee_stadium,36081090700,77.0,yankee_stadium,Yankee Stadium
yankee_stadium,36081092900,98.0,yankee_stadium,Yankee Stadium
yankee_stadium,36059300902,,yankee_stadium,Yankee Stadium
yankee_stadium,36059300901,,yankee_stadium,Yankee Stadium
yankee_stadium,36059303204,,yankee_stadium,Yankee Stadium
yankee_stadium,36059303203,,yankee_stadium,Yankee Stadium
yankee_stadium,36081049301,71.0,yankee_stadium,Yankee Stadium
yankee_stadium,36081049302,71.0,yankee_stadium,Yankee Stadium
yankee_stadium,36081049500,76.0,yankee_stadium,Yankee Stadium
yankee_stadium,36081049600,97.0,yankee_stadium,Yankee Stadium
yankee_stadium,36081049700,74.0,yankee_stadium,Yankee Stadium
yankee_stadium,36081049900,71.0,yankee_stadium,Yankee Stadium
yankee_stadium,36081060100,71.0,yankee_stadium,Yankee Stadium
yankee_stadium,36081059100,65.0,yankee_stadium,Yankee Stadium
yankee_stadium,36081059200,112.0,yankee_stadium,Yankee Stadium
yankee_stadium,36081059300,72.0,yankee_stadium,Yankee Stadium
yankee_stadium,36081059400,115.0,yankee_stadium,Yankee Stadium
yankee_stadium,36081059800,112.0,yankee_stadium,Yankee Stadium
yankee_stadium,36081059900,72.0,yankee_stadium,Yankee Stadium
yankee_stadium,36081060000,115.0,yankee_stadium,Yankee Stadium
yankee_stadium,36081060600,114.0,yankee_stadium,Yankee Stadium
yankee_stadium,36081060701,78.0,yankee_stadium,Yankee Stadium
yankee_stadium,36081060800,111.0,yankee_stadium,Yankee Stadium
yankee_stadium,36081061400,117.0,yankee_stadium,Yankee Stadium
yankee_stadium,36081061602,111.0,yankee_stadium,Yankee Stadium
yankee_stadium,36081051500,69.0,yankee_stadium,Yankee Stadium
yankee_stadium,36081051600,104.0,yankee_stadium,Yankee Stadium
yankee_stadium,36081051700,71.0,yankee_stadium,Yankee Stadium
yankee_stadium,36081050000,93.0,yankee_stadium,Yankee Stadium
yankee_stadium,36081051800,102.0,yankee_stadium,Yankee Stadium
yankee_stadium,36081052100,74.0,yankee_stadium,Yankee Stadium
yankee_stadium,36081052200,102.0,yankee_stadium,Yankee Stadium
yankee_stadium,36081050201,90.0,yankee_stadium,Yankee Stadium
yankee_stadium,36081050500,73.0,yankee_stadium,Yankee Stadium
yankee_stadium,36081050700,76.0,yankee_stadium,Yankee Stadium
yankee_stadium,36081050800,94.0,yankee_stadium,Yankee Stadium
yankee_stadium,36081051000,98.0,yankee_stadium,Yankee Stadium
yankee_stadium,36081051100,69.0,yankee_stadium,Yankee Stadium
yankee_stadium,36081051300,72.0,yankee_stadium,Yankee Stadium
yankee_stadium,36081080301,82.0,yankee_stadium,Yankee Stadium
yankee_stadium,36081080302,74.0,yankee_stadium,Yankee Stadium
yankee_stadium,36081080900,74.0,yankee_stadium,Yankee Stadium
yankee_stadium,36081081400,99.0,yankee_stadium,Yankee Stadium
yankee_stadium,36081081800,96.0,yankee_stadium,Yankee Stadium
yankee_stadium,36081052400,98.0,yankee_stadium,Yankee Stadium
yankee_stadium,36081052800,101.0,yankee_stadium,Yankee Stadium
yankee_stadium,36081053000,105.0,yankee_stadium,Yankee Stadium
yankee_stadium,36081061800,108.0,yankee_stadium,Yankee Stadium
yankee_stadium,36081061900,85.0,yankee_stadium,Yankee Stadium
yankee_stadium,36081062000,113.0,yankee_stadium,Yankee Stadium
yankee_stadium,36081062100,81.0,yankee_stadium,Yankee Stadium
yankee_stadium,36081062400,,yankee_stadium,Yankee Stadium
yankee_stadium,36081062600,105.0,yankee_stadium,Yankee Stadium
yankee_stadium,36081062700,79.0,yankee_stadium,Yankee Stadium
yankee_stadium,36061030900,39.0,yankee_stadium,Yankee Stadium
yankee_stadium,36061004400,55.0,yankee_stadium,Yankee Stadium
yankee_stadium,36061012101,38.0,yankee_stadium,Yankee Stadium
yankee_stadium,36061010803,32.0,yankee_stadium,Yankee Stadium
yankee_stadium,36061010802,36.0,yankee_stadium,Yankee Stadium
yankee_stadium,36061015403,33.0,yankee_stadium,Yankee Stadium
yankee_stadium,36061015402,37.0,yankee_stadium,Yankee Stadium
yankee_stadium,36061004001,42.0,yankee_stadium,Yankee Stadium
yankee_stadium,36061013604,34.0,yankee_stadium,Yankee Stadium
yankee_stadium,36061013203,39.0,yankee_stadium,Yankee Stadium
yankee_stadium,36061013602,40.0,yankee_stadium,Yankee Stadium
yankee_stadium,36081062900,81.0,yankee_stadium,Yankee Stadium
yankee_stadium,36081083700,82.0,yankee_stadium,Yankee Stadium
yankee_stadium,36081083800,91.0,yankee_stadium,Yankee Stadium
yankee_stadium,36081084000,92.0,yankee_stadium,Yankee Stadium
yankee_stadium,36081084500,77.0,yankee_stadium,Yankee Stadium
yankee_stadium,36081084601,92.0,yankee_stadium,Yankee Stadium
yankee_stadium,36081053401,109.0,yankee_stadium,Yankee Stadium
yankee_stadium,36081000701,35.0,yankee_stadium,Yankee Stadium
yankee_stadium,36081053601,101.0,yankee_stadium,Yankee Stadium
yankee_stadium,36081054000,103.0,yankee_stadium,Yankee Stadium
yankee_stadium,36081040701,58.0,yankee_stadium,Yankee Stadium
yankee_stadium,36081001901,42.0,yankee_stadium,Yankee Stadium
yankee_stadium,36081017902,41.0,yankee_stadium,Yankee Stadium
yankee_stadium,36081023502,48.0,yankee_stadium,Yankee Stadium
yankee_stadium,36081049201,92.0,yankee_stadium,Yankee Stadium
yankee_stadium,36081097207,,yankee_stadium,Yankee Stadium
yankee_stadium,36081047802,89.0,yankee_stadium,Yankee Stadium
yankee_stadium,36081049202,91.0,yankee_stadium,Yankee Stadium
yankee_stadium,36081063700,83.0,yankee_stadium,Yankee Stadium
yankee_stadium,36081063800,104.0,yankee_stadium,Yankee Stadium
yankee_stadium,36081063900,85.0,yankee_stadium,Yankee Stadium
yankee_stadium,36081064101,87.0,yankee_stadium,Yankee Stadium
yankee_stadium,36081064102,85.0,yankee_stadium,Yankee Stadium
yankee_stadium,36081063301,88.0,yankee_stadium,Yankee Stadium
yankee_stadium,36081063302,87.0,yankee_stadium,Yankee Stadium
yankee_stadium,36081063500,85.0,yankee_stadium,Yankee Stadium
yankee_stadium,36081064500,74.0,yankee_stadium,Yankee Stadium
yankee_stadium,36081064600,109.0,yankee_stadium,Yankee Stadium
yankee_stadium,36081065000,104.0,yankee_stadium,Yankee Stadium
yankee_stadium,36081084602,104.0,yankee_stadium,Yankee Stadium
yankee_stadium,36081086100,76.0,yankee_stadium,Yankee Stadium
yankee_stadium,36081086300,77.0,yankee_stadium,Yankee Stadium
yankee_stadium,36081086400,98.0,yankee_stadium,Yankee Stadium
yankee_stadium,36081086500,71.0,yankee_stadium,Yankee Stadium
yankee_stadium,36081087100,67.0,yankee_stadium,Yankee Stadium
yankee_stadium,36081088400,94.0,yankee_stadium,Yankee Stadium
yankee_stadium,36081054500,60.0,yankee_stadium,Yankee Stadium
yankee_stadium,36081054200,102.0,yankee_stadium,Yankee Stadium
yankee_stadium,36081054700,60.0,yankee_stadium,Yankee Stadium
yankee_stadium,36081054800,91.0,yankee_stadium,Yankee Stadium
yankee_stadium,36081065600,110.0,yankee_stadium,Yankee Stadium
yankee_stadium,36081065702,76.0,yankee_stadium,Yankee Stadium
yankee_stadium,36081065900,80.0,yankee_stadium,Yankee Stadium
yankee_stadium,36081066000,111.0,yankee_stadium,Yankee Stadium
yankee_stadium,36081047600,96.0,yankee_stadium,Yankee Stadium
yankee_stadium,36081047900,68.0,yankee_stadium,Yankee Stadium
yankee_stadium,36081048500,65.0,yankee_stadium,Yankee Stadium
yankee_stadium,36081048900,74.0,yankee_stadium,Yankee Stadium
yankee_stadium,36081055900,58.0,yankee_stadium,Yankee Stadium
yankee_stadium,36081056100,86.0,yankee_stadium,Yankee Stadium
yankee_stadium,36081056500,65.0,yankee_stadium,Yankee Stadium
yankee_stadium,36081056700,74.0,yankee_stadium,Yankee Stadium
yankee_stadium,36081055200,93.0,yankee_stadium,Yankee Stadium
yankee_stadium,36081055300,62.0,yankee_stadium,Yankee Stadium
yankee_stadium,36081055400,98.0,yankee_stadium,Yankee Stadium
yankee_stadium,36081055500,58.0,yankee_stadium,Yankee Stadium
yankee_stadium,36081055700,66.0,yankee_stadium,Yankee Stadium
yankee_stadium,36081055800,100.0,yankee_stadium,Yankee Stadium
yankee_stadium,36081056800,97.0,yankee_stadium,Yankee Stadium
yankee_stadium,36081057700,72.0,yankee_stadium,Yankee Stadium
yankee_stadium,36081066501,79.0,yankee_stadium,Yankee Stadium
yankee_stadium,36081067700,78.0,yankee_stadium,Yankee Stadium
yankee_stadium,36081068000,104.0,yankee_stadium,Yankee Stadium
yankee_stadium,36081068200,95.0,yankee_stadium,Yankee Stadium
yankee_stadium,36081068700,67.0,yankee_stadium,Yankee Stadium
yankee_stadium,36081069000,105.0,yankee_stadium,Yankee Stadium
yankee_stadium,36081116302,79.0,yankee_stadium,Yankee Stadium
yankee_stadium,36081003302,50.0,yankee_stadium,Yankee Stadium
yankee_stadium,36081000103,51.0,yankee_stadium,Yankee Stadium
yankee_stadium,36081116301,77.0,yankee_stadium,Yankee Stadium
yankee_stadium,36081047801,99.0,yankee_stadium,Yankee Stadium
yankee_stadium,36081021603,66.0,yankee_stadium,Yankee Stadium
yankee_stadium,36081000702,44.0,yankee_stadium,Yankee Stadium
yankee_stadium,36081019902,55.0,yankee_stadium,Yankee Stadium
yankee_stadium,36081001902,42.0,yankee_stadium,Yankee Stadium
yankee_stadium,36081120702,88.0,yankee_stadium,Yankee Stadium
yankee_stadium,36081019901,54.0,yankee_stadium,Yankee Stadium
yankee_stadium,36081053502,69.0,yankee_stadium,Yankee Stadium
yankee_stadium,36081017901,46.0,yankee_stadium,Yankee Stadium
yankee_stadium,36081023501,55.0,yankee_stadium,Yankee Stadium
yankee_stadium,36081030906,64.0,yankee_stadium,Yankee Stadium
yankee_stadium,36081030905,59.0,yankee_stadium,Yankee Stadium
yankee_stadium,36081027702,62.0,yankee_stadium,Yankee Stadium
yankee_stadium,36081101004,,yankee_stadium,Yankee Stadium
yankee_stadium,36081101003,116.0,yankee_stadium,Yankee Stadium
yankee_stadium,36081097206,,yankee_stadium,Yankee Stadium
yankee_stadium,36081100803,109.0,yankee_stadium,Yankee Stadium
yankee_stadium,36081100804,117.0,yankee_stadium,Yankee Stadium
yankee_stadium,36081155103,116.0,yankee_stadium,Yankee Stadium
yankee_stadium,36081066401,,yankee_stadium,Yankee Stadium
yankee_stadium,36081033405,97.0,yankee_stadium,Yankee Stadium
yankee_stadium,36081155104,106.0,yankee_stadium,Yankee Stadium
yankee_stadium,36081025402,86.0,yankee_stadium,Yankee Stadium
yankee_stadium,36081025401,79.0,yankee_stadium,Yankee Stadium
yankee_stadium,36081028803,94.0,yankee_stadium,Yankee Stadium
yankee_stadium,36081028802,94.0,yankee_stadium,Yankee Stadium
yankee_stadium,36081069300,65.0,yankee_stadium,Yankee Stadium
yankee_stadium,36081069400,111.0,yankee_stadium,Yankee Stadium
yankee_stadium,36081069500,75.0,yankee_stadium,Yankee Stadium
yankee_stadium,36081069701,69.0,yankee_stadium,Yankee Stadium
yankee_stadium,36081138501,88.0,yankee_stadium,Yankee Stadium
yankee_stadium,36081138502,100.0,yankee_stadium,Yankee Stadium
yankee_stadium,36081143500,92.0,yankee_stadium,Yankee Stadium
yankee_stadium,36081144100,92.0,yankee_stadium,Yankee Stadium
yankee_stadium,36081144700,96.0,yankee_stadium,Yankee Stadium
yankee_stadium,36081145101,92.0,yankee_stadium,Yankee Stadium
yankee_stadium,36081145102,89.0,yankee_stadium,Yankee Stadium
yankee_stadium,36081139900,91.0,yankee_stadium,Yankee Stadium
yankee_stadium,36081140901,86.0,yankee_stadium,Yankee Stadium
yankee_stadium,36081140902,88.0,yankee_stadium,Yankee Stadium
yankee_stadium,36081142900,91.0,yankee_stadium,Yankee Stadium
yankee_stadium,36081146300,94.0,yankee_stadium,Yankee Stadium
yankee_stadium,36081146700,95.0,yankee_stadium,Yankee Stadium
yankee_stadium,36081147100,95.0,yankee_stadium,Yankee Stadium
yankee_stadium,36081147900,106.0,yankee_stadium,Yankee Stadium
yankee_stadium,36081148300,108.0,yankee_stadium,Yankee Stadium
yankee_stadium,36081150701,108.0,yankee_stadium,Yankee Stadium
yankee_stadium,36081071600,113.0,yankee_stadium,Yankee Stadium
yankee_stadium,36081069702,80.0,yankee_stadium,Yankee Stadium
yankee_stadium,36081070700,72.0,yankee_stadium,Yankee Stadium
yankee_stadium,36081071100,65.0,yankee_stadium,Yankee Stadium
yankee_stadium,36081072900,72.0,yankee_stadium,Yankee Stadium
yankee_stadium,36081073900,59.0,yankee_stadium,Yankee Stadium
yankee_stadium,36081074300,66.0,yankee_stadium,Yankee Stadium
yankee_stadium,36081074500,68.0,yankee_stadium,Yankee Stadium
yankee_stadium,36081076902,63.0,yankee_stadium,Yankee Stadium
yankee_stadium,36081073100,74.0,yankee_stadium,Yankee Stadium
yankee_stadium,36081073700,61.0,yankee_stadium,Yankee Stadium
yankee_stadium,36081077300,68.0,yankee_stadium,Yankee Stadium
yankee_stadium,36081077500,68.0,yankee_stadium,Yankee Stadium
yankee_stadium,36081077902,77.0,yankee_stadium,Yankee Stadium
yankee_stadium,36081077903,77.0,yankee_stadium,Yankee Stadium
yankee_stadium,36081077905,79.0,yankee_stadium,Yankee Stadium
yankee_stadium,36081078800,90.0,yankee_stadium,Yankee Stadium
yankee_stadium,36081079200,91.0,yankee_stadium,Yankee Stadium
yankee_stadium,36081079300,101.0,yankee_stadium,Yankee Stadium
yankee_stadium,36081079900,75.0,yankee_stadium,Yankee Stadium
yankee_stadium,36081150702,114.0,yankee_stadium,Yankee Stadium
yankee_stadium,36081152901,,yankee_stadium,Yankee Stadium
yankee_stadium,36081152902,118.0,yankee_stadium,Yankee Stadium
yankee_stadium,36081155101,,yankee_stadium,Yankee Stadium
yankee_stadium,36081156700,101.0,yankee_stadium,Yankee Stadium
yankee_stadium,36081157101,106.0,yankee_stadium,Yankee Stadium
yankee_stadium,36081157901,114.0,yankee_stadium,Yankee Stadium
yankee_stadium,36081157902,110.0,yankee_stadium,Yankee Stadium
yankee_stadium,36081157903,112.0,yankee_stadium,Yankee Stadium
yankee_stadium,36081161700,111.0,yankee_stadium,Yankee Stadium
yankee_stadium,36081162100,108.0,yankee_stadium,Yankee Stadium
yankee_stadium,36081037900,67.0,yankee_stadium,Yankee Stadium
yankee_stadium,36081048200,89.0,yankee_stadium,Yankee Stadium
yankee_stadium,36081048400,96.0,yankee_stadium,Yankee Stadium
yankee_stadium,36081037501,58.0,yankee_stadium,Yankee Stadium
yankee_stadium,36081040901,59.0,yankee_stadium,Yankee Stadium
yankee_stadium,36081120701,85.0,yankee_stadium,Yankee Stadium
yankee_stadium,36081066301,75.0,yankee_stadium,Yankee Stadium
yankee_stadium,36081088902,76.0,yankee_stadium,Yankee Stadium
yankee_stadium,36081088903,74.0,yankee_stadium,Yankee Stadium
yankee_stadium,36081040502,57.0,yankee_stadium,Yankee Stadium
yankee_stadium,36081040501,57.0,yankee_stadium,Yankee Stadium
yankee_stadium,36081040301,60.0,yankee_stadium,Yankee Stadium
yankee_stadium,36081039901,60.0,yankee_stadium,Yankee Stadium
yankee_stadium,36081040101,60.0,yankee_stadium,Yankee Stadium
yankee_stadium,36081134701,81.0,yankee_stadium,Yankee Stadium
yankee_stadium,36081134702,90.0,yankee_stadium,Yankee Stadium
yankee_stadium,36081028801,86.0,yankee_stadium,Yankee Stadium
yankee_stadium,36081084902,69.0,yankee_stadium,Yankee Stadium
yankee_stadium,36081066302,85.0,yankee_stadium,Yankee Stadium
yankee_stadium,36081122703,78.0,yankee_stadium,Yankee Stadium
yankee_stadium,36081122704,76.0,yankee_stadium,Yankee Stadium
yankee_stadium,36081021602,66.0,yankee_stadium,Yankee Stadium
yankee_stadium,36081027102,55.0,yankee_stadium,Yankee Stadium
yankee_stadium,36081046902,54.0,yankee_stadium,Yankee Stadium
yankee_stadium,36081046901,61.0,yankee_stadium,Yankee Stadium
yankee_stadium,36081119300,87.0,yankee_stadium,Yankee Stadium
yankee_stadium,36081119900,84.0,yankee_stadium,Yankee Stadium
yankee_stadium,36081120500,79.0,yankee_stadium,Yankee Stadium
yankee_stadium,36081121500,77.0,yankee_stadium,Yankee Stadium
yankee_stadium,36081122300,82.0,yankee_stadium,Yankee Stadium
yankee_stadium,36081119500,88.0,yankee_stadium,Yankee Stadium
yankee_stadium,36081122702,72.0,yankee_stadium,Yankee Stadium
yankee_stadium,36081124100,82.0,yankee_stadium,Yankee Stadium
yankee_stadium,36081125700,79.0,yankee_stadium,Yankee Stadium
yankee_stadium,36081126500,78.0,yankee_stadium,Yankee Stadium
yankee_stadium,36081126700,85.0,yankee_stadium,Yankee Stadium
yankee_stadium,36081128300,93.0,yankee_stadium,Yankee Stadium
yankee_stadium,36081130100,96.0,yankee_stadium,Yankee Stadium
yankee_stadium,36081056600,93.0,yankee_stadium,Yankee Stadium
yankee_stadium,36081115100,86.0,yankee_stadium,Yankee Stadium
yankee_stadium,36081120300,84.0,yankee_stadium,Yankee Stadium
yankee_stadium,36081066100,82.0,yankee_stadium,Yankee Stadium
yankee_stadium,36081079000,89.0,yankee_stadium,Yankee Stadium
yankee_stadium,36081103300,85.0,yankee_stadium,Yankee Stadium
yankee_stadium,36081133300,89.0,yankee_stadium,Yankee Stadium
yankee_stadium,36081134100,81.0,yankee_stadium,Yankee Stadium
yankee_stadium,36081136700,94.0,yankee_stadium,Yankee Stadium
yankee_stadium,36081101002,,yankee_stadium,Yankee Stadium
yankee_stadium,36081101700,96.0,yankee_stadium,Yankee Stadium
yankee_stadium,36081115500,83.0,yankee_stadium,Yankee Stadium
yankee_stadium,36081093900,93.0,yankee_stadium,Yankee Stadium
yankee_stadium,36081001903,47.0,yankee_stadium,Yankee Stadium
yankee_stadium,36081053901,60.0,yankee_stadium,Yankee Stadium
yankee_stadium,36081117100,77.0,yankee_stadium,Yankee Stadium
yankee_stadium,36081116100,75.0,yankee_stadium,Yankee Stadium
yankee_stadium,36081116700,79.0,yankee_stadium,Yankee Stadium
yankee_stadium,36081117500,84.0,yankee_stadium,Yankee Stadium
yankee_stadium,36081118100,90.0,yankee_stadium,Yankee Stadium
yankee_stadium,36081119100,85.0,yankee_stadium,Yankee Stadium
yankee_stadium,36081017102,57.0,yankee_stadium,Yankee Stadium
yankee_stadium,36081017101,51.0,yankee_stadium,Yankee Stadium
yankee_stadium,36081027701,56.0,yankee_stadium,Yankee Stadium
yankee_stadium,36081003301,40.0,yankee_stadium,Yankee Stadium
yankee_stadium,36081000101,45.0,yankee_stadium,Yankee Stadium
yankee_stadium,36081021601,64.0,yankee_stadium,Yankee Stadium
yankee_stadium,36085015100,94.0,yankee_stadium,Yankee Stadium
yankee_stadium,36085016901,91.0,yankee_stadium,Yankee Stadium
yankee_stadium,36059980100,,yankee_stadium,Yankee Stadium
yankee_stadium,36059990200,,yankee_stadium,Yankee Stadium
yankee_stadium,36085014700,91.0,yankee_stadium,Yankee Stadium
yankee_stadium,36085020100,98.0,yankee_stadium,Yankee Stadium
yankee_stadium,36085031902,106.0,yankee_stadium,Yankee Stadium
yankee_stadium,36085000300,108.0,yankee_stadium,Yankee Stadium
yankee_stadium,36085000600,94.0,yankee_stadium,Yankee Stadium
yankee_stadium,36085000800,79.0,yankee_stadium,Yankee Stadium
yankee_stadium,36085001100,102.0,yankee_stadium,Yankee Stadium
yankee_stadium,36085001700,97.0,yankee_stadium,Yankee Stadium
yankee_stadium,36085002002,72.0,yankee_stadium,Yankee Stadium
yankee_stadium,36085002100,111.0,yankee_stadium,Yankee Stadium
yankee_stadium,36085002900,88.0,yankee_stadium,Yankee Stadium
yankee_stadium,36085003300,100.0,yankee_stadium,Yankee Stadium
yankee_stadium,36085017300,93.0,yankee_stadium,Yankee Stadium
yankee_stadium,36061023400,25.0,yankee_stadium,Yankee Stadium
yankee_stadium,36061023501,20.0,yankee_stadium,Yankee Stadium
yankee_stadium,36061023502,17.0,yankee_stadium,Yankee Stadium
yankee_stadium,36061023600,26.0,yankee_stadium,Yankee Stadium
yankee_stadium,36061023700,30.0,yankee_stadium,Yankee Stadium
yankee_stadium,36061023900,20.0,yankee_stadium,Yankee Stadium
yankee_stadium,36061024000,38.0,yankee_stadium,Yankee Stadium
yankee_stadium,36061024301,26.0,yankee_stadium,Yankee Stadium
yankee_stadium,36061024302,18.0,yankee_stadium,Yankee Stadium
yankee_stadium,36061024500,27.0,yankee_stadium,Yankee Stadium
yankee_stadium,36061024900,26.0,yankee_stadium,Yankee Stadium
yankee_stadium,36061025500,48.0,yankee_stadium,Yankee Stadium
yankee_stadium,36061026300,31.0,yankee_stadium,Yankee Stadium
yankee_stadium,36061026500,33.0,yankee_stadium,Yankee Stadium
yankee_stadium,36061026700,33.0,yankee_stadium,Yankee Stadium
yankee_stadium,36061026900,32.0,yankee_stadium,Yankee Stadium
yankee_stadium,36061027500,57.0,yankee_stadium,Yankee Stadium
yankee_stadium,36061027700,35.0,yankee_stadium,Yankee Stadium
yankee_stadium,36061027900,35.0,yankee_stadium,Yankee Stadium
yankee_stadium,36061028500,37.0,yankee_stadium,Yankee Stadium
yankee_stadium,36061028700,54.0,yankee_stadium,Yankee Stadium
yankee_stadium,36061008601,54.0,yankee_stadium,Yankee Stadium
yankee_stadium,36061029100,40.0,yankee_stadium,Yankee Stadium
yankee_stadium,36061029300,34.0,yankee_stadium,Yankee Stadium
yankee_stadium,36061029500,40.0,yankee_stadium,Yankee Stadium
yankee_stadium,36061029700,54.0,yankee_stadium,Yankee Stadium
yankee_stadium,36061030300,38.0,yankee_stadium,Yankee Stadium
yankee_stadium,36061016300,47.0,yankee_stadium,Yankee Stadium
yankee_stadium,36061029900,35.0,yankee_stadium,Yankee Stadium
yankee_stadium,36085003900,106.0,yankee_stadium,Yankee Stadium
yankee_stadium,36085004700,93.0,yankee_stadium,Yankee Stadium
yankee_stadium,36085005000,75.0,yankee_stadium,Yankee Stadium
yankee_stadium,36085006400,74.0,yankee_stadium,Yankee Stadium
yankee_stadium,36085007500,102.0,yankee_stadium,Yankee Stadium
yankee_stadium,36085008100,102.0,yankee_stadium,Yankee Stadium
yankee_stadium,36085009601,77.0,yankee_stadium,Yankee Stadium
yankee_stadium,36061010602,41.0,yankee_stadium,Yankee Stadium
yankee_stadium,36061010900,37.0,yankee_stadium,Yankee Stadium
yankee_stadium,36061011000,33.0,yankee_stadium,Yankee Stadium
yankee_stadium,36061011202,32.0,yankee_stadium,Yankee Stadium
yankee_stadium,36061011203,27.0,yankee_stadium,Yankee Stadium
yankee_stadium,36061031100,32.0,yankee_stadium,Yankee Stadium
yankee_stadium,36061003700,54.0,yankee_stadium,Yankee Stadium
yankee_stadium,36061005200,37.0,yankee_stadium,Yankee Stadium
yankee_stadium,36061010100,35.0,yankee_stadium,Yankee Stadium
yankee_stadium,36061014700,37.0,yankee_stadium,Yankee Stadium
yankee_stadium,36061015001,27.0,yankee_stadium,Yankee Stadium
yankee_stadium,36085018901,91.0,yankee_stadium,Yankee Stadium
yankee_stadium,36085019700,89.0,yankee_stadium,Yankee Stadium
yankee_stadium,36085022300,109.0,yankee_stadium,Yankee Stadium
yankee_stadium,36085023100,105.0,yankee_stadium,Yankee Stadium
yankee_stadium,36085023900,95.0,yankee_stadium,Yankee Stadium
yankee_stadium,36061015002,29.0,yankee_stadium,Yankee Stadium
yankee_stadium,36061015200,40.0,yankee_stadium,Yankee Stadium
yankee_stadium,36061019100,44.0,yankee_stadium,Yankee Stadium
yankee_stadium,36061022301,37.0,yankee_stadium,Yankee Stadium
yankee_stadium,36061031900,49.0,yankee_stadium,Yankee Stadium
yankee_stadium,36085012100,93.0,yankee_stadium,Yankee Stadium
yankee_stadium,36085012500,89.0,yankee_stadium,Yankee Stadium
yankee_stadium,36085013302,95.0,yankee_stadium,Yankee Stadium
yankee_stadium,36085007700,107.0,yankee_stadium,Yankee Stadium
yankee_stadium,36085002700,90.0,yankee_stadium,Yankee Stadium
yankee_stadium,36085003600,80.0,yankee_stadium,Yankee Stadium
yankee_stadium,36085018701,83.0,yankee_stadium,Yankee Stadium
yankee_stadium,36085000900,103.0,yankee_stadium,Yankee Stadium
yankee_stadium,36085030302,107.0,yankee_stadium,Yankee Stadium
yankee_stadium,36085024700,98.0,yankee_stadium,Yankee Stadium
yankee_stadium,36061019900,38.0,yankee_stadium,Yankee Stadium
yankee_stadium,36085006700,103.0,yankee_stadium,Yankee Stadium
yankee_stadium,36061009700,45.0,yankee_stadium,Yankee Stadium
yankee_stadium,36061001502,50.0,yankee_stadium,Yankee Stadium
yankee_stadium,36061013900,34.0,yankee_stadium,Yankee Stadium
yankee_stadium,36061008300,41.0,yankee_stadium,Yankee Stadium
yankee_stadium,36061024700,34.0,yankee_stadium,Yankee Stadium
yankee_stadium,36061003602,43.0,yankee_stadium,Yankee Stadium
yankee_stadium,36061005502,38.0,yankee_stadium,Yankee Stadium
yankee_stadium,36061019800,25.0,yankee_stadium,Yankee Stadium
yankee_stadium,36061018700,45.0,yankee_stadium,Yankee Stadium
yankee_stadium,36061016500,40.0,yankee_stadium,Yankee Stadium
yankee_stadium,36061012500,32.0,yankee_stadium,Yankee Stadium
yankee_stadium,36061023300,34.0,yankee_stadium,Yankee Stadium
yankee_stadium,36061020800,32.0,yankee_stadium,Yankee Stadium
yankee_stadium,36085027302,113.0,yankee_stadium,Yankee Stadium
yankee_stadium,36085029104,87.0,yankee_stadium,Yankee Stadium
yankee_stadium,36085018902,95.0,yankee_stadium,Yankee Stadium
yankee_stadium,36085021300,98.0,yankee_stadium,Yankee Stadium
yankee_stadium,36085010500,92.0,yankee_stadium,Yankee Stadium
yankee_stadium,36085000700,115.0,yankee_stadium,Yankee Stadium
yankee_stadium,36085002001,76.0,yankee_stadium,Yankee Stadium
yankee_stadium,36061011600,44.0,yankee_stadium,Yankee Stadium
yankee_stadium,36061016002,33.0,yankee_stadium,Yankee Stadium
yankee_stadium,36061030700,42.0,yankee_stadium,Yankee Stadium
yankee_stadium,36061004800,40.0,yankee_stadium,Yankee Stadium
yankee_stadium,36061023200,24.0,yankee_stadium,Yankee Stadium
yankee_stadium,36061009100,38.0,yankee_stadium,Yankee Stadium
yankee_stadium,36061006600,46.0,yankee_stadium,Yankee Stadium
yankee_stadium,36061001001,69.0,yankee_stadium,Yankee Stadium
yankee_stadium,36061007700,41.0,yankee_stadium,Yankee Stadium
yankee_stadium,36061011201,35.0,yankee_stadium,Yankee Stadium
yankee_stadium,36061017401,33.0,yankee_stadium,Yankee Stadium
yankee_stadium,36061015602,34.0,yankee_stadium,Yankee Stadium
yankee_stadium,36061018000,33.0,yankee_stadium,Yankee Stadium
yankee_stadium,36061008000,32.0,yankee_stadium,Yankee Stadium
yankee_stadium,36061020101,30.0,yankee_stadium,Yankee Stadium
yankee_stadium,36061022200,25.0,yankee_stadium,Yankee Stadium
yankee_stadium,36061013800,32.0,yankee_stadium,Yankee Stadium
yankee_stadium,36061007400,39.0,yankee_stadium,Yankee Stadium
yankee_stadium,36061003200,48.0,yankee_stadium,Yankee Stadium
yankee_stadium,36061026100,31.0,yankee_stadium,Yankee Stadium
yankee_stadium,36061022500,32.0,yankee_stadium,Yankee Stadium
yankee_stadium,36061004100,42.0,yankee_stadium,Yankee Stadium
yankee_stadium,36061002100,45.0,yankee_stadium,Yankee Stadium
yankee_stadium,36061001402,47.0,yankee_stadium,Yankee Stadium
yankee_stadium,36061028100,36.0,yankee_stadium,Yankee Stadium
yankee_stadium,36061024100,28.0,yankee_stadium,Yankee Stadium
yankee_stadium,36061017200,28.0,yankee_stadium,Yankee Stadium
yankee_stadium,36061011300,33.0,yankee_stadium,Yankee Stadium
yankee_stadium,36061019000,30.0,yankee_stadium,Yankee Stadium
yankee_stadium,36061009500,36.0,yankee_stadium,Yankee Stadium
yankee_stadium,36061027300,33.0,yankee_stadium,Yankee Stadium
yankee_stadium,36061010601,43.0,yankee_stadium,Yankee Stadium
yankee_stadium,36061005900,40.0,yankee_stadium,Yankee Stadium
yankee_stadium,36061014602,28.0,yankee_stadium,Yankee Stadium
yankee_stadium,36061006300,42.0,yankee_stadium,Yankee Stadium
yankee_stadium,36061025100,23.0,yankee_stadium,Yankee Stadium
yankee_stadium,36061017900,43.0,yankee_stadium,Yankee Stadium
yankee_stadium,36061011800,37.0,yankee_stadium,Yankee Stadium
yankee_stadium,36061003400,40.0,yankee_stadium,Yankee Stadium
yankee_stadium,36061020500,46.0,yankee_stadium,Yankee Stadium
yankee_stadium,36061018900,34.0,yankee_stadium,Yankee Stadium
yankee_stadium,36061003002,46.0,yankee_stadium,Yankee Stadium
yankee_stadium,36061013100,28.0,yankee_stadium,Yankee Stadium
yankee_stadium,36061008200,35.0,yankee_stadium,Yankee Stadium
yankee_stadium,36061020701,28.0,yankee_stadium,Yankee Stadium
yankee_stadium,36061008900,45.0,yankee_stadium,Yankee Stadium
yankee_stadium,36061002500,49.0,yankee_stadium,Yankee Stadium
yankee_stadium,36061011100,41.0,yankee_stadium,Yankee Stadium
yankee_stadium,36061005000,37.0,yankee_stadium,Yankee Stadium
yankee_stadium,36061000800,54.0,yankee_stadium,Yankee Stadium
yankee_stadium,36061015802,28.0,yankee_stadium,Yankee Stadium
yankee_stadium,36061014200,33.0,yankee_stadium,Yankee Stadium
yankee_stadium,36061007200,39.0,yankee_stadium,Yankee Stadium
yankee_stadium,36061021500,23.0,yankee_stadium,Yankee Stadium
yankee_stadium,36061025900,18.0,yankee_stadium,Yankee Stadium
yankee_stadium,36061031703,55.0,yankee_stadium,Yankee Stadium
yankee_stadium,36085013301,93.0,yankee_stadium,Yankee Stadium
yankee_stadium,36061012200,35.0,yankee_stadium,Yankee Stadium
yankee_stadium,36061014402,31.0,yankee_stadium,Yankee Stadium
yankee_stadium,36061015601,33.0,yankee_stadium,Yankee Stadium
yankee_stadium,36061021600,33.0,yankee_stadium,Yankee Stadium
yankee_stadium,36061022000,28.0,yankee_stadium,Yankee Stadium
yankee_stadium,36061025300,27.0,yankee_stadium,Yankee Stadium
yankee_stadium,36061027100,33.0,yankee_stadium,Yankee Stadium
yankee_stadium,36061028300,39.0,yankee_stadium,Yankee Stadium
yankee_stadium,36061000100,,yankee_stadium,Yankee Stadium
yankee_stadium,36061000201,59.0,yankee_stadium,Yankee Stadium
yankee_stadium,36061000202,65.0,yankee_stadium,Yankee Stadium
yankee_stadium,36061000500,,yankee_stadium,Yankee Stadium
yankee_stadium,36061000600,52.0,yankee_stadium,Yankee Stadium
yankee_stadium,36061000700,54.0,yankee_stadium,Yankee Stadium
yankee_stadium,36061000900,56.0,yankee_stadium,Yankee Stadium
yankee_stadium,36061001002,66.0,yankee_stadium,Yankee Stadium
yankee_stadium,36061001200,53.0,yankee_stadium,Yankee Stadium
yankee_stadium,36061001300,43.0,yankee_stadium,Yankee Stadium
yankee_stadium,36061001401,50.0,yankee_stadium,Yankee Stadium
yankee_stadium,36005006500,21.0,yankee_stadium,Yankee Stadium
yankee_stadium,36005020200,49.0,yankee_stadium,Yankee Stadium
yankee_stadium,36005015700,39.0,yankee_stadium,Yankee Stadium
yankee_stadium,36005005200,42.0,yankee_stadium,Yankee Stadium
yankee_stadium,36047012600,78.0,yankee_stadium,Yankee Stadium
yankee_stadium,36047027100,68.0,yankee_stadium,Yankee Stadium
yankee_stadium,36047046000,76.0,yankee_stadium,Yankee Stadium
yankee_stadium,36047105804,94.0,yankee_stadium,Yankee Stadium
yankee_stadium,36005043503,69.0,yankee_stadium,Yankee Stadium
yankee_stadium,36005043501,52.0,yankee_stadium,Yankee Stadium
yankee_stadium,36005033602,43.0,yankee_stadium,Yankee Stadium
yankee_stadium,36005033601,43.0,yankee_stadium,Yankee Stadium
yankee_stadium,36085022802,,yankee_stadium,Yankee Stadium
yankee_stadium,36005033802,41.0,yankee_stadium,Yankee Stadium
yankee_stadium,36005033801,42.0,yankee_stadium,Yankee Stadium
yankee_stadium,36005043502,37.0,yankee_stadium,Yankee Stadium
yankee_stadium,36047051601,76.0,yankee_stadium,Yankee Stadium
yankee_stadium,36081059502,73.0,yankee_stadium,Yankee Stadium
yankee_stadium,36081059501,70.0,yankee_stadium,Yankee Stadium
yankee_stadium,36081084901,75.0,yankee_stadium,Yankee Stadium
yankee_stadium,36081048302,61.0,yankee_stadium,Yankee Stadium
yankee_stadium,36081066403,,yankee_stadium,Yankee Stadium
yankee_stadium,36081019903,59.0,yankee_stadium,Yankee Stadium
yankee_stadium,36081089201,99.0,yankee_stadium,Yankee Stadium
yankee_stadium,36081053902,72.0,yankee_stadium,Yankee Stadium
yankee_stadium,36047069601,97.0,yankee_stadium,Yankee Stadium
yankee_stadium,36047069602,104.0,yankee_stadium,Yankee Stadium
yankee_stadium,36047079801,68.0,yankee_stadium,Yankee Stadium
yankee_stadium,36047079802,69.0,yankee_stadium,Yankee Stadium
yankee_stadium,36047105801,90.0,yankee_stadium,Yankee Stadium
yankee_stadium,36047990100,,yankee_stadium,Yankee Stadium
yankee_stadium,36119007200,,yankee_stadium,Yankee Stadium
yankee_stadium,36119007600,,yankee_stadium,Yankee Stadium
yankee_stadium,36119005500,89.0,yankee_stadium,Yankee Stadium
yankee_stadium,36119005702,,yankee_stadium,Yankee Stadium
yankee_stadium,36119005902,,yankee_stadium,Yankee Stadium
yankee_stadium,36119006100,,yankee_stadium,Yankee Stadium
yankee_stadium,36047079202,77.0,yankee_stadium,Yankee Stadium
yankee_stadium,36047079001,77.0,yankee_stadium,Yankee Stadium
yankee_stadium,36047079002,79.0,yankee_stadium,Yankee Stadium
yankee_stadium,36047003101,56.0,yankee_stadium,Yankee Stadium
yankee_stadium,36047078801,79.0,yankee_stadium,Yankee Stadium
yankee_stadium,36047078601,76.0,yankee_stadium,Yankee Stadium
yankee_stadium,36047078602,79.0,yankee_stadium,Yankee Stadium
yankee_stadium,36047014102,66.0,yankee_stadium,Yankee Stadium
yankee_stadium,36047014101,66.0,yankee_stadium,Yankee Stadium
yankee_stadium,36047014901,65.0,yankee_stadium,Yankee Stadium
yankee_stadium,36047014902,69.0,yankee_stadium,Yankee Stadium
yankee_stadium,36047102801,93.0,yankee_stadium,Yankee Stadium
yankee_stadium,36047078802,79.0,yankee_stadium,Yankee Stadium
yankee_stadium,36047005301,86.0,yankee_stadium,Yankee Stadium
yankee_stadium,36047005302,114.0,yankee_stadium,Yankee Stadium
yankee_stadium,36047009402,73.0,yankee_stadium,Yankee Stadium
yankee_stadium,36047009202,69.0,yankee_stadium,Yankee Stadium
yankee_stadium,36047009201,73.0,yankee_stadium,Yankee Stadium
yankee_stadium,36047009002,64.0,yankee_stadium,Yankee Stadium
yankee_stadium,36047044902,67.0,yankee_stadium,Yankee Stadium
yankee_stadium,36047079201,76.0,yankee_stadium,Yankee Stadium
yankee_stadium,36047001501,59.0,yankee_stadium,Yankee Stadium
yankee_stadium,36047044901,58.0,yankee_stadium,Yankee Stadium
yankee_stadium,36047049301,50.0,yankee_stadium,Yankee Stadium
yankee_stadium,36047049302,48.0,yankee_stadium,Yankee Stadium
yankee_stadium,36047035301,61.0,yankee_stadium,Yankee Stadium
yankee_stadium,36047035302,62.0,yankee_stadium,Yankee Stadium
yankee_stadium,36047035101,62.0,yankee_stadium,Yankee Stadium
yankee_stadium,36047035102,61.0,yankee_stadium,Yankee Stadium
yankee_stadium,36047034901,63.0,yankee_stadium,Yankee Stadium
yankee_stadium,36047034902,63.0,yankee_stadium,Yankee Stadium
yankee_stadium,36047056302,57.0,yankee_stadium,Yankee Stadium
yankee_stadium,36047056301,58.0,yankee_stadium,Yankee Stadium
yankee_stadium,36047120802,81.0,yankee_stadium,Yankee Stadium
yankee_stadium,36047103402,106.0,yankee_stadium,Yankee Stadium
yankee_stadium,36047103401,97.0,yankee_stadium,Yankee Stadium
yankee_stadium,36047003102,60.0,yankee_stadium,Yankee Stadium
yankee_stadium,36047050001,69.0,yankee_stadium,Yankee Stadium
yankee_stadium,36047001802,80.0,yankee_stadium,Yankee Stadium
yankee_stadium,36047001801,79.0,yankee_stadium,Yankee Stadium
yankee_stadium,36047001804,96.0,yankee_stadium,Yankee Stadium
yankee_stadium,36047058902,73.0,yankee_stadium,Yankee Stadium
yankee_stadium,36047010601,78.0,yankee_stadium,Yankee Stadium
yankee_stadium,36047053102,62.0,yankee_stadium,Yankee Stadium
yankee_stadium,36047050402,74.0,yankee_stadium,Yankee Stadium
yankee_stadium,36047009001,68.0,yankee_stadium,Yankee Stadium
yankee_stadium,36047005303,71.0,yankee_stadium,Yankee Stadium
yankee_stadium,36047102802,108.0,yankee_stadium,Yankee Stadium
yankee_stadium,36047107003,94.0,yankee_stadium,Yankee Stadium
yankee_stadium,36047011902,56.0,yankee_stadium,Yankee Stadium
yankee_stadium,36047001502,53.0,yankee_stadium,Yankee Stadium
yankee_stadium,36047011901,65.0,yankee_stadium,Yankee Stadium
yankee_stadium,36047001803,102.0,yankee_stadium,Yankee Stadium
yankee_stadium,36047035702,67.0,yankee_stadium,Yankee Stadium
yankee_stadium,36047107001,89.0,yankee_stadium,Yankee Stadium
yankee_stadium,36047050401,68.0,yankee_stadium,Yankee Stadium
yankee_stadium,36047057902,67.0,yankee_stadium,Yankee Stadium
yankee_stadium,36047010401,73.0,yankee_stadium,Yankee Stadium
yankee_stadium,36047009401,77.0,yankee_stadium,Yankee Stadium
yankee_stadium,36047120803,80.0,yankee_stadium,Yankee Stadium
yankee_stadium,36047057901,52.0,yankee_stadium,Yankee Stadium
yankee_stadium,36047050002,72.0,yankee_stadium,Yankee Stadium
yankee_stadium,36047035701,66.0,yankee_stadium,Yankee Stadium
yankee_stadium,36047010402,74.0,yankee_stadium,Yankee Stadium
yankee_stadium,36047010801,81.0,yankee_stadium,Yankee Stadium
yankee_stadium,36047010602,79.0,yankee_stadium,Yankee Stadium
yankee_stadium,36047010802,78.0,yankee_stadium,Yankee Stadium
yankee_stadium,36047058901,66.0,yankee_stadium,Yankee Stadium
yankee_stadium,36047120801,76.0,yankee_stadium,Yankee Stadium
yankee_stadium,36047107002,113.0,yankee_stadium,Yankee Stadium
yankee_stadium,36047053101,65.0,yankee_stadium,Yankee Stadium
yankee_stadium,36005022703,20.0,yankee_stadium,Yankee Stadium
yankee_stadium,36005022901,23.0,yankee_stadium,Yankee Stadium
yankee_stadium,36005023000,37.0,yankee_stadium,Yankee Stadium
yankee_stadium,36005023200,44.0,yankee_stadium,Yankee Stadium
yankee_stadium,36005023302,24.0,yankee_stadium,Yankee Stadium
yankee_stadium,36005023502,23.0,yankee_stadium,Yankee Stadium
yankee_stadium,36005023600,41.0,yankee_stadium,Yankee Stadium
yankee_stadium,36005023900,20.0,yankee_stadium,Yankee Stadium
yankee_stadium,36005024000,41.0,yankee_stadium,Yankee Stadium
yankee_stadium,36005024300,25.0,yankee_stadium,Yankee Stadium
yankee_stadium,36005024600,45.0,yankee_stadium,Yankee Stadium
yankee_stadium,36005024700,39.0,yankee_stadium,Yankee Stadium
yankee_stadium,36005024800,40.0,yankee_stadium,Yankee Stadium
yankee_stadium,36005024900,31.0,yankee_stadium,Yankee Stadium
yankee_stadium,36005025000,47.0,yankee_stadium,Yankee Stadium
yankee_stadium,36005025300,24.0,yankee_stadium,Yankee Stadium
yankee_stadium,36005025400,50.0,yankee_stadium,Yankee Stadium
yankee_stadium,36005025500,32.0,yankee_stadium,Yankee Stadium
yankee_stadium,36005025600,55.0,yankee_stadium,Yankee Stadium
yankee_stadium,36005025700,34.0,yankee_stadium,Yankee Stadium
yankee_stadium,36005026100,32.0,yankee_stadium,Yankee Stadium
yankee_stadium,36005026400,57.0,yankee_stadium,Yankee Stadium
yankee_stadium,36005026500,26.0,yankee_stadium,Yankee Stadium
yankee_stadium,36005026601,50.0,yankee_stadium,Yankee Stadium
yankee_stadium,36005026602,52.0,yankee_stadium,Yankee Stadium
yankee_stadium,36005026900,35.0,yankee_stadium,Yankee Stadium
yankee_stadium,36005027300,34.0,yankee_stadium,Yankee Stadium
yankee_stadium,36005027600,65.0,yankee_stadium,Yankee Stadium
yankee_stadium,36005027700,38.0,yankee_stadium,Yankee Stadium
yankee_stadium,36005027900,38.0,yankee_stadium,Yankee Stadium
yankee_stadium,36005028300,42.0,yankee_stadium,Yankee Stadium
yankee_stadium,36005028400,65.0,yankee_stadium,Yankee Stadium
yankee_stadium,36005028500,42.0,yankee_stadium,Yankee Stadium
yankee_stadium,36005028900,42.0,yankee_stadium,Yankee Stadium
yankee_stadium,36005029500,53.0,yankee_stadium,Yankee Stadium
yankee_stadium,36005029600,49.0,yankee_stadium,Yankee Stadium
yankee_stadium,36005030000,54.0,yankee_stadium,Yankee Stadium
yankee_stadium,36005030100,60.0,yankee_stadium,Yankee Stadium
yankee_stadium,36005030701,57.0,yankee_stadium,Yankee Stadium
yankee_stadium,36005031000,57.0,yankee_stadium,Yankee Stadium
yankee_stadium,36005031800,47.0,yankee_stadium,Yankee Stadium
yankee_stadium,36005032300,69.0,yankee_stadium,Yankee Stadium
yankee_stadium,36005032400,49.0,yankee_stadium,Yankee Stadium
yankee_stadium,36005033400,49.0,yankee_stadium,Yankee Stadium
yankee_stadium,36005034000,48.0,yankee_stadium,Yankee Stadium
yankee_stadium,36005034200,50.0,yankee_stadium,Yankee Stadium
yankee_stadium,36005034400,55.0,yankee_stadium,Yankee Stadium
yankee_stadium,36005037800,45.0,yankee_stadium,Yankee Stadium
yankee_stadium,36005037900,30.0,yankee_stadium,Yankee Stadium
yankee_stadium,36005038000,47.0,yankee_stadium,Yankee Stadium
yankee_stadium,36005038100,27.0,yankee_stadium,Yankee Stadium
yankee_stadium,36005038500,36.0,yankee_stadium,Yankee Stadium
yankee_stadium,36005038600,63.0,yankee_stadium,Yankee Stadium
yankee_stadium,36005038700,33.0,yankee_stadium,Yankee Stadium
yankee_stadium,36005038900,35.0,yankee_stadium,Yankee Stadium
yankee_stadium,36005039100,42.0,yankee_stadium,Yankee Stadium
yankee_stadium,36005039200,46.0,yankee_stadium,Yankee Stadium
yankee_stadium,36005039300,40.0,yankee_stadium,Yankee Stadium
yankee_stadium,36005039400,48.0,yankee_stadium,Yankee Stadium
yankee_stadium,36005039700,35.0,yankee_stadium,Yankee Stadium
yankee_stadium,36005039902,27.0,yankee_stadium,Yankee Stadium
yankee_stadium,36005040100,27.0,yankee_stadium,Yankee Stadium
yankee_stadium,36005040600,48.0,yankee_stadium,Yankee Stadium
yankee_stadium,36005040701,27.0,yankee_stadium,Yankee Stadium
yankee_stadium,36005040702,34.0,yankee_stadium,Yankee Stadium
yankee_stadium,36005035000,49.0,yankee_stadium,Yankee Stadium
yankee_stadium,36081018300,49.0,yankee_stadium,Yankee Stadium
yankee_stadium,36081070900,71.0,yankee_stadium,Yankee Stadium
yankee_stadium,36081006900,45.0,yankee_stadium,Yankee Stadium
yankee_stadium,36081015900,50.0,yankee_stadium,Yankee Stadium
yankee_stadium,36081011600,91.0,yankee_stadium,Yankee Stadium
yankee_stadium,36081055100,61.0,yankee_stadium,Yankee Stadium
yankee_stadium,36081048100,59.0,yankee_stadium,Yankee Stadium
yankee_stadium,36081046100,66.0,yankee_stadium,Yankee Stadium
yankee_stadium,36081058500,66.0,yankee_stadium,Yankee Stadium
yankee_stadium,36081023600,68.0,yankee_stadium,Yankee Stadium
yankee_stadium,36081074700,70.0,yankee_stadium,Yankee Stadium
yankee_stadium,36081012100,53.0,yankee_stadium,Yankee Stadium
yankee_stadium,36081014400,76.0,yankee_stadium,Yankee Stadium
yankee_stadium,36081032700,60.0,yankee_stadium,Yankee Stadium
yankee_stadium,36081053800,104.0,yankee_stadium,Yankee Stadium
yankee_stadium,36081050600,92.0,yankee_stadium,Yankee Stadium
yankee_stadium,36081061000,111.0,yankee_stadium,Yankee Stadium
yankee_stadium,36081129102,95.0,yankee_stadium,Yankee Stadium
yankee_stadium,36081027500,59.0,yankee_stadium,Yankee Stadium
yankee_stadium,36081026100,54.0,yankee_stadium,Yankee Stadium
yankee_stadium,36081002000,83.0,yankee_stadium,Yankee Stadium
yankee_stadium,36081120100,81.0,yankee_stadium,Yankee Stadium
yankee_stadium,36081107201,101.0,yankee_stadium,Yankee Stadium
yankee_stadium,36081058700,69.0,yankee_stadium,Yankee Stadium
yankee_stadium,36081010100,57.0,yankee_stadium,Yankee Stadium
yankee_stadium,36081056200,105.0,yankee_stadium,Yankee Stadium
yankee_stadium,36081024600,78.0,yankee_stadium,Yankee Stadium
yankee_stadium,36081016400,88.0,yankee_stadium,Yankee Stadium
yankee_stadium,36081020200,81.0,yankee_stadium,Yankee Stadium
yankee_stadium,36081050202,97.0,yankee_stadium,Yankee Stadium
yankee_stadium,36081059600,114.0,yankee_stadium,Yankee Stadium
yankee_stadium,36081063000,106.0,yankee_stadium,Yankee Stadium
yankee_stadium,36081022002,75.0,yankee_stadium,Yankee Stadium
yankee_stadium,36081085500,71.0,yankee_stadium,Yankee Stadium
yankee_stadium,36081011100,54.0,yankee_stadium,Yankee Stadium
yankee_stadium,36081067900,80.0,yankee_stadium,Yankee Stadium
yankee_stadium,36081012000,80.0,yankee_stadium,Yankee Stadium
yankee_stadium,36081005700,48.0,yankee_stadium,Yankee Stadium
yankee_stadium,36081033700,62.0,yankee_stadium,Yankee Stadium
yankee_stadium,36119002600,64.0,yankee_stadium,Yankee Stadium
yankee_stadium,36081085700,73.0,yankee_stadium,Yankee Stadium
yankee_stadium,36081062300,86.0,yankee_stadium,Yankee Stadium
yankee_stadium,36081045900,67.0,yankee_stadium,Yankee Stadium
yankee_stadium,36081111300,107.0,yankee_stadium,Yankee Stadium
yankee_stadium,36081140300,86.0,yankee_stadium,Yankee Stadium
yankee_stadium,36081005200,77.0,yankee_stadium,Yankee Stadium
yankee_stadium,36081019800,78.0,yankee_stadium,Yankee Stadium
yankee_stadium,36081071900,73.0,yankee_stadium,Yankee Stadium
yankee_stadium,36081026400,89.0,yankee_stadium,Yankee Stadium
yankee_stadium,36081014100,47.0,yankee_stadium,Yankee Stadium
yankee_stadium,36081001400,85.0,yankee_stadium,Yankee Stadium
yankee_stadium,36081052600,101.0,yankee_stadium,Yankee Stadium
yankee_stadium,36081009700,53.0,yankee_stadium,Yankee Stadium
yankee_stadium,36081115900,82.0,yankee_stadium,Yankee Stadium
yankee_stadium,36119005800,,yankee_stadium,Yankee Stadium
yankee_stadium,36081026700,52.0,yankee_stadium,Yankee Stadium
yankee_stadium,36081010400,88.0,yankee_stadium,Yankee Stadium
yankee_stadium,36081012601,83.0,yankee_stadium,Yankee Stadium
yankee_stadium,36081036100,59.0,yankee_stadium,Yankee Stadium
yankee_stadium,36081040000,98.0,yankee_stadium,Yankee Stadium
yankee_stadium,36081045200,82.0,yankee_stadium,Yankee Stadium
yankee_stadium,36081048000,85.0,yankee_stadium,Yankee Stadium
yankee_stadium,36081051200,100.0,yankee_stadium,Yankee Stadium
yankee_stadium,36081053200,104.0,yankee_stadium,Yankee Stadium
yankee_stadium,36081059000,108.0,yankee_stadium,Yankee Stadium
yankee_stadium,36081060300,75.0,yankee_stadium,Yankee Stadium
yankee_stadium,36081063200,103.0,yankee_stadium,Yankee Stadium
yankee_stadium,36081066701,74.0,yankee_stadium,Yankee Stadium
yankee_stadium,36081070300,81.0,yankee_stadium,Yankee Stadium
yankee_stadium,36081076901,60.0,yankee_stadium,Yankee Stadium
yankee_stadium,36081085300,66.0,yankee_stadium,Yankee Stadium
yankee_stadium,36081041300,63.0,yankee_stadium,Yankee Stadium
yankee_stadium,36081065501,88.0,yankee_stadium,Yankee Stadium
yankee_stadium,36081077904,79.0,yankee_stadium,Yankee Stadium
yankee_stadium,36081114700,88.0,yankee_stadium,Yankee Stadium
yankee_stadium,36081001600,87.0,yankee_stadium,Yankee Stadium
yankee_stadium,36081014201,71.0,yankee_stadium,Yankee Stadium
yankee_stadium,36081113300,93.0,yankee_stadium,Yankee Stadium
yankee_stadium,36081115700,77.0,yankee_stadium,Yankee Stadium
yankee_stadium,36081118500,83.0,yankee_stadium,Yankee Stadium
yankee_stadium,36081118700,81.0,yankee_stadium,Yankee Stadium
yankee_stadium,36081121100,85.0,yankee_stadium,Yankee Stadium
yankee_stadium,36081137700,96.0,yankee_stadium,Yankee Stadium
yankee_stadium,36081145900,86.0,yankee_stadium,Yankee Stadium
yankee_stadium,36081157102,100.0,yankee_stadium,Yankee Stadium
yankee_stadium,36081000400,80.0,yankee_stadium,Yankee Stadium
yankee_stadium,36081000600,86.0,yankee_stadium,Yankee Stadium
yankee_stadium,36081000800,87.0,yankee_stadium,Yankee Stadium
yankee_stadium,36081001000,80.0,yankee_stadium,Yankee Stadium
yankee_stadium,36081001200,81.0,yankee_stadium,Yankee Stadium
yankee_stadium,36081001800,83.0,yankee_stadium,Yankee Stadium
yankee_stadium,36081002200,82.0,yankee_stadium,Yankee Stadium
yankee_stadium,36081002400,82.0,yankee_stadium,Yankee Stadium
yankee_stadium,36081002500,48.0,yankee_stadium,Yankee Stadium
yankee_stadium,36081002600,83.0,yankee_stadium,Yankee Stadium
yankee_stadium,36081002800,83.0,yankee_stadium,Yankee Stadium
yankee_stadium,36081003000,85.0,yankee_stadium,Yankee Stadium
yankee_stadium,36081003100,41.0,yankee_stadium,Yankee Stadium
yankee_stadium,36081003200,83.0,yankee_stadium,Yankee Stadium
yankee_stadium,36081056400,100.0,yankee_stadium,Yankee Stadium
yankee_stadium,36081052000,101.0,yankee_stadium,Yankee Stadium
yankee_stadium,36081027600,87.0,yankee_stadium,Yankee Stadium
yankee_stadium,36081046000,77.0,yankee_stadium,Yankee Stadium
yankee_stadium,36081010800,83.0,yankee_stadium,Yankee Stadium
yankee_stadium,36081092500,80.0,yankee_stadium,Yankee Stadium
yankee_stadium,36081066900,80.0,yankee_stadium,Yankee Stadium
yankee_stadium,36081023200,77.0,yankee_stadium,Yankee Stadium
yankee_stadium,36081085900,78.0,yankee_stadium,Yankee Stadium
yankee_stadium,36081005100,46.0,yankee_stadium,Yankee Stadium
yankee_stadium,36081124700,87.0,yankee_stadium,Yankee Stadium
yankee_stadium,36081015300,51.0,yankee_stadium,Yankee Stadium
yankee_stadium,36081015100,56.0,yankee_stadium,Yankee Stadium
yankee_stadium,36081011400,89.0,yankee_stadium,Yankee Stadium
yankee_stadium,36081042600,89.0,yankee_stadium,Yankee Stadium
yankee_stadium,36081038400,108.0,yankee_stadium,Yankee Stadium
yankee_stadium,36081061601,,yankee_stadium,Yankee Stadium
yankee_stadium,36081005500,47.0,yankee_stadium,Yankee Stadium
yankee_stadium,36081028300,57.0,yankee_stadium,Yankee Stadium
yankee_stadium,36081054900,59.0,yankee_stadium,Yankee Stadium
yankee_stadium,36081024700,56.0,yankee_stadium,Yankee Stadium
yankee_stadium,36081016100,51.0,yankee_stadium,Yankee Stadium
yankee_stadium,36081017800,93.0,yankee_stadium,Yankee Stadium
yankee_stadium,36081004002,77.0,yankee_stadium,Yankee Stadium
yankee_stadium,36081052500,71.0,yankee_stadium,Yankee Stadium
yankee_stadium,36081045700,68.0,yankee_stadium,Yankee Stadium
yankee_stadium,36081062500,82.0,yankee_stadium,Yankee Stadium
yankee_stadium,36081012800,82.0,yankee_stadium,Yankee Stadium
yankee_stadium,36081000200,79.0,yankee_stadium,Yankee Stadium
yankee_stadium,36081005900,49.0,yankee_stadium,Yankee Stadium
yankee_stadium,36081014300,45.0,yankee_stadium,Yankee Stadium
yankee_stadium,36081056000,103.0,yankee_stadium,Yankee Stadium
yankee_stadium,36081058300,69.0,yankee_stadium,Yankee Stadium
yankee_stadium,36081072100,71.0,yankee_stadium,Yankee Stadium
yankee_stadium,36081007300,51.0,yankee_stadium,Yankee Stadium
yankee_stadium,36081004401,75.0,yankee_stadium,Yankee Stadium
yankee_stadium,36081033401,99.0,yankee_stadium,Yankee Stadium
yankee_stadium,36081061200,113.0,yankee_stadium,Yankee Stadium
yankee_stadium,36081028500,61.0,yankee_stadium,Yankee Stadium
yankee_stadium,36081133900,88.0,yankee_stadium,Yankee Stadium
yankee_stadium,36081023800,67.0,yankee_stadium,Yankee Stadium
yankee_stadium,36081074100,64.0,yankee_stadium,Yankee Stadium
yankee_stadium,36081118900,79.0,yankee_stadium,Yankee Stadium
yankee_stadium,36081013000,80.0,yankee_stadium,Yankee Stadium
yankee_stadium,36081099701,111.0,yankee_stadium,Yankee Stadium
yankee_stadium,36081011900,48.0,yankee_stadium,Yankee Stadium
yankee_stadium,36081035100,61.0,yankee_stadium,Yankee Stadium
yankee_stadium,36081050400,92.0,yankee_stadium,Yankee Stadium
yankee_stadium,36081043200,89.0,yankee_stadium,Yankee Stadium
yankee_stadium,36081055600,100.0,yankee_stadium,Yankee Stadium
yankee_stadium,36081025900,57.0,yankee_stadium,Yankee Stadium
yankee_stadium,36081091900,80.0,yankee_stadium,Yankee Stadium
yankee_stadium,36081036300,64.0,yankee_stadium,Yankee Stadium
yankee_stadium,36081037700,67.0,yankee_stadium,Yankee Stadium
yankee_stadium,36081068300,66.0,yankee_stadium,Yankee Stadium
yankee_stadium,36119002800,65.0,yankee_stadium,Yankee Stadium
yankee_stadium,36119007000,,yankee_stadium,Yankee Stadium
yankee_stadium,36119002700,74.0,yankee_stadium,Yankee Stadium
yankee_stadium,36119005600,,yankee_stadium,Yankee Stadium
yankee_stadium,36061025700,22.0,yankee_stadium,Yankee Stadium
yankee_stadium,36061024200,26.0,yankee_stadium,Yankee Stadium
yankee_stadium,36061008603,46.0,yankee_stadium,Yankee Stadium
yankee_stadium,36047000502,52.0,yankee_stadium,Yankee Stadium
yankee_stadium,36047050803,67.0,yankee_stadium,Yankee Stadium
yankee_stadium,36047050804,68.0,yankee_stadium,Yankee Stadium
yankee_stadium,36047051002,71.0,yankee_stadium,Yankee Stadium
yankee_stadium,36047065200,91.0,yankee_stadium,Yankee Stadium
yankee_stadium,36047068800,99.0,yankee_stadium,Yankee Stadium
yankee_stadium,36047069200,94.0,yankee_stadium,Yankee Stadium
yankee_stadium,36047069800,101.0,yankee_stadium,Yankee Stadium
yankee_stadium,36047065800,95.0,yankee_stadium,Yankee Stadium
yankee_stadium,36047066000,97.0,yankee_stadium,Yankee Stadium
yankee_stadium,36047066200,94.0,yankee_stadium,Yankee Stadium
yankee_stadium,36047066600,,yankee_stadium,Yankee Stadium
yankee_stadium,36047067200,86.0,yankee_stadium,Yankee Stadium
yankee_stadium,36047067400,92.0,yankee_stadium,Yankee Stadium
yankee_stadium,36047067600,84.0,yankee_stadium,Yankee Stadium
yankee_stadium,36047068000,92.0,yankee_stadium,Yankee Stadium
yankee_stadium,36047068200,92.0,yankee_stadium,Yankee Stadium
yankee_stadium,36047070000,98.0,yankee_stadium,Yankee Stadium
yankee_stadium,36047070201,102.0,yankee_stadium,Yankee Stadium
yankee_stadium,36047070202,,yankee_stadium,Yankee Stadium
yankee_stadium,36047070203,,yankee_stadium,Yankee Stadium
yankee_stadium,36047072000,93.0,yankee_stadium,Yankee Stadium
yankee_stadium,36047072200,86.0,yankee_stadium,Yankee Stadium
yankee_stadium,36047072400,83.0,yankee_stadium,Yankee Stadium
yankee_stadium,36047072600,84.0,yankee_stadium,Yankee Stadium
yankee_stadium,36047073200,89.0,yankee_stadium,Yankee Stadium
yankee_stadium,36047022000,68.0,yankee_stadium,Yankee Stadium
yankee_stadium,36047022400,71.0,yankee_stadium,Yankee Stadium
yankee_stadium,36047022600,75.0,yankee_stadium,Yankee Stadium
yankee_stadium,36047022700,60.0,yankee_stadium,Yankee Stadium
yankee_stadium,36047022800,74.0,yankee_stadium,Yankee Stadium
yankee_stadium,36047023000,77.0,yankee_stadium,Yankee Stadium
yankee_stadium,36047023100,67.0,yankee_stadium,Yankee Stadium
yankee_stadium,36047023300,65.0,yankee_stadium,Yankee Stadium
yankee_stadium,36047023400,79.0,yankee_stadium,Yankee Stadium
yankee_stadium,36047023500,68.0,yankee_stadium,Yankee Stadium
yankee_stadium,36047023600,78.0,yankee_stadium,Yankee Stadium
yankee_stadium,36047022100,66.0,yankee_stadium,Yankee Stadium
yankee_stadium,36047024000,75.0,yankee_stadium,Yankee Stadium
yankee_stadium,36047024200,76.0,yankee_stadium,Yankee Stadium
yankee_stadium,36047024400,79.0,yankee_stadium,Yankee Stadium
yankee_stadium,36047024500,65.0,yankee_stadium,Yankee Stadium
yankee_stadium,36047024600,77.0,yankee_stadium,Yankee Stadium
yankee_stadium,36047024800,75.0,yankee_stadium,Yankee Stadium
yankee_stadium,36047024900,64.0,yankee_stadium,Yankee Stadium
yankee_stadium,36047025000,73.0,yankee_stadium,Yankee Stadium
yankee_stadium,36047025100,70.0,yankee_stadium,Yankee Stadium
yankee_stadium,36047025200,75.0,yankee_stadium,Yankee Stadium
yankee_stadium,36047025300,64.0,yankee_stadium,Yankee Stadium
yankee_stadium,36047025600,77.0,yankee_stadium,Yankee Stadium
yankee_stadium,36047025700,64.0,yankee_stadium,Yankee Stadium
yankee_stadium,36047025901,63.0,yankee_stadium,Yankee Stadium
yankee_stadium,36047026000,79.0,yankee_stadium,Yankee Stadium
yankee_stadium,36047035500,66.0,yankee_stadium,Yankee Stadium
yankee_stadium,36047035900,70.0,yankee_stadium,Yankee Stadium
yankee_stadium,36047073400,87.0,yankee_stadium,Yankee Stadium
yankee_stadium,36047075600,88.0,yankee_stadium,Yankee Stadium
yankee_stadium,36047073600,87.0,yankee_stadium,Yankee Stadium
yankee_stadium,36047074000,82.0,yankee_stadium,Yankee Stadium
yankee_stadium,36047074400,82.0,yankee_stadium,Yankee Stadium
yankee_stadium,36047074600,89.0,yankee_stadium,Yankee Stadium
yankee_stadium,36047074800,81.0,yankee_stadium,Yankee Stadium
yankee_stadium,36047075800,84.0,yankee_stadium,Yankee Stadium
yankee_stadium,36047076000,80.0,yankee_stadium,Yankee Stadium
yankee_stadium,36047076200,75.0,yankee_stadium,Yankee Stadium
yankee_stadium,36047076600,74.0,yankee_stadium,Yankee Stadium
yankee_stadium,36047077000,80.0,yankee_stadium,Yankee Stadium
yankee_stadium,36047095800,86.0,yankee_stadium,Yankee Stadium
yankee_stadium,36047096000,80.0,yankee_stadium,Yankee Stadium
yankee_stadium,36047096200,79.0,yankee_stadium,Yankee Stadium
yankee_stadium,36047096400,81.0,yankee_stadium,Yankee Stadium
yankee_stadium,36047096800,78.0,yankee_stadium,Yankee Stadium
yankee_stadium,36047097000,80.0,yankee_stadium,Yankee Stadium
yankee_stadium,36047097400,75.0,yankee_stadium,Yankee Stadium
yankee_stadium,36047098400,82.0,yankee_stadium,Yankee Stadium
yankee_stadium,36047098600,80.0,yankee_stadium,Yankee Stadium
yankee_stadium,36047099000,87.0,yankee_stadium,Yankee Stadium
yankee_stadium,36047099400,88.0,yankee_stadium,Yankee Stadium
yankee_stadium,36047099800,94.0,yankee_stadium,Yankee Stadium
yankee_stadium,36047100400,92.0,yankee_stadium,Yankee Stadium
yankee_stadium,36047100800,87.0,yankee_stadium,Yankee Stadium
yankee_stadium,36047101000,88.0,yankee_stadium,Yankee Stadium
yankee_stadium,36047101200,90.0,yankee_stadium,Yankee Stadium
yankee_stadium,36047101400,84.0,yankee_stadium,Yankee Stadium
yankee_stadium,36047101600,84.0,yankee_stadium,Yankee Stadium
yankee_stadium,36085018100,,yankee_stadium,Yankee Stadium
yankee_stadium,36047026200,74.0,yankee_stadium,Yankee Stadium
yankee_stadium,36047026300,70.0,yankee_stadium,Yankee Stadium
yankee_stadium,36047026400,81.0,yankee_stadium,Yankee Stadium
yankee_stadium,36047026600,83.0,yankee_stadium,Yankee Stadium
yankee_stadium,36047026700,69.0,yankee_stadium,Yankee Stadium
yankee_stadium,36047027000,82.0,yankee_stadium,Yankee Stadium
yankee_stadium,36047027200,88.0,yankee_stadium,Yankee Stadium
yankee_stadium,36047027400,83.0,yankee_stadium,Yankee Stadium
yankee_stadium,36047027500,70.0,yankee_stadium,Yankee Stadium
yankee_stadium,36047027600,79.0,yankee_stadium,Yankee Stadium
yankee_stadium,36047027700,75.0,yankee_stadium,Yankee Stadium
yankee_stadium,36047027800,77.0,yankee_stadium,Yankee Stadium
yankee_stadium,36047028100,69.0,yankee_stadium,Yankee Stadium
yankee_stadium,36047028400,80.0,yankee_stadium,Yankee Stadium
yankee_stadium,36047028502,67.0,yankee_stadium,Yankee Stadium
yankee_stadium,36047028600,88.0,yankee_stadium,Yankee Stadium
yankee_stadium,36047028700,67.0,yankee_stadium,Yankee Stadium
yankee_stadium,36047028800,79.0,yankee_stadium,Yankee Stadium
yankee_stadium,36047029000,81.0,yankee_stadium,Yankee Stadium
yankee_stadium,36047029100,73.0,yankee_stadium,Yankee Stadium
yankee_stadium,36047029200,92.0,yankee_stadium,Yankee Stadium
yankee_stadium,36047029300,73.0,yankee_stadium,Yankee Stadium
yankee_stadium,36047029700,63.0,yankee_stadium,Yankee Stadium
yankee_stadium,36047029800,87.0,yankee_stadium,Yankee Stadium
yankee_stadium,36047029900,67.0,yankee_stadium,Yankee Stadium
yankee_stadium,36047030000,92.0,yankee_stadium,Yankee Stadium
yankee_stadium,36047037100,71.0,yankee_stadium,Yankee Stadium
yankee_stadium,36047037300,68.0,yankee_stadium,Yankee Stadium
yankee_stadium,36047037500,73.0,yankee_stadium,Yankee Stadium
yankee_stadium,36047037700,76.0,yankee_stadium,Yankee Stadium
yankee_stadium,36047037900,74.0,yankee_stadium,Yankee Stadium
yankee_stadium,36047036501,74.0,yankee_stadium,Yankee Stadium
yankee_stadium,36047036502,67.0,yankee_stadium,Yankee Stadium
yankee_stadium,36047036900,67.0,yankee_stadium,Yankee Stadium
yankee_stadium,36047038700,72.0,yankee_stadium,Yankee Stadium
yankee_stadium,36047038900,64.0,yankee_stadium,Yankee Stadium
yankee_stadium,36047039100,63.0,yankee_stadium,Yankee Stadium
yankee_stadium,36047039300,67.0,yankee_stadium,Yankee Stadium
yankee_stadium,36047077200,83.0,yankee_stadium,Yankee Stadium
yankee_stadium,36047077400,77.0,yankee_stadium,Yankee Stadium
yankee_stadium,36047077600,87.0,yankee_stadium,Yankee Stadium
yankee_stadium,36047078200,85.0,yankee_stadium,Yankee Stadium
yankee_stadium,36047007700,60.0,yankee_stadium,Yankee Stadium
yankee_stadium,36047046201,76.0,yankee_stadium,Yankee Stadium
yankee_stadium,36047036700,65.0,yankee_stadium,Yankee Stadium
yankee_stadium,36047003000,82.0,yankee_stadium,Yankee Stadium
yankee_stadium,36047030700,72.0,yankee_stadium,Yankee Stadium
yankee_stadium,36047030100,73.0,yankee_stadium,Yankee Stadium
yankee_stadium,36047031100,73.0,yankee_stadium,Yankee Stadium
yankee_stadium,36047031500,64.0,yankee_stadium,Yankee Stadium
yankee_stadium,36047031701,63.0,yankee_stadium,Yankee Stadium
yankee_stadium,36047031900,63.0,yankee_stadium,Yankee Stadium
yankee_stadium,36047032300,64.0,yankee_stadium,Yankee Stadium
yankee_stadium,36047032700,66.0,yankee_stadium,Yankee Stadium
yankee_stadium,36047033100,68.0,yankee_stadium,Yankee Stadium
yankee_stadium,36047033500,61.0,yankee_stadium,Yankee Stadium
yankee_stadium,36047033900,61.0,yankee_stadium,Yankee Stadium
yankee_stadium,36047034100,69.0,yankee_stadium,Yankee Stadium
yankee_stadium,36047034300,69.0,yankee_stadium,Yankee Stadium
yankee_stadium,36047034500,65.0,yankee_stadium,Yankee Stadium
yankee_stadium,36047040300,64.0,yankee_stadium,Yankee Stadium
yankee_stadium,36047040500,61.0,yankee_stadium,Yankee Stadium
yankee_stadium,36047041100,65.0,yankee_stadium,Yankee Stadium
yankee_stadium,36047041200,79.0,yankee_stadium,Yankee Stadium
yankee_stadium,36047039500,71.0,yankee_stadium,Yankee Stadium
yankee_stadium,36047041300,66.0,yankee_stadium,Yankee Stadium
yankee_stadium,36047039700,71.0,yankee_stadium,Yankee Stadium
yankee_stadium,36047039900,71.0,yankee_stadium,Yankee Stadium
yankee_stadium,36047041401,79.0,yankee_stadium,Yankee Stadium
yankee_stadium,36047041500,69.0,yankee_stadium,Yankee Stadium
yankee_stadium,36047041600,89.0,yankee_stadium,Yankee Stadium
yankee_stadium,36047041800,84.0,yankee_stadium,Yankee Stadium
yankee_stadium,36047041900,67.0,yankee_stadium,Yankee Stadium
yankee_stadium,36047042100,65.0,yankee_stadium,Yankee Stadium
yankee_stadium,36047042300,65.0,yankee_stadium,Yankee Stadium
yankee_stadium,36047042500,58.0,yankee_stadium,Yankee Stadium
yankee_stadium,36047042600,78.0,yankee_stadium,Yankee Stadium
yankee_stadium,36047042700,58.0,yankee_stadium,Yankee Stadium
yankee_stadium,36047042800,83.0,yankee_stadium,Yankee Stadium
yankee_stadium,36047042900,60.0,yankee_stadium,Yankee Stadium
yankee_stadium,36047043000,81.0,yankee_stadium,Yankee Stadium
yankee_stadium,36047043100,61.0,yankee_stadium,Yankee Stadium
yankee_stadium,36047041402,83.0,yankee_stadium,Yankee Stadium
yankee_stadium,36047021200,72.0,yankee_stadium,Yankee Stadium
yankee_stadium,36047019400,77.0,yankee_stadium,Yankee Stadium
yankee_stadium,36047117602,77.0,yankee_stadium,Yankee Stadium
yankee_stadium,36047041700,64.0,yankee_stadium,Yankee Stadium
yankee_stadium,36047089800,73.0,yankee_stadium,Yankee Stadium
yankee_stadium,36047072800,85.0,yankee_stadium,Yankee Stadium
yankee_stadium,36047098800,85.0,yankee_stadium,Yankee Stadium
yankee_stadium,36047058200,89.0,yankee_stadium,Yankee Stadium
yankee_stadium,36047068600,96.0,yankee_stadium,Yankee Stadium
yankee_stadium,36047025400,74.0,yankee_stadium,Yankee Stadium
yankee_stadium,36047032100,63.0,yankee_stadium,Yankee Stadium
yankee_stadium,36047081600,76.0,yankee_stadium,Yankee Stadium
yankee_stadium,36047019500,66.0,yankee_stadium,Yankee Stadium
yankee_stadium,36047044800,80.0,yankee_stadium,Yankee Stadium
yankee_stadium,36047007400,63.0,yankee_stadium,Yankee Stadium
yankee_stadium,36047004600,101.0,yankee_stadium,Yankee Stadium
yankee_stadium,36047043200,76.0,yankee_stadium,Yankee Stadium
yankee_stadium,36047043300,61.0,yankee_stadium,Yankee Stadium
yankee_stadium,36047043400,80.0,yankee_stadium,Yankee Stadium
yankee_stadium,36047043500,63.0,yankee_stadium,Yankee Stadium
yankee_stadium,36047043900,59.0,yankee_stadium,Yankee Stadium
yankee_stadium,36047044000,80.0,yankee_stadium,Yankee Stadium
yankee_stadium,36047044100,57.0,yankee_stadium,Yankee Stadium
yankee_stadium,36047044200,88.0,yankee_stadium,Yankee Stadium
yankee_stadium,36047044300,54.0,yankee_stadium,Yankee Stadium
yankee_stadium,36047044400,82.0,yankee_stadium,Yankee Stadium
yankee_stadium,36047044500,54.0,yankee_stadium,Yankee Stadium
yankee_stadium,36047044600,77.0,yankee_stadium,Yankee Stadium
yankee_stadium,36047045000,74.0,yankee_stadium,Yankee Stadium
yankee_stadium,36047045200,82.0,yankee_stadium,Yankee Stadium
yankee_stadium,36047045300,53.0,yankee_stadium,Yankee Stadium
yankee_stadium,36047045400,82.0,yankee_stadium,Yankee Stadium
yankee_stadium,36047079400,75.0,yankee_stadium,Yankee Stadium
yankee_stadium,36047080400,68.0,yankee_stadium,Yankee Stadium
yankee_stadium,36047080600,73.0,yankee_stadium,Yankee Stadium
yankee_stadium,36047048200,80.0,yankee_stadium,Yankee Stadium
yankee_stadium,36047007800,71.0,yankee_stadium,Yankee Stadium
yankee_stadium,36047028501,64.0,yankee_stadium,Yankee Stadium
yankee_stadium,36047026100,67.0,yankee_stadium,Yankee Stadium
yankee_stadium,36047067800,89.0,yankee_stadium,Yankee Stadium
yankee_stadium,36047075400,80.0,yankee_stadium,Yankee Stadium
yankee_stadium,36047018100,58.0,yankee_stadium,Yankee Stadium
yankee_stadium,36047080200,69.0,yankee_stadium,Yankee Stadium
yankee_stadium,36047083800,82.0,yankee_stadium,Yankee Stadium
yankee_stadium,36047055100,55.0,yankee_stadium,Yankee Stadium
yankee_stadium,36047019300,69.0,yankee_stadium,Yankee Stadium
yankee_stadium,36047086800,74.0,yankee_stadium,Yankee Stadium
yankee_stadium,36047099600,92.0,yankee_stadium,Yankee Stadium
yankee_stadium,36047042000,85.0,yankee_stadium,Yankee Stadium
yankee_stadium,36047020200,88.0,yankee_stadium,Yankee Stadium
yankee_stadium,36047065400,91.0,yankee_stadium,Yankee Stadium
yankee_stadium,36047040400,85.0,yankee_stadium,Yankee Stadium
yankee_stadium,36047004100,56.0,yankee_stadium,Yankee Stadium
yankee_stadium,36047032900,65.0,yankee_stadium,Yankee Stadium
yankee_stadium,36047013900,62.0,yankee_stadium,Yankee Stadium
yankee_stadium,36047002300,55.0,yankee_stadium,Yankee Stadium
yankee_stadium,36047016000,84.0,yankee_stadium,Yankee Stadium
yankee_stadium,36047036300,76.0,yankee_stadium,Yankee Stadium
yankee_stadium,36047092800,81.0,yankee_stadium,Yankee Stadium
yankee_stadium,36047012801,77.0,yankee_stadium,Yankee Stadium
yankee_stadium,36047046800,78.0,yankee_stadium,Yankee Stadium
yankee_stadium,36047047000,83.0,yankee_stadium,Yankee Stadium
yankee_stadium,36047045800,77.0,yankee_stadium,Yankee Stadium
yankee_stadium,36047046202,75.0,yankee_stadium,Yankee Stadium
yankee_stadium,36047046400,74.0,yankee_stadium,Yankee Stadium
yankee_stadium,36047047400,79.0,yankee_stadium,Yankee Stadium
yankee_stadium,36047047600,75.0,yankee_stadium,Yankee Stadium
yankee_stadium,36047047700,53.0,yankee_stadium,Yankee Stadium
yankee_stadium,36047047800,71.0,yankee_stadium,Yankee Stadium
yankee_stadium,36047048000,72.0,yankee_stadium,Yankee Stadium
yankee_stadium,36047048100,50.0,yankee_stadium,Yankee Stadium
yankee_stadium,36047081400,80.0,yankee_stadium,Yankee Stadium
yankee_stadium,36047082000,70.0,yankee_stadium,Yankee Stadium
yankee_stadium,36047082200,74.0,yankee_stadium,Yankee Stadium
yankee_stadium,36047082600,70.0,yankee_stadium,Yankee Stadium
yankee_stadium,36047082800,75.0,yankee_stadium,Yankee Stadium
yankee_stadium,36047083000,77.0,yankee_stadium,Yankee Stadium
yankee_stadium,36047083200,79.0,yankee_stadium,Yankee Stadium
yankee_stadium,36047083400,80.0,yankee_stadium,Yankee Stadium
yankee_stadium,36047057400,95.0,yankee_stadium,Yankee Stadium
yankee_stadium,36047102400,92.0,yankee_stadium,Yankee Stadium
yankee_stadium,36047048400,75.0,yankee_stadium,Yankee Stadium
yankee_stadium,36047024100,69.0,yankee_stadium,Yankee Stadium
yankee_stadium,36047026500,71.0,yankee_stadium,Yankee Stadium
yankee_stadium,36047029500,69.0,yankee_stadium,Yankee Stadium
yankee_stadium,36047015100,61.0,yankee_stadium,Yankee Stadium
yankee_stadium,36047021700,57.0,yankee_stadium,Yankee Stadium
yankee_stadium,36047055800,86.0,yankee_stadium,Yankee Stadium
yankee_stadium,36047007600,69.0,yankee_stadium,Yankee Stadium
yankee_stadium,36047012200,70.0,yankee_stadium,Yankee Stadium
yankee_stadium,36047010200,71.0,yankee_stadium,Yankee Stadium
yankee_stadium,36047040900,63.0,yankee_stadium,Yankee Stadium
yankee_stadium,36047116800,73.0,yankee_stadium,Yankee Stadium
yankee_stadium,36047096600,82.0,yankee_stadium,Yankee Stadium
yankee_stadium,36047005202,100.0,yankee_stadium,Yankee Stadium
yankee_stadium,36047042200,81.0,yankee_stadium,Yankee Stadium
yankee_stadium,36047073800,84.0,yankee_stadium,Yankee Stadium
yankee_stadium,36047054600,86.0,yankee_stadium,Yankee Stadium
yankee_stadium,36047017600,89.0,yankee_stadium,Yankee Stadium
yankee_stadium,36047028200,92.0,yankee_stadium,Yankee Stadium
yankee_stadium,36047031300,71.0,yankee_stadium,Yankee Stadium
yankee_stadium,36047081000,74.0,yankee_stadium,Yankee Stadium
yankee_stadium,36047085800,80.0,yankee_stadium,Yankee Stadium
yankee_stadium,36047013500,68.0,yankee_stadium,Yankee Stadium
yankee_stadium,36047032500,61.0,yankee_stadium,Yankee Stadium
yankee_stadium,36047049400,73.0,yankee_stadium,Yankee Stadium
yankee_stadium,36047048800,73.0,yankee_stadium,Yankee Stadium
yankee_stadium,36047049000,75.0,yankee_stadium,Yankee Stadium
yankee_stadium,36047049200,73.0,yankee_stadium,Yankee Stadium
yankee_stadium,36047049600,68.0,yankee_stadium,Yankee Stadium
yankee_stadium,36047049700,46.0,yankee_stadium,Yankee Stadium
yankee_stadium,36047049800,70.0,yankee_stadium,Yankee Stadium
yankee_stadium,36047049900,56.0,yankee_stadium,Yankee Stadium
yankee_stadium,36047050100,47.0,yankee_stadium,Yankee Stadium
yankee_stadium,36047051300,49.0,yankee_stadium,Yankee Stadium
yankee_stadium,36047040700,71.0,yankee_stadium,Yankee Stadium
yankee_stadium,36047014300,65.0,yankee_stadium,Yankee Stadium
yankee_stadium,36047018400,86.0,yankee_stadium,Yankee Stadium
yankee_stadium,36047029600,79.0,yankee_stadium,Yankee Stadium
yankee_stadium,36047028300,71.0,yankee_stadium,Yankee Stadium
yankee_stadium,36047076400,75.0,yankee_stadium,Yankee Stadium
yankee_stadium,36047015500,66.0,yankee_stadium,Yankee Stadium
yankee_stadium,36047021300,59.0,yankee_stadium,Yankee Stadium
yankee_stadium,36047038100,68.0,yankee_stadium,Yankee Stadium
yankee_stadium,36047114202,78.0,yankee_stadium,Yankee Stadium
yankee_stadium,36047005601,102.0,yankee_stadium,Yankee Stadium
yankee_stadium,36047003600,82.0,yankee_stadium,Yankee Stadium
yankee_stadium,36047008000,67.0,yankee_stadium,Yankee Stadium
yankee_stadium,36047093800,79.0,yankee_stadium,Yankee Stadium
yankee_stadium,36047064800,91.0,yankee_stadium,Yankee Stadium
yankee_stadium,36047025902,68.0,yankee_stadium,Yankee Stadium
yankee_stadium,36047086600,72.0,yankee_stadium,Yankee Stadium
yankee_stadium,36047110600,84.0,yankee_stadium,Yankee Stadium
yankee_stadium,36047117601,78.0,yankee_stadium,Yankee Stadium
yankee_stadium,36047043600,80.0,yankee_stadium,Yankee Stadium
yankee_stadium,36047050202,67.0,yankee_stadium,Yankee Stadium
yankee_stadium,36047050500,53.0,yankee_stadium,Yankee Stadium
yankee_stadium,36047050600,72.0,yankee_stadium,Yankee Stadium
yankee_stadium,36047050700,64.0,yankee_stadium,Yankee Stadium
yankee_stadium,36047051100,55.0,yankee_stadium,Yankee Stadium
yankee_stadium,36047051200,71.0,yankee_stadium,Yankee Stadium
yankee_stadium,36047075000,83.0,yankee_stadium,Yankee Stadium
yankee_stadium,36047018800,80.0,yankee_stadium,Yankee Stadium
yankee_stadium,36047025800,83.0,yankee_stadium,Yankee Stadium
yankee_stadium,36047049500,48.0,yankee_stadium,Yankee Stadium
yankee_stadium,36047088800,76.0,yankee_stadium,Yankee Stadium
yankee_stadium,36047011800,67.0,yankee_stadium,Yankee Stadium
yankee_stadium,36047053200,72.0,yankee_stadium,Yankee Stadium
yankee_stadium,36047022900,67.0,yankee_stadium,Yankee Stadium
yankee_stadium,36047040100,66.0,yankee_stadium,Yankee Stadium
yankee_stadium,36047112000,77.0,yankee_stadium,Yankee Stadium
yankee_stadium,36047005800,86.0,yankee_stadium,Yankee Stadium
yankee_stadium,36047014000,85.0,yankee_stadium,Yankee Stadium
yankee_stadium,36047014800,89.0,yankee_stadium,Yankee Stadium
yankee_stadium,36047064200,89.0,yankee_stadium,Yankee Stadium
yankee_stadium,36047030900,68.0,yankee_stadium,Yankee Stadium
yankee_stadium,36047082400,67.0,yankee_stadium,Yankee Stadium
yankee_stadium,36047021500,59.0,yankee_stadium,Yankee Stadium
yankee_stadium,36047038500,72.0,yankee_stadium,Yankee Stadium
yankee_stadium,36047094402,88.0,yankee_stadium,Yankee Stadium
yankee_stadium,36047024300,69.0,yankee_stadium,Yankee Stadium
yankee_stadium,36047003800,97.0,yankee_stadium,Yankee Stadium
yankee_stadium,36047033300,64.0,yankee_stadium,Yankee Stadium
yankee_stadium,36047003500,52.0,yankee_stadium,Yankee Stadium
yankee_stadium,36047051400,69.0,yankee_stadium,Yankee Stadium
yankee_stadium,36047052600,72.0,yankee_stadium,Yankee Stadium
yankee_stadium,36047051500,52.0,yankee_stadium,Yankee Stadium
yankee_stadium,36047051700,48.0,yankee_stadium,Yankee Stadium
yankee_stadium,36047051800,74.0,yankee_stadium,Yankee Stadium
yankee_stadium,36047051900,45.0,yankee_stadium,Yankee Stadium
yankee_stadium,36047052000,75.0,yankee_stadium,Yankee Stadium
yankee_stadium,36047052300,53.0,yankee_stadium,Yankee Stadium
yankee_stadium,36047052700,56.0,yankee_stadium,Yankee Stadium
yankee_stadium,36047052900,61.0,yankee_stadium,Yankee Stadium
yankee_stadium,36047053000,78.0,yankee_stadium,Yankee Stadium
yankee_stadium,36047053300,66.0,yankee_stadium,Yankee Stadium
yankee_stadium,36047053400,78.0,yankee_stadium,Yankee Stadium
yankee_stadium,36047053500,63.0,yankee_stadium,Yankee Stadium
yankee_stadium,36047067000,94.0,yankee_stadium,Yankee Stadium
yankee_stadium,36047025500,65.0,yankee_stadium,Yankee Stadium
yankee_stadium,36047027900,74.0,yankee_stadium,Yankee Stadium
yankee_stadium,36047005100,66.0,yankee_stadium,Yankee Stadium
yankee_stadium,36047111800,81.0,yankee_stadium,Yankee Stadium
yankee_stadium,36047021600,76.0,yankee_stadium,Yankee Stadium
yankee_stadium,36047020500,63.0,yankee_stadium,Yankee Stadium
yankee_stadium,36047015700,63.0,yankee_stadium,Yankee Stadium
yankee_stadium,36047003300,52.0,yankee_stadium,Yankee Stadium
yankee_stadium,36047040800,81.0,yankee_stadium,Yankee Stadium
yankee_stadium,36047050900,61.0,yankee_stadium,Yankee Stadium
yankee_stadium,36047026900,66.0,yankee_stadium,Yankee Stadium
yankee_stadium,36047045600,79.0,yankee_stadium,Yankee Stadium
yankee_stadium,36047100600,89.0,yankee_stadium,Yankee Stadium
yankee_stadium,36047040600,85.0,yankee_stadium,Yankee Stadium
yankee_stadium,36047084800,79.0,yankee_stadium,Yankee Stadium
yankee_stadium,36047056000,85.0,yankee_stadium,Yankee Stadium
yankee_stadium,36047023200,79.0,yankee_stadium,Yankee Stadium
yankee_stadium,36047091600,74.0,yankee_stadium,Yankee Stadium
yankee_stadium,36047048900,55.0,yankee_stadium,Yankee Stadium
yankee_stadium,36047013300,63.0,yankee_stadium,Yankee Stadium
yankee_stadium,36047054500,65.0,yankee_stadium,Yankee Stadium
yankee_stadium,36047006200,82.0,yankee_stadium,Yankee Stadium
yankee_stadium,36005014701,34.0,yankee_stadium,Yankee Stadium
yankee_stadium,36005017901,19.0,yankee_stadium,Yankee Stadium
yankee_stadium,36005018301,12.0,yankee_stadium,Yankee Stadium
yankee_stadium,36005022102,18.0,yankee_stadium,Yankee Stadium
yankee_stadium,36005023703,25.0,yankee_stadium,Yankee Stadium
yankee_stadium,36005026702,32.0,yankee_stadium,Yankee Stadium
yankee_stadium,36005033201,41.0,yankee_stadium,Yankee Stadium
yankee_stadium,36005040303,28.0,yankee_stadium,Yankee Stadium
yankee_stadium,36005021700,17.0,yankee_stadium,Yankee Stadium
yankee_stadium,36005023702,24.0,yankee_stadium,Yankee Stadium
yankee_stadium,36005040302,27.0,yankee_stadium,Yankee Stadium
yankee_stadium,36005007600,41.0,yankee_stadium,Yankee Stadium
yankee_stadium,36005009000,71.0,yankee_stadium,Yankee Stadium
yankee_stadium,36005015900,27.0,yankee_stadium,Yankee Stadium
yankee_stadium,36005005001,43.0,yankee_stadium,Yankee Stadium
yankee_stadium,36047053700,66.0,yankee_stadium,Yankee Stadium
yankee_stadium,36047054700,64.0,yankee_stadium,Yankee Stadium
yankee_stadium,36047054800,80.0,yankee_stadium,Yankee Stadium
yankee_stadium,36047053900,68.0,yankee_stadium,Yankee Stadium
yankee_stadium,36047054300,70.0,yankee_stadium,Yankee Stadium
yankee_stadium,36047054400,81.0,yankee_stadium,Yankee Stadium
yankee_stadium,36047054900,60.0,yankee_stadium,Yankee Stadium
yankee_stadium,36047055000,79.0,yankee_stadium,Yankee Stadium
yankee_stadium,36047055300,44.0,yankee_stadium,Yankee Stadium
yankee_stadium,36047055400,78.0,yankee_stadium,Yankee Stadium
yankee_stadium,36047055500,52.0,yankee_stadium,Yankee Stadium
yankee_stadium,36047055600,87.0,yankee_stadium,Yankee Stadium
yankee_stadium,36047055700,52.0,yankee_stadium,Yankee Stadium
yankee_stadium,36047056200,89.0,yankee_stadium,Yankee Stadium
yankee_stadium,36047056400,87.0,yankee_stadium,Yankee Stadium
yankee_stadium,36047008200,65.0,yankee_stadium,Yankee Stadium
yankee_stadium,36047028900,71.0,yankee_stadium,Yankee Stadium
yankee_stadium,36047026800,85.0,yankee_stadium,Yankee Stadium
yankee_stadium,36047078400,82.0,yankee_stadium,Yankee Stadium
yankee_stadium,36047057100,57.0,yankee_stadium,Yankee Stadium
yankee_stadium,36047086200,74.0,yankee_stadium,Yankee Stadium
yankee_stadium,36047111000,85.0,yankee_stadium,Yankee Stadium
yankee_stadium,36047004300,55.0,yankee_stadium,Yankee Stadium
yankee_stadium,36047030300,78.0,yankee_stadium,Yankee Stadium
yankee_stadium,36047031702,59.0,yankee_stadium,Yankee Stadium
yankee_stadium,36047036100,71.0,yankee_stadium,Yankee Stadium
yankee_stadium,36047038300,73.0,yankee_stadium,Yankee Stadium
yankee_stadium,36047039400,93.0,yankee_stadium,Yankee Stadium
yankee_stadium,36047042400,81.0,yankee_stadium,Yankee Stadium
yankee_stadium,36047043800,78.0,yankee_stadium,Yankee Stadium
yankee_stadium,36047044700,50.0,yankee_stadium,Yankee Stadium
yankee_stadium,36047047200,82.0,yankee_stadium,Yankee Stadium
yankee_stadium,36047049100,59.0,yankee_stadium,Yankee Stadium
yankee_stadium,36047050300,49.0,yankee_stadium,Yankee Stadium
yankee_stadium,36047055200,77.0,yankee_stadium,Yankee Stadium
yankee_stadium,36047056500,55.0,yankee_stadium,Yankee Stadium
yankee_stadium,36047057500,53.0,yankee_stadium,Yankee Stadium
yankee_stadium,36047057600,92.0,yankee_stadium,Yankee Stadium
yankee_stadium,36047056600,91.0,yankee_stadium,Yankee Stadium
yankee_stadium,36047056800,94.0,yankee_stadium,Yankee Stadium
yankee_stadium,36047056900,55.0,yankee_stadium,Yankee Stadium
yankee_stadium,36047057000,99.0,yankee_stadium,Yankee Stadium
yankee_stadium,36047057300,62.0,yankee_stadium,Yankee Stadium
yankee_stadium,36047057800,88.0,yankee_stadium,Yankee Stadium
yankee_stadium,36047058000,84.0,yankee_stadium,Yankee Stadium
yankee_stadium,36047083600,90.0,yankee_stadium,Yankee Stadium
yankee_stadium,36047084000,76.0,yankee_stadium,Yankee Stadium
yankee_stadium,36047085000,81.0,yankee_stadium,Yankee Stadium
yankee_stadium,36047085200,87.0,yankee_stadium,Yankee Stadium
yankee_stadium,36047085400,80.0,yankee_stadium,Yankee Stadium
yankee_stadium,36047090000,70.0,yankee_stadium,Yankee Stadium
yankee_stadium,36047092000,71.0,yankee_stadium,Yankee Stadium
yankee_stadium,36047090200,73.0,yankee_stadium,Yankee Stadium
yankee_stadium,36047090600,74.0,yankee_stadium,Yankee Stadium
yankee_stadium,36047090800,69.0,yankee_stadium,Yankee Stadium
yankee_stadium,36047091000,71.0,yankee_stadium,Yankee Stadium
yankee_stadium,36047091800,73.0,yankee_stadium,Yankee Stadium
yankee_stadium,36047092200,75.0,yankee_stadium,Yankee Stadium
yankee_stadium,36047093000,77.0,yankee_stadium,Yankee Stadium
yankee_stadium,36047093400,80.0,yankee_stadium,Yankee Stadium
yankee_stadium,36047093600,81.0,yankee_stadium,Yankee Stadium
yankee_stadium,36047063200,100.0,yankee_stadium,Yankee Stadium
yankee_stadium,36047065600,93.0,yankee_stadium,Yankee Stadium
yankee_stadium,36047059100,62.0,yankee_stadium,Yankee Stadium
yankee_stadium,36047069000,97.0,yankee_stadium,Yankee Stadium
yankee_stadium,36047073000,85.0,yankee_stadium,Yankee Stadium
yankee_stadium,36047074200,84.0,yankee_stadium,Yankee Stadium
yankee_stadium,36047078000,84.0,yankee_stadium,Yankee Stadium
yankee_stadium,36047080000,68.0,yankee_stadium,Yankee Stadium
yankee_stadium,36047084600,77.0,yankee_stadium,Yankee Stadium
yankee_stadium,36047087200,80.0,yankee_stadium,Yankee Stadium
yankee_stadium,36047091200,73.0,yankee_stadium,Yankee Stadium
yankee_stadium,36047098200,76.0,yankee_stadium,Yankee Stadium
yankee_stadium,36047099200,85.0,yankee_stadium,Yankee Stadium
yankee_stadium,36047115000,76.0,yankee_stadium,Yankee Stadium
yankee_stadium,36047116200,78.0,yankee_stadium,Yankee Stadium
yankee_stadium,36047119000,76.0,yankee_stadium,Yankee Stadium
yankee_stadium,36047000100,53.0,yankee_stadium,Yankee Stadium
yankee_stadium,36047000200,71.0,yankee_stadium,Yankee Stadium
yankee_stadium,36047000301,59.0,yankee_stadium,Yankee Stadium
yankee_stadium,36047014200,82.0,yankee_stadium,Yankee Stadium
yankee_stadium,36047014500,68.0,yankee_stadium,Yankee Stadium
yankee_stadium,36047014700,75.0,yankee_stadium,Yankee Stadium
yankee_stadium,36047015000,89.0,yankee_stadium,Yankee Stadium
yankee_stadium,36047015300,61.0,yankee_stadium,Yankee Stadium
yankee_stadium,36047015400,96.0,yankee_stadium,Yankee Stadium
yankee_stadium,36047015900,55.0,yankee_stadium,Yankee Stadium
yankee_stadium,36047016100,54.0,yankee_stadium,Yankee Stadium
yankee_stadium,36047016200,88.0,yankee_stadium,Yankee Stadium
yankee_stadium,36047016300,59.0,yankee_stadium,Yankee Stadium
yankee_stadium,36047016400,99.0,yankee_stadium,Yankee Stadium
yankee_stadium,36047016500,65.0,yankee_stadium,Yankee Stadium
yankee_stadium,36047016700,62.0,yankee_stadium,Yankee Stadium
yankee_stadium,36047016800,92.0,yankee_stadium,Yankee Stadium
yankee_stadium,36047016900,62.0,yankee_stadium,Yankee Stadium
yankee_stadium,36047017100,68.0,yankee_stadium,Yankee Stadium
yankee_stadium,36047017200,88.0,yankee_stadium,Yankee Stadium
yankee_stadium,36047017400,89.0,yankee_stadium,Yankee Stadium
yankee_stadium,36047017500,79.0,yankee_stadium,Yankee Stadium
yankee_stadium,36047085600,75.0,yankee_stadium,Yankee Stadium
yankee_stadium,36047086000,74.0,yankee_stadium,Yankee Stadium
yankee_stadium,36047086400,73.0,yankee_stadium,Yankee Stadium
yankee_stadium,36047087000,76.0,yankee_stadium,Yankee Stadium
yankee_stadium,36047087401,73.0,yankee_stadium,Yankee Stadium
yankee_stadium,36047087600,73.0,yankee_stadium,Yankee Stadium
yankee_stadium,36047087800,67.0,yankee_stadium,Yankee Stadium
yankee_stadium,36047088200,71.0,yankee_stadium,Yankee Stadium
yankee_stadium,36047063600,88.0,yankee_stadium,Yankee Stadium
yankee_stadium,36047063800,88.0,yankee_stadium,Yankee Stadium
yankee_stadium,36047064000,89.0,yankee_stadium,Yankee Stadium
yankee_stadium,36047064400,90.0,yankee_stadium,Yankee Stadium
yankee_stadium,36047065000,88.0,yankee_stadium,Yankee Stadium
yankee_stadium,36047094401,91.0,yankee_stadium,Yankee Stadium
yankee_stadium,36047095000,91.0,yankee_stadium,Yankee Stadium
yankee_stadium,36047095400,90.0,yankee_stadium,Yankee Stadium
yankee_stadium,36047095600,85.0,yankee_stadium,Yankee Stadium
yankee_stadium,36005044902,45.0,yankee_stadium,Yankee Stadium
yankee_stadium,36005025100,25.0,yankee_stadium,Yankee Stadium
yankee_stadium,36005022404,42.0,yankee_stadium,Yankee Stadium
yankee_stadium,36005039901,29.0,yankee_stadium,Yankee Stadium
yankee_stadium,36005023704,22.0,yankee_stadium,Yankee Stadium
yankee_stadium,36005015300,32.0,yankee_stadium,Yankee Stadium
yankee_stadium,36047000700,56.0,yankee_stadium,Yankee Stadium
yankee_stadium,36047000900,47.0,yankee_stadium,Yankee Stadium
yankee_stadium,36047001100,50.0,yankee_stadium,Yankee Stadium
yankee_stadium,36047001300,55.0,yankee_stadium,Yankee Stadium
yankee_stadium,36047002000,77.0,yankee_stadium,Yankee Stadium
yankee_stadium,36047002100,51.0,yankee_stadium,Yankee Stadium
yankee_stadium,36047002200,69.0,yankee_stadium,Yankee Stadium
yankee_stadium,36047002901,64.0,yankee_stadium,Yankee Stadium
yankee_stadium,36047003400,95.0,yankee_stadium,Yankee Stadium
yankee_stadium,36047003700,54.0,yankee_stadium,Yankee Stadium
yankee_stadium,36047003900,53.0,yankee_stadium,Yankee Stadium
yankee_stadium,36005014100,19.0,yankee_stadium,Yankee Stadium
yankee_stadium,36005033000,43.0,yankee_stadium,Yankee Stadium
yankee_stadium,36005021100,22.0,yankee_stadium,Yankee Stadium
yankee_stadium,36005004600,42.0,yankee_stadium,Yankee Stadium
yankee_stadium,36005005902,16.0,yankee_stadium,Yankee Stadium
yankee_stadium,36005028100,37.0,yankee_stadium,Yankee Stadium
yankee_stadium,36005022701,19.0,yankee_stadium,Yankee Stadium
yankee_stadium,36005031600,50.0,yankee_stadium,Yankee Stadium
yankee_stadium,36005019500,8.0,yankee_stadium,Yankee Stadium
yankee_stadium,36005028600,54.0,yankee_stadium,Yankee Stadium
yankee_stadium,36005016400,61.0,yankee_stadium,Yankee Stadium
yankee_stadium,36005036800,54.0,yankee_stadium,Yankee Stadium
yankee_stadium,36005006000,38.0,yankee_stadium,Yankee Stadium
yankee_stadium,36005037600,46.0,yankee_stadium,Yankee Stadium
yankee_stadium,36005023301,21.0,yankee_stadium,Yankee Stadium
yankee_stadium,36005004001,52.0,yankee_stadium,Yankee Stadium
yankee_stadium,36005006900,23.0,yankee_stadium,Yankee Stadium
yankee_stadium,36005003100,32.0,yankee_stadium,Yankee Stadium
yankee_stadium,36005039000,49.0,yankee_stadium,Yankee Stadium
yankee_stadium,36005042800,60.0,yankee_stadium,Yankee Stadium
yankee_stadium,36005038800,56.0,yankee_stadium,Yankee Stadium
yankee_stadium,36005005600,39.0,yankee_stadium,Yankee Stadium
yankee_stadium,36005014500,31.0,yankee_stadium,Yankee Stadium
yankee_stadium,36047017700,75.0,yankee_stadium,Yankee Stadium
yankee_stadium,36047017800,81.0,yankee_stadium,Yankee Stadium
yankee_stadium,36047017900,59.0,yankee_stadium,Yankee Stadium
yankee_stadium,36047018000,85.0,yankee_stadium,Yankee Stadium
yankee_stadium,36047018200,79.0,yankee_stadium,Yankee Stadium
yankee_stadium,36047018300,64.0,yankee_stadium,Yankee Stadium
yankee_stadium,36047018501,66.0,yankee_stadium,Yankee Stadium
yankee_stadium,36047018600,81.0,yankee_stadium,Yankee Stadium
yankee_stadium,36047018700,64.0,yankee_stadium,Yankee Stadium
yankee_stadium,36047019000,75.0,yankee_stadium,Yankee Stadium
yankee_stadium,36047019100,69.0,yankee_stadium,Yankee Stadium
yankee_stadium,36047019200,73.0,yankee_stadium,Yankee Stadium
yankee_stadium,36047019600,81.0,yankee_stadium,Yankee Stadium
yankee_stadium,36047019700,60.0,yankee_stadium,Yankee Stadium
yankee_stadium,36047019800,86.0,yankee_stadium,Yankee Stadium
yankee_stadium,36047019900,60.0,yankee_stadium,Yankee Stadium
yankee_stadium,36047020000,90.0,yankee_stadium,Yankee Stadium
yankee_stadium,36047020300,65.0,yankee_stadium,Yankee Stadium
yankee_stadium,36047020400,84.0,yankee_stadium,Yankee Stadium
yankee_stadium,36047020600,79.0,yankee_stadium,Yankee Stadium
yankee_stadium,36047020700,59.0,yankee_stadium,Yankee Stadium
yankee_stadium,36005026300,29.0,yankee_stadium,Yankee Stadium
yankee_stadium,36005029700,56.0,yankee_stadium,Yankee Stadium
yankee_stadium,36005020601,48.0,yankee_stadium,Yankee Stadium
yankee_stadium,36005042000,48.0,yankee_stadium,Yankee Stadium
yankee_stadium,36005015800,69.0,yankee_stadium,Yankee Stadium
yankee_stadium,36005007400,55.0,yankee_stadium,Yankee Stadium
yankee_stadium,36005028800,47.0,yankee_stadium,Yankee Stadium
yankee_stadium,36005022902,25.0,yankee_stadium,Yankee Stadium
yankee_stadium,36005013300,25.0,yankee_stadium,Yankee Stadium
yankee_stadium,36005017100,26.0,yankee_stadium,Yankee Stadium
yankee_stadium,36005045101,46.0,yankee_stadium,Yankee Stadium
yankee_stadium,36005008300,32.0,yankee_stadium,Yankee Stadium
yankee_stadium,36005040400,57.0,yankee_stadium,Yankee Stadium
yankee_stadium,36005046000,66.0,yankee_stadium,Yankee Stadium
yankee_stadium,36005025200,51.0,yankee_stadium,Yankee Stadium
yankee_stadium,36005023501,21.0,yankee_stadium,Yankee Stadium
yankee_stadium,36005036501,38.0,yankee_stadium,Yankee Stadium
yankee_stadium,36005021601,48.0,yankee_stadium,Yankee Stadium
yankee_stadium,36005040304,25.0,yankee_stadium,Yankee Stadium
yankee_stadium,36005022800,45.0,yankee_stadium,Yankee Stadium
yankee_stadium,36005003800,50.0,yankee_stadium,Yankee Stadium
yankee_stadium,36005020400,55.0,yankee_stadium,Yankee Stadium
yankee_stadium,36005003300,33.0,yankee_stadium,Yankee Stadium
yankee_stadium,36005037100,39.0,yankee_stadium,Yankee Stadium
yankee_stadium,36005013100,30.0,yankee_stadium,Yankee Stadium
yankee_stadium,36047020800,81.0,yankee_stadium,Yankee Stadium
yankee_stadium,36047021000,78.0,yankee_stadium,Yankee Stadium
yankee_stadium,36047021400,71.0,yankee_stadium,Yankee Stadium
yankee_stadium,36047021800,73.0,yankee_stadium,Yankee Stadium
yankee_stadium,36047021900,58.0,yankee_stadium,Yankee Stadium
yankee_stadium,36059405800,,yankee_stadium,Yankee Stadium
yankee_stadium,36059412500,,yankee_stadium,Yankee Stadium
yankee_stadium,36059302400,,yankee_stadium,Yankee Stadium
yankee_stadium,36059302900,,yankee_stadium,Yankee Stadium
yankee_stadium,36059303000,111.0,yankee_stadium,Yankee Stadium
yankee_stadium,36081019400,80.0,yankee_stadium,Yankee Stadium
yankee_stadium,36081020500,62.0,yankee_stadium,Yankee Stadium
yankee_stadium,36081095400,,yankee_stadium,Yankee Stadium
yankee_stadium,36081127700,91.0,yankee_stadium,Yankee Stadium
yankee_stadium,36081042400,93.0,yankee_stadium,Yankee Stadium
yankee_stadium,36059303101,,yankee_stadium,Yankee Stadium
yankee_stadium,36059303102,,yankee_stadium,Yankee Stadium
yankee_stadium,36081062200,117.0,yankee_stadium,Yankee Stadium
yankee_stadium,36081079702,79.0,yankee_stadium,Yankee Stadium
yankee_stadium,36081030600,90.0,yankee_stadium,Yankee Stadium
yankee_stadium,36059303301,,yankee_stadium,Yankee Stadium
yankee_stadium,36059303302,,yankee_stadium,Yankee Stadium
yankee_stadium,36059303500,,yankee_stadium,Yankee Stadium
yankee_stadium,36059303600,110.0,yankee_stadium,Yankee Stadium
yankee_stadium,36081015802,84.0,yankee_stadium,Yankee Stadium
yankee_stadium,36081018102,46.0,yankee_stadium,Yankee Stadium
yankee_stadium,36059404400,106.0,yankee_stadium,Yankee Stadium
yankee_stadium,36059404500,108.0,yankee_stadium,Yankee Stadium
yankee_stadium,36059404700,111.0,yankee_stadium,Yankee Stadium
yankee_stadium,36059404800,,yankee_stadium,Yankee Stadium
yankee_stadium,36059404902,,yankee_stadium,Yankee Stadium
yankee_stadium,36059405000,,yankee_stadium,Yankee Stadium
yankee_stadium,36059405100,,yankee_stadium,Yankee Stadium
yankee_stadium,36059405200,,yankee_stadium,Yankee Stadium
yankee_stadium,36059405301,,yankee_stadium,Yankee Stadium
yankee_stadium,36059405302,,yankee_stadium,Yankee Stadium
yankee_stadium,36059416201,,yankee_stadium,Yankee Stadium
yankee_stadium,36059517000,,yankee_stadium,Yankee Stadium
yankee_stadium,36059517101,,yankee_stadium,Yankee Stadium
yankee_stadium,36059302800,,yankee_stadium,Yankee Stadium
yankee_stadium,36059410100,104.0,yankee_stadium,Yankee Stadium
yankee_stadium,36059406300,114.0,yankee_stadium,Yankee Stadium
yankee_stadium,36059404600,112.0,yankee_stadium,Yankee Stadium
yankee_stadium,36059405400,,yankee_stadium,Yankee Stadium
yankee_stadium,36059405500,,yankee_stadium,Yankee Stadium
yankee_stadium,36059405600,,yankee_stadium,Yankee Stadium
yankee_stadium,36059405700,,yankee_stadium,Yankee Stadium
yankee_stadium,36059405900,114.0,yankee_stadium,Yankee Stadium
yankee_stadium,36059406001,116.0,yankee_stadium,Yankee Stadium
yankee_stadium,36059406002,103.0,yankee_stadium,Yankee Stadium
yankee_stadium,36059406100,,yankee_stadium,Yankee Stadium
yankee_stadium,36059517400,,yankee_stadium,Yankee Stadium
yankee_stadium,36059517500,,yankee_stadium,Yankee Stadium
yankee_stadium,36059302600,113.0,yankee_stadium,Yankee Stadium
yankee_stadium,36059404901,,yankee_stadium,Yankee Stadium
yankee_stadium,36059410600,107.0,yankee_stadium,Yankee Stadium
yankee_stadium,36059406201,104.0,yankee_stadium,Yankee Stadium
yankee_stadium,36059406202,116.0,yankee_stadium,Yankee Stadium
yankee_stadium,36059406400,,yankee_stadium,Yankee Stadium
yankee_stadium,36059406501,,yankee_stadium,Yankee Stadium
yankee_stadium,36081012500,41.0,yankee_stadium,Yankee Stadium
yankee_stadium,36081065703,82.0,yankee_stadium,Yankee Stadium
yankee_stadium,36081008500,57.0,yankee_stadium,Yankee Stadium
yankee_stadium,36081026901,53.0,yankee_stadium,Yankee Stadium
yankee_stadium,36081074900,72.0,yankee_stadium,Yankee Stadium
yankee_stadium,36081035700,55.0,yankee_stadium,Yankee Stadium
yankee_stadium,36081006502,47.0,yankee_stadium,Yankee Stadium
yankee_stadium,36081029400,88.0,yankee_stadium,Yankee Stadium
yankee_stadium,36081061301,72.0,yankee_stadium,Yankee Stadium
yankee_stadium,36081072300,65.0,yankee_stadium,Yankee Stadium
yankee_stadium,36081086900,73.0,yankee_stadium,Yankee Stadium
yankee_stadium,36059409800,,yankee_stadium,Yankee Stadium
yankee_stadium,36059410000,,yankee_stadium,Yankee Stadium
yankee_stadium,36059410200,104.0,yankee_stadium,Yankee Stadium
yankee_stadium,36059410300,,yankee_stadium,Yankee Stadium
yankee_stadium,36059410400,,yankee_stadium,Yankee Stadium
yankee_stadium,36059410500,118.0,yankee_stadium,Yankee Stadium
yankee_stadium,36059410700,,yankee_stadium,Yankee Stadium
yankee_stadium,36059409900,,yankee_stadium,Yankee Stadium
yankee_stadium,36059410800,118.0,yankee_stadium,Yankee Stadium
yankee_stadium,36081015801,83.0,yankee_stadium,Yankee Stadium
yankee_stadium,36047101800,87.0,yankee_stadium,Yankee Stadium
yankee_stadium,36047102000,89.0,yankee_stadium,Yankee Stadium
yankee_stadium,36047102600,93.0,yankee_stadium,Yankee Stadium
yankee_stadium,36081018501,54.0,yankee_stadium,Yankee Stadium
yankee_stadium,36047107800,85.0,yankee_stadium,Yankee Stadium
yankee_stadium,36047109800,78.0,yankee_stadium,Yankee Stadium
yankee_stadium,36047112200,78.0,yankee_stadium,Yankee Stadium
yankee_stadium,36047112400,74.0,yankee_stadium,Yankee Stadium
yankee_stadium,36047112600,71.0,yankee_stadium,Yankee Stadium
yankee_stadium,36047112800,74.0,yankee_stadium,Yankee Stadium
yankee_stadium,36047113000,72.0,yankee_stadium,Yankee Stadium
yankee_stadium,36047113200,69.0,yankee_stadium,Yankee Stadium
yankee_stadium,36059410900,,yankee_stadium,Yankee Stadium
yankee_stadium,36059411000,,yankee_stadium,Yankee Stadium
yankee_stadium,36059411100,,yankee_stadium,Yankee Stadium
yankee_stadium,36059411200,,yankee_stadium,Yankee Stadium
yankee_stadium,36059411301,,yankee_stadium,Yankee Stadium
yankee_stadium,36059411302,,yankee_stadium,Yankee Stadium
yankee_stadium,36047114201,74.0,yankee_stadium,Yankee Stadium
yankee_stadium,36047114600,69.0,yankee_stadium,Yankee Stadium
yankee_stadium,36047115200,72.0,yankee_stadium,Yankee Stadium
yankee_stadium,36047115600,73.0,yankee_stadium,Yankee Stadium
yankee_stadium,36047116000,77.0,yankee_stadium,Yankee Stadium
yankee_stadium,36047116400,78.0,yankee_stadium,Yankee Stadium
yankee_stadium,36047117000,74.0,yankee_stadium,Yankee Stadium
yankee_stadium,36047117201,74.0,yankee_stadium,Yankee Stadium
yankee_stadium,36047117202,75.0,yankee_stadium,Yankee Stadium
yankee_stadium,36047117400,73.0,yankee_stadium,Yankee Stadium
yankee_stadium,36047117800,74.0,yankee_stadium,Yankee Stadium
yankee_stadium,36047118000,82.0,yankee_stadium,Yankee Stadium
yankee_stadium,36047118201,77.0,yankee_stadium,Yankee Stadium
yankee_stadium,36047118202,81.0,yankee_stadium,Yankee Stadium
yankee_stadium,36047118400,77.0,yankee_stadium,Yankee Stadium
yankee_stadium,36047118600,79.0,yankee_stadium,Yankee Stadium
yankee_stadium,36047118800,73.0,yankee_stadium,Yankee Stadium
yankee_stadium,36047119200,79.0,yankee_stadium,Yankee Stadium
yankee_stadium,36047119400,78.0,yankee_stadium,Yankee Stadium
yankee_stadium,36047119600,69.0,yankee_stadium,Yankee Stadium
yankee_stadium,36047120000,75.0,yankee_stadium,Yankee Stadium
yankee_stadium,36047120200,70.0,yankee_stadium,Yankee Stadium
yankee_stadium,36047121000,76.0,yankee_stadium,Yankee Stadium
yankee_stadium,36081067100,77.0,yankee_stadium,Yankee Stadium
yankee_stadium,36081053100,72.0,yankee_stadium,Yankee Stadium
yankee_stadium,36081006201,85.0,yankee_stadium,Yankee Stadium
yankee_stadium,36081006501,44.0,yankee_stadium,Yankee Stadium
yankee_stadium,36081018101,44.0,yankee_stadium,Yankee Stadium
yankee_stadium,36059404300,114.0,yankee_stadium,Yankee Stadium
yankee_stadium,36059413001,,yankee_stadium,Yankee Stadium
yankee_stadium,36059412301,114.0,yankee_stadium,Yankee Stadium
yankee_stadium,36059301400,,yankee_stadium,Yankee Stadium
yankee_stadium,36059302700,112.0,yankee_stadium,Yankee Stadium
yankee_stadium,36059300100,,yankee_stadium,Yankee Stadium
yankee_stadium,36059300300,,yankee_stadium,Yankee Stadium
yankee_stadium,36047122000,93.0,yankee_stadium,Yankee Stadium
yankee_stadium,36047013000,78.0,yankee_stadium,Yankee Stadium
yankee_stadium,36047017000,86.0,yankee_stadium,Yankee Stadium
yankee_stadium,36047020100,63.0,yankee_stadium,Yankee Stadium
yankee_stadium,36047022200,70.0,yankee_stadium,Yankee Stadium
yankee_stadium,36047121400,81.0,yankee_stadium,Yankee Stadium
yankee_stadium,36047023800,76.0,yankee_stadium,Yankee Stadium
yankee_stadium,36047024700,59.0,yankee_stadium,Yankee Stadium
yankee_stadium,36047027300,68.0,yankee_stadium,Yankee Stadium
yankee_stadium,36047028000,88.0,yankee_stadium,Yankee Stadium
yankee_stadium,36047034700,69.0,yankee_stadium,Yankee Stadium
yankee_stadium,36047041000,82.0,yankee_stadium,Yankee Stadium
yankee_stadium,36047048600,70.0,yankee_stadium,Yankee Stadium
yankee_stadium,36047052500,58.0,yankee_stadium,Yankee Stadium
yankee_stadium,36059411400,,yankee_stadium,Yankee Stadium
yankee_stadium,36059411500,,yankee_stadium,Yankee Stadium
yankee_stadium,36059411600,,yankee_stadium,Yankee Stadium
yankee_stadium,36059411700,,yankee_stadium,Yankee Stadium
yankee_stadium,36059411800,93.0,yankee_stadium,Yankee Stadium
yankee_stadium,36059411901,85.0,yankee_stadium,Yankee Stadium
yankee_stadium,36059411902,94.0,yankee_stadium,Yankee Stadium
yankee_stadium,36047052800,75.0,yankee_stadium,Yankee Stadium
yankee_stadium,36047053800,75.0,yankee_stadium,Yankee Stadium
yankee_stadium,36047054200,84.0,yankee_stadium,Yankee Stadium
yankee_stadium,36047059300,67.0,yankee_stadium,Yankee Stadium
yankee_stadium,36047064600,92.0,yankee_stadium,Yankee Stadium
yankee_stadium,36047075200,80.0,yankee_stadium,Yankee Stadium
yankee_stadium,36047081800,70.0,yankee_stadium,Yankee Stadium
yankee_stadium,36047102200,91.0,yankee_stadium,Yankee Stadium
yankee_stadium,36047113400,68.0,yankee_stadium,Yankee Stadium
yankee_stadium,36047115800,78.0,yankee_stadium,Yankee Stadium
yankee_stadium,36047116600,73.0,yankee_stadium,Yankee Stadium
yankee_stadium,36085029106,94.0,yankee_stadium,Yankee Stadium
yankee_stadium,36085004001,83.0,yankee_stadium,Yankee Stadium
yankee_stadium,36085005902,101.0,yankee_stadium,Yankee Stadium
yankee_stadium,36059301101,,yankee_stadium,Yankee Stadium
yankee_stadium,36059416202,,yankee_stadium,Yankee Stadium
yankee_stadium,36059300400,,yankee_stadium,Yankee Stadium
yankee_stadium,36059300500,,yankee_stadium,Yankee Stadium
yankee_stadium,36059300600,107.0,yankee_stadium,Yankee Stadium
yankee_stadium,36059300700,96.0,yankee_stadium,Yankee Stadium
yankee_stadium,36059300800,112.0,yankee_stadium,Yankee Stadium
yankee_stadium,36059301000,,yankee_stadium,Yankee Stadium
yankee_stadium,36059412000,97.0,yankee_stadium,Yankee Stadium
yankee_stadium,36059412100,106.0,yankee_stadium,Yankee Stadium
yankee_stadium,36059412200,,yankee_stadium,Yankee Stadium
yankee_stadium,36059412302,,yankee_stadium,Yankee Stadium
yankee_stadium,36059412400,109.0,yankee_stadium,Yankee Stadium
yankee_stadium,36081099703,98.0,yankee_stadium,Yankee Stadium
yankee_stadium,36081099704,96.0,yankee_stadium,Yankee Stadium
yankee_stadium,36081099705,112.0,yankee_stadium,Yankee Stadium
yankee_stadium,36081099801,112.0,yankee_stadium,Yankee Stadium
yankee_stadium,36059301102,,yankee_stadium,Yankee Stadium
yankee_stadium,36059301200,,yankee_stadium,Yankee Stadium
yankee_stadium,36059301300,112.0,yankee_stadium,Yankee Stadium
yankee_stadium,36059301500,111.0,yankee_stadium,Yankee Stadium
yankee_stadium,36059301600,,yankee_stadium,Yankee Stadium
yankee_stadium,36059301700,,yankee_stadium,Yankee Stadium
yankee_stadium,36081075702,62.0,yankee_stadium,Yankee Stadium
yankee_stadium,36081079701,75.0,yankee_stadium,Yankee Stadium
yankee_stadium,36081044302,74.0,yankee_stadium,Yankee Stadium
yankee_stadium,36059301800,,yankee_stadium,Yankee Stadium
yankee_stadium,36059413002,116.0,yankee_stadium,Yankee Stadium
yankee_stadium,36059413200,,yankee_stadium,Yankee Stadium
yankee_stadium,36081129103,101.0,yankee_stadium,Yankee Stadium
yankee_stadium,36081129104,95.0,yankee_stadium,Yankee Stadium
yankee_stadium,36081071303,65.0,yankee_stadium,Yankee Stadium
yankee_stadium,36081071304,70.0,yankee_stadium,Yankee Stadium
yankee_stadium,36081071305,65.0,yankee_stadium,Yankee Stadium
yankee_stadium,36081071701,66.0,yankee_stadium,Yankee Stadium
yankee_stadium,36081071702,70.0,yankee_stadium,Yankee Stadium
yankee_stadium,36081075701,62.0,yankee_stadium,Yankee Stadium
yankee_stadium,36081038301,70.0,yankee_stadium,Yankee Stadium
yankee_stadium,36059301900,,yankee_stadium,Yankee Stadium
yankee_stadium,36059302000,,yankee_stadium,Yankee Stadium
yankee_stadium,36059302200,,yankee_stadium,Yankee Stadium
yankee_stadium,36059302300,,yankee_stadium,Yankee Stadium
yankee_stadium,36061021303,24.0,yankee_stadium,Yankee Stadium
yankee_stadium,36061023100,16.0,yankee_stadium,Yankee Stadium
yankee_stadium,36061023802,67.0,yankee_stadium,Yankee Stadium
yankee_stadium,36061031704,52.0,yankee_stadium,Yankee Stadium
yankee_stadium,36005018102,17.0,yankee_stadium,Yankee Stadium
yankee_stadium,36005020502,32.0,yankee_stadium,Yankee Stadium
yankee_stadium,36005022101,17.0,yankee_stadium,Yankee Stadium
yankee_stadium,36005024501,28.0,yankee_stadium,Yankee Stadium
yankee_stadium,36005027401,65.0,yankee_stadium,Yankee Stadium
yankee_stadium,36005029302,51.0,yankee_stadium,Yankee Stadium
yankee_stadium,36005038301,25.0,yankee_stadium,Yankee Stadium
yankee_stadium,36005040501,29.0,yankee_stadium,Yankee Stadium
yankee_stadium,36005032600,45.0,yankee_stadium,Yankee Stadium
yankee_stadium,36005005002,38.0,yankee_stadium,Yankee Stadium
yankee_stadium,36005012901,28.0,yankee_stadium,Yankee Stadium
yankee_stadium,36005015200,64.0,yankee_stadium,Yankee Stadium
yankee_stadium,36005014702,32.0,yankee_stadium,Yankee Stadium
yankee_stadium,36005017701,25.0,yankee_stadium,Yankee Stadium
yankee_stadium,36005017702,23.0,yankee_stadium,Yankee Stadium
yankee_stadium,36005017902,20.0,yankee_stadium,Yankee Stadium
yankee_stadium,36005018101,20.0,yankee_stadium,Yankee Stadium
yankee_stadium,36005018302,15.0,yankee_stadium,Yankee Stadium
yankee_stadium,36005020501,33.0,yankee_stadium,Yankee Stadium
yankee_stadium,36005021001,50.0,yankee_stadium,Yankee Stadium
yankee_stadium,36005021002,53.0,yankee_stadium,Yankee Stadium
yankee_stadium,36005022403,38.0,yankee_stadium,Yankee Stadium
yankee_stadium,36005024502,26.0,yankee_stadium,Yankee Stadium
yankee_stadium,36005026701,28.0,yankee_stadium,Yankee Stadium
yankee_stadium,36005027402,76.0,yankee_stadium,Yankee Stadium
yankee_stadium,36005029301,68.0,yankee_stadium,Yankee Stadium
yankee_stadium,36005030900,75.0,yankee_stadium,Yankee Stadium
yankee_stadium,36005033202,42.0,yankee_stadium,Yankee Stadium
yankee_stadium,36005040502,33.0,yankee_stadium,Yankee Stadium
yankee_stadium,36005020000,51.0,yankee_stadium,Yankee Stadium
yankee_stadium,36005033500,57.0,yankee_stadium,Yankee Stadium
yankee_stadium,36005033700,60.0,yankee_stadium,Yankee Stadium
yankee_stadium,36005034800,54.0,yankee_stadium,Yankee Stadium
yankee_stadium,36005036000,50.0,yankee_stadium,Yankee Stadium
yankee_stadium,36005039500,33.0,yankee_stadium,Yankee Stadium
yankee_stadium,36005043400,49.0,yankee_stadium,Yankee Stadium
yankee_stadium,36005044400,58.0,yankee_stadium,Yankee Stadium
yankee_stadium,36005004200,44.0,yankee_stadium,Yankee Stadium
yankee_stadium,36005005100,19.0,yankee_stadium,Yankee Stadium
yankee_stadium,36005009600,51.0,yankee_stadium,Yankee Stadium
yankee_stadium,36005020900,17.0,yankee_stadium,Yankee Stadium
yankee_stadium,36005022200,49.0,yankee_stadium,Yankee Stadium
yankee_stadium,36005023800,49.0,yankee_stadium,Yankee Stadium
yankee_stadium,36005037504,38.0,yankee_stadium,Yankee Stadium
yankee_stadium,36005045600,63.0,yankee_stadium,Yankee Stadium
yankee_stadium,36005005300,36.0,yankee_stadium,Yankee Stadium
yankee_stadium,36061012602,36.0,yankee_stadium,Yankee Stadium
yankee_stadium,36061015301,37.0,yankee_stadium,Yankee Stadium
yankee_stadium,36061012601,36.0,yankee_stadium,Yankee Stadium
yankee_stadium,36061010801,36.0,yankee_stadium,Yankee Stadium
yankee_stadium,36061009903,44.0,yankee_stadium,Yankee Stadium
yankee_stadium,36061023804,54.0,yankee_stadium,Yankee Stadium
yankee_stadium,36061023803,52.0,yankee_stadium,Yankee Stadium
yankee_stadium,36061015102,51.0,yankee_stadium,Yankee Stadium
yankee_stadium,36061015502,49.0,yankee_stadium,Yankee Stadium
yankee_stadium,36061015401,32.0,yankee_stadium,Yankee Stadium
yankee_stadium,36061004002,39.0,yankee_stadium,Yankee Stadium
yankee_stadium,36061002902,46.0,yankee_stadium,Yankee Stadium
yankee_stadium,36061013603,37.0,yankee_stadium,Yankee Stadium
yankee_stadium,36061013201,44.0,yankee_stadium,Yankee Stadium
yankee_stadium,36061013202,42.0,yankee_stadium,Yankee Stadium
yankee_stadium,36061013601,42.0,yankee_stadium,Yankee Stadium
yankee_stadium,36061013501,53.0,yankee_stadium,Yankee Stadium
yankee_stadium,36061015101,41.0,yankee_stadium,Yankee Stadium
yankee_stadium,36061012901,44.0,yankee_stadium,Yankee Stadium
yankee_stadium,36061009901,55.0,yankee_stadium,Yankee Stadium
yankee_stadium,36061013502,51.0,yankee_stadium,Yankee Stadium
yankee_stadium,36061009902,52.0,yankee_stadium,Yankee Stadium
yankee_stadium,36061012902,51.0,yankee_stadium,Yankee Stadium
yankee_stadium,36061007001,45.0,yankee_stadium,Yankee Stadium
yankee_stadium,36061015302,35.0,yankee_stadium,Yankee Stadium
yankee_stadium,36061002901,39.0,yankee_stadium,Yankee Stadium
yankee_stadium,36061007002,43.0,yankee_stadium,Yankee Stadium
yankee_stadium,36061012102,42.0,yankee_stadium,Yankee Stadium
yankee_stadium,36061015501,39.0,yankee_stadium,Yankee Stadium
yankee_stadium,36085025100,92.0,yankee_stadium,Yankee Stadium
yankee_stadium,36085027301,109.0,yankee_stadium,Yankee Stadium
yankee_stadium,36085029102,,yankee_stadium,Yankee Stadium
yankee_stadium,36085030301,88.0,yankee_stadium,Yankee Stadium
yankee_stadium,36085031901,108.0,yankee_stadium,Yankee Stadium
yankee_stadium,36085032300,,yankee_stadium,Yankee Stadium
yankee_stadium,36085001800,93.0,yankee_stadium,Yankee Stadium
yankee_stadium,36085014100,96.0,yankee_stadium,Yankee Stadium
yankee_stadium,36119005704,,yankee_stadium,Yankee Stadium
yankee_stadium,36119005703,,yankee_stadium,Yankee Stadium
yankee_stadium,36085017702,98.0,yankee_stadium,Yankee Stadium
yankee_stadium,36085017701,106.0,yankee_stadium,Yankee Stadium
yankee_stadium,36085018704,95.0,yankee_stadium,Yankee Stadium
yankee_stadium,36061001501,49.0,yankee_stadium,Yankee Stadium
yankee_stadium,36061001600,44.0,yankee_stadium,Yankee Stadium
yankee_stadium,36061001800,44.0,yankee_stadium,Yankee Stadium
yankee_stadium,36061002000,57.0,yankee_stadium,Yankee Stadium
yankee_stadium,36061002201,54.0,yankee_stadium,Yankee Stadium
yankee_stadium,36061002202,53.0,yankee_stadium,Yankee Stadium
yankee_stadium,36061002400,56.0,yankee_stadium,Yankee Stadium
yankee_stadium,36061002601,54.0,yankee_stadium,Yankee Stadium
yankee_stadium,36061002602,50.0,yankee_stadium,Yankee Stadium
yankee_stadium,36061002700,45.0,yankee_stadium,Yankee Stadium
yankee_stadium,36061002800,45.0,yankee_stadium,Yankee Stadium
yankee_stadium,36061003001,47.0,yankee_stadium,Yankee Stadium
yankee_stadium,36061003100,40.0,yankee_stadium,Yankee Stadium
yankee_stadium,36061003300,44.0,yankee_stadium,Yankee Stadium
yankee_stadium,36061003601,43.0,yankee_stadium,Yankee Stadium
yankee_stadium,36061003800,42.0,yankee_stadium,Yankee Stadium
yankee_stadium,36061003900,56.0,yankee_stadium,Yankee Stadium
yankee_stadium,36061004200,37.0,yankee_stadium,Yankee Stadium
yankee_stadium,36061004300,40.0,yankee_stadium,Yankee Stadium
yankee_stadium,36061008602,68.0,yankee_stadium,Yankee Stadium
yankee_stadium,36061004500,42.0,yankee_stadium,Yankee Stadium
yankee_stadium,36061004700,44.0,yankee_stadium,Yankee Stadium
yankee_stadium,36061004900,43.0,yankee_stadium,Yankee Stadium
yankee_stadium,36061005400,42.0,yankee_stadium,Yankee Stadium
yankee_stadium,36061005501,41.0,yankee_stadium,Yankee Stadium
yankee_stadium,36061005600,38.0,yankee_stadium,Yankee Stadium
yankee_stadium,36061005700,37.0,yankee_stadium,Yankee Stadium
yankee_stadium,36061005800,40.0,yankee_stadium,Yankee Stadium
yankee_stadium,36061006000,55.0,yankee_stadium,Yankee Stadium
yankee_stadium,36061006100,37.0,yankee_stadium,Yankee Stadium
yankee_stadium,36061006200,58.0,yankee_stadium,Yankee Stadium
yankee_stadium,36061006400,46.0,yankee_stadium,Yankee Stadium
yankee_stadium,36061006500,40.0,yankee_stadium,Yankee Stadium
yankee_stadium,36061006700,41.0,yankee_stadium,Yankee Stadium
yankee_stadium,36061006800,41.0,yankee_stadium,Yankee Stadium
yankee_stadium,36061006900,55.0,yankee_stadium,Yankee Stadium
yankee_stadium,36061007100,40.0,yankee_stadium,Yankee Stadium
yankee_stadium,36061007300,41.0,yankee_stadium,Yankee Stadium
yankee_stadium,36047043700,63.0,yankee_stadium,Yankee Stadium
yankee_stadium,36061007500,54.0,yankee_stadium,Yankee Stadium
yankee_stadium,36061007600,36.0,yankee_stadium,Yankee Stadium
yankee_stadium,36061007800,40.0,yankee_stadium,Yankee Stadium
yankee_stadium,36061007900,52.0,yankee_stadium,Yankee Stadium
yankee_stadium,36061008100,39.0,yankee_stadium,Yankee Stadium
yankee_stadium,36061008400,35.0,yankee_stadium,Yankee Stadium
yankee_stadium,36061008700,40.0,yankee_stadium,Yankee Stadium
yankee_stadium,36061008800,35.0,yankee_stadium,Yankee Stadium
yankee_stadium,36061009000,40.0,yankee_stadium,Yankee Stadium
yankee_stadium,36061009200,32.0,yankee_stadium,Yankee Stadium
yankee_stadium,36061009300,44.0,yankee_stadium,Yankee Stadium
yankee_stadium,36061009400,36.0,yankee_stadium,Yankee Stadium
yankee_stadium,36061009600,35.0,yankee_stadium,Yankee Stadium
yankee_stadium,36061009800,38.0,yankee_stadium,Yankee Stadium
yankee_stadium,36061010000,32.0,yankee_stadium,Yankee Stadium
yankee_stadium,36061010200,36.0,yankee_stadium,Yankee Stadium
yankee_stadium,36061010300,41.0,yankee_stadium,Yankee Stadium
yankee_stadium,36061010400,35.0,yankee_stadium,Yankee Stadium
yankee_stadium,36059990100,,yankee_stadium,Yankee Stadium
yankee_stadium,36061011401,31.0,yankee_stadium,Yankee Stadium
yankee_stadium,36061011402,26.0,yankee_stadium,Yankee Stadium
yankee_stadium,36061011500,39.0,yankee_stadium,Yankee Stadium
yankee_stadium,36061011700,44.0,yankee_stadium,Yankee Stadium
yankee_stadium,36061011900,34.0,yankee_stadium,Yankee Stadium
yankee_stadium,36061012000,30.0,yankee_stadium,Yankee Stadium
yankee_stadium,36061012400,42.0,yankee_stadium,Yankee Stadium
yankee_stadium,36085018703,97.0,yankee_stadium,Yankee Stadium
yankee_stadium,36085020701,102.0,yankee_stadium,Yankee Stadium
yankee_stadium,36085020702,101.0,yankee_stadium,Yankee Stadium
yankee_stadium,36085009701,104.0,yankee_stadium,Yankee Stadium
yankee_stadium,36085009702,107.0,yankee_stadium,Yankee Stadium
yankee_stadium,36085005901,101.0,yankee_stadium,Yankee Stadium
yankee_stadium,36085029105,89.0,yankee_stadium,Yankee Stadium
yankee_stadium,36085004004,77.0,yankee_stadium,Yankee Stadium
yankee_stadium,36085004003,84.0,yankee_stadium,Yankee Stadium
yankee_stadium,36085004002,100.0,yankee_stadium,Yankee Stadium
yankee_stadium,36061012700,41.0,yankee_stadium,Yankee Stadium
yankee_stadium,36061012800,30.0,yankee_stadium,Yankee Stadium
yankee_stadium,36061013000,36.0,yankee_stadium,Yankee Stadium
yankee_stadium,36061013300,37.0,yankee_stadium,Yankee Stadium
yankee_stadium,36061013400,33.0,yankee_stadium,Yankee Stadium
yankee_stadium,36061013700,31.0,yankee_stadium,Yankee Stadium
yankee_stadium,36061014000,28.0,yankee_stadium,Yankee Stadium
yankee_stadium,36061014300,37.0,yankee_stadium,Yankee Stadium
yankee_stadium,36061014401,31.0,yankee_stadium,Yankee Stadium
yankee_stadium,36061014500,29.0,yankee_stadium,Yankee Stadium
yankee_stadium,36061014601,27.0,yankee_stadium,Yankee Stadium
yankee_stadium,36061014801,22.0,yankee_stadium,Yankee Stadium
yankee_stadium,36061014802,24.0,yankee_stadium,Yankee Stadium
yankee_stadium,36061014900,33.0,yankee_stadium,Yankee Stadium
yankee_stadium,36061015700,37.0,yankee_stadium,Yankee Stadium
yankee_stadium,36061015801,29.0,yankee_stadium,Yankee Stadium
yankee_stadium,36061015900,41.0,yankee_stadium,Yankee Stadium
yankee_stadium,36061016001,34.0,yankee_stadium,Yankee Stadium
yankee_stadium,36061016100,42.0,yankee_stadium,Yankee Stadium
yankee_stadium,36061016200,51.0,yankee_stadium,Yankee Stadium
yankee_stadium,36061016600,29.0,yankee_stadium,Yankee Stadium
yankee_stadium,36061016700,45.0,yankee_stadium,Yankee Stadium
yankee_stadium,36061016800,33.0,yankee_stadium,Yankee Stadium
yankee_stadium,36061017000,36.0,yankee_stadium,Yankee Stadium
yankee_stadium,36061017100,47.0,yankee_stadium,Yankee Stadium
yankee_stadium,36061017300,37.0,yankee_stadium,Yankee Stadium
yankee_stadium,36061017402,31.0,yankee_stadium,Yankee Stadium
yankee_stadium,36061017500,47.0,yankee_stadium,Yankee Stadium
yankee_stadium,36061017700,39.0,yankee_stadium,Yankee Stadium
yankee_stadium,36061017800,41.0,yankee_stadium,Yankee Stadium
yankee_stadium,36061018100,35.0,yankee_stadium,Yankee Stadium
yankee_stadium,36061018200,24.0,yankee_stadium,Yankee Stadium
yankee_stadium,36061018300,49.0,yankee_stadium,Yankee Stadium
yankee_stadium,36061018400,29.0,yankee_stadium,Yankee Stadium
yankee_stadium,36061018500,38.0,yankee_stadium,Yankee Stadium
yankee_stadium,36061018600,31.0,yankee_stadium,Yankee Stadium
yankee_stadium,36061018800,31.0,yankee_stadium,Yankee Stadium
yankee_stadium,36061019200,43.0,yankee_stadium,Yankee Stadium
yankee_stadium,36061019300,33.0,yankee_stadium,Yankee Stadium
yankee_stadium,36061019400,26.0,yankee_stadium,Yankee Stadium
yankee_stadium,36061019500,44.0,yankee_stadium,Yankee Stadium
yankee_stadium,36061019600,19.0,yankee_stadium,Yankee Stadium
yankee_stadium,36061019701,33.0,yankee_stadium,Yankee Stadium
yankee_stadium,36061019702,32.0,yankee_stadium,Yankee Stadium
yankee_stadium,36061020000,29.0,yankee_stadium,Yankee Stadium
yankee_stadium,36061020102,29.0,yankee_stadium,Yankee Stadium
yankee_stadium,36061020300,31.0,yankee_stadium,Yankee Stadium
yankee_stadium,36061022700,21.0,yankee_stadium,Yankee Stadium
yankee_stadium,36061020600,27.0,yankee_stadium,Yankee Stadium
yankee_stadium,36061020901,21.0,yankee_stadium,Yankee Stadium
yankee_stadium,36061021000,21.0,yankee_stadium,Yankee Stadium
yankee_stadium,36061021100,35.0,yankee_stadium,Yankee Stadium
yankee_stadium,36061021200,26.0,yankee_stadium,Yankee Stadium
yankee_stadium,36061021400,28.0,yankee_stadium,Yankee Stadium
yankee_stadium,36061021703,31.0,yankee_stadium,Yankee Stadium
yankee_stadium,36061021800,30.0,yankee_stadium,Yankee Stadium
yankee_stadium,36061021900,29.0,yankee_stadium,Yankee Stadium
yankee_stadium,36061022102,26.0,yankee_stadium,Yankee Stadium
yankee_stadium,36061022302,37.0,yankee_stadium,Yankee Stadium
yankee_stadium,36061022400,27.0,yankee_stadium,Yankee Stadium
yankee_stadium,36061022600,31.0,yankee_stadium,Yankee Stadium
yankee_stadium,36061022800,29.0,yankee_stadium,Yankee Stadium
yankee_stadium,36061022900,28.0,yankee_stadium,Yankee Stadium
yankee_stadium,36061023000,28.0,yankee_stadium,Yankee Stadium
yankee_stadium,36047152200,69.0,yankee_stadium,Yankee Stadium
yankee_stadium,36005009302,44.0,yankee_stadium,Yankee Stadium
yankee_stadium,36005009301,36.0,yankee_stadium,Yankee Stadium
yankee_stadium,36005011701,34.0,yankee_stadium,Yankee Stadium
yankee_stadium,36005051601,79.0,yankee_stadium,Yankee Stadium
yankee_stadium,36005001902,30.0,yankee_stadium,Yankee Stadium
yankee_stadium,36047150200,72.0,yankee_stadium,Yankee Stadium
yankee_stadium,36005002001,52.0,yankee_stadium,Yankee Stadium
yankee_stadium,36005002002,52.0,yankee_stadium,Yankee Stadium
yankee_stadium,36005018501,27.0,yankee_stadium,Yankee Stadium
yankee_stadium,36005001903,34.0,yankee_stadium,Yankee Stadium
yankee_stadium,36005051602,,yankee_stadium,Yankee Stadium
yankee_stadium,36005046208,49.0,yankee_stadium,Yankee Stadium
yankee_stadium,36005046207,60.0,yankee_stadium,Yankee Stadium
yankee_stadium,36005043101,31.0,yankee_stadium,Yankee Stadium
yankee_stadium,36005046203,66.0,yankee_stadium,Yankee Stadium
yankee_stadium,36005046209,55.0,yankee_stadium,Yankee Stadium
yankee_stadium,36005048402,55.0,yankee_stadium,Yankee Stadium
yankee_stadium,36005048401,52.0,yankee_stadium,Yankee Stadium
yankee_stadium,36005001904,,yankee_stadium,Yankee Stadium
yankee_stadium,36005046205,58.0,yankee_stadium,Yankee Stadium
yankee_stadium,36005006301,14.0,yankee_stadium,Yankee Stadium
yankee_stadium,36005030202,61.0,yankee_stadium,Yankee Stadium
yankee_stadium,36005043102,40.0,yankee_stadium,Yankee Stadium
yankee_stadium,36005030201,58.0,yankee_stadium,Yankee Stadium
yankee_stadium,36005038303,29.0,yankee_stadium,Yankee Stadium
yankee_stadium,36005011702,40.0,yankee_stadium,Yankee Stadium
yankee_stadium,36005018502,25.0,yankee_stadium,Yankee Stadium
yankee_stadium,36005006302,11.0,yankee_stadium,Yankee Stadium
yankee_stadium,36005046204,63.0,yankee_stadium,Yankee Stadium
yankee_stadium,36005046206,64.0,yankee_stadium,Yankee Stadium
yankee_stadium,36005038304,34.0,yankee_stadium,Yankee Stadium
yankee_stadium,36005001901,28.0,yankee_stadium,Yankee Stadium
yankee_stadium,36085990100,,yankee_stadium,Yankee Stadium
yankee_stadium,36005006100,20.0,yankee_stadium,Yankee Stadium
yankee_stadium,36005006400,40.0,yankee_stadium,Yankee Stadium
yankee_stadium,36005006700,26.0,yankee_stadium,Yankee Stadium
yankee_stadium,36005006800,44.0,yankee_stadium,Yankee Stadium
yankee_stadium,36005007000,43.0,yankee_stadium,Yankee Stadium
yankee_stadium,36005007100,27.0,yankee_stadium,Yankee Stadium
yankee_stadium,36005007300,24.0,yankee_stadium,Yankee Stadium
yankee_stadium,36005007500,27.0,yankee_stadium,Yankee Stadium
yankee_stadium,36005007700,26.0,yankee_stadium,Yankee Stadium
yankee_stadium,36005007800,49.0,yankee_stadium,Yankee Stadium
yankee_stadium,36005007900,26.0,yankee_stadium,Yankee Stadium
yankee_stadium,36005008400,58.0,yankee_stadium,Yankee Stadium
yankee_stadium,36005019700,13.0,yankee_stadium,Yankee Stadium
yankee_stadium,36047114400,71.0,yankee_stadium,Yankee Stadium
yankee_stadium,36005019900,18.0,yankee_stadium,Yankee Stadium
yankee_stadium,36005020100,27.0,yankee_stadium,Yankee Stadium
yankee_stadium,36047015200,93.0,yankee_stadium,Yankee Stadium
yankee_stadium,36005021200,48.0,yankee_stadium,Yankee Stadium
yankee_stadium,36005021301,25.0,yankee_stadium,Yankee Stadium
yankee_stadium,36005021302,24.0,yankee_stadium,Yankee Stadium
yankee_stadium,36005021501,25.0,yankee_stadium,Yankee Stadium
yankee_stadium,36005021502,23.0,yankee_stadium,Yankee Stadium
yankee_stadium,36005021602,49.0,yankee_stadium,Yankee Stadium
yankee_stadium,36005021800,43.0,yankee_stadium,Yankee Stadium
yankee_stadium,36005021900,16.0,yankee_stadium,Yankee Stadium
yankee_stadium,36005022000,37.0,yankee_stadium,Yankee Stadium
yankee_stadium,36047056100,61.0,yankee_stadium,Yankee Stadium
yankee_stadium,36005022300,16.0,yankee_stadium,Yankee Stadium
yankee_stadium,36005022401,39.0,yankee_stadium,Yankee Stadium
yankee_stadium,36005022500,21.0,yankee_stadium,Yankee Stadium
yankee_stadium,36005022702,16.0,yankee_stadium,Yankee Stadium
yankee_stadium,36047092400,77.0,yankee_stadium,Yankee Stadium
yankee_stadium,36005036901,36.0,yankee_stadium,Yankee Stadium
yankee_stadium,36047000501,55.0,yankee_stadium,Yankee Stadium
yankee_stadium,36005036400,52.0,yankee_stadium,Yankee Stadium
yankee_stadium,36005007200,44.0,yankee_stadium,Yankee Stadium
yankee_stadium,36005012101,32.0,yankee_stadium,Yankee Stadium
yankee_stadium,36005000200,66.0,yankee_stadium,Yankee Stadium
yankee_stadium,36005005400,38.0,yankee_stadium,Yankee Stadium
yankee_stadium,36047050801,70.0,yankee_stadium,Yankee Stadium
yankee_stadium,36005002701,30.0,yankee_stadium,Yankee Stadium
yankee_stadium,36005006200,38.0,yankee_stadium,Yankee Stadium
yankee_stadium,36005028700,43.0,yankee_stadium,Yankee Stadium
yankee_stadium,36047051001,74.0,yankee_stadium,Yankee Stadium
yankee_stadium,36005023100,31.0,yankee_stadium,Yankee Stadium
yankee_stadium,36005024100,19.0,yankee_stadium,Yankee Stadium
yankee_stadium,36047051602,75.0,yankee_stadium,Yankee Stadium
yankee_stadium,36047079601,68.0,yankee_stadium,Yankee Stadium
yankee_stadium,36047079602,72.0,yankee_stadium,Yankee Stadium
yankee_stadium,36005038200,58.0,yankee_stadium,Yankee Stadium
yankee_stadium,36005039600,48.0,yankee_stadium,Yankee Stadium
yankee_stadium,36005041500,36.0,yankee_stadium,Yankee Stadium
yankee_stadium,36005042901,37.0,yankee_stadium,Yankee Stadium
yankee_stadium,36005044901,44.0,yankee_stadium,Yankee Stadium
yankee_stadium,36005000100,102.0,yankee_stadium,Yankee Stadium
yankee_stadium,36005000400,59.0,yankee_stadium,Yankee Stadium
yankee_stadium,36005001600,50.0,yankee_stadium,Yankee Stadium
yankee_stadium,36005008500,32.0,yankee_stadium,Yankee Stadium
yankee_stadium,36005013000,72.0,yankee_stadium,Yankee Stadium
yankee_stadium,36005013200,78.0,yankee_stadium,Yankee Stadium
yankee_stadium,36005013500,31.0,yankee_stadium,Yankee Stadium
yankee_stadium,36005013800,90.0,yankee_stadium,Yankee Stadium
yankee_stadium,36005014300,24.0,yankee_stadium,Yankee Stadium
yankee_stadium,36005014400,66.0,yankee_stadium,Yankee Stadium
yankee_stadium,36005014900,34.0,yankee_stadium,Yankee Stadium
yankee_stadium,36005015100,32.0,yankee_stadium,Yankee Stadium
yankee_stadium,36005015500,31.0,yankee_stadium,Yankee Stadium
yankee_stadium,36005016000,88.0,yankee_stadium,Yankee Stadium
yankee_stadium,36005016100,31.0,yankee_stadium,Yankee Stadium
yankee_stadium,36005016200,63.0,yankee_stadium,Yankee Stadium
yankee_stadium,36005016300,36.0,yankee_stadium,Yankee Stadium
yankee_stadium,36005016500,35.0,yankee_stadium,Yankee Stadium
yankee_stadium,36005008900,32.0,yankee_stadium,Yankee Stadium
yankee_stadium,36047093200,82.0,yankee_stadium,Yankee Stadium
yankee_stadium,36005009200,47.0,yankee_stadium,Yankee Stadium
yankee_stadium,36047110400,83.0,yankee_stadium,Yankee Stadium
yankee_stadium,36005009800,51.0,yankee_stadium,Yankee Stadium
yankee_stadium,36047016600,87.0,yankee_stadium,Yankee Stadium
yankee_stadium,36005008600,56.0,yankee_stadium,Yankee Stadium
yankee_stadium,36005008700,26.0,yankee_stadium,Yankee Stadium
yankee_stadium,36005011000,,yankee_stadium,Yankee Stadium
yankee_stadium,36005011502,36.0,yankee_stadium,Yankee Stadium
yankee_stadium,36047111600,82.0,yankee_stadium,Yankee Stadium
yankee_stadium,36047004400,99.0,yankee_stadium,Yankee Stadium
yankee_stadium,36047030500,68.0,yankee_stadium,Yankee Stadium
yankee_stadium,36005002300,24.0,yankee_stadium,Yankee Stadium
yankee_stadium,36005002400,54.0,yankee_stadium,Yankee Stadium
yankee_stadium,36005002500,28.0,yankee_stadium,Yankee Stadium
yankee_stadium,36005002702,28.0,yankee_stadium,Yankee Stadium
yankee_stadium,36005002800,38.0,yankee_stadium,Yankee Stadium
yankee_stadium,36005003500,31.0,yankee_stadium,Yankee Stadium
yankee_stadium,36005003700,32.0,yankee_stadium,Yankee Stadium
yankee_stadium,36005003900,29.0,yankee_stadium,Yankee Stadium
yankee_stadium,36005004300,26.0,yankee_stadium,Yankee Stadium
yankee_stadium,36005004400,48.0,yankee_stadium,Yankee Stadium
yankee_stadium,36005004800,41.0,yankee_stadium,Yankee Stadium
yankee_stadium,36005016700,31.0,yankee_stadium,Yankee Stadium
yankee_stadium,36005016900,31.0,yankee_stadium,Yankee Stadium
yankee_stadium,36005017300,19.0,yankee_stadium,Yankee Stadium
yankee_stadium,36005016600,61.0,yankee_stadium,Yankee Stadium
yankee_stadium,36005017500,24.0,yankee_stadium,Yankee Stadium
yankee_stadium,36005018400,63.0,yankee_stadium,Yankee Stadium
yankee_stadium,36005018900,16.0,yankee_stadium,Yankee Stadium
yankee_stadium,36005019300,21.0,yankee_stadium,Yankee Stadium
yankee_stadium,36005019400,67.0,yankee_stadium,Yankee Stadium
yankee_stadium,36005011800,90.0,yankee_stadium,Yankee Stadium
yankee_stadium,36005012102,32.0,yankee_stadium,Yankee Stadium
yankee_stadium,36005012300,33.0,yankee_stadium,Yankee Stadium
yankee_stadium,36005012500,31.0,yankee_stadium,Yankee Stadium
yankee_stadium,36005012701,27.0,yankee_stadium,Yankee Stadium
yankee_stadium,36047076800,77.0,yankee_stadium,Yankee Stadium
yankee_stadium,36047094600,85.0,yankee_stadium,Yankee Stadium
yankee_stadium,36047119800,73.0,yankee_stadium,Yankee Stadium
yankee_stadium,36005040900,38.0,yankee_stadium,Yankee Stadium
yankee_stadium,36005041100,31.0,yankee_stadium,Yankee Stadium
yankee_stadium,36005041300,31.0,yankee_stadium,Yankee Stadium
yankee_stadium,36005041400,57.0,yankee_stadium,Yankee Stadium
yankee_stadium,36005041800,53.0,yankee_stadium,Yankee Stadium
yankee_stadium,36005040800,48.0,yankee_stadium,Yankee Stadium
yankee_stadium,36005041900,31.0,yankee_stadium,Yankee Stadium
yankee_stadium,36005042100,30.0,yankee_stadium,Yankee Stadium
yankee_stadium,36005042200,50.0,yankee_stadium,Yankee Stadium
yankee_stadium,36005042300,36.0,yankee_stadium,Yankee Stadium
yankee_stadium,36005042400,59.0,yankee_stadium,Yankee Stadium
yankee_stadium,36005042500,39.0,yankee_stadium,Yankee Stadium
yankee_stadium,36005042600,54.0,yankee_stadium,Yankee Stadium
yankee_stadium,36005042902,39.0,yankee_stadium,Yankee Stadium
yankee_stadium,36005043000,55.0,yankee_stadium,Yankee Stadium
yankee_stadium,36005035100,56.0,yankee_stadium,Yankee Stadium
yankee_stadium,36005035600,54.0,yankee_stadium,Yankee Stadium
yankee_stadium,36005035800,59.0,yankee_stadium,Yankee Stadium
yankee_stadium,36005035900,35.0,yankee_stadium,Yankee Stadium
yankee_stadium,36005036100,34.0,yankee_stadium,Yankee Stadium
yankee_stadium,36005036300,39.0,yankee_stadium,Yankee Stadium
yankee_stadium,36005036502,37.0,yankee_stadium,Yankee Stadium
yankee_stadium,36005036700,35.0,yankee_stadium,Yankee Stadium
yankee_stadium,36005036902,37.0,yankee_stadium,Yankee Stadium
yankee_stadium,36005043600,54.0,yankee_stadium,Yankee Stadium
yankee_stadium,36005044800,59.0,yankee_stadium,Yankee Stadium
yankee_stadium,36005045102,49.0,yankee_stadium,Yankee Stadium
yankee_stadium,36005045800,62.0,yankee_stadium,Yankee Stadium
yankee_stadium,36005037200,47.0,yankee_stadium,Yankee Stadium
yankee_stadium,36005037000,51.0,yankee_stadium,Yankee Stadium
yankee_stadium,36005037300,38.0,yankee_stadium,Yankee Stadium
yankee_stadium,36005037400,44.0,yankee_stadium,Yankee Stadium
yankee_stadium,36005050400,73.0,yankee_stadium,Yankee Stadium
yankee_stadium,36005004100,30.0,yankee_stadium,Yankee Stadium
yankee_stadium,36005011900,32.0,yankee_stadium,Yankee Stadium
yankee_stadium,36005024400,51.0,yankee_stadium,Yankee Stadium
yankee_stadium,36005031200,54.0,yankee_stadium,Yankee Stadium
yankee_stadium,36005031400,51.0,yankee_stadium,Yankee Stadium
yankee_stadium,36005032800,48.0,yankee_stadium,Yankee Stadium
yankee_stadium,36005039800,57.0,yankee_stadium,Yankee Stadium
yankee_stadium,36047088400,71.0,yankee_stadium,Yankee Stadium
yankee_stadium,36047088600,76.0,yankee_stadium,Yankee Stadium
yankee_stadium,36047089000,74.0,yankee_stadium,Yankee Stadium
yankee_stadium,36047089200,68.0,yankee_stadium,Yankee Stadium
yankee_stadium,36047089400,65.0,yankee_stadium,Yankee Stadium
yankee_stadium,36047089600,76.0,yankee_stadium,Yankee Stadium
yankee_stadium,36047004500,57.0,yankee_stadium,Yankee Stadium
yankee_stadium,36047004700,65.0,yankee_stadium,Yankee Stadium
yankee_stadium,36047004900,63.0,yankee_stadium,Yankee Stadium
yankee_stadium,36047005000,104.0,yankee_stadium,Yankee Stadium
yankee_stadium,36047005201,97.0,yankee_stadium,Yankee Stadium
yankee_stadium,36047005400,95.0,yankee_stadium,Yankee Stadium
yankee_stadium,36047005602,101.0,yankee_stadium,Yankee Stadium
yankee_stadium,36047005900,71.0,yankee_stadium,Yankee Stadium
yankee_stadium,36047006000,81.0,yankee_stadium,Yankee Stadium
yankee_stadium,36047006300,63.0,yankee_stadium,Yankee Stadium
yankee_stadium,36047006400,79.0,yankee_stadium,Yankee Stadium
yankee_stadium,36047006500,61.0,yankee_stadium,Yankee Stadium
yankee_stadium,36047006600,80.0,yankee_stadium,Yankee Stadium
yankee_stadium,36047006700,63.0,yankee_stadium,Yankee Stadium
yankee_stadium,36047006800,76.0,yankee_stadium,Yankee Stadium
yankee_stadium,36047007000,75.0,yankee_stadium,Yankee Stadium
yankee_stadium,36047007100,60.0,yankee_stadium,Yankee Stadium
yankee_stadium,36047007200,67.0,yankee_stadium,Yankee Stadium
yankee_stadium,36047007500,59.0,yankee_stadium,Yankee Stadium
yankee_stadium,36047008400,58.0,yankee_stadium,Yankee Stadium
yankee_stadium,36081038302,82.0,yankee_stadium,Yankee Stadium
yankee_stadium,36047008500,72.0,yankee_stadium,Yankee Stadium
yankee_stadium,36047008600,73.0,yankee_stadium,Yankee Stadium
yankee_stadium,36047008800,68.0,yankee_stadium,Yankee Stadium
yankee_stadium,36047009600,75.0,yankee_stadium,Yankee Stadium
yankee_stadium,36047009800,79.0,yankee_stadium,Yankee Stadium
yankee_stadium,36047010000,76.0,yankee_stadium,Yankee Stadium
yankee_stadium,36047010100,63.0,yankee_stadium,Yankee Stadium
yankee_stadium,36047011000,65.0,yankee_stadium,Yankee Stadium
yankee_stadium,36047011200,68.0,yankee_stadium,Yankee Stadium
yankee_stadium,36047011400,73.0,yankee_stadium,Yankee Stadium
yankee_stadium,36047011600,79.0,yankee_stadium,Yankee Stadium
yankee_stadium,36047011700,63.0,yankee_stadium,Yankee Stadium
yankee_stadium,36047012000,73.0,yankee_stadium,Yankee Stadium
yankee_stadium,36047012100,59.0,yankee_stadium,Yankee Stadium
yankee_stadium,36047012700,59.0,yankee_stadium,Yankee Stadium
yankee_stadium,36047012901,56.0,yankee_stadium,Yankee Stadium
yankee_stadium,36047012902,52.0,yankee_stadium,Yankee Stadium
yankee_stadium,36047013100,61.0,yankee_stadium,Yankee Stadium
yankee_stadium,36047013200,80.0,yankee_stadium,Yankee Stadium
yankee_stadium,36047013400,83.0,yankee_stadium,Yankee Stadium
yankee_stadium,36047013600,81.0,yankee_stadium,Yankee Stadium
yankee_stadium,36047013700,64.0,yankee_stadium,Yankee Stadium
yankee_stadium,36047013800,83.0,yankee_stadium,Yankee Stadium
yankee_stadium,36119007100,,yankee_stadium,Yankee Stadium
yankee_stadium,36081044400,88.0,yankee_stadium,Yankee Stadium
yankee_stadium,36081058200,106.0,yankee_stadium,Yankee Stadium
yankee_stadium,36081108500,93.0,yankee_stadium,Yankee Stadium
yankee_stadium,36081109300,107.0,yankee_stadium,Yankee Stadium
yankee_stadium,36081141700,86.0,yankee_stadium,Yankee Stadium
yankee_stadium,36081006202,93.0,yankee_stadium,Yankee Stadium
yankee_stadium,36061016900,39.0,yankee_stadium,Yankee Stadium
yankee_stadium,36061016400,35.0,yankee_stadium,Yankee Stadium
yankee_stadium,34031246300,117.0,yankee_stadium,Yankee Stadium
yankee_stadium,34031223900,119.0,yankee_stadium,Yankee Stadium
yankee_stadium,34031124900,93.0,yankee_stadium,Yankee Stadium
yankee_stadium,34031124402,93.0,yankee_stadium,Yankee Stadium
yankee_stadium,34039030704,112.0,yankee_stadium,Yankee Stadium
yankee_stadium,34017012800,105.0,yankee_stadium,Yankee Stadium
yankee_stadium,34017012900,95.0,yankee_stadium,Yankee Stadium
yankee_stadium,34039032004,104.0,yankee_stadium,Yankee Stadium
yankee_stadium,34039032401,89.0,yankee_stadium,Yankee Stadium
yankee_stadium,34039032102,,yankee_stadium,Yankee Stadium
yankee_stadium,34039032101,,yankee_stadium,Yankee Stadium
yankee_stadium,34039032003,103.0,yankee_stadium,Yankee Stadium
yankee_stadium,34013021200,,yankee_stadium,Yankee Stadium
yankee_stadium,34013021602,,yankee_stadium,Yankee Stadium
yankee_stadium,34031175900,100.0,yankee_stadium,Yankee Stadium
yankee_stadium,34031124311,102.0,yankee_stadium,Yankee Stadium
yankee_stadium,34031124312,106.0,yankee_stadium,Yankee Stadium
yankee_stadium,34031124321,109.0,yankee_stadium,Yankee Stadium
yankee_stadium,34031124322,84.0,yankee_stadium,Yankee Stadium
yankee_stadium,34031124323,86.0,yankee_stadium,Yankee Stadium
yankee_stadium,34031124500,111.0,yankee_stadium,Yankee Stadium
yankee_stadium,34031125000,107.0,yankee_stadium,Yankee Stadium
yankee_stadium,34031125100,112.0,yankee_stadium,Yankee Stadium
yankee_stadium,34031124601,112.0,yankee_stadium,Yankee Stadium
yankee_stadium,34031175200,102.0,yankee_stadium,Yankee Stadium
yankee_stadium,34013020902,,yankee_stadium,Yankee Stadium
yankee_stadium,34013021000,,yankee_stadium,Yankee Stadium
yankee_stadium,34013021100,,yankee_stadium,Yankee Stadium
yankee_stadium,34031182100,110.0,yankee_stadium,Yankee Stadium
yankee_stadium,34031182600,105.0,yankee_stadium,Yankee Stadium
yankee_stadium,34031182800,115.0,yankee_stadium,Yankee Stadium
yankee_stadium,34031182900,112.0,yankee_stadium,Yankee Stadium
yankee_stadium,34013021801,,yankee_stadium,Yankee Stadium
yankee_stadium,34013008900,103.0,yankee_stadium,Yankee Stadium
yankee_stadium,34013000300,109.0,yankee_stadium,Yankee Stadium
yankee_stadium,34013020800,,yankee_stadium,Yankee Stadium
yankee_stadium,34013001600,108.0,yankee_stadium,Yankee Stadium
yankee_stadium,34013009400,111.0,yankee_stadium,Yankee Stadium
yankee_stadium,34013000700,106.0,yankee_stadium,Yankee Stadium
yankee_stadium,34013020700,,yankee_stadium,Yankee Stadium
yankee_stadium,34013002202,106.0,yankee_stadium,Yankee Stadium
yankee_stadium,34013012500,103.0,yankee_stadium,Yankee Stadium
yankee_stadium,34013016600,,yankee_stadium,Yankee Stadium
yankee_stadium,34003031200,69.0,yankee_stadium,Yankee Stadium
yankee_stadium,34003051100,75.0,yankee_stadium,Yankee Stadium
yankee_stadium,34013022800,95.0,yankee_stadium,Yankee Stadium
yankee_stadium,34013007800,93.0,yankee_stadium,Yankee Stadium
yankee_stadium,34013010600,99.0,yankee_stadium,Yankee Stadium
yankee_stadium,34013005100,90.0,yankee_stadium,Yankee Stadium
yankee_stadium,34017002400,73.0,yankee_stadium,Yankee Stadium
yankee_stadium,34017000902,79.0,yankee_stadium,Yankee Stadium
yankee_stadium,34013015300,,yankee_stadium,Yankee Stadium
yankee_stadium,34013001500,110.0,yankee_stadium,Yankee Stadium
yankee_stadium,34017011600,114.0,yankee_stadium,Yankee Stadium
yankee_stadium,34017014700,64.0,yankee_stadium,Yankee Stadium
yankee_stadium,34017005600,100.0,yankee_stadium,Yankee Stadium
yankee_stadium,34017004300,89.0,yankee_stadium,Yankee Stadium
yankee_stadium,34017013000,93.0,yankee_stadium,Yankee Stadium
yankee_stadium,34017015300,64.0,yankee_stadium,Yankee Stadium
yankee_stadium,34017016800,50.0,yankee_stadium,Yankee Stadium
yankee_stadium,34017019400,68.0,yankee_stadium,Yankee Stadium
yankee_stadium,34017014000,74.0,yankee_stadium,Yankee Stadium
yankee_stadium,34017001400,74.0,yankee_stadium,Yankee Stadium
yankee_stadium,34017013200,90.0,yankee_stadium,Yankee Stadium
yankee_stadium,34017016200,64.0,yankee_stadium,Yankee Stadium
yankee_stadium,34017016600,56.0,yankee_stadium,Yankee Stadium
yankee_stadium,34017018000,53.0,yankee_stadium,Yankee Stadium
yankee_stadium,34017000400,81.0,yankee_stadium,Yankee Stadium
yankee_stadium,34017000500,72.0,yankee_stadium,Yankee Stadium
yankee_stadium,34017000700,71.0,yankee_stadium,Yankee Stadium
yankee_stadium,34017000800,68.0,yankee_stadium,Yankee Stadium
yankee_stadium,34017001100,75.0,yankee_stadium,Yankee Stadium
yankee_stadium,34017001202,75.0,yankee_stadium,Yankee Stadium
yankee_stadium,34017001300,71.0,yankee_stadium,Yankee Stadium
yankee_stadium,34013003900,102.0,yankee_stadium,Yankee Stadium
yankee_stadium,34017001800,79.0,yankee_stadium,Yankee Stadium
yankee_stadium,34017001900,68.0,yankee_stadium,Yankee Stadium
yankee_stadium,34013002100,112.0,yankee_stadium,Yankee Stadium
yankee_stadium,34013002500,107.0,yankee_stadium,Yankee Stadium
yankee_stadium,34013002000,112.0,yankee_stadium,Yankee Stadium
yankee_stadium,34013002600,103.0,yankee_stadium,Yankee Stadium
yankee_stadium,34013002800,99.0,yankee_stadium,Yankee Stadium
yankee_stadium,34013004100,104.0,yankee_stadium,Yankee Stadium
yankee_stadium,34013013800,99.0,yankee_stadium,Yankee Stadium
yankee_stadium,34013012800,90.0,yankee_stadium,Yankee Stadium
yankee_stadium,34013013400,81.0,yankee_stadium,Yankee Stadium
yankee_stadium,34013013500,84.0,yankee_stadium,Yankee Stadium
yankee_stadium,34013007200,99.0,yankee_stadium,Yankee Stadium
yankee_stadium,34013014100,,yankee_stadium,Yankee Stadium
yankee_stadium,34013014200,,yankee_stadium,Yankee Stadium
yankee_stadium,34013016000,,yankee_stadium,Yankee Stadium
yankee_stadium,34013004802,93.0,yankee_stadium,Yankee Stadium
yankee_stadium,34013005200,93.0,yankee_stadium,Yankee Stadium
yankee_stadium,34013007300,91.0,yankee_stadium,Yankee Stadium
yankee_stadium,34013008200,106.0,yankee_stadium,Yankee Stadium
yankee_stadium,34013007501,90.0,yankee_stadium,Yankee Stadium
yankee_stadium,34031124602,108.0,yankee_stadium,Yankee Stadium
yankee_stadium,34031124700,107.0,yankee_stadium,Yankee Stadium
yankee_stadium,34031124800,95.0,yankee_stadium,Yankee Stadium
yankee_stadium,34013008100,93.0,yankee_stadium,Yankee Stadium
yankee_stadium,34013008700,100.0,yankee_stadium,Yankee Stadium
yankee_stadium,34013017200,,yankee_stadium,Yankee Stadium
yankee_stadium,34013016100,106.0,yankee_stadium,Yankee Stadium
yankee_stadium,34013016200,107.0,yankee_stadium,Yankee Stadium
yankee_stadium,34013016400,,yankee_stadium,Yankee Stadium
yankee_stadium,34013016500,,yankee_stadium,Yankee Stadium
yankee_stadium,34013017100,,yankee_stadium,Yankee Stadium
yankee_stadium,34013017700,113.0,yankee_stadium,Yankee Stadium
yankee_stadium,34013018000,,yankee_stadium,Yankee Stadium
yankee_stadium,34013018800,,yankee_stadium,Yankee Stadium
yankee_stadium,34013019000,,yankee_stadium,Yankee Stadium
yankee_stadium,34013019100,,yankee_stadium,Yankee Stadium
yankee_stadium,34013019600,109.0,yankee_stadium,Yankee Stadium
yankee_stadium,34013020100,,yankee_stadium,Yankee Stadium
yankee_stadium,34013020300,,yankee_stadium,Yankee Stadium
yankee_stadium,34003019202,56.0,yankee_stadium,Yankee Stadium
yankee_stadium,34003021600,94.0,yankee_stadium,Yankee Stadium
yankee_stadium,34013020500,,yankee_stadium,Yankee Stadium
yankee_stadium,34013020600,,yankee_stadium,Yankee Stadium
yankee_stadium,34017004500,90.0,yankee_stadium,Yankee Stadium
yankee_stadium,34013009200,106.0,yankee_stadium,Yankee Stadium
yankee_stadium,34013009300,106.0,yankee_stadium,Yankee Stadium
yankee_stadium,34013009600,111.0,yankee_stadium,Yankee Stadium
yankee_stadium,34017002900,78.0,yankee_stadium,Yankee Stadium
yankee_stadium,34017003000,81.0,yankee_stadium,Yankee Stadium
yankee_stadium,34017004200,91.0,yankee_stadium,Yankee Stadium
yankee_stadium,34017004400,89.0,yankee_stadium,Yankee Stadium
yankee_stadium,34017005300,92.0,yankee_stadium,Yankee Stadium
yankee_stadium,34017005400,114.0,yankee_stadium,Yankee Stadium
yankee_stadium,34017005801,88.0,yankee_stadium,Yankee Stadium
yankee_stadium,34017006000,97.0,yankee_stadium,Yankee Stadium
yankee_stadium,34013011200,102.0,yankee_stadium,Yankee Stadium
yankee_stadium,34013010200,,yankee_stadium,Yankee Stadium
yankee_stadium,34013010300,116.0,yankee_stadium,Yankee Stadium
yankee_stadium,34013010700,105.0,yankee_stadium,Yankee Stadium
yankee_stadium,34013010900,112.0,yankee_stadium,Yankee Stadium
yankee_stadium,34013011100,101.0,yankee_stadium,Yankee Stadium
yankee_stadium,34013011300,97.0,yankee_stadium,Yankee Stadium
yankee_stadium,34013011800,110.0,yankee_stadium,Yankee Stadium
yankee_stadium,34013012100,108.0,yankee_stadium,Yankee Stadium
yankee_stadium,34017010400,,yankee_stadium,Yankee Stadium
yankee_stadium,34013012200,99.0,yankee_stadium,Yankee Stadium
yankee_stadium,34017006300,91.0,yankee_stadium,Yankee Stadium
yankee_stadium,34017010100,,yankee_stadium,Yankee Stadium
yankee_stadium,34017010200,92.0,yankee_stadium,Yankee Stadium
yankee_stadium,34017010300,,yankee_stadium,Yankee Stadium
yankee_stadium,34017011000,96.0,yankee_stadium,Yankee Stadium
yankee_stadium,34017010500,112.0,yankee_stadium,Yankee Stadium
yankee_stadium,34017010800,,yankee_stadium,Yankee Stadium
yankee_stadium,34017010900,91.0,yankee_stadium,Yankee Stadium
yankee_stadium,34017011100,110.0,yankee_stadium,Yankee Stadium
yankee_stadium,34017012600,85.0,yankee_stadium,Yankee Stadium
yankee_stadium,34017011500,115.0,yankee_stadium,Yankee Stadium
yankee_stadium,34017012400,79.0,yankee_stadium,Yankee Stadium
yankee_stadium,34017012500,87.0,yankee_stadium,Yankee Stadium
yankee_stadium,34003021500,99.0,yankee_stadium,Yankee Stadium
yankee_stadium,34031154006,104.0,yankee_stadium,Yankee Stadium
yankee_stadium,34003021200,117.0,yankee_stadium,Yankee Stadium
yankee_stadium,34003021400,100.0,yankee_stadium,Yankee Stadium
yankee_stadium,34031154003,107.0,yankee_stadium,Yankee Stadium
yankee_stadium,34031154004,118.0,yankee_stadium,Yankee Stadium
yankee_stadium,34031154005,106.0,yankee_stadium,Yankee Stadium
yankee_stadium,34031124202,98.0,yankee_stadium,Yankee Stadium
yankee_stadium,34031175804,91.0,yankee_stadium,Yankee Stadium
yankee_stadium,34031124404,112.0,yankee_stadium,Yankee Stadium
yankee_stadium,34031175604,105.0,yankee_stadium,Yankee Stadium
yankee_stadium,34031124403,108.0,yankee_stadium,Yankee Stadium
yankee_stadium,34031175803,90.0,yankee_stadium,Yankee Stadium
yankee_stadium,34031183002,103.0,yankee_stadium,Yankee Stadium
yankee_stadium,34031175603,105.0,yankee_stadium,Yankee Stadium
yankee_stadium,34031175502,95.0,yankee_stadium,Yankee Stadium
yankee_stadium,34031183001,104.0,yankee_stadium,Yankee Stadium
yankee_stadium,34031175501,94.0,yankee_stadium,Yankee Stadium
yankee_stadium,34031124201,104.0,yankee_stadium,Yankee Stadium
yankee_stadium,34003018101,71.0,yankee_stadium,Yankee Stadium
yankee_stadium,34023980000,,yankee_stadium,Yankee Stadium
yankee_stadium,34003006302,64.0,yankee_stadium,Yankee Stadium
yankee_stadium,34003013004,73.0,yankee_stadium,Yankee Stadium
yankee_stadium,34003006101,66.0,yankee_stadium,Yankee Stadium
yankee_stadium,34003054601,77.0,yankee_stadium,Yankee Stadium
yankee_stadium,34003021101,101.0,yankee_stadium,Yankee Stadium
yankee_stadium,34003030201,107.0,yankee_stadium,Yankee Stadium
yankee_stadium,34003021102,108.0,yankee_stadium,Yankee Stadium
yankee_stadium,34003006102,69.0,yankee_stadium,Yankee Stadium
yankee_stadium,34003023201,75.0,yankee_stadium,Yankee Stadium
yankee_stadium,34003015401,71.0,yankee_stadium,Yankee Stadium
yankee_stadium,34003045101,85.0,yankee_stadium,Yankee Stadium
yankee_stadium,34003060002,91.0,yankee_stadium,Yankee Stadium
yankee_stadium,34003023202,83.0,yankee_stadium,Yankee Stadium
yankee_stadium,34003054102,61.0,yankee_stadium,Yankee Stadium
yankee_stadium,34003054602,72.0,yankee_stadium,Yankee Stadium
yankee_stadium,34003030402,89.0,yankee_stadium,Yankee Stadium
yankee_stadium,34003030401,88.0,yankee_stadium,Yankee Stadium
yankee_stadium,34003030202,88.0,yankee_stadium,Yankee Stadium
yankee_stadium,34003054101,79.0,yankee_stadium,Yankee Stadium
yankee_stadium,34003045102,88.0,yankee_stadium,Yankee Stadium
yankee_stadium,34003015402,81.0,yankee_stadium,Yankee Stadium
yankee_stadium,34003060001,80.0,yankee_stadium,Yankee Stadium
yankee_stadium,34003023304,75.0,yankee_stadium,Yankee Stadium
yankee_stadium,34003006301,66.0,yankee_stadium,Yankee Stadium
yankee_stadium,34003018102,70.0,yankee_stadium,Yankee Stadium
yankee_stadium,34003023303,78.0,yankee_stadium,Yankee Stadium
yankee_stadium,34003013003,78.0,yankee_stadium,Yankee Stadium
yankee_stadium,34017000102,75.0,yankee_stadium,Yankee Stadium
yankee_stadium,34017018502,69.0,yankee_stadium,Yankee Stadium
yankee_stadium,34017018401,61.0,yankee_stadium,Yankee Stadium
yankee_stadium,34017007001,68.0,yankee_stadium,Yankee Stadium
yankee_stadium,34017007002,63.0,yankee_stadium,Yankee Stadium
yankee_stadium,34017010602,110.0,yankee_stadium,Yankee Stadium
yankee_stadium,34017010701,100.0,yankee_stadium,Yankee Stadium
yankee_stadium,34017010702,99.0,yankee_stadium,Yankee Stadium
yankee_stadium,34017003101,85.0,yankee_stadium,Yankee Stadium
yankee_stadium,34039031903,100.0,yankee_stadium,Yankee Stadium
yankee_stadium,34039030701,,yankee_stadium,Yankee Stadium
yankee_stadium,34039037700,,yankee_stadium,Yankee Stadium
yankee_stadium,34039030200,116.0,yankee_stadium,Yankee Stadium
yankee_stadium,34039030400,,yankee_stadium,Yankee Stadium
yankee_stadium,34039030600,,yankee_stadium,Yankee Stadium
yankee_stadium,34017018501,68.0,yankee_stadium,Yankee Stadium
yankee_stadium,34039038300,,yankee_stadium,Yankee Stadium
yankee_stadium,34039030802,117.0,yankee_stadium,Yankee Stadium
yankee_stadium,34039031100,108.0,yankee_stadium,Yankee Stadium
yankee_stadium,34039031500,83.0,yankee_stadium,Yankee Stadium
yankee_stadium,34039032500,105.0,yankee_stadium,Yankee Stadium
yankee_stadium,34013002204,103.0,yankee_stadium,Yankee Stadium
yankee_stadium,34013002203,112.0,yankee_stadium,Yankee Stadium
yankee_stadium,34039032200,82.0,yankee_stadium,Yankee Stadium
yankee_stadium,34039032300,80.0,yankee_stadium,Yankee Stadium
yankee_stadium,34039032600,116.0,yankee_stadium,Yankee Stadium
yankee_stadium,34039033502,107.0,yankee_stadium,Yankee Stadium
yankee_stadium,34039032402,83.0,yankee_stadium,Yankee Stadium
yankee_stadium,34039031301,84.0,yankee_stadium,Yankee Stadium
yankee_stadium,34039980000,114.0,yankee_stadium,Yankee Stadium
yankee_stadium,34039031302,95.0,yankee_stadium,Yankee Stadium
yankee_stadium,34039039801,,yankee_stadium,Yankee Stadium
yankee_stadium,34039032701,110.0,yankee_stadium,Yankee Stadium
yankee_stadium,34039030703,,yankee_stadium,Yankee Stadium
yankee_stadium,34017006101,108.0,yankee_stadium,Yankee Stadium
yankee_stadium,34017005901,104.0,yankee_stadium,Yankee Stadium
yankee_stadium,34017006102,103.0,yankee_stadium,Yankee Stadium
yankee_stadium,34017007701,61.0,yankee_stadium,Yankee Stadium
yankee_stadium,34017007702,67.0,yankee_stadium,Yankee Stadium
yankee_stadium,34017005902,103.0,yankee_stadium,Yankee Stadium
yankee_stadium,34039032702,,yankee_stadium,Yankee Stadium
yankee_stadium,34039033501,87.0,yankee_stadium,Yankee Stadium
yankee_stadium,34017018402,58.0,yankee_stadium,Yankee Stadium
yankee_stadium,34017014801,70.0,yankee_stadium,Yankee Stadium
yankee_stadium,34017014802,65.0,yankee_stadium,Yankee Stadium
yankee_stadium,34017014401,81.0,yankee_stadium,Yankee Stadium
yankee_stadium,34017014402,83.0,yankee_stadium,Yankee Stadium
yankee_stadium,34017002002,71.0,yankee_stadium,Yankee Stadium
yankee_stadium,34017007602,69.0,yankee_stadium,Yankee Stadium
yankee_stadium,34017007601,68.0,yankee_stadium,Yankee Stadium
yankee_stadium,34017007703,68.0,yankee_stadium,Yankee Stadium
yankee_stadium,34017010601,,yankee_stadium,Yankee Stadium
yankee_stadium,34017015003,70.0,yankee_stadium,Yankee Stadium
yankee_stadium,34017000101,83.0,yankee_stadium,Yankee Stadium
yankee_stadium,34017002001,74.0,yankee_stadium,Yankee Stadium
yankee_stadium,34017004104,87.0,yankee_stadium,Yankee Stadium
yankee_stadium,34017004103,91.0,yankee_stadium,Yankee Stadium
yankee_stadium,34017003102,85.0,yankee_stadium,Yankee Stadium
yankee_stadium,34017015004,64.0,yankee_stadium,Yankee Stadium
yankee_stadium,34003015100,85.0,yankee_stadium,Yankee Stadium
yankee_stadium,34003025200,76.0,yankee_stadium,Yankee Stadium
yankee_stadium,34003046200,92.0,yankee_stadium,Yankee Stadium
yankee_stadium,34003038200,75.0,yankee_stadium,Yankee Stadium
yankee_stadium,34003033200,87.0,yankee_stadium,Yankee Stadium
yankee_stadium,34003023301,84.0,yankee_stadium,Yankee Stadium
yankee_stadium,34017013500,94.0,yankee_stadium,Yankee Stadium
yankee_stadium,34017013600,93.0,yankee_stadium,Yankee Stadium
yankee_stadium,34017013700,98.0,yankee_stadium,Yankee Stadium
yankee_stadium,34017013900,108.0,yankee_stadium,Yankee Stadium
yankee_stadium,34017014200,69.0,yankee_stadium,Yankee Stadium
yankee_stadium,34017014600,84.0,yankee_stadium,Yankee Stadium
yankee_stadium,34017014900,74.0,yankee_stadium,Yankee Stadium
yankee_stadium,34017015100,76.0,yankee_stadium,Yankee Stadium
yankee_stadium,34017015500,72.0,yankee_stadium,Yankee Stadium
yankee_stadium,34003054500,57.0,yankee_stadium,Yankee Stadium
yankee_stadium,34003019104,56.0,yankee_stadium,Yankee Stadium
yankee_stadium,34003019203,59.0,yankee_stadium,Yankee Stadium
yankee_stadium,34003019303,66.0,yankee_stadium,Yankee Stadium
yankee_stadium,34003019304,65.0,yankee_stadium,Yankee Stadium
yankee_stadium,34017014300,77.0,yankee_stadium,Yankee Stadium
yankee_stadium,34017015600,62.0,yankee_stadium,Yankee Stadium
yankee_stadium,34017015700,62.0,yankee_stadium,Yankee Stadium
yankee_stadium,34013015200,116.0,yankee_stadium,Yankee Stadium
yankee_stadium,34013003700,106.0,yankee_stadium,Yankee Stadium
yankee_stadium,34013004300,96.0,yankee_stadium,Yankee Stadium
yankee_stadium,34013007600,88.0,yankee_stadium,Yankee Stadium
yankee_stadium,34013010800,114.0,yankee_stadium,Yankee Stadium
yankee_stadium,34013013200,99.0,yankee_stadium,Yankee Stadium
yankee_stadium,34013015900,113.0,yankee_stadium,Yankee Stadium
yankee_stadium,34013020000,,yankee_stadium,Yankee Stadium
yankee_stadium,34013000100,114.0,yankee_stadium,Yankee Stadium
yankee_stadium,34013000200,103.0,yankee_stadium,Yankee Stadium
yankee_stadium,34013000400,107.0,yankee_stadium,Yankee Stadium
yankee_stadium,34013000600,110.0,yankee_stadium,Yankee Stadium
yankee_stadium,34013001000,101.0,yankee_stadium,Yankee Stadium
yankee_stadium,34013001100,94.0,yankee_stadium,Yankee Stadium
yankee_stadium,34013001300,102.0,yankee_stadium,Yankee Stadium
yankee_stadium,34013009500,112.0,yankee_stadium,Yankee Stadium
yankee_stadium,34013000500,104.0,yankee_stadium,Yankee Stadium
yankee_stadium,34013018100,,yankee_stadium,Yankee Stadium
yankee_stadium,34013006900,100.0,yankee_stadium,Yankee Stadium
yankee_stadium,34013007700,91.0,yankee_stadium,Yankee Stadium
yankee_stadium,34013015600,119.0,yankee_stadium,Yankee Stadium
yankee_stadium,34013018900,108.0,yankee_stadium,Yankee Stadium
yankee_stadium,34013022700,86.0,yankee_stadium,Yankee Stadium
yankee_stadium,34013012900,90.0,yankee_stadium,Yankee Stadium
yankee_stadium,34013014300,,yankee_stadium,Yankee Stadium
yankee_stadium,34013004801,79.0,yankee_stadium,Yankee Stadium
yankee_stadium,34013017400,,yankee_stadium,Yankee Stadium
yankee_stadium,34003041200,73.0,yankee_stadium,Yankee Stadium
yankee_stadium,34017019200,68.0,yankee_stadium,Yankee Stadium
yankee_stadium,34017000200,71.0,yankee_stadium,Yankee Stadium
yankee_stadium,34017000300,64.0,yankee_stadium,Yankee Stadium
yankee_stadium,34017000600,74.0,yankee_stadium,Yankee Stadium
yankee_stadium,34017002200,73.0,yankee_stadium,Yankee Stadium
yankee_stadium,34003023401,82.0,yankee_stadium,Yankee Stadium
yankee_stadium,34003023402,82.0,yankee_stadium,Yankee Stadium
yankee_stadium,34003031100,,yankee_stadium,Yankee Stadium
yankee_stadium,34003025100,85.0,yankee_stadium,Yankee Stadium
yankee_stadium,34003055100,,yankee_stadium,Yankee Stadium
yankee_stadium,34003028001,70.0,yankee_stadium,Yankee Stadium
yankee_stadium,34003031300,74.0,yankee_stadium,Yankee Stadium
yankee_stadium,34003031400,70.0,yankee_stadium,Yankee Stadium
yankee_stadium,34003036100,79.0,yankee_stadium,Yankee Stadium
yankee_stadium,34003036200,87.0,yankee_stadium,Yankee Stadium
yankee_stadium,34013021601,,yankee_stadium,Yankee Stadium
yankee_stadium,34003030300,100.0,yankee_stadium,Yankee Stadium
yankee_stadium,34017017100,65.0,yankee_stadium,Yankee Stadium
yankee_stadium,34017017500,62.0,yankee_stadium,Yankee Stadium
yankee_stadium,34017002700,96.0,yankee_stadium,Yankee Stadium
yankee_stadium,34003023100,70.0,yankee_stadium,Yankee Stadium
yankee_stadium,34003028002,64.0,yankee_stadium,Yankee Stadium
yankee_stadium,34003029100,79.0,yankee_stadium,Yankee Stadium
yankee_stadium,34003029200,78.0,yankee_stadium,Yankee Stadium
yankee_stadium,34003030100,94.0,yankee_stadium,Yankee Stadium
yankee_stadium,34003033300,82.0,yankee_stadium,Yankee Stadium
yankee_stadium,34013021300,118.0,yankee_stadium,Yankee Stadium
yankee_stadium,34013021400,,yankee_stadium,Yankee Stadium
yankee_stadium,34013017301,,yankee_stadium,Yankee Stadium
yankee_stadium,34013017302,,yankee_stadium,Yankee Stadium
yankee_stadium,34013017500,,yankee_stadium,Yankee Stadium
yankee_stadium,34013017600,116.0,yankee_stadium,Yankee Stadium
yankee_stadium,34013017800,115.0,yankee_stadium,Yankee Stadium
yankee_stadium,34017017300,62.0,yankee_stadium,Yankee Stadium
yankee_stadium,34013015400,113.0,yankee_stadium,Yankee Stadium
yankee_stadium,34013015500,,yankee_stadium,Yankee Stadium
yankee_stadium,34013015700,117.0,yankee_stadium,Yankee Stadium
yankee_stadium,34013015800,116.0,yankee_stadium,Yankee Stadium
yankee_stadium,34013016300,,yankee_stadium,Yankee Stadium
yankee_stadium,34013016700,,yankee_stadium,Yankee Stadium
yankee_stadium,34013016800,,yankee_stadium,Yankee Stadium
yankee_stadium,34013021802,,yankee_stadium,Yankee Stadium
yankee_stadium,34013021803,,yankee_stadium,Yankee Stadium
yankee_stadium,34013010400,112.0,yankee_stadium,Yankee Stadium
yankee_stadium,34013016900,,yankee_stadium,Yankee Stadium
yankee_stadium,34013017900,117.0,yankee_stadium,Yankee Stadium
yankee_stadium,34013018200,116.0,yankee_stadium,Yankee Stadium
yankee_stadium,34017016000,69.0,yankee_stadium,Yankee Stadium
yankee_stadium,34017016300,61.0,yankee_stadium,Yankee Stadium
yankee_stadium,34017016400,56.0,yankee_stadium,Yankee Stadium
yankee_stadium,34017016500,48.0,yankee_stadium,Yankee Stadium
yankee_stadium,34017016700,50.0,yankee_stadium,Yankee Stadium
yankee_stadium,34017016900,57.0,yankee_stadium,Yankee Stadium
yankee_stadium,34017017400,60.0,yankee_stadium,Yankee Stadium
yankee_stadium,34017017600,65.0,yankee_stadium,Yankee Stadium
yankee_stadium,34017017700,69.0,yankee_stadium,Yankee Stadium
yankee_stadium,34013018300,108.0,yankee_stadium,Yankee Stadium
yankee_stadium,34013018400,104.0,yankee_stadium,Yankee Stadium
yankee_stadium,34013018600,104.0,yankee_stadium,Yankee Stadium
yankee_stadium,34013018700,,yankee_stadium,Yankee Stadium
yankee_stadium,34017019000,75.0,yankee_stadium,Yankee Stadium
yankee_stadium,34017017000,59.0,yankee_stadium,Yankee Stadium
yankee_stadium,34017014501,81.0,yankee_stadium,Yankee Stadium
yankee_stadium,34017014502,83.0,yankee_stadium,Yankee Stadium
yankee_stadium,34017001701,91.0,yankee_stadium,Yankee Stadium
yankee_stadium,34017003500,69.0,yankee_stadium,Yankee Stadium
yankee_stadium,34017004000,105.0,yankee_stadium,Yankee Stadium
yankee_stadium,34017004102,86.0,yankee_stadium,Yankee Stadium
yankee_stadium,34017004600,99.0,yankee_stadium,Yankee Stadium
yankee_stadium,34017017800,64.0,yankee_stadium,Yankee Stadium
yankee_stadium,34017017900,58.0,yankee_stadium,Yankee Stadium
yankee_stadium,34017018100,52.0,yankee_stadium,Yankee Stadium
yankee_stadium,34017018200,56.0,yankee_stadium,Yankee Stadium
yankee_stadium,34013019200,108.0,yankee_stadium,Yankee Stadium
yankee_stadium,34013019300,111.0,yankee_stadium,Yankee Stadium
yankee_stadium,34013019400,,yankee_stadium,Yankee Stadium
yankee_stadium,34013019500,,yankee_stadium,Yankee Stadium
yankee_stadium,34013019700,,yankee_stadium,Yankee Stadium
yankee_stadium,34013019800,117.0,yankee_stadium,Yankee Stadium
yankee_stadium,34013019900,115.0,yankee_stadium,Yankee Stadium
yankee_stadium,34013020200,,yankee_stadium,Yankee Stadium
yankee_stadium,34013020400,,yankee_stadium,Yankee Stadium
yankee_stadium,34013020901,,yankee_stadium,Yankee Stadium
yankee_stadium,34003019306,58.0,yankee_stadium,Yankee Stadium
yankee_stadium,34003023601,77.0,yankee_stadium,Yankee Stadium
yankee_stadium,34003023501,77.0,yankee_stadium,Yankee Stadium
yankee_stadium,34013006200,100.0,yankee_stadium,Yankee Stadium
yankee_stadium,34013017000,,yankee_stadium,Yankee Stadium
yankee_stadium,34013006600,96.0,yankee_stadium,Yankee Stadium
yankee_stadium,34013000900,102.0,yankee_stadium,Yankee Stadium
yankee_stadium,34039031601,87.0,yankee_stadium,Yankee Stadium
yankee_stadium,34003023602,84.0,yankee_stadium,Yankee Stadium
yankee_stadium,34003004001,77.0,yankee_stadium,Yankee Stadium
yankee_stadium,34039031801,111.0,yankee_stadium,Yankee Stadium
yankee_stadium,34039031904,97.0,yankee_stadium,Yankee Stadium
yankee_stadium,34039039900,95.0,yankee_stadium,Yankee Stadium
yankee_stadium,34039031802,106.0,yankee_stadium,Yankee Stadium
yankee_stadium,34017019100,71.0,yankee_stadium,Yankee Stadium
yankee_stadium,34017019300,65.0,yankee_stadium,Yankee Stadium
yankee_stadium,34017032400,74.0,yankee_stadium,Yankee Stadium
yankee_stadium,34017001201,74.0,yankee_stadium,Yankee Stadium
yankee_stadium,34017004800,108.0,yankee_stadium,Yankee Stadium
yankee_stadium,34017012700,,yankee_stadium,Yankee Stadium
yankee_stadium,34017016100,58.0,yankee_stadium,Yankee Stadium
yankee_stadium,34017004700,88.0,yankee_stadium,Yankee Stadium
yankee_stadium,34017004900,97.0,yankee_stadium,Yankee Stadium
yankee_stadium,34017005200,96.0,yankee_stadium,Yankee Stadium
yankee_stadium,34017013100,85.0,yankee_stadium,Yankee Stadium
yankee_stadium,34017013300,92.0,yankee_stadium,Yankee Stadium
yankee_stadium,34017013400,91.0,yankee_stadium,Yankee Stadium
yankee_stadium,34039031602,94.0,yankee_stadium,Yankee Stadium
yankee_stadium,34013002300,104.0,yankee_stadium,Yankee Stadium
yankee_stadium,34027041803,,yankee_stadium,Yankee Stadium
yankee_stadium,34023003500,,yankee_stadium,Yankee Stadium
yankee_stadium,34027041901,,yankee_stadium,Yankee Stadium
yankee_stadium,34027040803,,yankee_stadium,Yankee Stadium
yankee_stadium,34027041704,,yankee_stadium,Yankee Stadium
yankee_stadium,34027041902,,yankee_stadium,Yankee Stadium
yankee_stadium,34027040805,,yankee_stadium,Yankee Stadium
yankee_stadium,34003018200,81.0,yankee_stadium,Yankee Stadium
yankee_stadium,34003015500,59.0,yankee_stadium,Yankee Stadium
yankee_stadium,34003016000,72.0,yankee_stadium,Yankee Stadium
yankee_stadium,34003005000,73.0,yankee_stadium,Yankee Stadium
yankee_stadium,34003019102,71.0,yankee_stadium,Yankee Stadium
yankee_stadium,34003011300,95.0,yankee_stadium,Yankee Stadium
yankee_stadium,34003011400,109.0,yankee_stadium,Yankee Stadium
yankee_stadium,34003015200,90.0,yankee_stadium,Yankee Stadium
yankee_stadium,34003015300,68.0,yankee_stadium,Yankee Stadium
yankee_stadium,34017002800,84.0,yankee_stadium,Yankee Stadium
yankee_stadium,34023001411,,yankee_stadium,Yankee Stadium
yankee_stadium,34031175704,84.0,yankee_stadium,Yankee Stadium
yankee_stadium,34031223802,,yankee_stadium,Yankee Stadium
yankee_stadium,34023009000,,yankee_stadium,Yankee Stadium
yankee_stadium,34023002301,,yankee_stadium,Yankee Stadium
yankee_stadium,34003041302,76.0,yankee_stadium,Yankee Stadium
yankee_stadium,34003006202,58.0,yankee_stadium,Yankee Stadium
yankee_stadium,34031223801,,yankee_stadium,Yankee Stadium
yankee_stadium,34023002401,,yankee_stadium,Yankee Stadium
yankee_stadium,34013021701,,yankee_stadium,Yankee Stadium
yankee_stadium,34013023100,99.0,yankee_stadium,Yankee Stadium
yankee_stadium,34013023200,96.0,yankee_stadium,Yankee Stadium
yankee_stadium,34013980100,117.0,yankee_stadium,Yankee Stadium
yankee_stadium,34013021702,,yankee_stadium,Yankee Stadium
yankee_stadium,34013022900,92.0,yankee_stadium,Yankee Stadium
yankee_stadium,34013980200,111.0,yankee_stadium,Yankee Stadium
yankee_stadium,34031175801,86.0,yankee_stadium,Yankee Stadium
yankee_stadium,34013023000,98.0,yankee_stadium,Yankee Stadium
yankee_stadium,34031183102,112.0,yankee_stadium,Yankee Stadium
yankee_stadium,34017006800,90.0,yankee_stadium,Yankee Stadium
yankee_stadium,34031175301,97.0,yankee_stadium,Yankee Stadium
yankee_stadium,34031175401,92.0,yankee_stadium,Yankee Stadium
yankee_stadium,34031175601,98.0,yankee_stadium,Yankee Stadium
yankee_stadium,34031175701,79.0,yankee_stadium,Yankee Stadium
yankee_stadium,34031175703,92.0,yankee_stadium,Yankee Stadium
yankee_stadium,34031183101,109.0,yankee_stadium,Yankee Stadium
yankee_stadium,34017015001,64.0,yankee_stadium,Yankee Stadium
yankee_stadium,34017018302,67.0,yankee_stadium,Yankee Stadium
yankee_stadium,34017007400,66.0,yankee_stadium,Yankee Stadium
yankee_stadium,34017007800,76.0,yankee_stadium,Yankee Stadium
yankee_stadium,34017014101,66.0,yankee_stadium,Yankee Stadium
yankee_stadium,34017018301,74.0,yankee_stadium,Yankee Stadium
yankee_stadium,34031264101,,yankee_stadium,Yankee Stadium
yankee_stadium,34031175302,109.0,yankee_stadium,Yankee Stadium
yankee_stadium,34017015801,62.0,yankee_stadium,Yankee Stadium
yankee_stadium,34017018702,61.0,yankee_stadium,Yankee Stadium
yankee_stadium,34017006600,84.0,yankee_stadium,Yankee Stadium
yankee_stadium,34017015201,62.0,yankee_stadium,Yankee Stadium
yankee_stadium,34017015202,62.0,yankee_stadium,Yankee Stadium
yankee_stadium,34031175402,88.0,yankee_stadium,Yankee Stadium
yankee_stadium,34017020100,85.0,yankee_stadium,Yankee Stadium
yankee_stadium,34017980100,,yankee_stadium,Yankee Stadium
yankee_stadium,34017006400,65.0,yankee_stadium,Yankee Stadium
yankee_stadium,34017006500,74.0,yankee_stadium,Yankee Stadium
yankee_stadium,34017020000,62.0,yankee_stadium,Yankee Stadium
yankee_stadium,34031264102,,yankee_stadium,Yankee Stadium
yankee_stadium,34017006700,87.0,yankee_stadium,Yankee Stadium
yankee_stadium,34017007500,65.0,yankee_stadium,Yankee Stadium
yankee_stadium,34017014102,74.0,yankee_stadium,Yankee Stadium
yankee_stadium,34017018701,68.0,yankee_stadium,Yankee Stadium
yankee_stadium,34017006900,94.0,yankee_stadium,Yankee Stadium
yankee_stadium,34017015802,57.0,yankee_stadium,Yankee Stadium
yankee_stadium,34017007100,75.0,yankee_stadium,Yankee Stadium
yankee_stadium,34017007200,78.0,yankee_stadium,Yankee Stadium
yankee_stadium,34017007300,80.0,yankee_stadium,Yankee Stadium
yankee_stadium,34017019800,82.0,yankee_stadium,Yankee Stadium
yankee_stadium,34017019900,75.0,yankee_stadium,Yankee Stadium
yankee_stadium,34027040102,,yankee_stadium,Yankee Stadium
yankee_stadium,34039032800,108.0,yankee_stadium,Yankee Stadium
yankee_stadium,34039034200,113.0,yankee_stadium,Yankee Stadium
yankee_stadium,34003012001,77.0,yankee_stadium,Yankee Stadium
yankee_stadium,34039032901,105.0,yankee_stadium,Yankee Stadium
yankee_stadium,34039033000,,yankee_stadium,Yankee Stadium
yankee_stadium,34039033100,95.0,yankee_stadium,Yankee Stadium
yankee_stadium,34039033200,102.0,yankee_stadium,Yankee Stadium
yankee_stadium,34039033300,106.0,yankee_stadium,Yankee Stadium
yankee_stadium,34039031000,118.0,yankee_stadium,Yankee Stadium
yankee_stadium,34039036100,,yankee_stadium,Yankee Stadium
yankee_stadium,34039031400,95.0,yankee_stadium,Yankee Stadium
yankee_stadium,34039033900,99.0,yankee_stadium,Yankee Stadium
yankee_stadium,34039035400,,yankee_stadium,Yankee Stadium
yankee_stadium,34039032002,113.0,yankee_stadium,Yankee Stadium
yankee_stadium,34039038601,,yankee_stadium,Yankee Stadium
yankee_stadium,34039034100,114.0,yankee_stadium,Yankee Stadium
yankee_stadium,34039033400,95.0,yankee_stadium,Yankee Stadium
yankee_stadium,34039033600,,yankee_stadium,Yankee Stadium
yankee_stadium,34039033700,109.0,yankee_stadium,Yankee Stadium
yankee_stadium,34039033800,109.0,yankee_stadium,Yankee Stadium
yankee_stadium,34039034000,101.0,yankee_stadium,Yankee Stadium
yankee_stadium,34039034300,,yankee_stadium,Yankee Stadium
yankee_stadium,34039034400,,yankee_stadium,Yankee Stadium
yankee_stadium,34039037200,109.0,yankee_stadium,Yankee Stadium
yankee_stadium,34039032902,106.0,yankee_stadium,Yankee Stadium
yankee_stadium,34039037602,,yankee_stadium,Yankee Stadium
yankee_stadium,34039035200,,yankee_stadium,Yankee Stadium
yankee_stadium,34039031700,96.0,yankee_stadium,Yankee Stadium
yankee_stadium,34039031200,108.0,yankee_stadium,Yankee Stadium
yankee_stadium,34039030900,,yankee_stadium,Yankee Stadium
yankee_stadium,34039034500,,yankee_stadium,Yankee Stadium
yankee_stadium,34039034600,,yankee_stadium,Yankee Stadium
yankee_stadium,34039034700,,yankee_stadium,Yankee Stadium
yankee_stadium,34017012300,84.0,yankee_stadium,Yankee Stadium
yankee_stadium,34039030500,,yankee_stadium,Yankee Stadium
yankee_stadium,34039034800,,yankee_stadium,Yankee Stadium
yankee_stadium,34039034900,,yankee_stadium,Yankee Stadium
yankee_stadium,34039035000,,yankee_stadium,Yankee Stadium
yankee_stadium,34039035100,115.0,yankee_stadium,Yankee Stadium
yankee_stadium,34039035300,119.0,yankee_stadium,Yankee Stadium
yankee_stadium,34039035500,,yankee_stadium,Yankee Stadium
yankee_stadium,34039035600,,yankee_stadium,Yankee Stadium
yankee_stadium,34039035800,,yankee_stadium,Yankee Stadium
yankee_stadium,34039035900,108.0,yankee_stadium,Yankee Stadium
yankee_stadium,34039036000,,yankee_stadium,Yankee Stadium
yankee_stadium,34039036200,,yankee_stadium,Yankee Stadium
yankee_stadium,34039036301,,yankee_stadium,Yankee Stadium
yankee_stadium,34039036302,,yankee_stadium,Yankee Stadium
yankee_stadium,34039035700,,yankee_stadium,Yankee Stadium
yankee_stadium,34017017200,59.0,yankee_stadium,Yankee Stadium
yankee_stadium,34017002300,70.0,yankee_stadium,Yankee Stadium
yankee_stadium,34017001000,81.0,yankee_stadium,Yankee Stadium
yankee_stadium,34017015900,62.0,yankee_stadium,Yankee Stadium
yankee_stadium,34017013800,92.0,yankee_stadium,Yankee Stadium
yankee_stadium,34017018800,68.0,yankee_stadium,Yankee Stadium
yankee_stadium,34017006200,98.0,yankee_stadium,Yankee Stadium
yankee_stadium,34017005500,94.0,yankee_stadium,Yankee Stadium
yankee_stadium,34039036900,111.0,yankee_stadium,Yankee Stadium
yankee_stadium,34039036400,,yankee_stadium,Yankee Stadium
yankee_stadium,34039036500,,yankee_stadium,Yankee Stadium
yankee_stadium,34039036600,111.0,yankee_stadium,Yankee Stadium
yankee_stadium,34039036700,,yankee_stadium,Yankee Stadium
yankee_stadium,34039036800,,yankee_stadium,Yankee Stadium
yankee_stadium,34039037100,,yankee_stadium,Yankee Stadium
yankee_stadium,34039037000,,yankee_stadium,Yankee Stadium
yankee_stadium,34039037300,,yankee_stadium,Yankee Stadium
yankee_stadium,34039037400,,yankee_stadium,Yankee Stadium
yankee_stadium,34039037500,106.0,yankee_stadium,Yankee Stadium
yankee_stadium,34039037601,,yankee_stadium,Yankee Stadium
yankee_stadium,34039038000,,yankee_stadium,Yankee Stadium
yankee_stadium,34003038100,90.0,yankee_stadium,Yankee Stadium
yankee_stadium,34003038300,83.0,yankee_stadium,Yankee Stadium
yankee_stadium,34003054400,60.0,yankee_stadium,Yankee Stadium
yankee_stadium,34003050000,106.0,yankee_stadium,Yankee Stadium
yankee_stadium,34003051200,77.0,yankee_stadium,Yankee Stadium
yankee_stadium,34003051300,76.0,yankee_stadium,Yankee Stadium
yankee_stadium,34003054200,76.0,yankee_stadium,Yankee Stadium
yankee_stadium,34003054300,89.0,yankee_stadium,Yankee Stadium
yankee_stadium,34003041100,73.0,yankee_stadium,Yankee Stadium
yankee_stadium,34003051400,73.0,yankee_stadium,Yankee Stadium
yankee_stadium,34003019204,61.0,yankee_stadium,Yankee Stadium
yankee_stadium,34003045200,96.0,yankee_stadium,Yankee Stadium
yankee_stadium,34003004002,86.0,yankee_stadium,Yankee Stadium
yankee_stadium,34003052200,105.0,yankee_stadium,Yankee Stadium
yankee_stadium,34003046100,81.0,yankee_stadium,Yankee Stadium
yankee_stadium,34003023502,87.0,yankee_stadium,Yankee Stadium
yankee_stadium,34003013002,72.0,yankee_stadium,Yankee Stadium
yankee_stadium,34003006201,61.0,yankee_stadium,Yankee Stadium
yankee_stadium,34003012002,86.0,yankee_stadium,Yankee Stadium
yankee_stadium,34003019103,64.0,yankee_stadium,Yankee Stadium
yankee_stadium,34003019305,56.0,yankee_stadium,Yankee Stadium
yankee_stadium,34003041301,68.0,yankee_stadium,Yankee Stadium
yankee_stadium,34003021300,106.0,yankee_stadium,Yankee Stadium
yankee_stadium,34003046300,77.0,yankee_stadium,Yankee Stadium
yankee_stadium,34013006400,99.0,yankee_stadium,Yankee Stadium
yankee_stadium,34003057101,91.0,yankee_stadium,Yankee Stadium
yankee_stadium,34003057102,90.0,yankee_stadium,Yankee Stadium
yankee_stadium,34003057200,90.0,yankee_stadium,Yankee Stadium
yankee_stadium,34013001700,116.0,yankee_stadium,Yankee Stadium
yankee_stadium,34013001800,107.0,yankee_stadium,Yankee Stadium
yankee_stadium,34013001900,104.0,yankee_stadium,Yankee Stadium
yankee_stadium,34013002400,110.0,yankee_stadium,Yankee Stadium
yankee_stadium,34013003100,99.0,yankee_stadium,Yankee Stadium
yankee_stadium,34013003500,106.0,yankee_stadium,Yankee Stadium
yankee_stadium,34013003800,101.0,yankee_stadium,Yankee Stadium
yankee_stadium,34013004200,103.0,yankee_stadium,Yankee Stadium
yankee_stadium,34013004400,84.0,yankee_stadium,Yankee Stadium
yankee_stadium,34013004500,85.0,yankee_stadium,Yankee Stadium
yankee_stadium,34013004600,81.0,yankee_stadium,Yankee Stadium
yankee_stadium,34013004700,83.0,yankee_stadium,Yankee Stadium
yankee_stadium,34013004900,79.0,yankee_stadium,Yankee Stadium
yankee_stadium,34013005000,89.0,yankee_stadium,Yankee Stadium
yankee_stadium,34013005300,93.0,yankee_stadium,Yankee Stadium
yankee_stadium,34013005400,95.0,yankee_stadium,Yankee Stadium
yankee_stadium,34013005700,85.0,yankee_stadium,Yankee Stadium
yankee_stadium,34013006700,88.0,yankee_stadium,Yankee Stadium
yankee_stadium,34013006800,95.0,yankee_stadium,Yankee Stadium
yankee_stadium,34013007000,102.0,yankee_stadium,Yankee Stadium
yankee_stadium,34013007100,103.0,yankee_stadium,Yankee Stadium
yankee_stadium,34013008000,85.0,yankee_stadium,Yankee Stadium
yankee_stadium,34013008800,97.0,yankee_stadium,Yankee Stadium
yankee_stadium,34013009000,105.0,yankee_stadium,Yankee Stadium
yankee_stadium,34013009100,104.0,yankee_stadium,Yankee Stadium
yankee_stadium,34017005802,,yankee_stadium,Yankee Stadium
yankee_stadium,34013007400,119.0,yankee_stadium,Yankee Stadium
yankee_stadium,34013007502,108.0,yankee_stadium,Yankee Stadium
yankee_stadium,34013007900,82.0,yankee_stadium,Yankee Stadium
yankee_stadium,34013009700,117.0,yankee_stadium,Yankee Stadium
yankee_stadium,34013009900,119.0,yankee_stadium,Yankee Stadium
yankee_stadium,34013010000,,yankee_stadium,Yankee Stadium
yankee_stadium,34013000800,100.0,yankee_stadium,Yankee Stadium
yankee_stadium,34013001400,103.0,yankee_stadium,Yankee Stadium
yankee_stadium,34013010100,,yankee_stadium,Yankee Stadium
yankee_stadium,34013010500,108.0,yankee_stadium,Yankee Stadium
yankee_stadium,34013011400,,yankee_stadium,Yankee Stadium
yankee_stadium,34013011500,114.0,yankee_stadium,Yankee Stadium
yankee_stadium,34013011600,113.0,yankee_stadium,Yankee Stadium
yankee_stadium,34013011700,114.0,yankee_stadium,Yankee Stadium
yankee_stadium,34013011900,93.0,yankee_stadium,Yankee Stadium
yankee_stadium,34013012000,105.0,yankee_stadium,Yankee Stadium
yankee_stadium,34013012300,99.0,yankee_stadium,Yankee Stadium
yankee_stadium,34013012400,102.0,yankee_stadium,Yankee Stadium
yankee_stadium,34013012600,103.0,yankee_stadium,Yankee Stadium
yankee_stadium,34013012700,92.0,yankee_stadium,Yankee Stadium
yankee_stadium,34013013000,95.0,yankee_stadium,Yankee Stadium
yankee_stadium,34013013100,90.0,yankee_stadium,Yankee Stadium
yankee_stadium,34017011200,111.0,yankee_stadium,Yankee Stadium
yankee_stadium,34017018900,73.0,yankee_stadium,Yankee Stadium
yankee_stadium,34017018600,65.0,yankee_stadium,Yankee Stadium
yankee_stadium,34017011300,100.0,yankee_stadium,Yankee Stadium
yankee_stadium,34017011400,108.0,yankee_stadium,Yankee Stadium
yankee_stadium,34013013300,100.0,yankee_stadium,Yankee Stadium
yankee_stadium,34013014500,,yankee_stadium,Yankee Stadium
yankee_stadium,34013014600,,yankee_stadium,Yankee Stadium
yankee_stadium,34013014700,117.0,yankee_stadium,Yankee Stadium
yankee_stadium,34013014800,108.0,yankee_stadium,Yankee Stadium
yankee_stadium,34013014900,96.0,yankee_stadium,Yankee Stadium
yankee_stadium,34013015000,110.0,yankee_stadium,Yankee Stadium
yankee_stadium,34013015100,,yankee_stadium,Yankee Stadium
yankee_stadium,34013013900,,yankee_stadium,Yankee Stadium
yankee_stadium,34013014000,116.0,yankee_stadium,Yankee Stadium
yankee_stadium,34013014400,106.0,yankee_stadium,Yankee Stadium
yankee_stadium,34013013600,79.0,yankee_stadium,Yankee Stadium
yankee_stadium,34013013700,117.0,yankee_stadium,Yankee Stadium
citi_field,36081003400,64.0,citi_field,Citi Field
citi_field,36081003900,48.0,citi_field,Citi Field
citi_field,36081003600,65.0,citi_field,Citi Field
citi_field,36081003700,47.0,citi_field,Citi Field
citi_field,36081003800,58.0,citi_field,Citi Field
citi_field,36081004001,56.0,citi_field,Citi Field
citi_field,36081004200,68.0,citi_field,Citi Field
citi_field,36081004300,45.0,citi_field,Citi Field
citi_field,36081077907,39.0,citi_field,Citi Field
citi_field,36081024000,45.0,citi_field,Citi Field
citi_field,36081024300,39.0,citi_field,Citi Field
citi_field,36081077908,46.0,citi_field,Citi Field
citi_field,36081024500,37.0,citi_field,Citi Field
citi_field,36081024900,27.0,citi_field,Citi Field
citi_field,36081025100,26.0,citi_field,Citi Field
citi_field,36081025500,34.0,citi_field,Citi Field
citi_field,36081025700,32.0,citi_field,Citi Field
citi_field,36081100801,112.0,citi_field,Citi Field
citi_field,36081102900,50.0,citi_field,Citi Field
citi_field,36047021100,70.0,citi_field,Citi Field
citi_field,36081025800,56.0,citi_field,Citi Field
citi_field,36081026000,59.0,citi_field,Citi Field
citi_field,36081026200,61.0,citi_field,Citi Field
citi_field,36081026300,19.0,citi_field,Citi Field
citi_field,36081026600,61.0,citi_field,Citi Field
citi_field,36047048500,65.0,citi_field,Citi Field
citi_field,36081107202,95.0,citi_field,Citi Field
citi_field,36081103201,95.0,citi_field,Citi Field
citi_field,36081103202,91.0,citi_field,Citi Field
citi_field,36081103900,39.0,citi_field,Citi Field
citi_field,36081104700,36.0,citi_field,Citi Field
citi_field,36081105900,47.0,citi_field,Citi Field
citi_field,36081027000,60.0,citi_field,Citi Field
citi_field,36081027200,57.0,citi_field,Citi Field
citi_field,36081027400,61.0,citi_field,Citi Field
citi_field,36081027800,63.0,citi_field,Citi Field
citi_field,36081027900,25.0,citi_field,Citi Field
citi_field,36081028000,65.0,citi_field,Citi Field
citi_field,36081028100,25.0,citi_field,Citi Field
citi_field,36081028200,63.0,citi_field,Citi Field
citi_field,36081028400,69.0,citi_field,Citi Field
citi_field,36081094500,52.0,citi_field,Citi Field
citi_field,36081094700,33.0,citi_field,Citi Field
citi_field,36081096400,,citi_field,Citi Field
citi_field,36081097300,54.0,citi_field,Citi Field
citi_field,36081098100,59.0,citi_field,Citi Field
citi_field,36081098700,53.0,citi_field,Citi Field
citi_field,36081099100,55.0,citi_field,Citi Field
citi_field,36081099200,112.0,citi_field,Citi Field
citi_field,36047080800,91.0,citi_field,Citi Field
citi_field,36081099900,58.0,citi_field,Citi Field
citi_field,36047123700,63.0,citi_field,Citi Field
citi_field,36081112300,36.0,citi_field,Citi Field
citi_field,36081109700,47.0,citi_field,Citi Field
citi_field,36081109900,41.0,citi_field,Citi Field
citi_field,36081112900,39.0,citi_field,Citi Field
citi_field,36081113900,31.0,citi_field,Citi Field
citi_field,36081114100,41.0,citi_field,Citi Field
citi_field,36081029100,28.0,citi_field,Citi Field
citi_field,36081029300,29.0,citi_field,Citi Field
citi_field,36081029500,32.0,citi_field,Citi Field
citi_field,36081029700,41.0,citi_field,Citi Field
citi_field,36081028700,27.0,citi_field,Citi Field
citi_field,36081028900,24.0,citi_field,Citi Field
citi_field,36081029900,52.0,citi_field,Citi Field
citi_field,36081031700,46.0,citi_field,Citi Field
citi_field,36081032000,73.0,citi_field,Citi Field
citi_field,36081032800,71.0,citi_field,Citi Field
citi_field,36081032900,37.0,citi_field,Citi Field
citi_field,36081033000,72.0,citi_field,Citi Field
citi_field,36081033100,43.0,citi_field,Citi Field
citi_field,36081033900,33.0,citi_field,Citi Field
citi_field,36081039400,71.0,citi_field,Citi Field
citi_field,36081039800,69.0,citi_field,Citi Field
citi_field,36081040200,68.0,citi_field,Citi Field
citi_field,36081040400,62.0,citi_field,Citi Field
citi_field,36081041100,27.0,citi_field,Citi Field
citi_field,36081041400,63.0,citi_field,Citi Field
citi_field,36081041500,23.0,citi_field,Citi Field
citi_field,36081042700,28.0,citi_field,Citi Field
citi_field,36081043400,62.0,citi_field,Citi Field
citi_field,36081045000,55.0,citi_field,Citi Field
citi_field,36081045400,52.0,citi_field,Citi Field
citi_field,36081045500,41.0,citi_field,Citi Field
citi_field,36081045600,56.0,citi_field,Citi Field
citi_field,36081044602,45.0,citi_field,Citi Field
citi_field,36081044800,48.0,citi_field,Citi Field
citi_field,36081045800,55.0,citi_field,Citi Field
citi_field,36081046200,57.0,citi_field,Citi Field
citi_field,36081046300,25.0,citi_field,Citi Field
citi_field,36081046400,61.0,citi_field,Citi Field
citi_field,36081046500,18.0,citi_field,Citi Field
citi_field,36081046600,59.0,citi_field,Citi Field
citi_field,36081046700,22.0,citi_field,Citi Field
citi_field,36081046800,57.0,citi_field,Citi Field
citi_field,36081047000,61.0,citi_field,Citi Field
citi_field,36081047100,32.0,citi_field,Citi Field
citi_field,36081047200,61.0,citi_field,Citi Field
citi_field,36081047300,30.0,citi_field,Citi Field
citi_field,36081047500,35.0,citi_field,Citi Field
citi_field,36081004500,51.0,citi_field,Citi Field
citi_field,36081004700,43.0,citi_field,Citi Field
citi_field,36081005000,69.0,citi_field,Citi Field
citi_field,36081005300,44.0,citi_field,Citi Field
citi_field,36081005400,64.0,citi_field,Citi Field
citi_field,36081005800,69.0,citi_field,Citi Field
citi_field,36081006100,43.0,citi_field,Citi Field
citi_field,36081030904,40.0,citi_field,Citi Field
citi_field,36081043702,36.0,citi_field,Citi Field
citi_field,36081044301,30.0,citi_field,Citi Field
citi_field,36081036500,29.0,citi_field,Citi Field
citi_field,36081036600,66.0,citi_field,Citi Field
citi_field,36081035800,77.0,citi_field,Citi Field
citi_field,36081036700,35.0,citi_field,Citi Field
citi_field,36081036800,65.0,citi_field,Citi Field
citi_field,36081065401,70.0,citi_field,Citi Field
citi_field,36081065402,81.0,citi_field,Citi Field
citi_field,36081037100,32.0,citi_field,Citi Field
citi_field,36081037300,28.0,citi_field,Citi Field
citi_field,36081037600,70.0,citi_field,Citi Field
citi_field,36081038100,20.0,citi_field,Citi Field
citi_field,36081007700,50.0,citi_field,Citi Field
citi_field,36081008600,63.0,citi_field,Citi Field
citi_field,36081008700,55.0,citi_field,Citi Field
citi_field,36081008800,67.0,citi_field,Citi Field
citi_field,36081007900,55.0,citi_field,Citi Field
citi_field,36081008100,56.0,citi_field,Citi Field
citi_field,36081008300,52.0,citi_field,Citi Field
citi_field,36081009100,58.0,citi_field,Citi Field
citi_field,36081009400,62.0,citi_field,Citi Field
citi_field,36081009500,49.0,citi_field,Citi Field
citi_field,36081009600,59.0,citi_field,Citi Field
citi_field,36081009800,54.0,citi_field,Citi Field
citi_field,36081009900,59.0,citi_field,Citi Field
citi_field,36081034700,40.0,citi_field,Citi Field
citi_field,36081035200,70.0,citi_field,Citi Field
citi_field,36081035300,33.0,citi_field,Citi Field
citi_field,36081026501,19.0,citi_field,Citi Field
citi_field,36081037502,22.0,citi_field,Citi Field
citi_field,36081089202,85.0,citi_field,Citi Field
citi_field,36081027301,18.0,citi_field,Citi Field
citi_field,36081000104,39.0,citi_field,Citi Field
citi_field,36081027101,24.0,citi_field,Citi Field
citi_field,36081040702,25.0,citi_field,Citi Field
citi_field,36081040302,17.0,citi_field,Citi Field
citi_field,36081040102,16.0,citi_field,Citi Field
citi_field,36081027302,23.0,citi_field,Citi Field
citi_field,36081040902,18.0,citi_field,Citi Field
citi_field,36081043900,34.0,citi_field,Citi Field
citi_field,36081044000,59.0,citi_field,Citi Field
citi_field,36081044601,47.0,citi_field,Citi Field
citi_field,36081007500,47.0,citi_field,Citi Field
citi_field,36081006300,48.0,citi_field,Citi Field
citi_field,36081007100,49.0,citi_field,Citi Field
citi_field,36081010000,57.0,citi_field,Citi Field
citi_field,36081010300,56.0,citi_field,Citi Field
citi_field,36081010500,64.0,citi_field,Citi Field
citi_field,36081010600,60.0,citi_field,Citi Field
citi_field,36081010701,79.0,citi_field,Citi Field
citi_field,36081011000,54.0,citi_field,Citi Field
citi_field,36081011200,64.0,citi_field,Citi Field
citi_field,36081011300,52.0,citi_field,Citi Field
citi_field,36081010200,63.0,citi_field,Citi Field
citi_field,36081011500,47.0,citi_field,Citi Field
citi_field,36081011700,52.0,citi_field,Citi Field
citi_field,36081011800,51.0,citi_field,Citi Field
citi_field,36081012200,51.0,citi_field,Citi Field
citi_field,36081012301,59.0,citi_field,Citi Field
citi_field,36081012400,50.0,citi_field,Citi Field
citi_field,36081012602,55.0,citi_field,Citi Field
citi_field,36081013200,48.0,citi_field,Citi Field
citi_field,36081013400,46.0,citi_field,Citi Field
citi_field,36081013500,49.0,citi_field,Citi Field
citi_field,36081013600,46.0,citi_field,Citi Field
citi_field,36081013700,46.0,citi_field,Citi Field
citi_field,36081013800,46.0,citi_field,Citi Field
citi_field,36081014000,47.0,citi_field,Citi Field
citi_field,36081014202,49.0,citi_field,Citi Field
citi_field,36081014500,44.0,citi_field,Citi Field
citi_field,36081015000,60.0,citi_field,Citi Field
citi_field,36081015200,53.0,citi_field,Citi Field
citi_field,36081015400,58.0,citi_field,Citi Field
citi_field,36081015500,37.0,citi_field,Citi Field
citi_field,36081015600,57.0,citi_field,Citi Field
citi_field,36081015700,33.0,citi_field,Citi Field
citi_field,36081014700,42.0,citi_field,Citi Field
citi_field,36081014800,57.0,citi_field,Citi Field
citi_field,36081014900,38.0,citi_field,Citi Field
citi_field,36081018502,30.0,citi_field,Citi Field
citi_field,36081016300,34.0,citi_field,Citi Field
citi_field,36081016600,66.0,citi_field,Citi Field
citi_field,36081016800,70.0,citi_field,Citi Field
citi_field,36081016900,32.0,citi_field,Citi Field
citi_field,36081017000,66.0,citi_field,Citi Field
citi_field,36081066402,81.0,citi_field,Citi Field
citi_field,36081017200,65.0,citi_field,Citi Field
citi_field,36081017400,64.0,citi_field,Citi Field
citi_field,36081017600,64.0,citi_field,Citi Field
citi_field,36081018000,65.0,citi_field,Citi Field
citi_field,36081025301,27.0,citi_field,Citi Field
citi_field,36081018200,68.0,citi_field,Citi Field
citi_field,36081025302,22.0,citi_field,Citi Field
citi_field,36081066404,93.0,citi_field,Citi Field
citi_field,36081033403,69.0,citi_field,Citi Field
citi_field,36081033404,69.0,citi_field,Citi Field
citi_field,36081000102,44.0,citi_field,Citi Field
citi_field,36081053501,56.0,citi_field,Citi Field
citi_field,36081026502,25.0,citi_field,Citi Field
citi_field,36081048301,26.0,citi_field,Citi Field
citi_field,36081039902,17.0,citi_field,Citi Field
citi_field,36047070601,,citi_field,Citi Field
citi_field,36047088002,85.0,citi_field,Citi Field
citi_field,36047070602,,citi_field,Citi Field
citi_field,36047006901,60.0,citi_field,Citi Field
citi_field,36047006902,63.0,citi_field,Citi Field
citi_field,36047033701,76.0,citi_field,Citi Field
citi_field,36047033702,77.0,citi_field,Citi Field
citi_field,36047088001,84.0,citi_field,Citi Field
citi_field,36081018401,60.0,citi_field,Citi Field
citi_field,36081018700,38.0,citi_field,Citi Field
citi_field,36081018402,60.0,citi_field,Citi Field
citi_field,36081018600,63.0,citi_field,Citi Field
citi_field,36081018800,63.0,citi_field,Citi Field
citi_field,36081026902,22.0,citi_field,Citi Field
citi_field,36081019200,61.0,citi_field,Citi Field
citi_field,36081030903,35.0,citi_field,Citi Field
citi_field,36081019600,56.0,citi_field,Citi Field
citi_field,36081018900,35.0,citi_field,Citi Field
citi_field,36081019000,55.0,citi_field,Citi Field
citi_field,36081020400,47.0,citi_field,Citi Field
citi_field,36081020600,50.0,citi_field,Citi Field
citi_field,36081020800,40.0,citi_field,Citi Field
citi_field,36081021200,43.0,citi_field,Citi Field
citi_field,36081021400,43.0,citi_field,Citi Field
citi_field,36081021900,58.0,citi_field,Citi Field
citi_field,36081022001,46.0,citi_field,Citi Field
citi_field,36081022900,49.0,citi_field,Citi Field
citi_field,36081023000,53.0,citi_field,Citi Field
citi_field,36081043701,35.0,citi_field,Citi Field
citi_field,36081061302,57.0,citi_field,Citi Field
citi_field,36081071306,36.0,citi_field,Citi Field
citi_field,36081077906,41.0,citi_field,Citi Field
citi_field,36081057900,67.0,citi_field,Citi Field
citi_field,36081058000,77.0,citi_field,Citi Field
citi_field,36081058100,65.0,citi_field,Citi Field
citi_field,36081058900,57.0,citi_field,Citi Field
citi_field,36081090700,30.0,citi_field,Citi Field
citi_field,36081092900,52.0,citi_field,Citi Field
citi_field,36059300902,,citi_field,Citi Field
citi_field,36059300901,110.0,citi_field,Citi Field
citi_field,36059303204,80.0,citi_field,Citi Field
citi_field,36059303203,98.0,citi_field,Citi Field
citi_field,36081049301,39.0,citi_field,Citi Field
citi_field,36081049302,42.0,citi_field,Citi Field
citi_field,36081049500,51.0,citi_field,Citi Field
citi_field,36081049600,71.0,citi_field,Citi Field
citi_field,36081049700,43.0,citi_field,Citi Field
citi_field,36081049900,40.0,citi_field,Citi Field
citi_field,36081060100,52.0,citi_field,Citi Field
citi_field,36081059100,62.0,citi_field,Citi Field
citi_field,36081059200,78.0,citi_field,Citi Field
citi_field,36081059300,56.0,citi_field,Citi Field
citi_field,36081059400,80.0,citi_field,Citi Field
citi_field,36081059800,73.0,citi_field,Citi Field
citi_field,36081059900,49.0,citi_field,Citi Field
citi_field,36081060000,83.0,citi_field,Citi Field
citi_field,36081060600,79.0,citi_field,Citi Field
citi_field,36081060701,57.0,citi_field,Citi Field
citi_field,36081060800,75.0,citi_field,Citi Field
citi_field,36081061400,77.0,citi_field,Citi Field
citi_field,36081061602,81.0,citi_field,Citi Field
citi_field,36081051500,44.0,citi_field,Citi Field
citi_field,36081051600,72.0,citi_field,Citi Field
citi_field,36081051700,45.0,citi_field,Citi Field
citi_field,36081050000,72.0,citi_field,Citi Field
citi_field,36081051800,70.0,citi_field,Citi Field
citi_field,36081052100,52.0,citi_field,Citi Field
citi_field,36081052200,69.0,citi_field,Citi Field
citi_field,36081050201,65.0,citi_field,Citi Field
citi_field,36081050500,41.0,citi_field,Citi Field
citi_field,36081050700,45.0,citi_field,Citi Field
citi_field,36081050800,68.0,citi_field,Citi Field
citi_field,36081051000,73.0,citi_field,Citi Field
citi_field,36081051100,43.0,citi_field,Citi Field
citi_field,36081051300,39.0,citi_field,Citi Field
citi_field,36081080301,35.0,citi_field,Citi Field
citi_field,36081080302,32.0,citi_field,Citi Field
citi_field,36081080900,36.0,citi_field,Citi Field
citi_field,36081081400,73.0,citi_field,Citi Field
citi_field,36081081800,71.0,citi_field,Citi Field
citi_field,36081052400,67.0,citi_field,Citi Field
citi_field,36081052800,73.0,citi_field,Citi Field
citi_field,36081053000,74.0,citi_field,Citi Field
citi_field,36081061800,78.0,citi_field,Citi Field
citi_field,36081061900,56.0,citi_field,Citi Field
citi_field,36081062000,84.0,citi_field,Citi Field
citi_field,36081062100,53.0,citi_field,Citi Field
citi_field,36081062400,82.0,citi_field,Citi Field
citi_field,36081062600,76.0,citi_field,Citi Field
citi_field,36081062700,65.0,citi_field,Citi Field
citi_field,36061030900,85.0,citi_field,Citi Field
citi_field,36061004400,68.0,citi_field,Citi Field
citi_field,36061012101,45.0,citi_field,Citi Field
citi_field,36061010803,39.0,citi_field,Citi Field
citi_field,36061010802,42.0,citi_field,Citi Field
citi_field,36061015403,53.0,citi_field,Citi Field
citi_field,36061015402,52.0,citi_field,Citi Field
citi_field,36061004001,56.0,citi_field,Citi Field
citi_field,36061013604,55.0,citi_field,Citi Field
citi_field,36061013203,54.0,citi_field,Citi Field
citi_field,36061013602,59.0,citi_field,Citi Field
citi_field,36081062900,61.0,citi_field,Citi Field
citi_field,36081083700,36.0,citi_field,Citi Field
citi_field,36081083800,65.0,citi_field,Citi Field
citi_field,36081084000,67.0,citi_field,Citi Field
citi_field,36081084500,28.0,citi_field,Citi Field
citi_field,36081084601,69.0,citi_field,Citi Field
citi_field,36081053401,70.0,citi_field,Citi Field
citi_field,36081000701,33.0,citi_field,Citi Field
citi_field,36081053601,75.0,citi_field,Citi Field
citi_field,36081054000,74.0,citi_field,Citi Field
citi_field,36081040701,16.0,citi_field,Citi Field
citi_field,36081001901,33.0,citi_field,Citi Field
citi_field,36081017902,25.0,citi_field,Citi Field
citi_field,36081023502,27.0,citi_field,Citi Field
citi_field,36081049201,63.0,citi_field,Citi Field
citi_field,36081097207,,citi_field,Citi Field
citi_field,36081047802,59.0,citi_field,Citi Field
citi_field,36081049202,63.0,citi_field,Citi Field
citi_field,36081063700,51.0,citi_field,Citi Field
citi_field,36081063800,74.0,citi_field,Citi Field
citi_field,36081063900,50.0,citi_field,Citi Field
citi_field,36081064101,55.0,citi_field,Citi Field
citi_field,36081064102,51.0,citi_field,Citi Field
citi_field,36081063301,59.0,citi_field,Citi Field
citi_field,36081063302,57.0,citi_field,Citi Field
citi_field,36081063500,55.0,citi_field,Citi Field
citi_field,36081064500,46.0,citi_field,Citi Field
citi_field,36081064600,80.0,citi_field,Citi Field
citi_field,36081065000,74.0,citi_field,Citi Field
citi_field,36081084602,80.0,citi_field,Citi Field
citi_field,36081086100,27.0,citi_field,Citi Field
citi_field,36081086300,28.0,citi_field,Citi Field
citi_field,36081086400,66.0,citi_field,Citi Field
citi_field,36081086500,24.0,citi_field,Citi Field
citi_field,36081087100,19.0,citi_field,Citi Field
citi_field,36081088400,81.0,citi_field,Citi Field
citi_field,36081054500,68.0,citi_field,Citi Field
citi_field,36081054200,72.0,citi_field,Citi Field
citi_field,36081054700,67.0,citi_field,Citi Field
citi_field,36081054800,67.0,citi_field,Citi Field
citi_field,36081065600,80.0,citi_field,Citi Field
citi_field,36081065702,51.0,citi_field,Citi Field
citi_field,36081065900,50.0,citi_field,Citi Field
citi_field,36081066000,81.0,citi_field,Citi Field
citi_field,36081047600,63.0,citi_field,Citi Field
citi_field,36081047900,40.0,citi_field,Citi Field
citi_field,36081048500,35.0,citi_field,Citi Field
citi_field,36081048900,47.0,citi_field,Citi Field
citi_field,36081055900,67.0,citi_field,Citi Field
citi_field,36081056100,81.0,citi_field,Citi Field
citi_field,36081056500,65.0,citi_field,Citi Field
citi_field,36081056700,62.0,citi_field,Citi Field
citi_field,36081055200,62.0,citi_field,Citi Field
citi_field,36081055300,67.0,citi_field,Citi Field
citi_field,36081055400,59.0,citi_field,Citi Field
citi_field,36081055500,63.0,citi_field,Citi Field
citi_field,36081055700,58.0,citi_field,Citi Field
citi_field,36081055800,63.0,citi_field,Citi Field
citi_field,36081056800,64.0,citi_field,Citi Field
citi_field,36081057700,63.0,citi_field,Citi Field
citi_field,36081066501,55.0,citi_field,Citi Field
citi_field,36081067700,44.0,citi_field,Citi Field
citi_field,36081068000,74.0,citi_field,Citi Field
citi_field,36081068200,65.0,citi_field,Citi Field
citi_field,36081068700,35.0,citi_field,Citi Field
citi_field,36081069000,75.0,citi_field,Citi Field
citi_field,36081116302,26.0,citi_field,Citi Field
citi_field,36081003302,41.0,citi_field,Citi Field
citi_field,36081000103,42.0,citi_field,Citi Field
citi_field,36081116301,30.0,citi_field,Citi Field
citi_field,36081047801,68.0,citi_field,Citi Field
citi_field,36081021603,39.0,citi_field,Citi Field
citi_field,36081000702,36.0,citi_field,Citi Field
citi_field,36081019902,47.0,citi_field,Citi Field
citi_field,36081001902,32.0,citi_field,Citi Field
citi_field,36081120702,39.0,citi_field,Citi Field
citi_field,36081019901,38.0,citi_field,Citi Field
citi_field,36081053502,62.0,citi_field,Citi Field
citi_field,36081017901,27.0,citi_field,Citi Field
citi_field,36081023501,34.0,citi_field,Citi Field
citi_field,36081030906,36.0,citi_field,Citi Field
citi_field,36081030905,39.0,citi_field,Citi Field
citi_field,36081027702,25.0,citi_field,Citi Field
citi_field,36081101004,106.0,citi_field,Citi Field
citi_field,36081101003,91.0,citi_field,Citi Field
citi_field,36081097206,118.0,citi_field,Citi Field
citi_field,36081100803,95.0,citi_field,Citi Field
citi_field,36081100804,110.0,citi_field,Citi Field
citi_field,36081155103,80.0,citi_field,Citi Field
citi_field,36081066401,88.0,citi_field,Citi Field
citi_field,36081033405,67.0,citi_field,Citi Field
citi_field,36081155104,80.0,citi_field,Citi Field
citi_field,36081025402,55.0,citi_field,Citi Field
citi_field,36081025401,55.0,citi_field,Citi Field
citi_field,36081028803,70.0,citi_field,Citi Field
citi_field,36081028802,65.0,citi_field,Citi Field
citi_field,36081069300,33.0,citi_field,Citi Field
citi_field,36081069400,81.0,citi_field,Citi Field
citi_field,36081069500,42.0,citi_field,Citi Field
citi_field,36081069701,38.0,citi_field,Citi Field
citi_field,36081138501,53.0,citi_field,Citi Field
citi_field,36081138502,62.0,citi_field,Citi Field
citi_field,36081143500,44.0,citi_field,Citi Field
citi_field,36081144100,44.0,citi_field,Citi Field
citi_field,36081144700,44.0,citi_field,Citi Field
citi_field,36081145101,42.0,citi_field,Citi Field
citi_field,36081145102,40.0,citi_field,Citi Field
citi_field,36081139900,48.0,citi_field,Citi Field
citi_field,36081140901,50.0,citi_field,Citi Field
citi_field,36081140902,50.0,citi_field,Citi Field
citi_field,36081142900,42.0,citi_field,Citi Field
citi_field,36081146300,42.0,citi_field,Citi Field
citi_field,36081146700,36.0,citi_field,Citi Field
citi_field,36081147100,43.0,citi_field,Citi Field
citi_field,36081147900,46.0,citi_field,Citi Field
citi_field,36081148300,48.0,citi_field,Citi Field
citi_field,36081150701,51.0,citi_field,Citi Field
citi_field,36081071600,83.0,citi_field,Citi Field
citi_field,36081069702,47.0,citi_field,Citi Field
citi_field,36081070700,42.0,citi_field,Citi Field
citi_field,36081071100,36.0,citi_field,Citi Field
citi_field,36081072900,44.0,citi_field,Citi Field
citi_field,36081073900,32.0,citi_field,Citi Field
citi_field,36081074300,39.0,citi_field,Citi Field
citi_field,36081074500,38.0,citi_field,Citi Field
citi_field,36081076902,36.0,citi_field,Citi Field
citi_field,36081073100,48.0,citi_field,Citi Field
citi_field,36081073700,35.0,citi_field,Citi Field
citi_field,36081077300,40.0,citi_field,Citi Field
citi_field,36081077500,41.0,citi_field,Citi Field
citi_field,36081077902,44.0,citi_field,Citi Field
citi_field,36081077903,46.0,citi_field,Citi Field
citi_field,36081077905,46.0,citi_field,Citi Field
citi_field,36081078800,66.0,citi_field,Citi Field
citi_field,36081079200,73.0,citi_field,Citi Field
citi_field,36081079300,52.0,citi_field,Citi Field
citi_field,36081079900,28.0,citi_field,Citi Field
citi_field,36081150702,60.0,citi_field,Citi Field
citi_field,36081152901,79.0,citi_field,Citi Field
citi_field,36081152902,76.0,citi_field,Citi Field
citi_field,36081155101,103.0,citi_field,Citi Field
citi_field,36081156700,75.0,citi_field,Citi Field
citi_field,36081157101,79.0,citi_field,Citi Field
citi_field,36081157901,88.0,citi_field,Citi Field
citi_field,36081157902,84.0,citi_field,Citi Field
citi_field,36081157903,75.0,citi_field,Citi Field
citi_field,36081161700,75.0,citi_field,Citi Field
citi_field,36081162100,69.0,citi_field,Citi Field
citi_field,36081037900,25.0,citi_field,Citi Field
citi_field,36081048200,63.0,citi_field,Citi Field
citi_field,36081048400,65.0,citi_field,Citi Field
citi_field,36081037501,18.0,citi_field,Citi Field
citi_field,36081040901,18.0,citi_field,Citi Field
citi_field,36081120701,36.0,citi_field,Citi Field
citi_field,36081066301,44.0,citi_field,Citi Field
citi_field,36081088902,28.0,citi_field,Citi Field
citi_field,36081088903,32.0,citi_field,Citi Field
citi_field,36081040502,15.0,citi_field,Citi Field
citi_field,36081040501,15.0,citi_field,Citi Field
citi_field,36081040301,18.0,citi_field,Citi Field
citi_field,36081039901,16.0,citi_field,Citi Field
citi_field,36081040101,16.0,citi_field,Citi Field
citi_field,36081134701,47.0,citi_field,Citi Field
citi_field,36081134702,56.0,citi_field,Citi Field
citi_field,36081028801,62.0,citi_field,Citi Field
citi_field,36081084902,21.0,citi_field,Citi Field
citi_field,36081066302,51.0,citi_field,Citi Field
citi_field,36081122703,46.0,citi_field,Citi Field
citi_field,36081122704,45.0,citi_field,Citi Field
citi_field,36081021602,40.0,citi_field,Citi Field
citi_field,36081027102,18.0,citi_field,Citi Field
citi_field,36081046902,17.0,citi_field,Citi Field
citi_field,36081046901,25.0,citi_field,Citi Field
citi_field,36081119300,33.0,citi_field,Citi Field
citi_field,36081119900,35.0,citi_field,Citi Field
citi_field,36081120500,31.0,citi_field,Citi Field
citi_field,36081121500,43.0,citi_field,Citi Field
citi_field,36081122300,46.0,citi_field,Citi Field
citi_field,36081119500,38.0,citi_field,Citi Field
citi_field,36081122702,43.0,citi_field,Citi Field
citi_field,36081124100,50.0,citi_field,Citi Field
citi_field,36081125700,51.0,citi_field,Citi Field
citi_field,36081126500,47.0,citi_field,Citi Field
citi_field,36081126700,55.0,citi_field,Citi Field
citi_field,36081128300,59.0,citi_field,Citi Field
citi_field,36081130100,65.0,citi_field,Citi Field
citi_field,36081056600,64.0,citi_field,Citi Field
citi_field,36081115100,38.0,citi_field,Citi Field
citi_field,36081120300,36.0,citi_field,Citi Field
citi_field,36081066100,50.0,citi_field,Citi Field
citi_field,36081079000,67.0,citi_field,Citi Field
citi_field,36081103300,46.0,citi_field,Citi Field
citi_field,36081133300,53.0,citi_field,Citi Field
citi_field,36081134100,49.0,citi_field,Citi Field
citi_field,36081136700,56.0,citi_field,Citi Field
citi_field,36081101002,103.0,citi_field,Citi Field
citi_field,36081101700,54.0,citi_field,Citi Field
citi_field,36081115500,35.0,citi_field,Citi Field
citi_field,36081093900,46.0,citi_field,Citi Field
citi_field,36081001903,36.0,citi_field,Citi Field
citi_field,36081053901,64.0,citi_field,Citi Field
citi_field,36081117100,30.0,citi_field,Citi Field
citi_field,36081116100,27.0,citi_field,Citi Field
citi_field,36081116700,25.0,citi_field,Citi Field
citi_field,36081117500,31.0,citi_field,Citi Field
citi_field,36081118100,32.0,citi_field,Citi Field
citi_field,36081119100,34.0,citi_field,Citi Field
citi_field,36081017102,42.0,citi_field,Citi Field
citi_field,36081017101,35.0,citi_field,Citi Field
citi_field,36081027701,19.0,citi_field,Citi Field
citi_field,36081003301,30.0,citi_field,Citi Field
citi_field,36081000101,43.0,citi_field,Citi Field
citi_field,36081021601,37.0,citi_field,Citi Field
citi_field,36085015100,107.0,citi_field,Citi Field
citi_field,36085016901,98.0,citi_field,Citi Field
citi_field,36059980100,96.0,citi_field,Citi Field
citi_field,36059990200,,citi_field,Citi Field
citi_field,36085014700,101.0,citi_field,Citi Field
citi_field,36085020100,113.0,citi_field,Citi Field
citi_field,36085031902,110.0,citi_field,Citi Field
citi_field,36085000300,112.0,citi_field,Citi Field
citi_field,36085000600,101.0,citi_field,Citi Field
citi_field,36085000800,87.0,citi_field,Citi Field
citi_field,36085001100,106.0,citi_field,Citi Field
citi_field,36085001700,101.0,citi_field,Citi Field
citi_field,36085002002,85.0,citi_field,Citi Field
citi_field,36085002100,115.0,citi_field,Citi Field
citi_field,36085002900,98.0,citi_field,Citi Field
citi_field,36085003300,108.0,citi_field,Citi Field
citi_field,36085017300,97.0,citi_field,Citi Field
citi_field,36061023400,70.0,citi_field,Citi Field
citi_field,36061023501,66.0,citi_field,Citi Field
citi_field,36061023502,65.0,citi_field,Citi Field
citi_field,36061023600,73.0,citi_field,Citi Field
citi_field,36061023700,80.0,citi_field,Citi Field
citi_field,36061023900,68.0,citi_field,Citi Field
citi_field,36061024000,68.0,citi_field,Citi Field
citi_field,36061024301,68.0,citi_field,Citi Field
citi_field,36061024302,66.0,citi_field,Citi Field
citi_field,36061024500,70.0,citi_field,Citi Field
citi_field,36061024900,70.0,citi_field,Citi Field
citi_field,36061025500,93.0,citi_field,Citi Field
citi_field,36061026300,73.0,citi_field,Citi Field
citi_field,36061026500,75.0,citi_field,Citi Field
citi_field,36061026700,80.0,citi_field,Citi Field
citi_field,36061026900,76.0,citi_field,Citi Field
citi_field,36061027500,99.0,citi_field,Citi Field
citi_field,36061027700,77.0,citi_field,Citi Field
citi_field,36061027900,77.0,citi_field,Citi Field
citi_field,36061028500,79.0,citi_field,Citi Field
citi_field,36061028700,96.0,citi_field,Citi Field
citi_field,36061008601,61.0,citi_field,Citi Field
citi_field,36061029100,82.0,citi_field,Citi Field
citi_field,36061029300,79.0,citi_field,Citi Field
citi_field,36061029500,82.0,citi_field,Citi Field
citi_field,36061029700,96.0,citi_field,Citi Field
citi_field,36061030300,83.0,citi_field,Citi Field
citi_field,36061016300,63.0,citi_field,Citi Field
citi_field,36061029900,80.0,citi_field,Citi Field
citi_field,36085003900,113.0,citi_field,Citi Field
citi_field,36085004700,107.0,citi_field,Citi Field
citi_field,36085005000,91.0,citi_field,Citi Field
citi_field,36085006400,89.0,citi_field,Citi Field
citi_field,36085007500,106.0,citi_field,Citi Field
citi_field,36085008100,113.0,citi_field,Citi Field
citi_field,36085009601,92.0,citi_field,Citi Field
citi_field,36061010602,48.0,citi_field,Citi Field
citi_field,36061010900,46.0,citi_field,Citi Field
citi_field,36061011000,40.0,citi_field,Citi Field
citi_field,36061011202,41.0,citi_field,Citi Field
citi_field,36061011203,38.0,citi_field,Citi Field
citi_field,36061031100,80.0,citi_field,Citi Field
citi_field,36061003700,65.0,citi_field,Citi Field
citi_field,36061005200,50.0,citi_field,Citi Field
citi_field,36061010100,45.0,citi_field,Citi Field
citi_field,36061014700,54.0,citi_field,Citi Field
citi_field,36061015001,50.0,citi_field,Citi Field
citi_field,36085018901,98.0,citi_field,Citi Field
citi_field,36085019700,106.0,citi_field,Citi Field
citi_field,36085022300,116.0,citi_field,Citi Field
citi_field,36085023100,109.0,citi_field,Citi Field
citi_field,36085023900,99.0,citi_field,Citi Field
citi_field,36061015002,51.0,citi_field,Citi Field
citi_field,36061015200,65.0,citi_field,Citi Field
citi_field,36061019100,69.0,citi_field,Citi Field
citi_field,36061022301,74.0,citi_field,Citi Field
citi_field,36061031900,63.0,citi_field,Citi Field
citi_field,36085012100,106.0,citi_field,Citi Field
citi_field,36085012500,103.0,citi_field,Citi Field
citi_field,36085013302,107.0,citi_field,Citi Field
citi_field,36085007700,112.0,citi_field,Citi Field
citi_field,36085002700,94.0,citi_field,Citi Field
citi_field,36085003600,92.0,citi_field,Citi Field
citi_field,36085018701,90.0,citi_field,Citi Field
citi_field,36085000900,107.0,citi_field,Citi Field
citi_field,36085030302,111.0,citi_field,Citi Field
citi_field,36085024700,102.0,citi_field,Citi Field
citi_field,36061019900,71.0,citi_field,Citi Field
citi_field,36085006700,119.0,citi_field,Citi Field
citi_field,36061009700,51.0,citi_field,Citi Field
citi_field,36061001502,63.0,citi_field,Citi Field
citi_field,36061013900,47.0,citi_field,Citi Field
citi_field,36061008300,50.0,citi_field,Citi Field
citi_field,36061024700,83.0,citi_field,Citi Field
citi_field,36061003602,53.0,citi_field,Citi Field
citi_field,36061005502,51.0,citi_field,Citi Field
citi_field,36061019800,57.0,citi_field,Citi Field
citi_field,36061018700,67.0,citi_field,Citi Field
citi_field,36061016500,53.0,citi_field,Citi Field
citi_field,36061012500,41.0,citi_field,Citi Field
citi_field,36061023300,80.0,citi_field,Citi Field
citi_field,36061020800,65.0,citi_field,Citi Field
citi_field,36085027302,117.0,citi_field,Citi Field
citi_field,36085029104,91.0,citi_field,Citi Field
citi_field,36085018902,99.0,citi_field,Citi Field
citi_field,36085021300,102.0,citi_field,Citi Field
citi_field,36085010500,108.0,citi_field,Citi Field
citi_field,36085000700,,citi_field,Citi Field
citi_field,36085002001,87.0,citi_field,Citi Field
citi_field,36061011600,52.0,citi_field,Citi Field
citi_field,36061016002,54.0,citi_field,Citi Field
citi_field,36061030700,84.0,citi_field,Citi Field
citi_field,36061004800,55.0,citi_field,Citi Field
citi_field,36061023200,67.0,citi_field,Citi Field
citi_field,36061009100,46.0,citi_field,Citi Field
citi_field,36061006600,53.0,citi_field,Citi Field
citi_field,36061001001,78.0,citi_field,Citi Field
citi_field,36061007700,51.0,citi_field,Citi Field
citi_field,36061011201,40.0,citi_field,Citi Field
citi_field,36061017401,58.0,citi_field,Citi Field
citi_field,36061015602,48.0,citi_field,Citi Field
citi_field,36061018000,59.0,citi_field,Citi Field
citi_field,36061008000,41.0,citi_field,Citi Field
citi_field,36061020101,65.0,citi_field,Citi Field
citi_field,36061022200,62.0,citi_field,Citi Field
citi_field,36061013800,50.0,citi_field,Citi Field
citi_field,36061007400,46.0,citi_field,Citi Field
citi_field,36061003200,60.0,citi_field,Citi Field
citi_field,36061026100,74.0,citi_field,Citi Field
citi_field,36061022500,74.0,citi_field,Citi Field
citi_field,36061004100,57.0,citi_field,Citi Field
citi_field,36061002100,54.0,citi_field,Citi Field
citi_field,36061001402,56.0,citi_field,Citi Field
citi_field,36061028100,78.0,citi_field,Citi Field
citi_field,36061024100,79.0,citi_field,Citi Field
citi_field,36061017200,53.0,citi_field,Citi Field
citi_field,36061011300,41.0,citi_field,Citi Field
citi_field,36061019000,60.0,citi_field,Citi Field
citi_field,36061009500,47.0,citi_field,Citi Field
citi_field,36061027300,75.0,citi_field,Citi Field
citi_field,36061010601,47.0,citi_field,Citi Field
citi_field,36061005900,53.0,citi_field,Citi Field
citi_field,36061014602,46.0,citi_field,Citi Field
citi_field,36061006300,52.0,citi_field,Citi Field
citi_field,36061025100,65.0,citi_field,Citi Field
citi_field,36061017900,64.0,citi_field,Citi Field
citi_field,36061011800,43.0,citi_field,Citi Field
citi_field,36061003400,55.0,citi_field,Citi Field
citi_field,36061020500,85.0,citi_field,Citi Field
citi_field,36061018900,56.0,citi_field,Citi Field
citi_field,36061003002,56.0,citi_field,Citi Field
citi_field,36061013100,37.0,citi_field,Citi Field
citi_field,36061008200,45.0,citi_field,Citi Field
citi_field,36061020701,66.0,citi_field,Citi Field
citi_field,36061008900,53.0,citi_field,Citi Field
citi_field,36061002500,63.0,citi_field,Citi Field
citi_field,36061011100,48.0,citi_field,Citi Field
citi_field,36061005000,51.0,citi_field,Citi Field
citi_field,36061000800,65.0,citi_field,Citi Field
citi_field,36061015802,50.0,citi_field,Citi Field
citi_field,36061014200,48.0,citi_field,Citi Field
citi_field,36061007200,45.0,citi_field,Citi Field
citi_field,36061021500,60.0,citi_field,Citi Field
citi_field,36061025900,62.0,citi_field,Citi Field
citi_field,36061031703,67.0,citi_field,Citi Field
citi_field,36085013301,105.0,citi_field,Citi Field
citi_field,36061012200,44.0,citi_field,Citi Field
citi_field,36061014402,55.0,citi_field,Citi Field
citi_field,36061015601,47.0,citi_field,Citi Field
citi_field,36061021600,59.0,citi_field,Citi Field
citi_field,36061022000,62.0,citi_field,Citi Field
citi_field,36061025300,68.0,citi_field,Citi Field
citi_field,36061027100,77.0,citi_field,Citi Field
citi_field,36061028300,81.0,citi_field,Citi Field
citi_field,36061000100,,citi_field,Citi Field
citi_field,36061000201,68.0,citi_field,Citi Field
citi_field,36061000202,75.0,citi_field,Citi Field
citi_field,36061000500,,citi_field,Citi Field
citi_field,36061000600,61.0,citi_field,Citi Field
citi_field,36061000700,67.0,citi_field,Citi Field
citi_field,36061000900,69.0,citi_field,Citi Field
citi_field,36061001002,78.0,citi_field,Citi Field
citi_field,36061001200,62.0,citi_field,Citi Field
citi_field,36061001300,56.0,citi_field,Citi Field
citi_field,36061001401,59.0,citi_field,Citi Field
citi_field,36005006500,61.0,citi_field,Citi Field
citi_field,36005020200,67.0,citi_field,Citi Field
citi_field,36005015700,75.0,citi_field,Citi Field
citi_field,36005005200,75.0,citi_field,Citi Field
citi_field,36047012600,91.0,citi_field,Citi Field
citi_field,36047027100,76.0,citi_field,Citi Field
citi_field,36047046000,88.0,citi_field,Citi Field
citi_field,36047105804,101.0,citi_field,Citi Field
citi_field,36005043503,114.0,citi_field,Citi Field
citi_field,36005043501,88.0,citi_field,Citi Field
citi_field,36005033602,79.0,citi_field,Citi Field
citi_field,36005033601,79.0,citi_field,Citi Field
citi_field,36085022802,,citi_field,Citi Field
citi_field,36005033802,77.0,citi_field,Citi Field
citi_field,36005033801,78.0,citi_field,Citi Field
citi_field,36005043502,85.0,citi_field,Citi Field
citi_field,36047051601,90.0,citi_field,Citi Field
citi_field,36081059502,59.0,citi_field,Citi Field
citi_field,36081059501,56.0,citi_field,Citi Field
citi_field,36081084901,27.0,citi_field,Citi Field
citi_field,36081048302,28.0,citi_field,Citi Field
citi_field,36081066403,92.0,citi_field,Citi Field
citi_field,36081019903,51.0,citi_field,Citi Field
citi_field,36081089201,79.0,citi_field,Citi Field
citi_field,36081053902,67.0,citi_field,Citi Field
citi_field,36047069601,102.0,citi_field,Citi Field
citi_field,36047069602,118.0,citi_field,Citi Field
citi_field,36047079801,78.0,citi_field,Citi Field
citi_field,36047079802,79.0,citi_field,Citi Field
citi_field,36047105801,97.0,citi_field,Citi Field
citi_field,36047990100,,citi_field,Citi Field
citi_field,36119007200,,citi_field,Citi Field
citi_field,36119007600,,citi_field,Citi Field
citi_field,36119005500,,citi_field,Citi Field
citi_field,36119005702,,citi_field,Citi Field
citi_field,36119005902,,citi_field,Citi Field
citi_field,36119006100,,citi_field,Citi Field
citi_field,36047079202,91.0,citi_field,Citi Field
citi_field,36047079001,92.0,citi_field,Citi Field
citi_field,36047079002,94.0,citi_field,Citi Field
citi_field,36047003101,67.0,citi_field,Citi Field
citi_field,36047078801,94.0,citi_field,Citi Field
citi_field,36047078601,91.0,citi_field,Citi Field
citi_field,36047078602,94.0,citi_field,Citi Field
citi_field,36047014102,77.0,citi_field,Citi Field
citi_field,36047014101,75.0,citi_field,Citi Field
citi_field,36047014901,74.0,citi_field,Citi Field
citi_field,36047014902,78.0,citi_field,Citi Field
citi_field,36047102801,94.0,citi_field,Citi Field
citi_field,36047078802,93.0,citi_field,Citi Field
citi_field,36047005301,99.0,citi_field,Citi Field
citi_field,36047005302,,citi_field,Citi Field
citi_field,36047009402,87.0,citi_field,Citi Field
citi_field,36047009202,83.0,citi_field,Citi Field
citi_field,36047009201,87.0,citi_field,Citi Field
citi_field,36047009002,78.0,citi_field,Citi Field
citi_field,36047044902,75.0,citi_field,Citi Field
citi_field,36047079201,89.0,citi_field,Citi Field
citi_field,36047001501,67.0,citi_field,Citi Field
citi_field,36047044901,62.0,citi_field,Citi Field
citi_field,36047049301,62.0,citi_field,Citi Field
citi_field,36047049302,61.0,citi_field,Citi Field
citi_field,36047035301,77.0,citi_field,Citi Field
citi_field,36047035302,78.0,citi_field,Citi Field
citi_field,36047035101,78.0,citi_field,Citi Field
citi_field,36047035102,77.0,citi_field,Citi Field
citi_field,36047034901,79.0,citi_field,Citi Field
citi_field,36047034902,79.0,citi_field,Citi Field
citi_field,36047056302,53.0,citi_field,Citi Field
citi_field,36047056301,46.0,citi_field,Citi Field
citi_field,36047120802,79.0,citi_field,Citi Field
citi_field,36047103402,104.0,citi_field,Citi Field
citi_field,36047103401,95.0,citi_field,Citi Field
citi_field,36047003102,70.0,citi_field,Citi Field
citi_field,36047050001,78.0,citi_field,Citi Field
citi_field,36047001802,95.0,citi_field,Citi Field
citi_field,36047001801,88.0,citi_field,Citi Field
citi_field,36047001804,110.0,citi_field,Citi Field
citi_field,36047058902,68.0,citi_field,Citi Field
citi_field,36047010601,92.0,citi_field,Citi Field
citi_field,36047053102,56.0,citi_field,Citi Field
citi_field,36047050402,82.0,citi_field,Citi Field
citi_field,36047009001,82.0,citi_field,Citi Field
citi_field,36047005303,84.0,citi_field,Citi Field
citi_field,36047102802,106.0,citi_field,Citi Field
citi_field,36047107003,101.0,citi_field,Citi Field
citi_field,36047011902,65.0,citi_field,Citi Field
citi_field,36047001502,62.0,citi_field,Citi Field
citi_field,36047011901,75.0,citi_field,Citi Field
citi_field,36047001803,113.0,citi_field,Citi Field
citi_field,36047035702,82.0,citi_field,Citi Field
citi_field,36047107001,98.0,citi_field,Citi Field
citi_field,36047050401,77.0,citi_field,Citi Field
citi_field,36047057902,61.0,citi_field,Citi Field
citi_field,36047010401,87.0,citi_field,Citi Field
citi_field,36047009401,91.0,citi_field,Citi Field
citi_field,36047120803,78.0,citi_field,Citi Field
citi_field,36047057901,42.0,citi_field,Citi Field
citi_field,36047050002,81.0,citi_field,Citi Field
citi_field,36047035701,82.0,citi_field,Citi Field
citi_field,36047010402,88.0,citi_field,Citi Field
citi_field,36047010801,93.0,citi_field,Citi Field
citi_field,36047010602,93.0,citi_field,Citi Field
citi_field,36047010802,92.0,citi_field,Citi Field
citi_field,36047058901,60.0,citi_field,Citi Field
citi_field,36047120801,78.0,citi_field,Citi Field
citi_field,36047107002,,citi_field,Citi Field
citi_field,36047053101,59.0,citi_field,Citi Field
citi_field,36005022703,69.0,citi_field,Citi Field
citi_field,36005022901,73.0,citi_field,Citi Field
citi_field,36005023000,73.0,citi_field,Citi Field
citi_field,36005023200,74.0,citi_field,Citi Field
citi_field,36005023302,74.0,citi_field,Citi Field
citi_field,36005023502,73.0,citi_field,Citi Field
citi_field,36005023600,71.0,citi_field,Citi Field
citi_field,36005023900,68.0,citi_field,Citi Field
citi_field,36005024000,69.0,citi_field,Citi Field
citi_field,36005024300,73.0,citi_field,Citi Field
citi_field,36005024600,81.0,citi_field,Citi Field
citi_field,36005024700,88.0,citi_field,Citi Field
citi_field,36005024800,76.0,citi_field,Citi Field
citi_field,36005024900,79.0,citi_field,Citi Field
citi_field,36005025000,80.0,citi_field,Citi Field
citi_field,36005025300,72.0,citi_field,Citi Field
citi_field,36005025400,78.0,citi_field,Citi Field
citi_field,36005025500,79.0,citi_field,Citi Field
citi_field,36005025600,79.0,citi_field,Citi Field
citi_field,36005025700,82.0,citi_field,Citi Field
citi_field,36005026100,82.0,citi_field,Citi Field
citi_field,36005026400,76.0,citi_field,Citi Field
citi_field,36005026500,74.0,citi_field,Citi Field
citi_field,36005026601,70.0,citi_field,Citi Field
citi_field,36005026602,72.0,citi_field,Citi Field
citi_field,36005026900,82.0,citi_field,Citi Field
citi_field,36005027300,84.0,citi_field,Citi Field
citi_field,36005027600,85.0,citi_field,Citi Field
citi_field,36005027700,85.0,citi_field,Citi Field
citi_field,36005027900,87.0,citi_field,Citi Field
citi_field,36005028300,85.0,citi_field,Citi Field
citi_field,36005028400,85.0,citi_field,Citi Field
citi_field,36005028500,86.0,citi_field,Citi Field
citi_field,36005028900,84.0,citi_field,Citi Field
citi_field,36005029500,95.0,citi_field,Citi Field
citi_field,36005029600,81.0,citi_field,Citi Field
citi_field,36005030000,74.0,citi_field,Citi Field
citi_field,36005030100,103.0,citi_field,Citi Field
citi_field,36005030701,101.0,citi_field,Citi Field
citi_field,36005031000,88.0,citi_field,Citi Field
citi_field,36005031800,83.0,citi_field,Citi Field
citi_field,36005032300,113.0,citi_field,Citi Field
citi_field,36005032400,86.0,citi_field,Citi Field
citi_field,36005033400,87.0,citi_field,Citi Field
citi_field,36005034000,84.0,citi_field,Citi Field
citi_field,36005034200,85.0,citi_field,Citi Field
citi_field,36005034400,89.0,citi_field,Citi Field
citi_field,36005037800,81.0,citi_field,Citi Field
citi_field,36005037900,78.0,citi_field,Citi Field
citi_field,36005038000,83.0,citi_field,Citi Field
citi_field,36005038100,77.0,citi_field,Citi Field
citi_field,36005038500,85.0,citi_field,Citi Field
citi_field,36005038600,90.0,citi_field,Citi Field
citi_field,36005038700,81.0,citi_field,Citi Field
citi_field,36005038900,81.0,citi_field,Citi Field
citi_field,36005039100,80.0,citi_field,Citi Field
citi_field,36005039200,82.0,citi_field,Citi Field
citi_field,36005039300,75.0,citi_field,Citi Field
citi_field,36005039400,84.0,citi_field,Citi Field
citi_field,36005039700,82.0,citi_field,Citi Field
citi_field,36005039902,76.0,citi_field,Citi Field
citi_field,36005040100,75.0,citi_field,Citi Field
citi_field,36005040600,84.0,citi_field,Citi Field
citi_field,36005040701,75.0,citi_field,Citi Field
citi_field,36005040702,84.0,citi_field,Citi Field
citi_field,36005035000,85.0,citi_field,Citi Field
citi_field,36081018300,28.0,citi_field,Citi Field
citi_field,36081070900,41.0,citi_field,Citi Field
citi_field,36081006900,50.0,citi_field,Citi Field
citi_field,36081015900,33.0,citi_field,Citi Field
citi_field,36081011600,60.0,citi_field,Citi Field
citi_field,36081055100,61.0,citi_field,Citi Field
citi_field,36081048100,26.0,citi_field,Citi Field
citi_field,36081046100,30.0,citi_field,Citi Field
citi_field,36081058500,60.0,citi_field,Citi Field
citi_field,36081023600,42.0,citi_field,Citi Field
citi_field,36081074700,43.0,citi_field,Citi Field
citi_field,36081012100,52.0,citi_field,Citi Field
citi_field,36081014400,51.0,citi_field,Citi Field
citi_field,36081032700,33.0,citi_field,Citi Field
citi_field,36081053800,68.0,citi_field,Citi Field
citi_field,36081050600,66.0,citi_field,Citi Field
citi_field,36081061000,70.0,citi_field,Citi Field
citi_field,36081129102,65.0,citi_field,Citi Field
citi_field,36081027500,22.0,citi_field,Citi Field
citi_field,36081026100,24.0,citi_field,Citi Field
citi_field,36081002000,55.0,citi_field,Citi Field
citi_field,36081120100,32.0,citi_field,Citi Field
citi_field,36081107201,85.0,citi_field,Citi Field
citi_field,36081058700,59.0,citi_field,Citi Field
citi_field,36081010100,57.0,citi_field,Citi Field
citi_field,36081056200,66.0,citi_field,Citi Field
citi_field,36081024600,51.0,citi_field,Citi Field
citi_field,36081016400,66.0,citi_field,Citi Field
citi_field,36081020200,58.0,citi_field,Citi Field
citi_field,36081050202,73.0,citi_field,Citi Field
citi_field,36081059600,78.0,citi_field,Citi Field
citi_field,36081063000,77.0,citi_field,Citi Field
citi_field,36081022002,47.0,citi_field,Citi Field
citi_field,36081085500,23.0,citi_field,Citi Field
citi_field,36081011100,54.0,citi_field,Citi Field
citi_field,36081067900,41.0,citi_field,Citi Field
citi_field,36081012000,57.0,citi_field,Citi Field
citi_field,36081005700,39.0,citi_field,Citi Field
citi_field,36081033700,36.0,citi_field,Citi Field
citi_field,36119002600,100.0,citi_field,Citi Field
citi_field,36081085700,25.0,citi_field,Citi Field
citi_field,36081062300,62.0,citi_field,Citi Field
citi_field,36081045900,34.0,citi_field,Citi Field
citi_field,36081111300,47.0,citi_field,Citi Field
citi_field,36081140300,52.0,citi_field,Citi Field
citi_field,36081005200,67.0,citi_field,Citi Field
citi_field,36081019800,54.0,citi_field,Citi Field
citi_field,36081071900,43.0,citi_field,Citi Field
citi_field,36081026400,60.0,citi_field,Citi Field
citi_field,36081014100,48.0,citi_field,Citi Field
citi_field,36081001400,55.0,citi_field,Citi Field
citi_field,36081052600,67.0,citi_field,Citi Field
citi_field,36081009700,54.0,citi_field,Citi Field
citi_field,36081115900,35.0,citi_field,Citi Field
citi_field,36119005800,,citi_field,Citi Field
citi_field,36081026700,21.0,citi_field,Citi Field
citi_field,36081010400,60.0,citi_field,Citi Field
citi_field,36081012601,52.0,citi_field,Citi Field
citi_field,36081036100,35.0,citi_field,Citi Field
citi_field,36081040000,67.0,citi_field,Citi Field
citi_field,36081045200,55.0,citi_field,Citi Field
citi_field,36081048000,60.0,citi_field,Citi Field
citi_field,36081051200,74.0,citi_field,Citi Field
citi_field,36081053200,71.0,citi_field,Citi Field
citi_field,36081059000,72.0,citi_field,Citi Field
citi_field,36081060300,54.0,citi_field,Citi Field
citi_field,36081063200,74.0,citi_field,Citi Field
citi_field,36081066701,54.0,citi_field,Citi Field
citi_field,36081070300,47.0,citi_field,Citi Field
citi_field,36081076901,33.0,citi_field,Citi Field
citi_field,36081085300,18.0,citi_field,Citi Field
citi_field,36081041300,21.0,citi_field,Citi Field
citi_field,36081065501,55.0,citi_field,Citi Field
citi_field,36081077904,47.0,citi_field,Citi Field
citi_field,36081114700,36.0,citi_field,Citi Field
citi_field,36081001600,59.0,citi_field,Citi Field
citi_field,36081014201,44.0,citi_field,Citi Field
citi_field,36081113300,38.0,citi_field,Citi Field
citi_field,36081115700,30.0,citi_field,Citi Field
citi_field,36081118500,30.0,citi_field,Citi Field
citi_field,36081118700,28.0,citi_field,Citi Field
citi_field,36081121100,41.0,citi_field,Citi Field
citi_field,36081137700,59.0,citi_field,Citi Field
citi_field,36081145900,37.0,citi_field,Citi Field
citi_field,36081157102,72.0,citi_field,Citi Field
citi_field,36081000400,64.0,citi_field,Citi Field
citi_field,36081000600,66.0,citi_field,Citi Field
citi_field,36081000800,63.0,citi_field,Citi Field
citi_field,36081001000,61.0,citi_field,Citi Field
citi_field,36081001200,60.0,citi_field,Citi Field
citi_field,36081001800,55.0,citi_field,Citi Field
citi_field,36081002200,55.0,citi_field,Citi Field
citi_field,36081002400,54.0,citi_field,Citi Field
citi_field,36081002500,34.0,citi_field,Citi Field
citi_field,36081002600,51.0,citi_field,Citi Field
citi_field,36081002800,59.0,citi_field,Citi Field
citi_field,36081003000,57.0,citi_field,Citi Field
citi_field,36081003100,36.0,citi_field,Citi Field
citi_field,36081003200,58.0,citi_field,Citi Field
citi_field,36081056400,64.0,citi_field,Citi Field
citi_field,36081052000,69.0,citi_field,Citi Field
citi_field,36081027600,60.0,citi_field,Citi Field
citi_field,36081046000,49.0,citi_field,Citi Field
citi_field,36081010800,54.0,citi_field,Citi Field
citi_field,36081092500,34.0,citi_field,Citi Field
citi_field,36081066900,51.0,citi_field,Citi Field
citi_field,36081023200,51.0,citi_field,Citi Field
citi_field,36081085900,29.0,citi_field,Citi Field
citi_field,36081005100,40.0,citi_field,Citi Field
citi_field,36081124700,56.0,citi_field,Citi Field
citi_field,36081015300,31.0,citi_field,Citi Field
citi_field,36081015100,36.0,citi_field,Citi Field
citi_field,36081011400,63.0,citi_field,Citi Field
citi_field,36081042600,71.0,citi_field,Citi Field
citi_field,36081038400,72.0,citi_field,Citi Field
citi_field,36081061601,83.0,citi_field,Citi Field
citi_field,36081005500,35.0,citi_field,Citi Field
citi_field,36081028300,22.0,citi_field,Citi Field
citi_field,36081054900,64.0,citi_field,Citi Field
citi_field,36081024700,28.0,citi_field,Citi Field
citi_field,36081016100,30.0,citi_field,Citi Field
citi_field,36081017800,63.0,citi_field,Citi Field
citi_field,36081004002,63.0,citi_field,Citi Field
citi_field,36081052500,52.0,citi_field,Citi Field
citi_field,36081045700,36.0,citi_field,Citi Field
citi_field,36081062500,65.0,citi_field,Citi Field
citi_field,36081012800,47.0,citi_field,Citi Field
citi_field,36081000200,63.0,citi_field,Citi Field
citi_field,36081005900,38.0,citi_field,Citi Field
citi_field,36081014300,48.0,citi_field,Citi Field
citi_field,36081056000,62.0,citi_field,Citi Field
citi_field,36081058300,61.0,citi_field,Citi Field
citi_field,36081072100,40.0,citi_field,Citi Field
citi_field,36081007300,50.0,citi_field,Citi Field
citi_field,36081004401,66.0,citi_field,Citi Field
citi_field,36081033401,70.0,citi_field,Citi Field
citi_field,36081061200,73.0,citi_field,Citi Field
citi_field,36081028500,26.0,citi_field,Citi Field
citi_field,36081133900,57.0,citi_field,Citi Field
citi_field,36081023800,41.0,citi_field,Citi Field
citi_field,36081074100,38.0,citi_field,Citi Field
citi_field,36081118900,30.0,citi_field,Citi Field
citi_field,36081013000,45.0,citi_field,Citi Field
citi_field,36081099701,69.0,citi_field,Citi Field
citi_field,36081011900,49.0,citi_field,Citi Field
citi_field,36081035100,34.0,citi_field,Citi Field
citi_field,36081050400,65.0,citi_field,Citi Field
citi_field,36081043200,63.0,citi_field,Citi Field
citi_field,36081055600,62.0,citi_field,Citi Field
citi_field,36081025900,30.0,citi_field,Citi Field
citi_field,36081091900,34.0,citi_field,Citi Field
citi_field,36081036300,33.0,citi_field,Citi Field
citi_field,36081037700,28.0,citi_field,Citi Field
citi_field,36081068300,34.0,citi_field,Citi Field
citi_field,36119002800,107.0,citi_field,Citi Field
citi_field,36119007000,,citi_field,Citi Field
citi_field,36119002700,111.0,citi_field,Citi Field
citi_field,36119005600,,citi_field,Citi Field
citi_field,36061025700,59.0,citi_field,Citi Field
citi_field,36061024200,58.0,citi_field,Citi Field
citi_field,36061008603,46.0,citi_field,Citi Field
citi_field,36047000502,65.0,citi_field,Citi Field
citi_field,36047050803,79.0,citi_field,Citi Field
citi_field,36047050804,80.0,citi_field,Citi Field
citi_field,36047051002,83.0,citi_field,Citi Field
citi_field,36047065200,103.0,citi_field,Citi Field
citi_field,36047068800,113.0,citi_field,Citi Field
citi_field,36047069200,106.0,citi_field,Citi Field
citi_field,36047069800,114.0,citi_field,Citi Field
citi_field,36047065800,111.0,citi_field,Citi Field
citi_field,36047066000,109.0,citi_field,Citi Field
citi_field,36047066200,108.0,citi_field,Citi Field
citi_field,36047066600,,citi_field,Citi Field
citi_field,36047067200,101.0,citi_field,Citi Field
citi_field,36047067400,104.0,citi_field,Citi Field
citi_field,36047067600,99.0,citi_field,Citi Field
citi_field,36047068000,104.0,citi_field,Citi Field
citi_field,36047068200,106.0,citi_field,Citi Field
citi_field,36047070000,119.0,citi_field,Citi Field
citi_field,36047070201,,citi_field,Citi Field
citi_field,36047070202,,citi_field,Citi Field
citi_field,36047070203,,citi_field,Citi Field
citi_field,36047072000,98.0,citi_field,Citi Field
citi_field,36047072200,100.0,citi_field,Citi Field
citi_field,36047072400,97.0,citi_field,Citi Field
citi_field,36047072600,100.0,citi_field,Citi Field
citi_field,36047073200,105.0,citi_field,Citi Field
citi_field,36047022000,82.0,citi_field,Citi Field
citi_field,36047022400,85.0,citi_field,Citi Field
citi_field,36047022600,85.0,citi_field,Citi Field
citi_field,36047022700,66.0,citi_field,Citi Field
citi_field,36047022800,83.0,citi_field,Citi Field
citi_field,36047023000,86.0,citi_field,Citi Field
citi_field,36047023100,63.0,citi_field,Citi Field
citi_field,36047023300,60.0,citi_field,Citi Field
citi_field,36047023400,92.0,citi_field,Citi Field
citi_field,36047023500,65.0,citi_field,Citi Field
citi_field,36047023600,92.0,citi_field,Citi Field
citi_field,36047022100,74.0,citi_field,Citi Field
citi_field,36047024000,89.0,citi_field,Citi Field
citi_field,36047024200,91.0,citi_field,Citi Field
citi_field,36047024400,91.0,citi_field,Citi Field
citi_field,36047024500,70.0,citi_field,Citi Field
citi_field,36047024600,90.0,citi_field,Citi Field
citi_field,36047024800,89.0,citi_field,Citi Field
citi_field,36047024900,71.0,citi_field,Citi Field
citi_field,36047025000,87.0,citi_field,Citi Field
citi_field,36047025100,64.0,citi_field,Citi Field
citi_field,36047025200,89.0,citi_field,Citi Field
citi_field,36047025300,58.0,citi_field,Citi Field
citi_field,36047025600,91.0,citi_field,Citi Field
citi_field,36047025700,59.0,citi_field,Citi Field
citi_field,36047025901,57.0,citi_field,Citi Field
citi_field,36047026000,92.0,citi_field,Citi Field
citi_field,36047035500,82.0,citi_field,Citi Field
citi_field,36047035900,83.0,citi_field,Citi Field
citi_field,36047073400,102.0,citi_field,Citi Field
citi_field,36047075600,101.0,citi_field,Citi Field
citi_field,36047073600,99.0,citi_field,Citi Field
citi_field,36047074000,97.0,citi_field,Citi Field
citi_field,36047074400,95.0,citi_field,Citi Field
citi_field,36047074600,100.0,citi_field,Citi Field
citi_field,36047074800,93.0,citi_field,Citi Field
citi_field,36047075800,96.0,citi_field,Citi Field
citi_field,36047076000,93.0,citi_field,Citi Field
citi_field,36047076200,88.0,citi_field,Citi Field
citi_field,36047076600,91.0,citi_field,Citi Field
citi_field,36047077000,97.0,citi_field,Citi Field
citi_field,36047095800,91.0,citi_field,Citi Field
citi_field,36047096000,94.0,citi_field,Citi Field
citi_field,36047096200,88.0,citi_field,Citi Field
citi_field,36047096400,86.0,citi_field,Citi Field
citi_field,36047096800,80.0,citi_field,Citi Field
citi_field,36047097000,82.0,citi_field,Citi Field
citi_field,36047097400,77.0,citi_field,Citi Field
citi_field,36047098400,84.0,citi_field,Citi Field
citi_field,36047098600,82.0,citi_field,Citi Field
citi_field,36047099000,86.0,citi_field,Citi Field
citi_field,36047099400,94.0,citi_field,Citi Field
citi_field,36047099800,99.0,citi_field,Citi Field
citi_field,36047100400,99.0,citi_field,Citi Field
citi_field,36047100800,94.0,citi_field,Citi Field
citi_field,36047101000,89.0,citi_field,Citi Field
citi_field,36047101200,88.0,citi_field,Citi Field
citi_field,36047101400,90.0,citi_field,Citi Field
citi_field,36047101600,92.0,citi_field,Citi Field
citi_field,36085018100,,citi_field,Citi Field
citi_field,36047026200,88.0,citi_field,Citi Field
citi_field,36047026300,65.0,citi_field,Citi Field
citi_field,36047026400,95.0,citi_field,Citi Field
citi_field,36047026600,97.0,citi_field,Citi Field
citi_field,36047026700,71.0,citi_field,Citi Field
citi_field,36047027000,96.0,citi_field,Citi Field
citi_field,36047027200,100.0,citi_field,Citi Field
citi_field,36047027400,97.0,citi_field,Citi Field
citi_field,36047027500,76.0,citi_field,Citi Field
citi_field,36047027600,93.0,citi_field,Citi Field
citi_field,36047027700,73.0,citi_field,Citi Field
citi_field,36047027800,91.0,citi_field,Citi Field
citi_field,36047028100,69.0,citi_field,Citi Field
citi_field,36047028400,94.0,citi_field,Citi Field
citi_field,36047028502,64.0,citi_field,Citi Field
citi_field,36047028600,102.0,citi_field,Citi Field
citi_field,36047028700,65.0,citi_field,Citi Field
citi_field,36047028800,93.0,citi_field,Citi Field
citi_field,36047029000,95.0,citi_field,Citi Field
citi_field,36047029100,72.0,citi_field,Citi Field
citi_field,36047029200,102.0,citi_field,Citi Field
citi_field,36047029300,75.0,citi_field,Citi Field
citi_field,36047029700,74.0,citi_field,Citi Field
citi_field,36047029800,101.0,citi_field,Citi Field
citi_field,36047029900,79.0,citi_field,Citi Field
citi_field,36047030000,104.0,citi_field,Citi Field
citi_field,36047037100,77.0,citi_field,Citi Field
citi_field,36047037300,76.0,citi_field,Citi Field
citi_field,36047037500,74.0,citi_field,Citi Field
citi_field,36047037700,79.0,citi_field,Citi Field
citi_field,36047037900,78.0,citi_field,Citi Field
citi_field,36047036501,73.0,citi_field,Citi Field
citi_field,36047036502,66.0,citi_field,Citi Field
citi_field,36047036900,72.0,citi_field,Citi Field
citi_field,36047038700,71.0,citi_field,Citi Field
citi_field,36047038900,63.0,citi_field,Citi Field
citi_field,36047039100,66.0,citi_field,Citi Field
citi_field,36047039300,69.0,citi_field,Citi Field
citi_field,36047077200,95.0,citi_field,Citi Field
citi_field,36047077400,92.0,citi_field,Citi Field
citi_field,36047077600,102.0,citi_field,Citi Field
citi_field,36047078200,100.0,citi_field,Citi Field
citi_field,36047007700,69.0,citi_field,Citi Field
citi_field,36047046201,86.0,citi_field,Citi Field
citi_field,36047036700,66.0,citi_field,Citi Field
citi_field,36047003000,87.0,citi_field,Citi Field
citi_field,36047030700,83.0,citi_field,Citi Field
citi_field,36047030100,78.0,citi_field,Citi Field
citi_field,36047031100,77.0,citi_field,Citi Field
citi_field,36047031500,68.0,citi_field,Citi Field
citi_field,36047031701,73.0,citi_field,Citi Field
citi_field,36047031900,78.0,citi_field,Citi Field
citi_field,36047032300,80.0,citi_field,Citi Field
citi_field,36047032700,76.0,citi_field,Citi Field
citi_field,36047033100,85.0,citi_field,Citi Field
citi_field,36047033500,79.0,citi_field,Citi Field
citi_field,36047033900,79.0,citi_field,Citi Field
citi_field,36047034100,78.0,citi_field,Citi Field
citi_field,36047034300,82.0,citi_field,Citi Field
citi_field,36047034500,81.0,citi_field,Citi Field
citi_field,36047040300,71.0,citi_field,Citi Field
citi_field,36047040500,67.0,citi_field,Citi Field
citi_field,36047041100,74.0,citi_field,Citi Field
citi_field,36047041200,89.0,citi_field,Citi Field
citi_field,36047039500,73.0,citi_field,Citi Field
citi_field,36047041300,78.0,citi_field,Citi Field
citi_field,36047039700,74.0,citi_field,Citi Field
citi_field,36047039900,78.0,citi_field,Citi Field
citi_field,36047041401,89.0,citi_field,Citi Field
citi_field,36047041500,76.0,citi_field,Citi Field
citi_field,36047041600,100.0,citi_field,Citi Field
citi_field,36047041800,97.0,citi_field,Citi Field
citi_field,36047041900,73.0,citi_field,Citi Field
citi_field,36047042100,70.0,citi_field,Citi Field
citi_field,36047042300,69.0,citi_field,Citi Field
citi_field,36047042500,65.0,citi_field,Citi Field
citi_field,36047042600,90.0,citi_field,Citi Field
citi_field,36047042700,65.0,citi_field,Citi Field
citi_field,36047042800,93.0,citi_field,Citi Field
citi_field,36047042900,70.0,citi_field,Citi Field
citi_field,36047043000,94.0,citi_field,Citi Field
citi_field,36047043100,70.0,citi_field,Citi Field
citi_field,36047041402,93.0,citi_field,Citi Field
citi_field,36047021200,86.0,citi_field,Citi Field
citi_field,36047019400,91.0,citi_field,Citi Field
citi_field,36047117602,66.0,citi_field,Citi Field
citi_field,36047041700,72.0,citi_field,Citi Field
citi_field,36047089800,84.0,citi_field,Citi Field
citi_field,36047072800,99.0,citi_field,Citi Field
citi_field,36047098800,86.0,citi_field,Citi Field
citi_field,36047058200,101.0,citi_field,Citi Field
citi_field,36047068600,113.0,citi_field,Citi Field
citi_field,36047025400,88.0,citi_field,Citi Field
citi_field,36047032100,78.0,citi_field,Citi Field
citi_field,36047081600,91.0,citi_field,Citi Field
citi_field,36047019500,63.0,citi_field,Citi Field
citi_field,36047044800,90.0,citi_field,Citi Field
citi_field,36047007400,77.0,citi_field,Citi Field
citi_field,36047004600,101.0,citi_field,Citi Field
citi_field,36047043200,90.0,citi_field,Citi Field
citi_field,36047043300,71.0,citi_field,Citi Field
citi_field,36047043400,91.0,citi_field,Citi Field
citi_field,36047043500,73.0,citi_field,Citi Field
citi_field,36047043900,67.0,citi_field,Citi Field
citi_field,36047044000,90.0,citi_field,Citi Field
citi_field,36047044100,68.0,citi_field,Citi Field
citi_field,36047044200,99.0,citi_field,Citi Field
citi_field,36047044300,68.0,citi_field,Citi Field
citi_field,36047044400,92.0,citi_field,Citi Field
citi_field,36047044500,67.0,citi_field,Citi Field
citi_field,36047044600,87.0,citi_field,Citi Field
citi_field,36047045000,84.0,citi_field,Citi Field
citi_field,36047045200,95.0,citi_field,Citi Field
citi_field,36047045300,66.0,citi_field,Citi Field
citi_field,36047045400,94.0,citi_field,Citi Field
citi_field,36047079400,89.0,citi_field,Citi Field
citi_field,36047080400,83.0,citi_field,Citi Field
citi_field,36047080600,86.0,citi_field,Citi Field
citi_field,36047048200,90.0,citi_field,Citi Field
citi_field,36047007800,85.0,citi_field,Citi Field
citi_field,36047028501,61.0,citi_field,Citi Field
citi_field,36047026100,61.0,citi_field,Citi Field
citi_field,36047067800,101.0,citi_field,Citi Field
citi_field,36047075400,93.0,citi_field,Citi Field
citi_field,36047018100,63.0,citi_field,Citi Field
citi_field,36047080200,83.0,citi_field,Citi Field
citi_field,36047083800,98.0,citi_field,Citi Field
citi_field,36047055100,67.0,citi_field,Citi Field
citi_field,36047019300,66.0,citi_field,Citi Field
citi_field,36047086800,91.0,citi_field,Citi Field
citi_field,36047099600,95.0,citi_field,Citi Field
citi_field,36047042000,96.0,citi_field,Citi Field
citi_field,36047020200,102.0,citi_field,Citi Field
citi_field,36047065400,107.0,citi_field,Citi Field
citi_field,36047040400,98.0,citi_field,Citi Field
citi_field,36047004100,65.0,citi_field,Citi Field
citi_field,36047032900,79.0,citi_field,Citi Field
citi_field,36047013900,71.0,citi_field,Citi Field
citi_field,36047002300,64.0,citi_field,Citi Field
citi_field,36047016000,96.0,citi_field,Citi Field
citi_field,36047036300,81.0,citi_field,Citi Field
citi_field,36047092800,87.0,citi_field,Citi Field
citi_field,36047012801,92.0,citi_field,Citi Field
citi_field,36047046800,89.0,citi_field,Citi Field
citi_field,36047047000,93.0,citi_field,Citi Field
citi_field,36047045800,91.0,citi_field,Citi Field
citi_field,36047046202,85.0,citi_field,Citi Field
citi_field,36047046400,84.0,citi_field,Citi Field
citi_field,36047047400,89.0,citi_field,Citi Field
citi_field,36047047600,85.0,citi_field,Citi Field
citi_field,36047047700,59.0,citi_field,Citi Field
citi_field,36047047800,81.0,citi_field,Citi Field
citi_field,36047048000,82.0,citi_field,Citi Field
citi_field,36047048100,61.0,citi_field,Citi Field
citi_field,36047081400,95.0,citi_field,Citi Field
citi_field,36047082000,84.0,citi_field,Citi Field
citi_field,36047082200,87.0,citi_field,Citi Field
citi_field,36047082600,85.0,citi_field,Citi Field
citi_field,36047082800,90.0,citi_field,Citi Field
citi_field,36047083000,92.0,citi_field,Citi Field
citi_field,36047083200,98.0,citi_field,Citi Field
citi_field,36047083400,99.0,citi_field,Citi Field
citi_field,36047057400,107.0,citi_field,Citi Field
citi_field,36047102400,94.0,citi_field,Citi Field
citi_field,36047048400,85.0,citi_field,Citi Field
citi_field,36047024100,63.0,citi_field,Citi Field
citi_field,36047026500,68.0,citi_field,Citi Field
citi_field,36047029500,78.0,citi_field,Citi Field
citi_field,36047015100,70.0,citi_field,Citi Field
citi_field,36047021700,73.0,citi_field,Citi Field
citi_field,36047055800,98.0,citi_field,Citi Field
citi_field,36047007600,83.0,citi_field,Citi Field
citi_field,36047012200,84.0,citi_field,Citi Field
citi_field,36047010200,85.0,citi_field,Citi Field
citi_field,36047040900,75.0,citi_field,Citi Field
citi_field,36047116800,68.0,citi_field,Citi Field
citi_field,36047096600,85.0,citi_field,Citi Field
citi_field,36047005202,101.0,citi_field,Citi Field
citi_field,36047042200,91.0,citi_field,Citi Field
citi_field,36047073800,97.0,citi_field,Citi Field
citi_field,36047054600,98.0,citi_field,Citi Field
citi_field,36047017600,100.0,citi_field,Citi Field
citi_field,36047028200,104.0,citi_field,Citi Field
citi_field,36047031300,73.0,citi_field,Citi Field
citi_field,36047081000,89.0,citi_field,Citi Field
citi_field,36047085800,95.0,citi_field,Citi Field
citi_field,36047013500,78.0,citi_field,Citi Field
citi_field,36047032500,77.0,citi_field,Citi Field
citi_field,36047049400,82.0,citi_field,Citi Field
citi_field,36047048800,82.0,citi_field,Citi Field
citi_field,36047049000,85.0,citi_field,Citi Field
citi_field,36047049200,85.0,citi_field,Citi Field
citi_field,36047049600,77.0,citi_field,Citi Field
citi_field,36047049700,59.0,citi_field,Citi Field
citi_field,36047049800,79.0,citi_field,Citi Field
citi_field,36047049900,55.0,citi_field,Citi Field
citi_field,36047050100,57.0,citi_field,Citi Field
citi_field,36047051300,52.0,citi_field,Citi Field
citi_field,36047040700,75.0,citi_field,Citi Field
citi_field,36047014300,78.0,citi_field,Citi Field
citi_field,36047018400,98.0,citi_field,Citi Field
citi_field,36047029600,93.0,citi_field,Citi Field
citi_field,36047028300,65.0,citi_field,Citi Field
citi_field,36047076400,89.0,citi_field,Citi Field
citi_field,36047015500,76.0,citi_field,Citi Field
citi_field,36047021300,75.0,citi_field,Citi Field
citi_field,36047038100,80.0,citi_field,Citi Field
citi_field,36047114202,75.0,citi_field,Citi Field
citi_field,36047005601,106.0,citi_field,Citi Field
citi_field,36047003600,92.0,citi_field,Citi Field
citi_field,36047008000,81.0,citi_field,Citi Field
citi_field,36047093800,94.0,citi_field,Citi Field
citi_field,36047064800,103.0,citi_field,Citi Field
citi_field,36047025902,63.0,citi_field,Citi Field
citi_field,36047086600,91.0,citi_field,Citi Field
citi_field,36047110600,89.0,citi_field,Citi Field
citi_field,36047117601,69.0,citi_field,Citi Field
citi_field,36047043600,91.0,citi_field,Citi Field
citi_field,36047050202,76.0,citi_field,Citi Field
citi_field,36047050500,59.0,citi_field,Citi Field
citi_field,36047050600,84.0,citi_field,Citi Field
citi_field,36047050700,58.0,citi_field,Citi Field
citi_field,36047051100,55.0,citi_field,Citi Field
citi_field,36047051200,83.0,citi_field,Citi Field
citi_field,36047075000,97.0,citi_field,Citi Field
citi_field,36047018800,94.0,citi_field,Citi Field
citi_field,36047025800,96.0,citi_field,Citi Field
citi_field,36047049500,60.0,citi_field,Citi Field
citi_field,36047088800,91.0,citi_field,Citi Field
citi_field,36047011800,81.0,citi_field,Citi Field
citi_field,36047053200,84.0,citi_field,Citi Field
citi_field,36047022900,66.0,citi_field,Citi Field
citi_field,36047040100,77.0,citi_field,Citi Field
citi_field,36047112000,86.0,citi_field,Citi Field
citi_field,36047005800,98.0,citi_field,Citi Field
citi_field,36047014000,102.0,citi_field,Citi Field
citi_field,36047014800,104.0,citi_field,Citi Field
citi_field,36047064200,102.0,citi_field,Citi Field
citi_field,36047030900,78.0,citi_field,Citi Field
citi_field,36047082400,82.0,citi_field,Citi Field
citi_field,36047021500,75.0,citi_field,Citi Field
citi_field,36047038500,75.0,citi_field,Citi Field
citi_field,36047094402,95.0,citi_field,Citi Field
citi_field,36047024300,63.0,citi_field,Citi Field
citi_field,36047003800,104.0,citi_field,Citi Field
citi_field,36047033300,82.0,citi_field,Citi Field
citi_field,36047003500,63.0,citi_field,Citi Field
citi_field,36047051400,83.0,citi_field,Citi Field
citi_field,36047052600,87.0,citi_field,Citi Field
citi_field,36047051500,54.0,citi_field,Citi Field
citi_field,36047051700,54.0,citi_field,Citi Field
citi_field,36047051800,86.0,citi_field,Citi Field
citi_field,36047051900,57.0,citi_field,Citi Field
citi_field,36047052000,87.0,citi_field,Citi Field
citi_field,36047052300,63.0,citi_field,Citi Field
citi_field,36047052700,57.0,citi_field,Citi Field
citi_field,36047052900,57.0,citi_field,Citi Field
citi_field,36047053000,90.0,citi_field,Citi Field
citi_field,36047053300,62.0,citi_field,Citi Field
citi_field,36047053400,90.0,citi_field,Citi Field
citi_field,36047053500,66.0,citi_field,Citi Field
citi_field,36047067000,106.0,citi_field,Citi Field
citi_field,36047025500,59.0,citi_field,Citi Field
citi_field,36047027900,70.0,citi_field,Citi Field
citi_field,36047005100,77.0,citi_field,Citi Field
citi_field,36047111800,84.0,citi_field,Citi Field
citi_field,36047021600,91.0,citi_field,Citi Field
citi_field,36047020500,75.0,citi_field,Citi Field
citi_field,36047015700,76.0,citi_field,Citi Field
citi_field,36047003300,64.0,citi_field,Citi Field
citi_field,36047040800,93.0,citi_field,Citi Field
citi_field,36047050900,55.0,citi_field,Citi Field
citi_field,36047026900,71.0,citi_field,Citi Field
citi_field,36047045600,92.0,citi_field,Citi Field
citi_field,36047100600,96.0,citi_field,Citi Field
citi_field,36047040600,98.0,citi_field,Citi Field
citi_field,36047084800,96.0,citi_field,Citi Field
citi_field,36047056000,103.0,citi_field,Citi Field
citi_field,36047023200,90.0,citi_field,Citi Field
citi_field,36047091600,81.0,citi_field,Citi Field
citi_field,36047048900,63.0,citi_field,Citi Field
citi_field,36047013300,77.0,citi_field,Citi Field
citi_field,36047054500,72.0,citi_field,Citi Field
citi_field,36047006200,96.0,citi_field,Citi Field
citi_field,36005014701,78.0,citi_field,Citi Field
citi_field,36005017901,69.0,citi_field,Citi Field
citi_field,36005018301,66.0,citi_field,Citi Field
citi_field,36005022102,67.0,citi_field,Citi Field
citi_field,36005023703,74.0,citi_field,Citi Field
citi_field,36005026702,80.0,citi_field,Citi Field
citi_field,36005033201,77.0,citi_field,Citi Field
citi_field,36005040303,76.0,citi_field,Citi Field
citi_field,36005021700,65.0,citi_field,Citi Field
citi_field,36005023702,74.0,citi_field,Citi Field
citi_field,36005040302,77.0,citi_field,Citi Field
citi_field,36005007600,61.0,citi_field,Citi Field
citi_field,36005009000,70.0,citi_field,Citi Field
citi_field,36005015900,66.0,citi_field,Citi Field
citi_field,36005005001,73.0,citi_field,Citi Field
citi_field,36047053700,65.0,citi_field,Citi Field
citi_field,36047054700,70.0,citi_field,Citi Field
citi_field,36047054800,98.0,citi_field,Citi Field
citi_field,36047053900,69.0,citi_field,Citi Field
citi_field,36047054300,79.0,citi_field,Citi Field
citi_field,36047054400,93.0,citi_field,Citi Field
citi_field,36047054900,68.0,citi_field,Citi Field
citi_field,36047055000,95.0,citi_field,Citi Field
citi_field,36047055300,59.0,citi_field,Citi Field
citi_field,36047055400,90.0,citi_field,Citi Field
citi_field,36047055500,66.0,citi_field,Citi Field
citi_field,36047055600,99.0,citi_field,Citi Field
citi_field,36047055700,61.0,citi_field,Citi Field
citi_field,36047056200,105.0,citi_field,Citi Field
citi_field,36047056400,100.0,citi_field,Citi Field
citi_field,36047008200,80.0,citi_field,Citi Field
citi_field,36047028900,70.0,citi_field,Citi Field
citi_field,36047026800,100.0,citi_field,Citi Field
citi_field,36047078400,95.0,citi_field,Citi Field
citi_field,36047057100,51.0,citi_field,Citi Field
citi_field,36047086200,92.0,citi_field,Citi Field
citi_field,36047111000,92.0,citi_field,Citi Field
citi_field,36047004300,64.0,citi_field,Citi Field
citi_field,36047030300,81.0,citi_field,Citi Field
citi_field,36047031702,74.0,citi_field,Citi Field
citi_field,36047036100,84.0,citi_field,Citi Field
citi_field,36047038300,77.0,citi_field,Citi Field
citi_field,36047039400,103.0,citi_field,Citi Field
citi_field,36047042400,91.0,citi_field,Citi Field
citi_field,36047043800,88.0,citi_field,Citi Field
citi_field,36047044700,63.0,citi_field,Citi Field
citi_field,36047047200,91.0,citi_field,Citi Field
citi_field,36047049100,60.0,citi_field,Citi Field
citi_field,36047050300,55.0,citi_field,Citi Field
citi_field,36047055200,89.0,citi_field,Citi Field
citi_field,36047056500,49.0,citi_field,Citi Field
citi_field,36047057500,47.0,citi_field,Citi Field
citi_field,36047057600,106.0,citi_field,Citi Field
citi_field,36047056600,103.0,citi_field,Citi Field
citi_field,36047056800,106.0,citi_field,Citi Field
citi_field,36047056900,49.0,citi_field,Citi Field
citi_field,36047057000,110.0,citi_field,Citi Field
citi_field,36047057300,55.0,citi_field,Citi Field
citi_field,36047057800,101.0,citi_field,Citi Field
citi_field,36047058000,96.0,citi_field,Citi Field
citi_field,36047083600,103.0,citi_field,Citi Field
citi_field,36047084000,94.0,citi_field,Citi Field
citi_field,36047085000,97.0,citi_field,Citi Field
citi_field,36047085200,101.0,citi_field,Citi Field
citi_field,36047085400,95.0,citi_field,Citi Field
citi_field,36047090000,83.0,citi_field,Citi Field
citi_field,36047092000,73.0,citi_field,Citi Field
citi_field,36047090200,85.0,citi_field,Citi Field
citi_field,36047090600,76.0,citi_field,Citi Field
citi_field,36047090800,70.0,citi_field,Citi Field
citi_field,36047091000,73.0,citi_field,Citi Field
citi_field,36047091800,75.0,citi_field,Citi Field
citi_field,36047092200,81.0,citi_field,Citi Field
citi_field,36047093000,93.0,citi_field,Citi Field
citi_field,36047093400,96.0,citi_field,Citi Field
citi_field,36047093600,97.0,citi_field,Citi Field
citi_field,36047063200,108.0,citi_field,Citi Field
citi_field,36047065600,109.0,citi_field,Citi Field
citi_field,36047059100,57.0,citi_field,Citi Field
citi_field,36047069000,111.0,citi_field,Citi Field
citi_field,36047073000,99.0,citi_field,Citi Field
citi_field,36047074200,99.0,citi_field,Citi Field
citi_field,36047078000,97.0,citi_field,Citi Field
citi_field,36047080000,82.0,citi_field,Citi Field
citi_field,36047084600,95.0,citi_field,Citi Field
citi_field,36047087200,95.0,citi_field,Citi Field
citi_field,36047091200,78.0,citi_field,Citi Field
citi_field,36047098200,78.0,citi_field,Citi Field
citi_field,36047099200,92.0,citi_field,Citi Field
citi_field,36047115000,78.0,citi_field,Citi Field
citi_field,36047116200,80.0,citi_field,Citi Field
citi_field,36047119000,70.0,citi_field,Citi Field
citi_field,36047000100,63.0,citi_field,Citi Field
citi_field,36047000200,85.0,citi_field,Citi Field
citi_field,36047000301,69.0,citi_field,Citi Field
citi_field,36047014200,96.0,citi_field,Citi Field
citi_field,36047014500,80.0,citi_field,Citi Field
citi_field,36047014700,86.0,citi_field,Citi Field
citi_field,36047015000,104.0,citi_field,Citi Field
citi_field,36047015300,70.0,citi_field,Citi Field
citi_field,36047015400,117.0,citi_field,Citi Field
citi_field,36047015900,71.0,citi_field,Citi Field
citi_field,36047016100,70.0,citi_field,Citi Field
citi_field,36047016200,94.0,citi_field,Citi Field
citi_field,36047016300,72.0,citi_field,Citi Field
citi_field,36047016400,109.0,citi_field,Citi Field
citi_field,36047016500,79.0,citi_field,Citi Field
citi_field,36047016700,71.0,citi_field,Citi Field
citi_field,36047016800,106.0,citi_field,Citi Field
citi_field,36047016900,71.0,citi_field,Citi Field
citi_field,36047017100,77.0,citi_field,Citi Field
citi_field,36047017200,100.0,citi_field,Citi Field
citi_field,36047017400,101.0,citi_field,Citi Field
citi_field,36047017500,94.0,citi_field,Citi Field
citi_field,36047085600,89.0,citi_field,Citi Field
citi_field,36047086000,92.0,citi_field,Citi Field
citi_field,36047086400,91.0,citi_field,Citi Field
citi_field,36047087000,93.0,citi_field,Citi Field
citi_field,36047087401,92.0,citi_field,Citi Field
citi_field,36047087600,88.0,citi_field,Citi Field
citi_field,36047087800,85.0,citi_field,Citi Field
citi_field,36047088200,87.0,citi_field,Citi Field
citi_field,36047063600,105.0,citi_field,Citi Field
citi_field,36047063800,104.0,citi_field,Citi Field
citi_field,36047064000,105.0,citi_field,Citi Field
citi_field,36047064400,102.0,citi_field,Citi Field
citi_field,36047065000,100.0,citi_field,Citi Field
citi_field,36047094401,104.0,citi_field,Citi Field
citi_field,36047095000,95.0,citi_field,Citi Field
citi_field,36047095400,93.0,citi_field,Citi Field
citi_field,36047095600,89.0,citi_field,Citi Field
citi_field,36005044902,88.0,citi_field,Citi Field
citi_field,36005025100,73.0,citi_field,Citi Field
citi_field,36005022404,78.0,citi_field,Citi Field
citi_field,36005039901,77.0,citi_field,Citi Field
citi_field,36005023704,72.0,citi_field,Citi Field
citi_field,36005015300,72.0,citi_field,Citi Field
citi_field,36047000700,71.0,citi_field,Citi Field
citi_field,36047000900,62.0,citi_field,Citi Field
citi_field,36047001100,59.0,citi_field,Citi Field
citi_field,36047001300,63.0,citi_field,Citi Field
citi_field,36047002000,88.0,citi_field,Citi Field
citi_field,36047002100,60.0,citi_field,Citi Field
citi_field,36047002200,83.0,citi_field,Citi Field
citi_field,36047002901,72.0,citi_field,Citi Field
citi_field,36047003400,102.0,citi_field,Citi Field
citi_field,36047003700,63.0,citi_field,Citi Field
citi_field,36047003900,66.0,citi_field,Citi Field
citi_field,36005014100,69.0,citi_field,Citi Field
citi_field,36005033000,78.0,citi_field,Citi Field
citi_field,36005021100,70.0,citi_field,Citi Field
citi_field,36005004600,79.0,citi_field,Citi Field
citi_field,36005005902,65.0,citi_field,Citi Field
citi_field,36005028100,84.0,citi_field,Citi Field
citi_field,36005022701,68.0,citi_field,Citi Field
citi_field,36005031600,86.0,citi_field,Citi Field
citi_field,36005019500,66.0,citi_field,Citi Field
citi_field,36005028600,81.0,citi_field,Citi Field
citi_field,36005016400,66.0,citi_field,Citi Field
citi_field,36005036800,91.0,citi_field,Citi Field
citi_field,36005006000,64.0,citi_field,Citi Field
citi_field,36005037600,82.0,citi_field,Citi Field
citi_field,36005023301,69.0,citi_field,Citi Field
citi_field,36005004001,66.0,citi_field,Citi Field
citi_field,36005006900,68.0,citi_field,Citi Field
citi_field,36005003100,66.0,citi_field,Citi Field
citi_field,36005039000,85.0,citi_field,Citi Field
citi_field,36005042800,99.0,citi_field,Citi Field
citi_field,36005038800,92.0,citi_field,Citi Field
citi_field,36005005600,72.0,citi_field,Citi Field
citi_field,36005014500,75.0,citi_field,Citi Field
citi_field,36047017700,84.0,citi_field,Citi Field
citi_field,36047017800,95.0,citi_field,Citi Field
citi_field,36047017900,68.0,citi_field,Citi Field
citi_field,36047018000,98.0,citi_field,Citi Field
citi_field,36047018200,93.0,citi_field,Citi Field
citi_field,36047018300,69.0,citi_field,Citi Field
citi_field,36047018501,74.0,citi_field,Citi Field
citi_field,36047018600,95.0,citi_field,Citi Field
citi_field,36047018700,71.0,citi_field,Citi Field
citi_field,36047019000,89.0,citi_field,Citi Field
citi_field,36047019100,71.0,citi_field,Citi Field
citi_field,36047019200,88.0,citi_field,Citi Field
citi_field,36047019600,96.0,citi_field,Citi Field
citi_field,36047019700,57.0,citi_field,Citi Field
citi_field,36047019800,100.0,citi_field,Citi Field
citi_field,36047019900,66.0,citi_field,Citi Field
citi_field,36047020000,101.0,citi_field,Citi Field
citi_field,36047020300,71.0,citi_field,Citi Field
citi_field,36047020400,102.0,citi_field,Citi Field
citi_field,36047020600,100.0,citi_field,Citi Field
citi_field,36047020700,74.0,citi_field,Citi Field
citi_field,36005026300,77.0,citi_field,Citi Field
citi_field,36005029700,99.0,citi_field,Citi Field
citi_field,36005020601,65.0,citi_field,Citi Field
citi_field,36005042000,84.0,citi_field,Citi Field
citi_field,36005015800,76.0,citi_field,Citi Field
citi_field,36005007400,70.0,citi_field,Citi Field
citi_field,36005028800,84.0,citi_field,Citi Field
citi_field,36005022902,73.0,citi_field,Citi Field
citi_field,36005013300,69.0,citi_field,Citi Field
citi_field,36005017100,76.0,citi_field,Citi Field
citi_field,36005045101,88.0,citi_field,Citi Field
citi_field,36005008300,68.0,citi_field,Citi Field
citi_field,36005040400,93.0,citi_field,Citi Field
citi_field,36005046000,98.0,citi_field,Citi Field
citi_field,36005025200,77.0,citi_field,Citi Field
citi_field,36005023501,70.0,citi_field,Citi Field
citi_field,36005036501,71.0,citi_field,Citi Field
citi_field,36005021601,62.0,citi_field,Citi Field
citi_field,36005040304,73.0,citi_field,Citi Field
citi_field,36005022800,81.0,citi_field,Citi Field
citi_field,36005003800,75.0,citi_field,Citi Field
citi_field,36005020400,70.0,citi_field,Citi Field
citi_field,36005003300,67.0,citi_field,Citi Field
citi_field,36005037100,72.0,citi_field,Citi Field
citi_field,36005013100,70.0,citi_field,Citi Field
citi_field,36047020800,95.0,citi_field,Citi Field
citi_field,36047021000,92.0,citi_field,Citi Field
citi_field,36047021400,85.0,citi_field,Citi Field
citi_field,36047021800,87.0,citi_field,Citi Field
citi_field,36047021900,74.0,citi_field,Citi Field
citi_field,36059405800,101.0,citi_field,Citi Field
citi_field,36059412500,,citi_field,Citi Field
citi_field,36059302400,,citi_field,Citi Field
citi_field,36059302900,,citi_field,Citi Field
citi_field,36059303000,83.0,citi_field,Citi Field
citi_field,36081019400,60.0,citi_field,Citi Field
citi_field,36081020500,52.0,citi_field,Citi Field
citi_field,36081095400,,citi_field,Citi Field
citi_field,36081127700,55.0,citi_field,Citi Field
citi_field,36081042400,70.0,citi_field,Citi Field
citi_field,36059303101,,citi_field,Citi Field
citi_field,36059303102,,citi_field,Citi Field
citi_field,36081062200,83.0,citi_field,Citi Field
citi_field,36081079702,29.0,citi_field,Citi Field
citi_field,36081030600,66.0,citi_field,Citi Field
citi_field,36059303301,,citi_field,Citi Field
citi_field,36059303302,,citi_field,Citi Field
citi_field,36059303500,88.0,citi_field,Citi Field
citi_field,36059303600,69.0,citi_field,Citi Field
citi_field,36081015802,60.0,citi_field,Citi Field
citi_field,36081018102,27.0,citi_field,Citi Field
citi_field,36059404400,67.0,citi_field,Citi Field
citi_field,36059404500,69.0,citi_field,Citi Field
citi_field,36059404700,83.0,citi_field,Citi Field
citi_field,36059404800,82.0,citi_field,Citi Field
citi_field,36059404902,102.0,citi_field,Citi Field
citi_field,36059405000,,citi_field,Citi Field
citi_field,36059405100,,citi_field,Citi Field
citi_field,36059405200,,citi_field,Citi Field
citi_field,36059405301,100.0,citi_field,Citi Field
citi_field,36059405302,108.0,citi_field,Citi Field
citi_field,36059416201,,citi_field,Citi Field
citi_field,36059517000,,citi_field,Citi Field
citi_field,36059517101,,citi_field,Citi Field
citi_field,36059302800,98.0,citi_field,Citi Field
citi_field,36059410100,104.0,citi_field,Citi Field
citi_field,36059406300,82.0,citi_field,Citi Field
citi_field,36059404600,73.0,citi_field,Citi Field
citi_field,36059405400,,citi_field,Citi Field
citi_field,36059405500,,citi_field,Citi Field
citi_field,36059405600,,citi_field,Citi Field
citi_field,36059405700,,citi_field,Citi Field
citi_field,36059405900,114.0,citi_field,Citi Field
citi_field,36059406001,116.0,citi_field,Citi Field
citi_field,36059406002,103.0,citi_field,Citi Field
citi_field,36059406100,,citi_field,Citi Field
citi_field,36059517400,,citi_field,Citi Field
citi_field,36059517500,,citi_field,Citi Field
citi_field,36059302600,74.0,citi_field,Citi Field
citi_field,36059404901,100.0,citi_field,Citi Field
citi_field,36059410600,100.0,citi_field,Citi Field
citi_field,36059406201,104.0,citi_field,Citi Field
citi_field,36059406202,116.0,citi_field,Citi Field
citi_field,36059406400,90.0,citi_field,Citi Field
citi_field,36059406501,95.0,citi_field,Citi Field
citi_field,36081012500,47.0,citi_field,Citi Field
citi_field,36081065703,49.0,citi_field,Citi Field
citi_field,36081008500,44.0,citi_field,Citi Field
citi_field,36081026901,18.0,citi_field,Citi Field
citi_field,36081074900,46.0,citi_field,Citi Field
citi_field,36081035700,36.0,citi_field,Citi Field
citi_field,36081006502,47.0,citi_field,Citi Field
citi_field,36081029400,64.0,citi_field,Citi Field
citi_field,36081061301,64.0,citi_field,Citi Field
citi_field,36081072300,39.0,citi_field,Citi Field
citi_field,36081086900,24.0,citi_field,Citi Field
citi_field,36059409800,105.0,citi_field,Citi Field
citi_field,36059410000,,citi_field,Citi Field
citi_field,36059410200,104.0,citi_field,Citi Field
citi_field,36059410300,97.0,citi_field,Citi Field
citi_field,36059410400,92.0,citi_field,Citi Field
citi_field,36059410500,88.0,citi_field,Citi Field
citi_field,36059410700,84.0,citi_field,Citi Field
citi_field,36059409900,107.0,citi_field,Citi Field
citi_field,36059410800,87.0,citi_field,Citi Field
citi_field,36081015801,62.0,citi_field,Citi Field
citi_field,36047101800,96.0,citi_field,Citi Field
citi_field,36047102000,95.0,citi_field,Citi Field
citi_field,36047102600,99.0,citi_field,Citi Field
citi_field,36081018501,33.0,citi_field,Citi Field
citi_field,36047107800,93.0,citi_field,Citi Field
citi_field,36047109800,80.0,citi_field,Citi Field
citi_field,36047112200,84.0,citi_field,Citi Field
citi_field,36047112400,84.0,citi_field,Citi Field
citi_field,36047112600,76.0,citi_field,Citi Field
citi_field,36047112800,79.0,citi_field,Citi Field
citi_field,36047113000,74.0,citi_field,Citi Field
citi_field,36047113200,71.0,citi_field,Citi Field
citi_field,36059410900,90.0,citi_field,Citi Field
citi_field,36059411000,109.0,citi_field,Citi Field
citi_field,36059411100,94.0,citi_field,Citi Field
citi_field,36059411200,89.0,citi_field,Citi Field
citi_field,36059411301,,citi_field,Citi Field
citi_field,36059411302,94.0,citi_field,Citi Field
citi_field,36047114201,79.0,citi_field,Citi Field
citi_field,36047114600,68.0,citi_field,Citi Field
citi_field,36047115200,74.0,citi_field,Citi Field
citi_field,36047115600,75.0,citi_field,Citi Field
citi_field,36047116000,78.0,citi_field,Citi Field
citi_field,36047116400,82.0,citi_field,Citi Field
citi_field,36047117000,69.0,citi_field,Citi Field
citi_field,36047117201,69.0,citi_field,Citi Field
citi_field,36047117202,71.0,citi_field,Citi Field
citi_field,36047117400,66.0,citi_field,Citi Field
citi_field,36047117800,64.0,citi_field,Citi Field
citi_field,36047118000,67.0,citi_field,Citi Field
citi_field,36047118201,62.0,citi_field,Citi Field
citi_field,36047118202,65.0,citi_field,Citi Field
citi_field,36047118400,66.0,citi_field,Citi Field
citi_field,36047118600,67.0,citi_field,Citi Field
citi_field,36047118800,70.0,citi_field,Citi Field
citi_field,36047119200,72.0,citi_field,Citi Field
citi_field,36047119400,79.0,citi_field,Citi Field
citi_field,36047119600,70.0,citi_field,Citi Field
citi_field,36047120000,71.0,citi_field,Citi Field
citi_field,36047120200,67.0,citi_field,Citi Field
citi_field,36047121000,79.0,citi_field,Citi Field
citi_field,36081067100,46.0,citi_field,Citi Field
citi_field,36081053100,53.0,citi_field,Citi Field
citi_field,36081006201,65.0,citi_field,Citi Field
citi_field,36081006501,50.0,citi_field,Citi Field
citi_field,36081018101,25.0,citi_field,Citi Field
citi_field,36059404300,73.0,citi_field,Citi Field
citi_field,36059413001,,citi_field,Citi Field
citi_field,36059412301,111.0,citi_field,Citi Field
citi_field,36059301400,,citi_field,Citi Field
citi_field,36059302700,84.0,citi_field,Citi Field
citi_field,36059300100,,citi_field,Citi Field
citi_field,36059300300,,citi_field,Citi Field
citi_field,36047122000,95.0,citi_field,Citi Field
citi_field,36047013000,91.0,citi_field,Citi Field
citi_field,36047017000,101.0,citi_field,Citi Field
citi_field,36047020100,69.0,citi_field,Citi Field
citi_field,36047022200,84.0,citi_field,Citi Field
citi_field,36047121400,85.0,citi_field,Citi Field
citi_field,36047023800,90.0,citi_field,Citi Field
citi_field,36047024700,66.0,citi_field,Citi Field
citi_field,36047027300,75.0,citi_field,Citi Field
citi_field,36047028000,100.0,citi_field,Citi Field
citi_field,36047034700,84.0,citi_field,Citi Field
citi_field,36047041000,92.0,citi_field,Citi Field
citi_field,36047048600,80.0,citi_field,Citi Field
citi_field,36047052500,61.0,citi_field,Citi Field
citi_field,36059411400,83.0,citi_field,Citi Field
citi_field,36059411500,106.0,citi_field,Citi Field
citi_field,36059411600,,citi_field,Citi Field
citi_field,36059411700,94.0,citi_field,Citi Field
citi_field,36059411800,90.0,citi_field,Citi Field
citi_field,36059411901,82.0,citi_field,Citi Field
citi_field,36059411902,91.0,citi_field,Citi Field
citi_field,36047052800,87.0,citi_field,Citi Field
citi_field,36047053800,87.0,citi_field,Citi Field
citi_field,36047054200,96.0,citi_field,Citi Field
citi_field,36047059300,62.0,citi_field,Citi Field
citi_field,36047064600,106.0,citi_field,Citi Field
citi_field,36047075200,94.0,citi_field,Citi Field
citi_field,36047081800,85.0,citi_field,Citi Field
citi_field,36047102200,91.0,citi_field,Citi Field
citi_field,36047113400,70.0,citi_field,Citi Field
citi_field,36047115800,77.0,citi_field,Citi Field
citi_field,36047116600,76.0,citi_field,Citi Field
citi_field,36085029106,98.0,citi_field,Citi Field
citi_field,36085004001,87.0,citi_field,Citi Field
citi_field,36085005902,107.0,citi_field,Citi Field
citi_field,36059301101,,citi_field,Citi Field
citi_field,36059416202,,citi_field,Citi Field
citi_field,36059300400,,citi_field,Citi Field
citi_field,36059300500,,citi_field,Citi Field
citi_field,36059300600,47.0,citi_field,Citi Field
citi_field,36059300700,36.0,citi_field,Citi Field
citi_field,36059300800,59.0,citi_field,Citi Field
citi_field,36059301000,,citi_field,Citi Field
citi_field,36059412000,94.0,citi_field,Citi Field
citi_field,36059412100,103.0,citi_field,Citi Field
citi_field,36059412200,,citi_field,Citi Field
citi_field,36059412302,,citi_field,Citi Field
citi_field,36059412400,106.0,citi_field,Citi Field
citi_field,36081099703,50.0,citi_field,Citi Field
citi_field,36081099704,48.0,citi_field,Citi Field
citi_field,36081099705,59.0,citi_field,Citi Field
citi_field,36081099801,103.0,citi_field,Citi Field
citi_field,36059301102,,citi_field,Citi Field
citi_field,36059301200,75.0,citi_field,Citi Field
citi_field,36059301300,52.0,citi_field,Citi Field
citi_field,36059301500,51.0,citi_field,Citi Field
citi_field,36059301600,76.0,citi_field,Citi Field
citi_field,36059301700,69.0,citi_field,Citi Field
citi_field,36081075702,36.0,citi_field,Citi Field
citi_field,36081079701,27.0,citi_field,Citi Field
citi_field,36081044302,32.0,citi_field,Citi Field
citi_field,36059301800,69.0,citi_field,Citi Field
citi_field,36059413002,116.0,citi_field,Citi Field
citi_field,36059413200,,citi_field,Citi Field
citi_field,36081129103,63.0,citi_field,Citi Field
citi_field,36081129104,53.0,citi_field,Citi Field
citi_field,36081071303,36.0,citi_field,Citi Field
citi_field,36081071304,38.0,citi_field,Citi Field
citi_field,36081071305,36.0,citi_field,Citi Field
citi_field,36081071701,35.0,citi_field,Citi Field
citi_field,36081071702,39.0,citi_field,Citi Field
citi_field,36081075701,35.0,citi_field,Citi Field
citi_field,36081038301,24.0,citi_field,Citi Field
citi_field,36059301900,,citi_field,Citi Field
citi_field,36059302000,,citi_field,Citi Field
citi_field,36059302200,,citi_field,Citi Field
citi_field,36059302300,,citi_field,Citi Field
citi_field,36061021303,61.0,citi_field,Citi Field
citi_field,36061023100,60.0,citi_field,Citi Field
citi_field,36061023802,54.0,citi_field,Citi Field
citi_field,36061031704,67.0,citi_field,Citi Field
citi_field,36005018102,69.0,citi_field,Citi Field
citi_field,36005020502,82.0,citi_field,Citi Field
citi_field,36005022101,65.0,citi_field,Citi Field
citi_field,36005024501,77.0,citi_field,Citi Field
citi_field,36005027401,69.0,citi_field,Citi Field
citi_field,36005029302,94.0,citi_field,Citi Field
citi_field,36005038301,74.0,citi_field,Citi Field
citi_field,36005040501,79.0,citi_field,Citi Field
citi_field,36005032600,81.0,citi_field,Citi Field
citi_field,36005005002,68.0,citi_field,Citi Field
citi_field,36005012901,68.0,citi_field,Citi Field
citi_field,36005015200,66.0,citi_field,Citi Field
citi_field,36005014702,80.0,citi_field,Citi Field
citi_field,36005017701,75.0,citi_field,Citi Field
citi_field,36005017702,74.0,citi_field,Citi Field
citi_field,36005017902,70.0,citi_field,Citi Field
citi_field,36005018101,71.0,citi_field,Citi Field
citi_field,36005018302,68.0,citi_field,Citi Field
citi_field,36005020501,83.0,citi_field,Citi Field
citi_field,36005021001,67.0,citi_field,Citi Field
citi_field,36005021002,66.0,citi_field,Citi Field
citi_field,36005022403,74.0,citi_field,Citi Field
citi_field,36005024502,75.0,citi_field,Citi Field
citi_field,36005026701,76.0,citi_field,Citi Field
citi_field,36005027402,80.0,citi_field,Citi Field
citi_field,36005029301,111.0,citi_field,Citi Field
citi_field,36005030900,119.0,citi_field,Citi Field
citi_field,36005033202,78.0,citi_field,Citi Field
citi_field,36005040502,83.0,citi_field,Citi Field
citi_field,36005020000,69.0,citi_field,Citi Field
citi_field,36005033500,101.0,citi_field,Citi Field
citi_field,36005033700,108.0,citi_field,Citi Field
citi_field,36005034800,90.0,citi_field,Citi Field
citi_field,36005036000,84.0,citi_field,Citi Field
citi_field,36005039500,79.0,citi_field,Citi Field
citi_field,36005043400,85.0,citi_field,Citi Field
citi_field,36005044400,95.0,citi_field,Citi Field
citi_field,36005004200,69.0,citi_field,Citi Field
citi_field,36005005100,56.0,citi_field,Citi Field
citi_field,36005009600,62.0,citi_field,Citi Field
citi_field,36005020900,65.0,citi_field,Citi Field
citi_field,36005022200,62.0,citi_field,Citi Field
citi_field,36005023800,75.0,citi_field,Citi Field
citi_field,36005037504,76.0,citi_field,Citi Field
citi_field,36005045600,96.0,citi_field,Citi Field
citi_field,36005005300,85.0,citi_field,Citi Field
citi_field,36061012602,44.0,citi_field,Citi Field
citi_field,36061015301,51.0,citi_field,Citi Field
citi_field,36061012601,45.0,citi_field,Citi Field
citi_field,36061010801,38.0,citi_field,Citi Field
citi_field,36061009903,51.0,citi_field,Citi Field
citi_field,36061023804,43.0,citi_field,Citi Field
citi_field,36061023803,41.0,citi_field,Citi Field
citi_field,36061015102,66.0,citi_field,Citi Field
citi_field,36061015502,66.0,citi_field,Citi Field
citi_field,36061015401,49.0,citi_field,Citi Field
citi_field,36061004002,53.0,citi_field,Citi Field
citi_field,36061002902,59.0,citi_field,Citi Field
citi_field,36061013603,56.0,citi_field,Citi Field
citi_field,36061013201,57.0,citi_field,Citi Field
citi_field,36061013202,57.0,citi_field,Citi Field
citi_field,36061013601,63.0,citi_field,Citi Field
citi_field,36061013501,58.0,citi_field,Citi Field
citi_field,36061015101,57.0,citi_field,Citi Field
citi_field,36061012901,55.0,citi_field,Citi Field
citi_field,36061009901,61.0,citi_field,Citi Field
citi_field,36061013502,60.0,citi_field,Citi Field
citi_field,36061009902,58.0,citi_field,Citi Field
citi_field,36061012902,56.0,citi_field,Citi Field
citi_field,36061007001,52.0,citi_field,Citi Field
citi_field,36061015302,51.0,citi_field,Citi Field
citi_field,36061002901,53.0,citi_field,Citi Field
citi_field,36061007002,49.0,citi_field,Citi Field
citi_field,36061012102,50.0,citi_field,Citi Field
citi_field,36061015501,56.0,citi_field,Citi Field
citi_field,36085025100,107.0,citi_field,Citi Field
citi_field,36085027301,113.0,citi_field,Citi Field
citi_field,36085029102,,citi_field,Citi Field
citi_field,36085030301,92.0,citi_field,Citi Field
citi_field,36085031901,112.0,citi_field,Citi Field
citi_field,36085032300,,citi_field,Citi Field
citi_field,36085001800,106.0,citi_field,Citi Field
citi_field,36085014100,108.0,citi_field,Citi Field
citi_field,36119005704,,citi_field,Citi Field
citi_field,36119005703,,citi_field,Citi Field
citi_field,36085017702,106.0,citi_field,Citi Field
citi_field,36085017701,117.0,citi_field,Citi Field
citi_field,36085018704,99.0,citi_field,Citi Field
citi_field,36061001501,62.0,citi_field,Citi Field
citi_field,36061001600,57.0,citi_field,Citi Field
citi_field,36061001800,55.0,citi_field,Citi Field
citi_field,36061002000,71.0,citi_field,Citi Field
citi_field,36061002201,63.0,citi_field,Citi Field
citi_field,36061002202,61.0,citi_field,Citi Field
citi_field,36061002400,71.0,citi_field,Citi Field
citi_field,36061002601,63.0,citi_field,Citi Field
citi_field,36061002602,63.0,citi_field,Citi Field
citi_field,36061002700,58.0,citi_field,Citi Field
citi_field,36061002800,60.0,citi_field,Citi Field
citi_field,36061003001,57.0,citi_field,Citi Field
citi_field,36061003100,54.0,citi_field,Citi Field
citi_field,36061003300,55.0,citi_field,Citi Field
citi_field,36061003601,53.0,citi_field,Citi Field
citi_field,36061003800,55.0,citi_field,Citi Field
citi_field,36061003900,67.0,citi_field,Citi Field
citi_field,36061004200,50.0,citi_field,Citi Field
citi_field,36061004300,52.0,citi_field,Citi Field
citi_field,36061008602,58.0,citi_field,Citi Field
citi_field,36061004500,55.0,citi_field,Citi Field
citi_field,36061004700,56.0,citi_field,Citi Field
citi_field,36061004900,54.0,citi_field,Citi Field
citi_field,36061005400,50.0,citi_field,Citi Field
citi_field,36061005501,53.0,citi_field,Citi Field
citi_field,36061005600,49.0,citi_field,Citi Field
citi_field,36061005700,50.0,citi_field,Citi Field
citi_field,36061005800,47.0,citi_field,Citi Field
citi_field,36061006000,66.0,citi_field,Citi Field
citi_field,36061006100,51.0,citi_field,Citi Field
citi_field,36061006200,68.0,citi_field,Citi Field
citi_field,36061006400,53.0,citi_field,Citi Field
citi_field,36061006500,50.0,citi_field,Citi Field
citi_field,36061006700,51.0,citi_field,Citi Field
citi_field,36061006800,48.0,citi_field,Citi Field
citi_field,36061006900,66.0,citi_field,Citi Field
citi_field,36061007100,51.0,citi_field,Citi Field
citi_field,36061007300,51.0,citi_field,Citi Field
citi_field,36047043700,74.0,citi_field,Citi Field
citi_field,36061007500,65.0,citi_field,Citi Field
citi_field,36061007600,45.0,citi_field,Citi Field
citi_field,36061007800,49.0,citi_field,Citi Field
citi_field,36061007900,62.0,citi_field,Citi Field
citi_field,36061008100,48.0,citi_field,Citi Field
citi_field,36061008400,44.0,citi_field,Citi Field
citi_field,36061008700,50.0,citi_field,Citi Field
citi_field,36061008800,43.0,citi_field,Citi Field
citi_field,36061009000,42.0,citi_field,Citi Field
citi_field,36061009200,40.0,citi_field,Citi Field
citi_field,36061009300,48.0,citi_field,Citi Field
citi_field,36061009400,40.0,citi_field,Citi Field
citi_field,36061009600,44.0,citi_field,Citi Field
citi_field,36061009800,37.0,citi_field,Citi Field
citi_field,36061010000,36.0,citi_field,Citi Field
citi_field,36061010200,36.0,citi_field,Citi Field
citi_field,36061010300,47.0,citi_field,Citi Field
citi_field,36061010400,41.0,citi_field,Citi Field
citi_field,36059990100,,citi_field,Citi Field
citi_field,36061011401,41.0,citi_field,Citi Field
citi_field,36061011402,36.0,citi_field,Citi Field
citi_field,36061011500,48.0,citi_field,Citi Field
citi_field,36061011700,55.0,citi_field,Citi Field
citi_field,36061011900,44.0,citi_field,Citi Field
citi_field,36061012000,39.0,citi_field,Citi Field
citi_field,36061012400,52.0,citi_field,Citi Field
citi_field,36085018703,101.0,citi_field,Citi Field
citi_field,36085020701,106.0,citi_field,Citi Field
citi_field,36085020702,113.0,citi_field,Citi Field
citi_field,36085009701,116.0,citi_field,Citi Field
citi_field,36085009702,116.0,citi_field,Citi Field
citi_field,36085005901,115.0,citi_field,Citi Field
citi_field,36085029105,93.0,citi_field,Citi Field
citi_field,36085004004,85.0,citi_field,Citi Field
citi_field,36085004003,93.0,citi_field,Citi Field
citi_field,36085004002,104.0,citi_field,Citi Field
citi_field,36061012700,45.0,citi_field,Citi Field
citi_field,36061012800,46.0,citi_field,Citi Field
citi_field,36061013000,46.0,citi_field,Citi Field
citi_field,36061013300,44.0,citi_field,Citi Field
citi_field,36061013400,47.0,citi_field,Citi Field
citi_field,36061013700,39.0,citi_field,Citi Field
citi_field,36061014000,48.0,citi_field,Citi Field
citi_field,36061014300,58.0,citi_field,Citi Field
citi_field,36061014401,53.0,citi_field,Citi Field
citi_field,36061014500,47.0,citi_field,Citi Field
citi_field,36061014601,45.0,citi_field,Citi Field
citi_field,36061014801,45.0,citi_field,Citi Field
citi_field,36061014802,47.0,citi_field,Citi Field
citi_field,36061014900,48.0,citi_field,Citi Field
citi_field,36061015700,50.0,citi_field,Citi Field
citi_field,36061015801,51.0,citi_field,Citi Field
citi_field,36061015900,57.0,citi_field,Citi Field
citi_field,36061016001,54.0,citi_field,Citi Field
citi_field,36061016100,56.0,citi_field,Citi Field
citi_field,36061016200,71.0,citi_field,Citi Field
citi_field,36061016600,52.0,citi_field,Citi Field
citi_field,36061016700,64.0,citi_field,Citi Field
citi_field,36061016800,55.0,citi_field,Citi Field
citi_field,36061017000,59.0,citi_field,Citi Field
citi_field,36061017100,66.0,citi_field,Citi Field
citi_field,36061017300,54.0,citi_field,Citi Field
citi_field,36061017402,57.0,citi_field,Citi Field
citi_field,36061017500,66.0,citi_field,Citi Field
citi_field,36061017700,59.0,citi_field,Citi Field
citi_field,36061017800,66.0,citi_field,Citi Field
citi_field,36061018100,54.0,citi_field,Citi Field
citi_field,36061018200,53.0,citi_field,Citi Field
citi_field,36061018300,69.0,citi_field,Citi Field
citi_field,36061018400,58.0,citi_field,Citi Field
citi_field,36061018500,57.0,citi_field,Citi Field
citi_field,36061018600,60.0,citi_field,Citi Field
citi_field,36061018800,60.0,citi_field,Citi Field
citi_field,36061019200,75.0,citi_field,Citi Field
citi_field,36061019300,59.0,citi_field,Citi Field
citi_field,36061019400,58.0,citi_field,Citi Field
citi_field,36061019500,72.0,citi_field,Citi Field
citi_field,36061019600,51.0,citi_field,Citi Field
citi_field,36061019701,63.0,citi_field,Citi Field
citi_field,36061019702,56.0,citi_field,Citi Field
citi_field,36061020000,62.0,citi_field,Citi Field
citi_field,36061020102,56.0,citi_field,Citi Field
citi_field,36061020300,66.0,citi_field,Citi Field
citi_field,36061022700,65.0,citi_field,Citi Field
citi_field,36061020600,60.0,citi_field,Citi Field
citi_field,36061020901,58.0,citi_field,Citi Field
citi_field,36061021000,59.0,citi_field,Citi Field
citi_field,36061021100,74.0,citi_field,Citi Field
citi_field,36061021200,63.0,citi_field,Citi Field
citi_field,36061021400,68.0,citi_field,Citi Field
citi_field,36061021703,66.0,citi_field,Citi Field
citi_field,36061021800,58.0,citi_field,Citi Field
citi_field,36061021900,68.0,citi_field,Citi Field
citi_field,36061022102,60.0,citi_field,Citi Field
citi_field,36061022302,75.0,citi_field,Citi Field
citi_field,36061022400,64.0,citi_field,Citi Field
citi_field,36061022600,67.0,citi_field,Citi Field
citi_field,36061022800,63.0,citi_field,Citi Field
citi_field,36061022900,72.0,citi_field,Citi Field
citi_field,36061023000,68.0,citi_field,Citi Field
citi_field,36047152200,81.0,citi_field,Citi Field
citi_field,36005009302,92.0,citi_field,Citi Field
citi_field,36005009301,79.0,citi_field,Citi Field
citi_field,36005011701,81.0,citi_field,Citi Field
citi_field,36005051601,107.0,citi_field,Citi Field
citi_field,36005001902,64.0,citi_field,Citi Field
citi_field,36047150200,81.0,citi_field,Citi Field
citi_field,36005002001,86.0,citi_field,Citi Field
citi_field,36005002002,81.0,citi_field,Citi Field
citi_field,36005018501,74.0,citi_field,Citi Field
citi_field,36005001903,68.0,citi_field,Citi Field
citi_field,36005051602,,citi_field,Citi Field
citi_field,36005046208,85.0,citi_field,Citi Field
citi_field,36005046207,91.0,citi_field,Citi Field
citi_field,36005043101,79.0,citi_field,Citi Field
citi_field,36005046203,90.0,citi_field,Citi Field
citi_field,36005046209,91.0,citi_field,Citi Field
citi_field,36005048402,96.0,citi_field,Citi Field
citi_field,36005048401,88.0,citi_field,Citi Field
citi_field,36005001904,,citi_field,Citi Field
citi_field,36005046205,82.0,citi_field,Citi Field
citi_field,36005006301,63.0,citi_field,Citi Field
citi_field,36005030202,83.0,citi_field,Citi Field
citi_field,36005043102,89.0,citi_field,Citi Field
citi_field,36005030201,78.0,citi_field,Citi Field
citi_field,36005038303,79.0,citi_field,Citi Field
citi_field,36005011702,87.0,citi_field,Citi Field
citi_field,36005018502,71.0,citi_field,Citi Field
citi_field,36005006302,65.0,citi_field,Citi Field
citi_field,36005046204,88.0,citi_field,Citi Field
citi_field,36005046206,91.0,citi_field,Citi Field
citi_field,36005038304,83.0,citi_field,Citi Field
citi_field,36005001901,64.0,citi_field,Citi Field
citi_field,36085990100,,citi_field,Citi Field
citi_field,36005006100,66.0,citi_field,Citi Field
citi_field,36005006400,67.0,citi_field,Citi Field
citi_field,36005006700,65.0,citi_field,Citi Field
citi_field,36005006800,68.0,citi_field,Citi Field
citi_field,36005007000,65.0,citi_field,Citi Field
citi_field,36005007100,65.0,citi_field,Citi Field
citi_field,36005007300,63.0,citi_field,Citi Field
citi_field,36005007500,66.0,citi_field,Citi Field
citi_field,36005007700,65.0,citi_field,Citi Field
citi_field,36005007800,57.0,citi_field,Citi Field
citi_field,36005007900,65.0,citi_field,Citi Field
citi_field,36005008400,67.0,citi_field,Citi Field
citi_field,36005019700,61.0,citi_field,Citi Field
citi_field,36047114400,69.0,citi_field,Citi Field
citi_field,36005019900,67.0,citi_field,Citi Field
citi_field,36005020100,76.0,citi_field,Citi Field
citi_field,36047015200,107.0,citi_field,Citi Field
citi_field,36005021200,61.0,citi_field,Citi Field
citi_field,36005021301,73.0,citi_field,Citi Field
citi_field,36005021302,72.0,citi_field,Citi Field
citi_field,36005021501,73.0,citi_field,Citi Field
citi_field,36005021502,71.0,citi_field,Citi Field
citi_field,36005021602,62.0,citi_field,Citi Field
citi_field,36005021800,59.0,citi_field,Citi Field
citi_field,36005021900,64.0,citi_field,Citi Field
citi_field,36005022000,69.0,citi_field,Citi Field
citi_field,36047056100,55.0,citi_field,Citi Field
citi_field,36005022300,65.0,citi_field,Citi Field
citi_field,36005022401,76.0,citi_field,Citi Field
citi_field,36005022500,72.0,citi_field,Citi Field
citi_field,36005022702,64.0,citi_field,Citi Field
citi_field,36047092400,80.0,citi_field,Citi Field
citi_field,36005036901,75.0,citi_field,Citi Field
citi_field,36047000501,66.0,citi_field,Citi Field
citi_field,36005036400,88.0,citi_field,Citi Field
citi_field,36005007200,59.0,citi_field,Citi Field
citi_field,36005012101,71.0,citi_field,Citi Field
citi_field,36005000200,87.0,citi_field,Citi Field
citi_field,36005005400,67.0,citi_field,Citi Field
citi_field,36047050801,82.0,citi_field,Citi Field
citi_field,36005002701,64.0,citi_field,Citi Field
citi_field,36005006200,70.0,citi_field,Citi Field
citi_field,36005028700,89.0,citi_field,Citi Field
citi_field,36047051001,86.0,citi_field,Citi Field
citi_field,36005023100,80.0,citi_field,Citi Field
citi_field,36005024100,67.0,citi_field,Citi Field
citi_field,36047051602,89.0,citi_field,Citi Field
citi_field,36047079601,80.0,citi_field,Citi Field
citi_field,36047079602,84.0,citi_field,Citi Field
citi_field,36005038200,95.0,citi_field,Citi Field
citi_field,36005039600,84.0,citi_field,Citi Field
citi_field,36005041500,86.0,citi_field,Citi Field
citi_field,36005042901,88.0,citi_field,Citi Field
citi_field,36005044901,86.0,citi_field,Citi Field
citi_field,36005000100,100.0,citi_field,Citi Field
citi_field,36005000400,80.0,citi_field,Citi Field
citi_field,36005001600,71.0,citi_field,Citi Field
citi_field,36005008500,70.0,citi_field,Citi Field
citi_field,36005013000,79.0,citi_field,Citi Field
citi_field,36005013200,91.0,citi_field,Citi Field
citi_field,36005013500,77.0,citi_field,Citi Field
citi_field,36005013800,105.0,citi_field,Citi Field
citi_field,36005014300,73.0,citi_field,Citi Field
citi_field,36005014400,73.0,citi_field,Citi Field
citi_field,36005014900,79.0,citi_field,Citi Field
citi_field,36005015100,75.0,citi_field,Citi Field
citi_field,36005015500,71.0,citi_field,Citi Field
citi_field,36005016000,104.0,citi_field,Citi Field
citi_field,36005016100,69.0,citi_field,Citi Field
citi_field,36005016200,71.0,citi_field,Citi Field
citi_field,36005016300,81.0,citi_field,Citi Field
citi_field,36005016500,83.0,citi_field,Citi Field
citi_field,36005008900,70.0,citi_field,Citi Field
citi_field,36047093200,98.0,citi_field,Citi Field
citi_field,36005009200,57.0,citi_field,Citi Field
citi_field,36047110400,85.0,citi_field,Citi Field
citi_field,36005009800,60.0,citi_field,Citi Field
citi_field,36047016600,105.0,citi_field,Citi Field
citi_field,36005008600,66.0,citi_field,Citi Field
citi_field,36005008700,66.0,citi_field,Citi Field
citi_field,36005011000,,citi_field,Citi Field
citi_field,36005011502,77.0,citi_field,Citi Field
citi_field,36047111600,91.0,citi_field,Citi Field
citi_field,36047004400,100.0,citi_field,Citi Field
citi_field,36047030500,76.0,citi_field,Citi Field
citi_field,36005002300,60.0,citi_field,Citi Field
citi_field,36005002400,92.0,citi_field,Citi Field
citi_field,36005002500,62.0,citi_field,Citi Field
citi_field,36005002702,62.0,citi_field,Citi Field
citi_field,36005002800,81.0,citi_field,Citi Field
citi_field,36005003500,68.0,citi_field,Citi Field
citi_field,36005003700,70.0,citi_field,Citi Field
citi_field,36005003900,64.0,citi_field,Citi Field
citi_field,36005004300,65.0,citi_field,Citi Field
citi_field,36005004400,72.0,citi_field,Citi Field
citi_field,36005004800,69.0,citi_field,Citi Field
citi_field,36005016700,81.0,citi_field,Citi Field
citi_field,36005016900,79.0,citi_field,Citi Field
citi_field,36005017300,70.0,citi_field,Citi Field
citi_field,36005016600,64.0,citi_field,Citi Field
citi_field,36005017500,75.0,citi_field,Citi Field
citi_field,36005018400,71.0,citi_field,Citi Field
citi_field,36005018900,68.0,citi_field,Citi Field
citi_field,36005019300,72.0,citi_field,Citi Field
citi_field,36005019400,70.0,citi_field,Citi Field
citi_field,36005011800,90.0,citi_field,Citi Field
citi_field,36005012102,69.0,citi_field,Citi Field
citi_field,36005012300,71.0,citi_field,Citi Field
citi_field,36005012500,70.0,citi_field,Citi Field
citi_field,36005012701,66.0,citi_field,Citi Field
citi_field,36047076800,89.0,citi_field,Citi Field
citi_field,36047094600,99.0,citi_field,Citi Field
citi_field,36047119800,71.0,citi_field,Citi Field
citi_field,36005040900,87.0,citi_field,Citi Field
citi_field,36005041100,81.0,citi_field,Citi Field
citi_field,36005041300,82.0,citi_field,Citi Field
citi_field,36005041400,94.0,citi_field,Citi Field
citi_field,36005041800,90.0,citi_field,Citi Field
citi_field,36005040800,84.0,citi_field,Citi Field
citi_field,36005041900,79.0,citi_field,Citi Field
citi_field,36005042100,78.0,citi_field,Citi Field
citi_field,36005042200,86.0,citi_field,Citi Field
citi_field,36005042300,87.0,citi_field,Citi Field
citi_field,36005042400,94.0,citi_field,Citi Field
citi_field,36005042500,89.0,citi_field,Citi Field
citi_field,36005042600,97.0,citi_field,Citi Field
citi_field,36005042902,88.0,citi_field,Citi Field
citi_field,36005043000,91.0,citi_field,Citi Field
citi_field,36005035100,100.0,citi_field,Citi Field
citi_field,36005035600,86.0,citi_field,Citi Field
citi_field,36005035800,92.0,citi_field,Citi Field
citi_field,36005035900,69.0,citi_field,Citi Field
citi_field,36005036100,65.0,citi_field,Citi Field
citi_field,36005036300,68.0,citi_field,Citi Field
citi_field,36005036502,73.0,citi_field,Citi Field
citi_field,36005036700,73.0,citi_field,Citi Field
citi_field,36005036902,79.0,citi_field,Citi Field
citi_field,36005043600,90.0,citi_field,Citi Field
citi_field,36005044800,102.0,citi_field,Citi Field
citi_field,36005045102,93.0,citi_field,Citi Field
citi_field,36005045800,97.0,citi_field,Citi Field
citi_field,36005037200,84.0,citi_field,Citi Field
citi_field,36005037000,88.0,citi_field,Citi Field
citi_field,36005037300,74.0,citi_field,Citi Field
citi_field,36005037400,80.0,citi_field,Citi Field
citi_field,36005050400,99.0,citi_field,Citi Field
citi_field,36005004100,68.0,citi_field,Citi Field
citi_field,36005011900,71.0,citi_field,Citi Field
citi_field,36005024400,76.0,citi_field,Citi Field
citi_field,36005031200,85.0,citi_field,Citi Field
citi_field,36005031400,85.0,citi_field,Citi Field
citi_field,36005032800,84.0,citi_field,Citi Field
citi_field,36005039800,91.0,citi_field,Citi Field
citi_field,36047088400,84.0,citi_field,Citi Field
citi_field,36047088600,87.0,citi_field,Citi Field
citi_field,36047089000,85.0,citi_field,Citi Field
citi_field,36047089200,81.0,citi_field,Citi Field
citi_field,36047089400,76.0,citi_field,Citi Field
citi_field,36047089600,85.0,citi_field,Citi Field
citi_field,36047004500,68.0,citi_field,Citi Field
citi_field,36047004700,78.0,citi_field,Citi Field
citi_field,36047004900,72.0,citi_field,Citi Field
citi_field,36047005000,105.0,citi_field,Citi Field
citi_field,36047005201,98.0,citi_field,Citi Field
citi_field,36047005400,96.0,citi_field,Citi Field
citi_field,36047005602,104.0,citi_field,Citi Field
citi_field,36047005900,82.0,citi_field,Citi Field
citi_field,36047006000,95.0,citi_field,Citi Field
citi_field,36047006300,72.0,citi_field,Citi Field
citi_field,36047006400,93.0,citi_field,Citi Field
citi_field,36047006500,70.0,citi_field,Citi Field
citi_field,36047006600,91.0,citi_field,Citi Field
citi_field,36047006700,72.0,citi_field,Citi Field
citi_field,36047006800,86.0,citi_field,Citi Field
citi_field,36047007000,85.0,citi_field,Citi Field
citi_field,36047007100,69.0,citi_field,Citi Field
citi_field,36047007200,81.0,citi_field,Citi Field
citi_field,36047007500,68.0,citi_field,Citi Field
citi_field,36047008400,73.0,citi_field,Citi Field
citi_field,36081038302,32.0,citi_field,Citi Field
citi_field,36047008500,81.0,citi_field,Citi Field
citi_field,36047008600,87.0,citi_field,Citi Field
citi_field,36047008800,81.0,citi_field,Citi Field
citi_field,36047009600,89.0,citi_field,Citi Field
citi_field,36047009800,91.0,citi_field,Citi Field
citi_field,36047010000,89.0,citi_field,Citi Field
citi_field,36047010100,78.0,citi_field,Citi Field
citi_field,36047011000,79.0,citi_field,Citi Field
citi_field,36047011200,82.0,citi_field,Citi Field
citi_field,36047011400,87.0,citi_field,Citi Field
citi_field,36047011600,90.0,citi_field,Citi Field
citi_field,36047011700,72.0,citi_field,Citi Field
citi_field,36047012000,87.0,citi_field,Citi Field
citi_field,36047012100,68.0,citi_field,Citi Field
citi_field,36047012700,71.0,citi_field,Citi Field
citi_field,36047012901,69.0,citi_field,Citi Field
citi_field,36047012902,68.0,citi_field,Citi Field
citi_field,36047013100,75.0,citi_field,Citi Field
citi_field,36047013200,99.0,citi_field,Citi Field
citi_field,36047013400,97.0,citi_field,Citi Field
citi_field,36047013600,95.0,citi_field,Citi Field
citi_field,36047013700,73.0,citi_field,Citi Field
citi_field,36047013800,97.0,citi_field,Citi Field
citi_field,36119007100,,citi_field,Citi Field
citi_field,36081044400,57.0,citi_field,Citi Field
citi_field,36081058200,67.0,citi_field,Citi Field
citi_field,36081108500,43.0,citi_field,Citi Field
citi_field,36081109300,54.0,citi_field,Citi Field
citi_field,36081141700,47.0,citi_field,Citi Field
citi_field,36081006202,73.0,citi_field,Citi Field
citi_field,36061016900,56.0,citi_field,Citi Field
citi_field,36061016400,53.0,citi_field,Citi Field
citi_field,34031246300,117.0,citi_field,Citi Field
citi_field,34031223900,119.0,citi_field,Citi Field
citi_field,34031124900,113.0,citi_field,Citi Field
citi_field,34031124402,97.0,citi_field,Citi Field
citi_field,34039030704,112.0,citi_field,Citi Field
citi_field,34017012800,105.0,citi_field,Citi Field
citi_field,34017012900,99.0,citi_field,Citi Field
citi_field,34039032004,104.0,citi_field,Citi Field
citi_field,34039032401,93.0,citi_field,Citi Field
citi_field,34039032102,,citi_field,Citi Field
citi_field,34039032101,,citi_field,Citi Field
citi_field,34039032003,103.0,citi_field,Citi Field
citi_field,34013021200,,citi_field,Citi Field
citi_field,34013021602,,citi_field,Citi Field
citi_field,34031175900,104.0,citi_field,Citi Field
citi_field,34031124311,115.0,citi_field,Citi Field
citi_field,34031124312,114.0,citi_field,Citi Field
citi_field,34031124321,,citi_field,Citi Field
citi_field,34031124322,93.0,citi_field,Citi Field
citi_field,34031124323,95.0,citi_field,Citi Field
citi_field,34031124500,116.0,citi_field,Citi Field
citi_field,34031125000,115.0,citi_field,Citi Field
citi_field,34031125100,118.0,citi_field,Citi Field
citi_field,34031124601,,citi_field,Citi Field
citi_field,34031175200,106.0,citi_field,Citi Field
citi_field,34013020902,,citi_field,Citi Field
citi_field,34013021000,,citi_field,Citi Field
citi_field,34013021100,,citi_field,Citi Field
citi_field,34031182100,,citi_field,Citi Field
citi_field,34031182600,109.0,citi_field,Citi Field
citi_field,34031182800,,citi_field,Citi Field
citi_field,34031182900,,citi_field,Citi Field
citi_field,34013021801,,citi_field,Citi Field
citi_field,34013008900,103.0,citi_field,Citi Field
citi_field,34013000300,109.0,citi_field,Citi Field
citi_field,34013020800,,citi_field,Citi Field
citi_field,34013001600,108.0,citi_field,Citi Field
citi_field,34013009400,111.0,citi_field,Citi Field
citi_field,34013000700,106.0,citi_field,Citi Field
citi_field,34013020700,,citi_field,Citi Field
citi_field,34013002202,107.0,citi_field,Citi Field
citi_field,34013012500,105.0,citi_field,Citi Field
citi_field,34013016600,,citi_field,Citi Field
citi_field,34003031200,95.0,citi_field,Citi Field
citi_field,34003051100,88.0,citi_field,Citi Field
citi_field,34013022800,95.0,citi_field,Citi Field
citi_field,34013007800,93.0,citi_field,Citi Field
citi_field,34013010600,99.0,citi_field,Citi Field
citi_field,34013005100,92.0,citi_field,Citi Field
citi_field,34017002400,81.0,citi_field,Citi Field
citi_field,34017000902,85.0,citi_field,Citi Field
citi_field,34013015300,,citi_field,Citi Field
citi_field,34013001500,110.0,citi_field,Citi Field
citi_field,34017011600,,citi_field,Citi Field
citi_field,34017014700,73.0,citi_field,Citi Field
citi_field,34017005600,100.0,citi_field,Citi Field
citi_field,34017004300,89.0,citi_field,Citi Field
citi_field,34017013000,101.0,citi_field,Citi Field
citi_field,34017015300,75.0,citi_field,Citi Field
citi_field,34017016800,62.0,citi_field,Citi Field
citi_field,34017019400,75.0,citi_field,Citi Field
citi_field,34017014000,90.0,citi_field,Citi Field
citi_field,34017001400,78.0,citi_field,Citi Field
citi_field,34017013200,108.0,citi_field,Citi Field
citi_field,34017016200,68.0,citi_field,Citi Field
citi_field,34017016600,66.0,citi_field,Citi Field
citi_field,34017018000,64.0,citi_field,Citi Field
citi_field,34017000400,85.0,citi_field,Citi Field
citi_field,34017000500,76.0,citi_field,Citi Field
citi_field,34017000700,75.0,citi_field,Citi Field
citi_field,34017000800,72.0,citi_field,Citi Field
citi_field,34017001100,79.0,citi_field,Citi Field
citi_field,34017001202,80.0,citi_field,Citi Field
citi_field,34017001300,75.0,citi_field,Citi Field
citi_field,34013003900,103.0,citi_field,Citi Field
citi_field,34017001800,87.0,citi_field,Citi Field
citi_field,34017001900,76.0,citi_field,Citi Field
citi_field,34013002100,112.0,citi_field,Citi Field
citi_field,34013002500,107.0,citi_field,Citi Field
citi_field,34013002000,112.0,citi_field,Citi Field
citi_field,34013002600,103.0,citi_field,Citi Field
citi_field,34013002800,99.0,citi_field,Citi Field
citi_field,34013004100,105.0,citi_field,Citi Field
citi_field,34013013800,118.0,citi_field,Citi Field
citi_field,34013012800,92.0,citi_field,Citi Field
citi_field,34013013400,115.0,citi_field,Citi Field
citi_field,34013013500,112.0,citi_field,Citi Field
citi_field,34013007200,99.0,citi_field,Citi Field
citi_field,34013014100,,citi_field,Citi Field
citi_field,34013014200,,citi_field,Citi Field
citi_field,34013016000,,citi_field,Citi Field
citi_field,34013004802,95.0,citi_field,Citi Field
citi_field,34013005200,95.0,citi_field,Citi Field
citi_field,34013007300,91.0,citi_field,Citi Field
citi_field,34013008200,106.0,citi_field,Citi Field
citi_field,34013007501,90.0,citi_field,Citi Field
citi_field,34031124602,,citi_field,Citi Field
citi_field,34031124700,111.0,citi_field,Citi Field
citi_field,34031124800,114.0,citi_field,Citi Field
citi_field,34013008100,93.0,citi_field,Citi Field
citi_field,34013008700,100.0,citi_field,Citi Field
citi_field,34013017200,,citi_field,Citi Field
citi_field,34013016100,,citi_field,Citi Field
citi_field,34013016200,,citi_field,Citi Field
citi_field,34013016400,,citi_field,Citi Field
citi_field,34013016500,,citi_field,Citi Field
citi_field,34013017100,,citi_field,Citi Field
citi_field,34013017700,113.0,citi_field,Citi Field
citi_field,34013018000,,citi_field,Citi Field
citi_field,34013018800,,citi_field,Citi Field
citi_field,34013019000,,citi_field,Citi Field
citi_field,34013019100,,citi_field,Citi Field
citi_field,34013019600,111.0,citi_field,Citi Field
citi_field,34013020100,,citi_field,Citi Field
citi_field,34013020300,,citi_field,Citi Field
citi_field,34003019202,92.0,citi_field,Citi Field
citi_field,34003021600,98.0,citi_field,Citi Field
citi_field,34013020500,,citi_field,Citi Field
citi_field,34013020600,,citi_field,Citi Field
citi_field,34017004500,93.0,citi_field,Citi Field
citi_field,34013009200,106.0,citi_field,Citi Field
citi_field,34013009300,106.0,citi_field,Citi Field
citi_field,34013009600,111.0,citi_field,Citi Field
citi_field,34017002900,84.0,citi_field,Citi Field
citi_field,34017003000,83.0,citi_field,Citi Field
citi_field,34017004200,91.0,citi_field,Citi Field
citi_field,34017004400,89.0,citi_field,Citi Field
citi_field,34017005300,98.0,citi_field,Citi Field
citi_field,34017005400,114.0,citi_field,Citi Field
citi_field,34017005801,96.0,citi_field,Citi Field
citi_field,34017006000,101.0,citi_field,Citi Field
citi_field,34013011200,102.0,citi_field,Citi Field
citi_field,34013010200,,citi_field,Citi Field
citi_field,34013010300,116.0,citi_field,Citi Field
citi_field,34013010700,105.0,citi_field,Citi Field
citi_field,34013010900,112.0,citi_field,Citi Field
citi_field,34013011100,101.0,citi_field,Citi Field
citi_field,34013011300,97.0,citi_field,Citi Field
citi_field,34013011800,110.0,citi_field,Citi Field
citi_field,34013012100,110.0,citi_field,Citi Field
citi_field,34017010400,,citi_field,Citi Field
citi_field,34013012200,101.0,citi_field,Citi Field
citi_field,34017006300,103.0,citi_field,Citi Field
citi_field,34017010100,,citi_field,Citi Field
citi_field,34017010200,105.0,citi_field,Citi Field
citi_field,34017010300,,citi_field,Citi Field
citi_field,34017011000,114.0,citi_field,Citi Field
citi_field,34017010500,116.0,citi_field,Citi Field
citi_field,34017010800,,citi_field,Citi Field
citi_field,34017010900,109.0,citi_field,Citi Field
citi_field,34017011100,,citi_field,Citi Field
citi_field,34017012600,106.0,citi_field,Citi Field
citi_field,34017011500,,citi_field,Citi Field
citi_field,34017012400,116.0,citi_field,Citi Field
citi_field,34017012500,113.0,citi_field,Citi Field
citi_field,34003021500,102.0,citi_field,Citi Field
citi_field,34031154006,104.0,citi_field,Citi Field
citi_field,34003021200,,citi_field,Citi Field
citi_field,34003021400,104.0,citi_field,Citi Field
citi_field,34031154003,107.0,citi_field,Citi Field
citi_field,34031154004,,citi_field,Citi Field
citi_field,34031154005,106.0,citi_field,Citi Field
citi_field,34031124202,,citi_field,Citi Field
citi_field,34031175804,105.0,citi_field,Citi Field
citi_field,34031124404,,citi_field,Citi Field
citi_field,34031175604,113.0,citi_field,Citi Field
citi_field,34031124403,110.0,citi_field,Citi Field
citi_field,34031175803,106.0,citi_field,Citi Field
citi_field,34031183002,,citi_field,Citi Field
citi_field,34031175603,115.0,citi_field,Citi Field
citi_field,34031175502,115.0,citi_field,Citi Field
citi_field,34031183001,,citi_field,Citi Field
citi_field,34031175501,112.0,citi_field,Citi Field
citi_field,34031124201,,citi_field,Citi Field
citi_field,34003018101,89.0,citi_field,Citi Field
citi_field,34023980000,,citi_field,Citi Field
citi_field,34003006302,88.0,citi_field,Citi Field
citi_field,34003013004,86.0,citi_field,Citi Field
citi_field,34003006101,95.0,citi_field,Citi Field
citi_field,34003054601,81.0,citi_field,Citi Field
citi_field,34003021101,105.0,citi_field,Citi Field
citi_field,34003030201,111.0,citi_field,Citi Field
citi_field,34003021102,110.0,citi_field,Citi Field
citi_field,34003006102,96.0,citi_field,Citi Field
citi_field,34003023201,99.0,citi_field,Citi Field
citi_field,34003015401,95.0,citi_field,Citi Field
citi_field,34003045101,96.0,citi_field,Citi Field
citi_field,34003060002,95.0,citi_field,Citi Field
citi_field,34003023202,102.0,citi_field,Citi Field
citi_field,34003054102,85.0,citi_field,Citi Field
citi_field,34003054602,76.0,citi_field,Citi Field
citi_field,34003030402,93.0,citi_field,Citi Field
citi_field,34003030401,92.0,citi_field,Citi Field
citi_field,34003030202,92.0,citi_field,Citi Field
citi_field,34003054101,83.0,citi_field,Citi Field
citi_field,34003045102,100.0,citi_field,Citi Field
citi_field,34003015402,108.0,citi_field,Citi Field
citi_field,34003060001,84.0,citi_field,Citi Field
citi_field,34003023304,91.0,citi_field,Citi Field
citi_field,34003006301,95.0,citi_field,Citi Field
citi_field,34003018102,95.0,citi_field,Citi Field
citi_field,34003023303,95.0,citi_field,Citi Field
citi_field,34003013003,85.0,citi_field,Citi Field
citi_field,34017000102,79.0,citi_field,Citi Field
citi_field,34017018502,75.0,citi_field,Citi Field
citi_field,34017018401,67.0,citi_field,Citi Field
citi_field,34017007001,76.0,citi_field,Citi Field
citi_field,34017007002,71.0,citi_field,Citi Field
citi_field,34017010602,112.0,citi_field,Citi Field
citi_field,34017010701,113.0,citi_field,Citi Field
citi_field,34017010702,117.0,citi_field,Citi Field
citi_field,34017003101,85.0,citi_field,Citi Field
citi_field,34039031903,100.0,citi_field,Citi Field
citi_field,34039030701,,citi_field,Citi Field
citi_field,34039037700,,citi_field,Citi Field
citi_field,34039030200,116.0,citi_field,Citi Field
citi_field,34039030400,,citi_field,Citi Field
citi_field,34039030600,,citi_field,Citi Field
citi_field,34017018501,75.0,citi_field,Citi Field
citi_field,34039038300,,citi_field,Citi Field
citi_field,34039030802,117.0,citi_field,Citi Field
citi_field,34039031100,108.0,citi_field,Citi Field
citi_field,34039031500,83.0,citi_field,Citi Field
citi_field,34039032500,105.0,citi_field,Citi Field
citi_field,34013002204,105.0,citi_field,Citi Field
citi_field,34013002203,114.0,citi_field,Citi Field
citi_field,34039032200,85.0,citi_field,Citi Field
citi_field,34039032300,84.0,citi_field,Citi Field
citi_field,34039032600,,citi_field,Citi Field
citi_field,34039033502,111.0,citi_field,Citi Field
citi_field,34039032402,87.0,citi_field,Citi Field
citi_field,34039031301,84.0,citi_field,Citi Field
citi_field,34039980000,114.0,citi_field,Citi Field
citi_field,34039031302,95.0,citi_field,Citi Field
citi_field,34039039801,,citi_field,Citi Field
citi_field,34039032701,114.0,citi_field,Citi Field
citi_field,34039030703,,citi_field,Citi Field
citi_field,34017006101,108.0,citi_field,Citi Field
citi_field,34017005901,104.0,citi_field,Citi Field
citi_field,34017006102,103.0,citi_field,Citi Field
citi_field,34017007701,69.0,citi_field,Citi Field
citi_field,34017007702,75.0,citi_field,Citi Field
citi_field,34017005902,103.0,citi_field,Citi Field
citi_field,34039032702,,citi_field,Citi Field
citi_field,34039033501,91.0,citi_field,Citi Field
citi_field,34017018402,64.0,citi_field,Citi Field
citi_field,34017014801,81.0,citi_field,Citi Field
citi_field,34017014802,78.0,citi_field,Citi Field
citi_field,34017014401,88.0,citi_field,Citi Field
citi_field,34017014402,87.0,citi_field,Citi Field
citi_field,34017002002,79.0,citi_field,Citi Field
citi_field,34017007602,80.0,citi_field,Citi Field
citi_field,34017007601,75.0,citi_field,Citi Field
citi_field,34017007703,76.0,citi_field,Citi Field
citi_field,34017010601,,citi_field,Citi Field
citi_field,34017015003,81.0,citi_field,Citi Field
citi_field,34017000101,87.0,citi_field,Citi Field
citi_field,34017002001,82.0,citi_field,Citi Field
citi_field,34017004104,87.0,citi_field,Citi Field
citi_field,34017004103,91.0,citi_field,Citi Field
citi_field,34017003102,85.0,citi_field,Citi Field
citi_field,34017015004,75.0,citi_field,Citi Field
citi_field,34003015100,112.0,citi_field,Citi Field
citi_field,34003025200,80.0,citi_field,Citi Field
citi_field,34003046200,95.0,citi_field,Citi Field
citi_field,34003038200,107.0,citi_field,Citi Field
citi_field,34003033200,102.0,citi_field,Citi Field
citi_field,34003023301,110.0,citi_field,Citi Field
citi_field,34017013500,94.0,citi_field,Citi Field
citi_field,34017013600,93.0,citi_field,Citi Field
citi_field,34017013700,101.0,citi_field,Citi Field
citi_field,34017013900,108.0,citi_field,Citi Field
citi_field,34017014200,80.0,citi_field,Citi Field
citi_field,34017014600,88.0,citi_field,Citi Field
citi_field,34017014900,78.0,citi_field,Citi Field
citi_field,34017015100,81.0,citi_field,Citi Field
citi_field,34017015500,79.0,citi_field,Citi Field
citi_field,34003054500,83.0,citi_field,Citi Field
citi_field,34003019104,94.0,citi_field,Citi Field
citi_field,34003019203,95.0,citi_field,Citi Field
citi_field,34003019303,100.0,citi_field,Citi Field
citi_field,34003019304,97.0,citi_field,Citi Field
citi_field,34017014300,86.0,citi_field,Citi Field
citi_field,34017015600,73.0,citi_field,Citi Field
citi_field,34017015700,73.0,citi_field,Citi Field
citi_field,34013015200,,citi_field,Citi Field
citi_field,34013003700,106.0,citi_field,Citi Field
citi_field,34013004300,98.0,citi_field,Citi Field
citi_field,34013007600,88.0,citi_field,Citi Field
citi_field,34013010800,114.0,citi_field,Citi Field
citi_field,34013013200,101.0,citi_field,Citi Field
citi_field,34013015900,113.0,citi_field,Citi Field
citi_field,34013020000,,citi_field,Citi Field
citi_field,34013000100,114.0,citi_field,Citi Field
citi_field,34013000200,103.0,citi_field,Citi Field
citi_field,34013000400,107.0,citi_field,Citi Field
citi_field,34013000600,110.0,citi_field,Citi Field
citi_field,34013001000,101.0,citi_field,Citi Field
citi_field,34013001100,94.0,citi_field,Citi Field
citi_field,34013001300,102.0,citi_field,Citi Field
citi_field,34013009500,112.0,citi_field,Citi Field
citi_field,34013000500,104.0,citi_field,Citi Field
citi_field,34013018100,,citi_field,Citi Field
citi_field,34013006900,100.0,citi_field,Citi Field
citi_field,34013007700,91.0,citi_field,Citi Field
citi_field,34013015600,,citi_field,Citi Field
citi_field,34013018900,108.0,citi_field,Citi Field
citi_field,34013022700,88.0,citi_field,Citi Field
citi_field,34013012900,92.0,citi_field,Citi Field
citi_field,34013014300,,citi_field,Citi Field
citi_field,34013004801,81.0,citi_field,Citi Field
citi_field,34013017400,,citi_field,Citi Field
citi_field,34003041200,100.0,citi_field,Citi Field
citi_field,34017019200,76.0,citi_field,Citi Field
citi_field,34017000200,75.0,citi_field,Citi Field
citi_field,34017000300,68.0,citi_field,Citi Field
citi_field,34017000600,78.0,citi_field,Citi Field
citi_field,34017002200,84.0,citi_field,Citi Field
citi_field,34003023401,88.0,citi_field,Citi Field
citi_field,34003023402,84.0,citi_field,Citi Field
citi_field,34003031100,,citi_field,Citi Field
citi_field,34003025100,89.0,citi_field,Citi Field
citi_field,34003055100,,citi_field,Citi Field
citi_field,34003028001,87.0,citi_field,Citi Field
citi_field,34003031300,111.0,citi_field,Citi Field
citi_field,34003031400,107.0,citi_field,Citi Field
citi_field,34003036100,83.0,citi_field,Citi Field
citi_field,34003036200,91.0,citi_field,Citi Field
citi_field,34013021601,,citi_field,Citi Field
citi_field,34003030300,104.0,citi_field,Citi Field
citi_field,34017017100,74.0,citi_field,Citi Field
citi_field,34017017500,70.0,citi_field,Citi Field
citi_field,34017002700,100.0,citi_field,Citi Field
citi_field,34003023100,92.0,citi_field,Citi Field
citi_field,34003028002,92.0,citi_field,Citi Field
citi_field,34003029100,79.0,citi_field,Citi Field
citi_field,34003029200,82.0,citi_field,Citi Field
citi_field,34003030100,98.0,citi_field,Citi Field
citi_field,34003033300,90.0,citi_field,Citi Field
citi_field,34013021300,118.0,citi_field,Citi Field
citi_field,34013021400,,citi_field,Citi Field
citi_field,34013017301,,citi_field,Citi Field
citi_field,34013017302,,citi_field,Citi Field
citi_field,34013017500,,citi_field,Citi Field
citi_field,34013017600,116.0,citi_field,Citi Field
citi_field,34013017800,115.0,citi_field,Citi Field
citi_field,34017017300,67.0,citi_field,Citi Field
citi_field,34013015400,,citi_field,Citi Field
citi_field,34013015500,,citi_field,Citi Field
citi_field,34013015700,117.0,citi_field,Citi Field
citi_field,34013015800,116.0,citi_field,Citi Field
citi_field,34013016300,,citi_field,Citi Field
citi_field,34013016700,,citi_field,Citi Field
citi_field,34013016800,,citi_field,Citi Field
citi_field,34013021802,,citi_field,Citi Field
citi_field,34013021803,,citi_field,Citi Field
citi_field,34013010400,112.0,citi_field,Citi Field
citi_field,34013016900,,citi_field,Citi Field
citi_field,34013017900,117.0,citi_field,Citi Field
citi_field,34013018200,116.0,citi_field,Citi Field
citi_field,34017016000,75.0,citi_field,Citi Field
citi_field,34017016300,67.0,citi_field,Citi Field
citi_field,34017016400,63.0,citi_field,Citi Field
citi_field,34017016500,58.0,citi_field,Citi Field
citi_field,34017016700,62.0,citi_field,Citi Field
citi_field,34017016900,65.0,citi_field,Citi Field
citi_field,34017017400,68.0,citi_field,Citi Field
citi_field,34017017600,75.0,citi_field,Citi Field
citi_field,34017017700,77.0,citi_field,Citi Field
citi_field,34013018300,108.0,citi_field,Citi Field
citi_field,34013018400,104.0,citi_field,Citi Field
citi_field,34013018600,104.0,citi_field,Citi Field
citi_field,34013018700,,citi_field,Citi Field
citi_field,34017019000,81.0,citi_field,Citi Field
citi_field,34017017000,70.0,citi_field,Citi Field
citi_field,34017014501,85.0,citi_field,Citi Field
citi_field,34017014502,86.0,citi_field,Citi Field
citi_field,34017001701,99.0,citi_field,Citi Field
citi_field,34017003500,76.0,citi_field,Citi Field
citi_field,34017004000,105.0,citi_field,Citi Field
citi_field,34017004102,86.0,citi_field,Citi Field
citi_field,34017004600,101.0,citi_field,Citi Field
citi_field,34017017800,70.0,citi_field,Citi Field
citi_field,34017017900,70.0,citi_field,Citi Field
citi_field,34017018100,63.0,citi_field,Citi Field
citi_field,34017018200,67.0,citi_field,Citi Field
citi_field,34013019200,110.0,citi_field,Citi Field
citi_field,34013019300,112.0,citi_field,Citi Field
citi_field,34013019400,,citi_field,Citi Field
citi_field,34013019500,,citi_field,Citi Field
citi_field,34013019700,,citi_field,Citi Field
citi_field,34013019800,119.0,citi_field,Citi Field
citi_field,34013019900,115.0,citi_field,Citi Field
citi_field,34013020200,,citi_field,Citi Field
citi_field,34013020400,,citi_field,Citi Field
citi_field,34013020901,,citi_field,Citi Field
citi_field,34003019306,100.0,citi_field,Citi Field
citi_field,34003023601,77.0,citi_field,Citi Field
citi_field,34003023501,96.0,citi_field,Citi Field
citi_field,34013006200,101.0,citi_field,Citi Field
citi_field,34013017000,,citi_field,Citi Field
citi_field,34013006600,98.0,citi_field,Citi Field
citi_field,34013000900,102.0,citi_field,Citi Field
citi_field,34039031601,87.0,citi_field,Citi Field
citi_field,34003023602,84.0,citi_field,Citi Field
citi_field,34003004001,85.0,citi_field,Citi Field
citi_field,34039031801,111.0,citi_field,Citi Field
citi_field,34039031904,97.0,citi_field,Citi Field
citi_field,34039039900,95.0,citi_field,Citi Field
citi_field,34039031802,106.0,citi_field,Citi Field
citi_field,34017019100,79.0,citi_field,Citi Field
citi_field,34017019300,73.0,citi_field,Citi Field
citi_field,34017032400,77.0,citi_field,Citi Field
citi_field,34017001201,78.0,citi_field,Citi Field
citi_field,34017004800,108.0,citi_field,Citi Field
citi_field,34017012700,,citi_field,Citi Field
citi_field,34017016100,68.0,citi_field,Citi Field
citi_field,34017004700,95.0,citi_field,Citi Field
citi_field,34017004900,97.0,citi_field,Citi Field
citi_field,34017005200,96.0,citi_field,Citi Field
citi_field,34017013100,113.0,citi_field,Citi Field
citi_field,34017013300,116.0,citi_field,Citi Field
citi_field,34017013400,105.0,citi_field,Citi Field
citi_field,34039031602,94.0,citi_field,Citi Field
citi_field,34013002300,105.0,citi_field,Citi Field
citi_field,34027041803,,citi_field,Citi Field
citi_field,34023003500,,citi_field,Citi Field
citi_field,34027041901,,citi_field,Citi Field
citi_field,34027040803,,citi_field,Citi Field
citi_field,34027041704,,citi_field,Citi Field
citi_field,34027041902,,citi_field,Citi Field
citi_field,34027040805,,citi_field,Citi Field
citi_field,34003018200,97.0,citi_field,Citi Field
citi_field,34003015500,94.0,citi_field,Citi Field
citi_field,34003016000,,citi_field,Citi Field
citi_field,34003005000,77.0,citi_field,Citi Field
citi_field,34003019102,109.0,citi_field,Citi Field
citi_field,34003011300,99.0,citi_field,Citi Field
citi_field,34003011400,113.0,citi_field,Citi Field
citi_field,34003015200,116.0,citi_field,Citi Field
citi_field,34003015300,96.0,citi_field,Citi Field
citi_field,34017002800,86.0,citi_field,Citi Field
citi_field,34023001411,,citi_field,Citi Field
citi_field,34031175704,99.0,citi_field,Citi Field
citi_field,34031223802,,citi_field,Citi Field
citi_field,34023009000,,citi_field,Citi Field
citi_field,34023002301,,citi_field,Citi Field
citi_field,34003041302,102.0,citi_field,Citi Field
citi_field,34003006202,102.0,citi_field,Citi Field
citi_field,34031223801,,citi_field,Citi Field
citi_field,34023002401,,citi_field,Citi Field
citi_field,34013021701,,citi_field,Citi Field
citi_field,34013023100,99.0,citi_field,Citi Field
citi_field,34013023200,98.0,citi_field,Citi Field
citi_field,34013980100,117.0,citi_field,Citi Field
citi_field,34013021702,,citi_field,Citi Field
citi_field,34013022900,95.0,citi_field,Citi Field
citi_field,34013980200,111.0,citi_field,Citi Field
citi_field,34031175801,101.0,citi_field,Citi Field
citi_field,34013023000,98.0,citi_field,Citi Field
citi_field,34031183102,119.0,citi_field,Citi Field
citi_field,34017006800,90.0,citi_field,Citi Field
citi_field,34031175301,110.0,citi_field,Citi Field
citi_field,34031175401,106.0,citi_field,Citi Field
citi_field,34031175601,107.0,citi_field,Citi Field
citi_field,34031175701,101.0,citi_field,Citi Field
citi_field,34031175703,103.0,citi_field,Citi Field
citi_field,34031183101,113.0,citi_field,Citi Field
citi_field,34017015001,75.0,citi_field,Citi Field
citi_field,34017018302,73.0,citi_field,Citi Field
citi_field,34017007400,77.0,citi_field,Citi Field
citi_field,34017007800,84.0,citi_field,Citi Field
citi_field,34017014101,78.0,citi_field,Citi Field
citi_field,34017018301,81.0,citi_field,Citi Field
citi_field,34031264101,,citi_field,Citi Field
citi_field,34031175302,116.0,citi_field,Citi Field
citi_field,34017015801,74.0,citi_field,Citi Field
citi_field,34017018702,68.0,citi_field,Citi Field
citi_field,34017006600,90.0,citi_field,Citi Field
citi_field,34017015201,73.0,citi_field,Citi Field
citi_field,34017015202,73.0,citi_field,Citi Field
citi_field,34031175402,103.0,citi_field,Citi Field
citi_field,34017020100,85.0,citi_field,Citi Field
citi_field,34017980100,,citi_field,Citi Field
citi_field,34017006400,73.0,citi_field,Citi Field
citi_field,34017006500,77.0,citi_field,Citi Field
citi_field,34017020000,79.0,citi_field,Citi Field
citi_field,34031264102,,citi_field,Citi Field
citi_field,34017006700,87.0,citi_field,Citi Field
citi_field,34017007500,74.0,citi_field,Citi Field
citi_field,34017014102,86.0,citi_field,Citi Field
citi_field,34017018701,75.0,citi_field,Citi Field
citi_field,34017006900,94.0,citi_field,Citi Field
citi_field,34017015802,68.0,citi_field,Citi Field
citi_field,34017007100,81.0,citi_field,Citi Field
citi_field,34017007200,86.0,citi_field,Citi Field
citi_field,34017007300,88.0,citi_field,Citi Field
citi_field,34017019800,95.0,citi_field,Citi Field
citi_field,34017019900,90.0,citi_field,Citi Field
citi_field,34027040102,,citi_field,Citi Field
citi_field,34039032800,112.0,citi_field,Citi Field
citi_field,34039034200,117.0,citi_field,Citi Field
citi_field,34003012001,81.0,citi_field,Citi Field
citi_field,34039032901,109.0,citi_field,Citi Field
citi_field,34039033000,,citi_field,Citi Field
citi_field,34039033100,99.0,citi_field,Citi Field
citi_field,34039033200,106.0,citi_field,Citi Field
citi_field,34039033300,110.0,citi_field,Citi Field
citi_field,34039031000,118.0,citi_field,Citi Field
citi_field,34039036100,,citi_field,Citi Field
citi_field,34039031400,95.0,citi_field,Citi Field
citi_field,34039033900,103.0,citi_field,Citi Field
citi_field,34039035400,,citi_field,Citi Field
citi_field,34039032002,113.0,citi_field,Citi Field
citi_field,34039038601,,citi_field,Citi Field
citi_field,34039034100,114.0,citi_field,Citi Field
citi_field,34039033400,99.0,citi_field,Citi Field
citi_field,34039033600,,citi_field,Citi Field
citi_field,34039033700,113.0,citi_field,Citi Field
citi_field,34039033800,113.0,citi_field,Citi Field
citi_field,34039034000,105.0,citi_field,Citi Field
citi_field,34039034300,,citi_field,Citi Field
citi_field,34039034400,,citi_field,Citi Field
citi_field,34039037200,113.0,citi_field,Citi Field
citi_field,34039032902,110.0,citi_field,Citi Field
citi_field,34039037602,,citi_field,Citi Field
citi_field,34039035200,,citi_field,Citi Field
citi_field,34039031700,96.0,citi_field,Citi Field
citi_field,34039031200,108.0,citi_field,Citi Field
citi_field,34039030900,,citi_field,Citi Field
citi_field,34039034500,,citi_field,Citi Field
citi_field,34039034600,,citi_field,Citi Field
citi_field,34039034700,,citi_field,Citi Field
citi_field,34017012300,102.0,citi_field,Citi Field
citi_field,34039030500,,citi_field,Citi Field
citi_field,34039034800,,citi_field,Citi Field
citi_field,34039034900,,citi_field,Citi Field
citi_field,34039035000,,citi_field,Citi Field
citi_field,34039035100,115.0,citi_field,Citi Field
citi_field,34039035300,119.0,citi_field,Citi Field
citi_field,34039035500,,citi_field,Citi Field
citi_field,34039035600,,citi_field,Citi Field
citi_field,34039035800,,citi_field,Citi Field
citi_field,34039035900,108.0,citi_field,Citi Field
citi_field,34039036000,,citi_field,Citi Field
citi_field,34039036200,,citi_field,Citi Field
citi_field,34039036301,,citi_field,Citi Field
citi_field,34039036302,,citi_field,Citi Field
citi_field,34039035700,,citi_field,Citi Field
citi_field,34017017200,67.0,citi_field,Citi Field
citi_field,34017002300,78.0,citi_field,Citi Field
citi_field,34017001000,85.0,citi_field,Citi Field
citi_field,34017015900,73.0,citi_field,Citi Field
citi_field,34017013800,92.0,citi_field,Citi Field
citi_field,34017018800,75.0,citi_field,Citi Field
citi_field,34017006200,100.0,citi_field,Citi Field
citi_field,34017005500,96.0,citi_field,Citi Field
citi_field,34039036900,115.0,citi_field,Citi Field
citi_field,34039036400,,citi_field,Citi Field
citi_field,34039036500,,citi_field,Citi Field
citi_field,34039036600,115.0,citi_field,Citi Field
citi_field,34039036700,,citi_field,Citi Field
citi_field,34039036800,,citi_field,Citi Field
citi_field,34039037100,,citi_field,Citi Field
citi_field,34039037000,,citi_field,Citi Field
citi_field,34039037300,,citi_field,Citi Field
citi_field,34039037400,,citi_field,Citi Field
citi_field,34039037500,110.0,citi_field,Citi Field
citi_field,34039037601,,citi_field,Citi Field
citi_field,34039038000,,citi_field,Citi Field
citi_field,34003038100,,citi_field,Citi Field
citi_field,34003038300,,citi_field,Citi Field
citi_field,34003054400,86.0,citi_field,Citi Field
citi_field,34003050000,110.0,citi_field,Citi Field
citi_field,34003051200,98.0,citi_field,Citi Field
citi_field,34003051300,86.0,citi_field,Citi Field
citi_field,34003054200,83.0,citi_field,Citi Field
citi_field,34003054300,107.0,citi_field,Citi Field
citi_field,34003041100,100.0,citi_field,Citi Field
citi_field,34003051400,95.0,citi_field,Citi Field
citi_field,34003019204,95.0,citi_field,Citi Field
citi_field,34003045200,108.0,citi_field,Citi Field
citi_field,34003004002,94.0,citi_field,Citi Field
citi_field,34003052200,109.0,citi_field,Citi Field
citi_field,34003046100,81.0,citi_field,Citi Field
citi_field,34003023502,92.0,citi_field,Citi Field
citi_field,34003013002,91.0,citi_field,Citi Field
citi_field,34003006201,96.0,citi_field,Citi Field
citi_field,34003012002,90.0,citi_field,Citi Field
citi_field,34003019103,101.0,citi_field,Citi Field
citi_field,34003019305,97.0,citi_field,Citi Field
citi_field,34003041301,95.0,citi_field,Citi Field
citi_field,34003021300,110.0,citi_field,Citi Field
citi_field,34003046300,77.0,citi_field,Citi Field
citi_field,34013006400,99.0,citi_field,Citi Field
citi_field,34003057101,95.0,citi_field,Citi Field
citi_field,34003057102,94.0,citi_field,Citi Field
citi_field,34003057200,94.0,citi_field,Citi Field
citi_field,34013001700,116.0,citi_field,Citi Field
citi_field,34013001800,107.0,citi_field,Citi Field
citi_field,34013001900,104.0,citi_field,Citi Field
citi_field,34013002400,110.0,citi_field,Citi Field
citi_field,34013003100,99.0,citi_field,Citi Field
citi_field,34013003500,106.0,citi_field,Citi Field
citi_field,34013003800,101.0,citi_field,Citi Field
citi_field,34013004200,105.0,citi_field,Citi Field
citi_field,34013004400,86.0,citi_field,Citi Field
citi_field,34013004500,87.0,citi_field,Citi Field
citi_field,34013004600,83.0,citi_field,Citi Field
citi_field,34013004700,85.0,citi_field,Citi Field
citi_field,34013004900,81.0,citi_field,Citi Field
citi_field,34013005000,91.0,citi_field,Citi Field
citi_field,34013005300,95.0,citi_field,Citi Field
citi_field,34013005400,97.0,citi_field,Citi Field
citi_field,34013005700,87.0,citi_field,Citi Field
citi_field,34013006700,90.0,citi_field,Citi Field
citi_field,34013006800,97.0,citi_field,Citi Field
citi_field,34013007000,102.0,citi_field,Citi Field
citi_field,34013007100,103.0,citi_field,Citi Field
citi_field,34013008000,85.0,citi_field,Citi Field
citi_field,34013008800,97.0,citi_field,Citi Field
citi_field,34013009000,105.0,citi_field,Citi Field
citi_field,34013009100,104.0,citi_field,Citi Field
citi_field,34017005802,,citi_field,Citi Field
citi_field,34013007400,119.0,citi_field,Citi Field
citi_field,34013007502,108.0,citi_field,Citi Field
citi_field,34013007900,82.0,citi_field,Citi Field
citi_field,34013009700,117.0,citi_field,Citi Field
citi_field,34013009900,,citi_field,Citi Field
citi_field,34013010000,,citi_field,Citi Field
citi_field,34013000800,100.0,citi_field,Citi Field
citi_field,34013001400,103.0,citi_field,Citi Field
citi_field,34013010100,,citi_field,Citi Field
citi_field,34013010500,108.0,citi_field,Citi Field
citi_field,34013011400,,citi_field,Citi Field
citi_field,34013011500,115.0,citi_field,Citi Field
citi_field,34013011600,113.0,citi_field,Citi Field
citi_field,34013011700,114.0,citi_field,Citi Field
citi_field,34013011900,95.0,citi_field,Citi Field
citi_field,34013012000,107.0,citi_field,Citi Field
citi_field,34013012300,101.0,citi_field,Citi Field
citi_field,34013012400,104.0,citi_field,Citi Field
citi_field,34013012600,104.0,citi_field,Citi Field
citi_field,34013012700,96.0,citi_field,Citi Field
citi_field,34013013000,97.0,citi_field,Citi Field
citi_field,34013013100,92.0,citi_field,Citi Field
citi_field,34017011200,,citi_field,Citi Field
citi_field,34017018900,78.0,citi_field,Citi Field
citi_field,34017018600,72.0,citi_field,Citi Field
citi_field,34017011300,118.0,citi_field,Citi Field
citi_field,34017011400,,citi_field,Citi Field
citi_field,34013013300,100.0,citi_field,Citi Field
citi_field,34013014500,,citi_field,Citi Field
citi_field,34013014600,,citi_field,Citi Field
citi_field,34013014700,117.0,citi_field,Citi Field
citi_field,34013014800,,citi_field,Citi Field
citi_field,34013014900,115.0,citi_field,Citi Field
citi_field,34013015000,,citi_field,Citi Field
citi_field,34013015100,,citi_field,Citi Field
citi_field,34013013900,,citi_field,Citi Field
citi_field,34013014000,116.0,citi_field,Citi Field
citi_field,34013014400,,citi_field,Citi Field
citi_field,34013013600,116.0,citi_field,Citi Field
citi_field,34013013700,117.0,citi_field,Citi Field
