from_id,GEOID,travel_time_minutes,site_id,site_label,site_name
NWMW84L5lz,36081003400,98.0,NWMW84L5lz,current,Sports Illustrated Stadium
NWMW84L5lz,36081003900,77.0,NWMW84L5lz,current,Sports Illustrated Stadium
NWMW84L5lz,36081003600,97.0,NWMW84L5lz,current,Sports Illustrated Stadium
NWMW84L5lz,36081003700,76.0,NWMW84L5lz,current,Sports Illustrated Stadium
NWMW84L5lz,36081003800,98.0,NWMW84L5lz,current,Sports Illustrated Stadium
NWMW84L5lz,36081004001,96.0,NWMW84L5lz,current,Sports Illustrated Stadium
NWMW84L5lz,36081004200,93.0,NWMW84L5lz,current,Sports Illustrated Stadium
NWMW84L5lz,36081004300,78.0,NWMW84L5lz,current,Sports Illustrated Stadium
NWMW84L5lz,36081077907,100.0,NWMW84L5lz,current,Sports Illustrated Stadium
NWMW84L5lz,36081024000,82.0,NWMW84L5lz,current,Sports Illustrated Stadium
NWMW84L5lz,36081024300,90.0,NWMW84L5lz,current,Sports Illustrated Stadium
NWMW84L5lz,36081077908,102.0,NWMW84L5lz,current,Sports Illustrated Stadium
NWMW84L5lz,36081024500,89.0,NWMW84L5lz,current,Sports Illustrated Stadium
NWMW84L5lz,36081024900,82.0,NWMW84L5lz,current,Sports Illustrated Stadium
NWMW84L5lz,36081025100,80.0,NWMW84L5lz,current,Sports Illustrated Stadium
NWMW84L5lz,36081025500,87.0,NWMW84L5lz,current,Sports Illustrated Stadium
NWMW84L5lz,36081025700,86.0,NWMW84L5lz,current,Sports Illustrated Stadium
NWMW84L5lz,36081100801,,NWMW84L5lz,current,Sports Illustrated Stadium
NWMW84L5lz,36081102900,118.0,NWMW84L5lz,current,Sports Illustrated Stadium
NWMW84L5lz,36047021100,86.0,NWMW84L5lz,current,Sports Illustrated Stadium
NWMW84L5lz,36081025800,97.0,NWMW84L5lz,current,Sports Illustrated Stadium
NWMW84L5lz,36081026000,93.0,NWMW84L5lz,current,Sports Illustrated Stadium
NWMW84L5lz,36081026200,94.0,NWMW84L5lz,current,Sports Illustrated Stadium
NWMW84L5lz,36081026300,78.0,NWMW84L5lz,current,Sports Illustrated Stadium
NWMW84L5lz,36081026600,99.0,NWMW84L5lz,current,Sports Illustrated Stadium
NWMW84L5lz,36047048500,76.0,NWMW84L5lz,current,Sports Illustrated Stadium
NWMW84L5lz,36081107202,,NWMW84L5lz,current,Sports Illustrated Stadium
NWMW84L5lz,36081103201,,NWMW84L5lz,current,Sports Illustrated Stadium
NWMW84L5lz,36081103202,,NWMW84L5lz,current,Sports Illustrated Stadium
NWMW84L5lz,36081103900,111.0,NWMW84L5lz,current,Sports Illustrated Stadium
NWMW84L5lz,36081104700,104.0,NWMW84L5lz,current,Sports Illustrated Stadium
NWMW84L5lz,36081105900,106.0,NWMW84L5lz,current,Sports Illustrated Stadium
NWMW84L5lz,36081027000,94.0,NWMW84L5lz,current,Sports Illustrated Stadium
NWMW84L5lz,36081027200,95.0,NWMW84L5lz,current,Sports Illustrated Stadium
NWMW84L5lz,36081027400,98.0,NWMW84L5lz,current,Sports Illustrated Stadium
NWMW84L5lz,36081027800,103.0,NWMW84L5lz,current,Sports Illustrated Stadium
NWMW84L5lz,36081027900,82.0,NWMW84L5lz,current,Sports Illustrated Stadium
NWMW84L5lz,36081028000,101.0,NWMW84L5lz,current,Sports Illustrated Stadium
NWMW84L5lz,36081028100,81.0,NWMW84L5lz,current,Sports Illustrated Stadium
NWMW84L5lz,36081028200,101.0,NWMW84L5lz,current,Sports Illustrated Stadium
NWMW84L5lz,36081028400,104.0,NWMW84L5lz,current,Sports Illustrated Stadium
NWMW84L5lz,36081094500,118.0,NWMW84L5lz,current,Sports Illustrated Stadium
NWMW84L5lz,36081094700,105.0,NWMW84L5lz,current,Sports Illustrated Stadium
NWMW84L5lz,36081096400,,NWMW84L5lz,current,Sports Illustrated Stadium
NWMW84L5lz,36081097300,,NWMW84L5lz,current,Sports Illustrated Stadium
NWMW84L5lz,36081098100,,NWMW84L5lz,current,Sports Illustrated Stadium
NWMW84L5lz,36081098700,,NWMW84L5lz,current,Sports Illustrated Stadium
NWMW84L5lz,36081099100,,NWMW84L5lz,current,Sports Illustrated Stadium
NWMW84L5lz,36081099200,,NWMW84L5lz,current,Sports Illustrated Stadium
NWMW84L5lz,36047080800,94.0,NWMW84L5lz,current,Sports Illustrated Stadium
NWMW84L5lz,36081099900,,NWMW84L5lz,current,Sports Illustrated Stadium
NWMW84L5lz,36047123700,88.0,NWMW84L5lz,current,Sports Illustrated Stadium
NWMW84L5lz,36081112300,118.0,NWMW84L5lz,current,Sports Illustrated Stadium
NWMW84L5lz,36081109700,,NWMW84L5lz,current,Sports Illustrated Stadium
NWMW84L5lz,36081109900,114.0,NWMW84L5lz,current,Sports Illustrated Stadium
NWMW84L5lz,36081112900,,NWMW84L5lz,current,Sports Illustrated Stadium
NWMW84L5lz,36081113900,113.0,NWMW84L5lz,current,Sports Illustrated Stadium
NWMW84L5lz,36081114100,107.0,NWMW84L5lz,current,Sports Illustrated Stadium
NWMW84L5lz,36081029100,80.0,NWMW84L5lz,current,Sports Illustrated Stadium
NWMW84L5lz,36081029300,83.0,NWMW84L5lz,current,Sports Illustrated Stadium
NWMW84L5lz,36081029500,87.0,NWMW84L5lz,current,Sports Illustrated Stadium
NWMW84L5lz,36081029700,93.0,NWMW84L5lz,current,Sports Illustrated Stadium
NWMW84L5lz,36081028700,80.0,NWMW84L5lz,current,Sports Illustrated Stadium
NWMW84L5lz,36081028900,78.0,NWMW84L5lz,current,Sports Illustrated Stadium
NWMW84L5lz,36081029900,102.0,NWMW84L5lz,current,Sports Illustrated Stadium
NWMW84L5lz,36081031700,97.0,NWMW84L5lz,current,Sports Illustrated Stadium
NWMW84L5lz,36081032000,110.0,NWMW84L5lz,current,Sports Illustrated Stadium
NWMW84L5lz,36081032800,98.0,NWMW84L5lz,current,Sports Illustrated Stadium
NWMW84L5lz,36081032900,95.0,NWMW84L5lz,current,Sports Illustrated Stadium
NWMW84L5lz,36081033000,97.0,NWMW84L5lz,current,Sports Illustrated Stadium
NWMW84L5lz,36081033100,101.0,NWMW84L5lz,current,Sports Illustrated Stadium
NWMW84L5lz,36081033900,90.0,NWMW84L5lz,current,Sports Illustrated Stadium
NWMW84L5lz,36081039400,107.0,NWMW84L5lz,current,Sports Illustrated Stadium
NWMW84L5lz,36081039800,111.0,NWMW84L5lz,current,Sports Illustrated Stadium
NWMW84L5lz,36081040200,99.0,NWMW84L5lz,current,Sports Illustrated Stadium
NWMW84L5lz,36081040400,94.0,NWMW84L5lz,current,Sports Illustrated Stadium
NWMW84L5lz,36081041100,88.0,NWMW84L5lz,current,Sports Illustrated Stadium
NWMW84L5lz,36081041400,100.0,NWMW84L5lz,current,Sports Illustrated Stadium
NWMW84L5lz,36081041500,87.0,NWMW84L5lz,current,Sports Illustrated Stadium
NWMW84L5lz,36081042700,91.0,NWMW84L5lz,current,Sports Illustrated Stadium
NWMW84L5lz,36081043400,100.0,NWMW84L5lz,current,Sports Illustrated Stadium
NWMW84L5lz,36081045000,98.0,NWMW84L5lz,current,Sports Illustrated Stadium
NWMW84L5lz,36081045400,94.0,NWMW84L5lz,current,Sports Illustrated Stadium
NWMW84L5lz,36081045500,93.0,NWMW84L5lz,current,Sports Illustrated Stadium
NWMW84L5lz,36081045600,100.0,NWMW84L5lz,current,Sports Illustrated Stadium
NWMW84L5lz,36081044602,89.0,NWMW84L5lz,current,Sports Illustrated Stadium
NWMW84L5lz,36081044800,92.0,NWMW84L5lz,current,Sports Illustrated Stadium
NWMW84L5lz,36081045800,98.0,NWMW84L5lz,current,Sports Illustrated Stadium
NWMW84L5lz,36081046200,95.0,NWMW84L5lz,current,Sports Illustrated Stadium
NWMW84L5lz,36081046300,84.0,NWMW84L5lz,current,Sports Illustrated Stadium
NWMW84L5lz,36081046400,102.0,NWMW84L5lz,current,Sports Illustrated Stadium
NWMW84L5lz,36081046500,80.0,NWMW84L5lz,current,Sports Illustrated Stadium
NWMW84L5lz,36081046600,100.0,NWMW84L5lz,current,Sports Illustrated Stadium
NWMW84L5lz,36081046700,80.0,NWMW84L5lz,current,Sports Illustrated Stadium
NWMW84L5lz,36081046800,99.0,NWMW84L5lz,current,Sports Illustrated Stadium
NWMW84L5lz,36081047000,97.0,NWMW84L5lz,current,Sports Illustrated Stadium
NWMW84L5lz,36081047100,85.0,NWMW84L5lz,current,Sports Illustrated Stadium
NWMW84L5lz,36081047200,103.0,NWMW84L5lz,current,Sports Illustrated Stadium
NWMW84L5lz,36081047300,81.0,NWMW84L5lz,current,Sports Illustrated Stadium
NWMW84L5lz,36081047500,85.0,NWMW84L5lz,current,Sports Illustrated Stadium
NWMW84L5lz,36081004500,82.0,NWMW84L5lz,current,Sports Illustrated Stadium
NWMW84L5lz,36081004700,79.0,NWMW84L5lz,current,Sports Illustrated Stadium
NWMW84L5lz,36081005000,96.0,NWMW84L5lz,current,Sports Illustrated Stadium
NWMW84L5lz,36081005300,81.0,NWMW84L5lz,current,Sports Illustrated Stadium
NWMW84L5lz,36081005400,94.0,NWMW84L5lz,current,Sports Illustrated Stadium
NWMW84L5lz,36081005800,100.0,NWMW84L5lz,current,Sports Illustrated Stadium
NWMW84L5lz,36081006100,81.0,NWMW84L5lz,current,Sports Illustrated Stadium
NWMW84L5lz,36081030904,94.0,NWMW84L5lz,current,Sports Illustrated Stadium
NWMW84L5lz,36081043702,97.0,NWMW84L5lz,current,Sports Illustrated Stadium
NWMW84L5lz,36081044301,91.0,NWMW84L5lz,current,Sports Illustrated Stadium
NWMW84L5lz,36081036500,91.0,NWMW84L5lz,current,Sports Illustrated Stadium
NWMW84L5lz,36081036600,103.0,NWMW84L5lz,current,Sports Illustrated Stadium
NWMW84L5lz,36081035800,103.0,NWMW84L5lz,current,Sports Illustrated Stadium
NWMW84L5lz,36081036700,97.0,NWMW84L5lz,current,Sports Illustrated Stadium
NWMW84L5lz,36081036800,103.0,NWMW84L5lz,current,Sports Illustrated Stadium
NWMW84L5lz,36081065401,98.0,NWMW84L5lz,current,Sports Illustrated Stadium
NWMW84L5lz,36081065402,106.0,NWMW84L5lz,current,Sports Illustrated Stadium
NWMW84L5lz,36081037100,98.0,NWMW84L5lz,current,Sports Illustrated Stadium
NWMW84L5lz,36081037300,91.0,NWMW84L5lz,current,Sports Illustrated Stadium
NWMW84L5lz,36081037600,107.0,NWMW84L5lz,current,Sports Illustrated Stadium
NWMW84L5lz,36081038100,85.0,NWMW84L5lz,current,Sports Illustrated Stadium
NWMW84L5lz,36081007700,82.0,NWMW84L5lz,current,Sports Illustrated Stadium
NWMW84L5lz,36081008600,98.0,NWMW84L5lz,current,Sports Illustrated Stadium
NWMW84L5lz,36081008700,88.0,NWMW84L5lz,current,Sports Illustrated Stadium
NWMW84L5lz,36081008800,103.0,NWMW84L5lz,current,Sports Illustrated Stadium
NWMW84L5lz,36081007900,86.0,NWMW84L5lz,current,Sports Illustrated Stadium
NWMW84L5lz,36081008100,85.0,NWMW84L5lz,current,Sports Illustrated Stadium
NWMW84L5lz,36081008300,87.0,NWMW84L5lz,current,Sports Illustrated Stadium
NWMW84L5lz,36081009100,91.0,NWMW84L5lz,current,Sports Illustrated Stadium
NWMW84L5lz,36081009400,100.0,NWMW84L5lz,current,Sports Illustrated Stadium
NWMW84L5lz,36081009500,87.0,NWMW84L5lz,current,Sports Illustrated Stadium
NWMW84L5lz,36081009600,103.0,NWMW84L5lz,current,Sports Illustrated Stadium
NWMW84L5lz,36081009800,98.0,NWMW84L5lz,current,Sports Illustrated Stadium
NWMW84L5lz,36081009900,95.0,NWMW84L5lz,current,Sports Illustrated Stadium
NWMW84L5lz,36081034700,96.0,NWMW84L5lz,current,Sports Illustrated Stadium
NWMW84L5lz,36081035200,103.0,NWMW84L5lz,current,Sports Illustrated Stadium
NWMW84L5lz,36081035300,91.0,NWMW84L5lz,current,Sports Illustrated Stadium
NWMW84L5lz,36081026501,74.0,NWMW84L5lz,current,Sports Illustrated Stadium
NWMW84L5lz,36081037502,83.0,NWMW84L5lz,current,Sports Illustrated Stadium
NWMW84L5lz,36081089202,116.0,NWMW84L5lz,current,Sports Illustrated Stadium
NWMW84L5lz,36081027301,80.0,NWMW84L5lz,current,Sports Illustrated Stadium
NWMW84L5lz,36081000104,72.0,NWMW84L5lz,current,Sports Illustrated Stadium
NWMW84L5lz,36081027101,81.0,NWMW84L5lz,current,Sports Illustrated Stadium
NWMW84L5lz,36081040702,85.0,NWMW84L5lz,current,Sports Illustrated Stadium
NWMW84L5lz,36081040302,82.0,NWMW84L5lz,current,Sports Illustrated Stadium
NWMW84L5lz,36081040102,82.0,NWMW84L5lz,current,Sports Illustrated Stadium
NWMW84L5lz,36081027302,84.0,NWMW84L5lz,current,Sports Illustrated Stadium
NWMW84L5lz,36081040902,81.0,NWMW84L5lz,current,Sports Illustrated Stadium
NWMW84L5lz,36081043900,94.0,NWMW84L5lz,current,Sports Illustrated Stadium
NWMW84L5lz,36081044000,96.0,NWMW84L5lz,current,Sports Illustrated Stadium
NWMW84L5lz,36081044601,87.0,NWMW84L5lz,current,Sports Illustrated Stadium
NWMW84L5lz,36081007500,82.0,NWMW84L5lz,current,Sports Illustrated Stadium
NWMW84L5lz,36081006300,82.0,NWMW84L5lz,current,Sports Illustrated Stadium
NWMW84L5lz,36081007100,83.0,NWMW84L5lz,current,Sports Illustrated Stadium
NWMW84L5lz,36081010000,105.0,NWMW84L5lz,current,Sports Illustrated Stadium
NWMW84L5lz,36081010300,92.0,NWMW84L5lz,current,Sports Illustrated Stadium
NWMW84L5lz,36081010500,98.0,NWMW84L5lz,current,Sports Illustrated Stadium
NWMW84L5lz,36081010600,97.0,NWMW84L5lz,current,Sports Illustrated Stadium
NWMW84L5lz,36081010701,113.0,NWMW84L5lz,current,Sports Illustrated Stadium
NWMW84L5lz,36081011000,95.0,NWMW84L5lz,current,Sports Illustrated Stadium
NWMW84L5lz,36081011200,101.0,NWMW84L5lz,current,Sports Illustrated Stadium
NWMW84L5lz,36081011300,86.0,NWMW84L5lz,current,Sports Illustrated Stadium
NWMW84L5lz,36081010200,105.0,NWMW84L5lz,current,Sports Illustrated Stadium
NWMW84L5lz,36081011500,83.0,NWMW84L5lz,current,Sports Illustrated Stadium
NWMW84L5lz,36081011700,86.0,NWMW84L5lz,current,Sports Illustrated Stadium
NWMW84L5lz,36081011800,97.0,NWMW84L5lz,current,Sports Illustrated Stadium
NWMW84L5lz,36081012200,97.0,NWMW84L5lz,current,Sports Illustrated Stadium
NWMW84L5lz,36081012301,97.0,NWMW84L5lz,current,Sports Illustrated Stadium
NWMW84L5lz,36081012400,98.0,NWMW84L5lz,current,Sports Illustrated Stadium
NWMW84L5lz,36081012602,101.0,NWMW84L5lz,current,Sports Illustrated Stadium
NWMW84L5lz,36081013200,96.0,NWMW84L5lz,current,Sports Illustrated Stadium
NWMW84L5lz,36081013400,97.0,NWMW84L5lz,current,Sports Illustrated Stadium
NWMW84L5lz,36081013500,95.0,NWMW84L5lz,current,Sports Illustrated Stadium
NWMW84L5lz,36081013600,95.0,NWMW84L5lz,current,Sports Illustrated Stadium
NWMW84L5lz,36081013700,91.0,NWMW84L5lz,current,Sports Illustrated Stadium
NWMW84L5lz,36081013800,94.0,NWMW84L5lz,current,Sports Illustrated Stadium
NWMW84L5lz,36081014000,95.0,NWMW84L5lz,current,Sports Illustrated Stadium
NWMW84L5lz,36081014202,91.0,NWMW84L5lz,current,Sports Illustrated Stadium
NWMW84L5lz,36081014500,93.0,NWMW84L5lz,current,Sports Illustrated Stadium
NWMW84L5lz,36081015000,92.0,NWMW84L5lz,current,Sports Illustrated Stadium
NWMW84L5lz,36081015200,87.0,NWMW84L5lz,current,Sports Illustrated Stadium
NWMW84L5lz,36081015400,91.0,NWMW84L5lz,current,Sports Illustrated Stadium
NWMW84L5lz,36081015500,84.0,NWMW84L5lz,current,Sports Illustrated Stadium
NWMW84L5lz,36081015600,91.0,NWMW84L5lz,current,Sports Illustrated Stadium
NWMW84L5lz,36081015700,81.0,NWMW84L5lz,current,Sports Illustrated Stadium
NWMW84L5lz,36081014700,88.0,NWMW84L5lz,current,Sports Illustrated Stadium
NWMW84L5lz,36081014800,92.0,NWMW84L5lz,current,Sports Illustrated Stadium
NWMW84L5lz,36081014900,86.0,NWMW84L5lz,current,Sports Illustrated Stadium
NWMW84L5lz,36081018502,80.0,NWMW84L5lz,current,Sports Illustrated Stadium
NWMW84L5lz,36081016300,85.0,NWMW84L5lz,current,Sports Illustrated Stadium
NWMW84L5lz,36081016600,103.0,NWMW84L5lz,current,Sports Illustrated Stadium
NWMW84L5lz,36081016800,103.0,NWMW84L5lz,current,Sports Illustrated Stadium
NWMW84L5lz,36081016900,85.0,NWMW84L5lz,current,Sports Illustrated Stadium
NWMW84L5lz,36081017000,97.0,NWMW84L5lz,current,Sports Illustrated Stadium
NWMW84L5lz,36081066402,110.0,NWMW84L5lz,current,Sports Illustrated Stadium
NWMW84L5lz,36081017200,99.0,NWMW84L5lz,current,Sports Illustrated Stadium
NWMW84L5lz,36081017400,100.0,NWMW84L5lz,current,Sports Illustrated Stadium
NWMW84L5lz,36081017600,101.0,NWMW84L5lz,current,Sports Illustrated Stadium
NWMW84L5lz,36081018000,100.0,NWMW84L5lz,current,Sports Illustrated Stadium
NWMW84L5lz,36081025301,78.0,NWMW84L5lz,current,Sports Illustrated Stadium
NWMW84L5lz,36081018200,98.0,NWMW84L5lz,current,Sports Illustrated Stadium
NWMW84L5lz,36081025302,79.0,NWMW84L5lz,current,Sports Illustrated Stadium
NWMW84L5lz,36081066404,,NWMW84L5lz,current,Sports Illustrated Stadium
NWMW84L5lz,36081033403,103.0,NWMW84L5lz,current,Sports Illustrated Stadium
NWMW84L5lz,36081033404,99.0,NWMW84L5lz,current,Sports Illustrated Stadium
NWMW84L5lz,36081000102,74.0,NWMW84L5lz,current,Sports Illustrated Stadium
NWMW84L5lz,36081053501,90.0,NWMW84L5lz,current,Sports Illustrated Stadium
NWMW84L5lz,36081026502,78.0,NWMW84L5lz,current,Sports Illustrated Stadium
NWMW84L5lz,36081048301,79.0,NWMW84L5lz,current,Sports Illustrated Stadium
NWMW84L5lz,36081039902,83.0,NWMW84L5lz,current,Sports Illustrated Stadium
NWMW84L5lz,36047070601,,NWMW84L5lz,current,Sports Illustrated Stadium
NWMW84L5lz,36047088002,89.0,NWMW84L5lz,current,Sports Illustrated Stadium
NWMW84L5lz,36047070602,,NWMW84L5lz,current,Sports Illustrated Stadium
NWMW84L5lz,36047006901,73.0,NWMW84L5lz,current,Sports Illustrated Stadium
NWMW84L5lz,36047006902,75.0,NWMW84L5lz,current,Sports Illustrated Stadium
NWMW84L5lz,36047033701,78.0,NWMW84L5lz,current,Sports Illustrated Stadium
NWMW84L5lz,36047033702,78.0,NWMW84L5lz,current,Sports Illustrated Stadium
NWMW84L5lz,36047088001,88.0,NWMW84L5lz,current,Sports Illustrated Stadium
NWMW84L5lz,36081018401,97.0,NWMW84L5lz,current,Sports Illustrated Stadium
NWMW84L5lz,36081018700,84.0,NWMW84L5lz,current,Sports Illustrated Stadium
NWMW84L5lz,36081018402,97.0,NWMW84L5lz,current,Sports Illustrated Stadium
NWMW84L5lz,36081018600,96.0,NWMW84L5lz,current,Sports Illustrated Stadium
NWMW84L5lz,36081018800,96.0,NWMW84L5lz,current,Sports Illustrated Stadium
NWMW84L5lz,36081026902,79.0,NWMW84L5lz,current,Sports Illustrated Stadium
NWMW84L5lz,36081019200,93.0,NWMW84L5lz,current,Sports Illustrated Stadium
NWMW84L5lz,36081030903,90.0,NWMW84L5lz,current,Sports Illustrated Stadium
NWMW84L5lz,36081019600,91.0,NWMW84L5lz,current,Sports Illustrated Stadium
NWMW84L5lz,36081018900,81.0,NWMW84L5lz,current,Sports Illustrated Stadium
NWMW84L5lz,36081019000,93.0,NWMW84L5lz,current,Sports Illustrated Stadium
NWMW84L5lz,36081020400,82.0,NWMW84L5lz,current,Sports Illustrated Stadium
NWMW84L5lz,36081020600,84.0,NWMW84L5lz,current,Sports Illustrated Stadium
NWMW84L5lz,36081020800,76.0,NWMW84L5lz,current,Sports Illustrated Stadium
NWMW84L5lz,36081021200,81.0,NWMW84L5lz,current,Sports Illustrated Stadium
NWMW84L5lz,36081021400,88.0,NWMW84L5lz,current,Sports Illustrated Stadium
NWMW84L5lz,36081021900,100.0,NWMW84L5lz,current,Sports Illustrated Stadium
NWMW84L5lz,36081022001,94.0,NWMW84L5lz,current,Sports Illustrated Stadium
NWMW84L5lz,36081022900,97.0,NWMW84L5lz,current,Sports Illustrated Stadium
NWMW84L5lz,36081023000,94.0,NWMW84L5lz,current,Sports Illustrated Stadium
NWMW84L5lz,36081043701,97.0,NWMW84L5lz,current,Sports Illustrated Stadium
NWMW84L5lz,36081061302,98.0,NWMW84L5lz,current,Sports Illustrated Stadium
NWMW84L5lz,36081071306,88.0,NWMW84L5lz,current,Sports Illustrated Stadium
NWMW84L5lz,36081077906,97.0,NWMW84L5lz,current,Sports Illustrated Stadium
NWMW84L5lz,36081057900,96.0,NWMW84L5lz,current,Sports Illustrated Stadium
NWMW84L5lz,36081058000,104.0,NWMW84L5lz,current,Sports Illustrated Stadium
NWMW84L5lz,36081058100,91.0,NWMW84L5lz,current,Sports Illustrated Stadium
NWMW84L5lz,36081058900,89.0,NWMW84L5lz,current,Sports Illustrated Stadium
NWMW84L5lz,36081090700,102.0,NWMW84L5lz,current,Sports Illustrated Stadium
NWMW84L5lz,36081092900,,NWMW84L5lz,current,Sports Illustrated Stadium
NWMW84L5lz,36059300902,,NWMW84L5lz,current,Sports Illustrated Stadium
NWMW84L5lz,36059300901,,NWMW84L5lz,current,Sports Illustrated Stadium
NWMW84L5lz,36059303204,117.0,NWMW84L5lz,current,Sports Illustrated Stadium
NWMW84L5lz,36059303203,,NWMW84L5lz,current,Sports Illustrated Stadium
NWMW84L5lz,36081049301,93.0,NWMW84L5lz,current,Sports Illustrated Stadium
NWMW84L5lz,36081049302,89.0,NWMW84L5lz,current,Sports Illustrated Stadium
NWMW84L5lz,36081049500,95.0,NWMW84L5lz,current,Sports Illustrated Stadium
NWMW84L5lz,36081049600,101.0,NWMW84L5lz,current,Sports Illustrated Stadium
NWMW84L5lz,36081049700,91.0,NWMW84L5lz,current,Sports Illustrated Stadium
NWMW84L5lz,36081049900,88.0,NWMW84L5lz,current,Sports Illustrated Stadium
NWMW84L5lz,36081060100,95.0,NWMW84L5lz,current,Sports Illustrated Stadium
NWMW84L5lz,36081059100,91.0,NWMW84L5lz,current,Sports Illustrated Stadium
NWMW84L5lz,36081059200,110.0,NWMW84L5lz,current,Sports Illustrated Stadium
NWMW84L5lz,36081059300,94.0,NWMW84L5lz,current,Sports Illustrated Stadium
NWMW84L5lz,36081059400,108.0,NWMW84L5lz,current,Sports Illustrated Stadium
NWMW84L5lz,36081059800,102.0,NWMW84L5lz,current,Sports Illustrated Stadium
NWMW84L5lz,36081059900,96.0,NWMW84L5lz,current,Sports Illustrated Stadium
NWMW84L5lz,36081060000,110.0,NWMW84L5lz,current,Sports Illustrated Stadium
NWMW84L5lz,36081060600,111.0,NWMW84L5lz,current,Sports Illustrated Stadium
NWMW84L5lz,36081060701,101.0,NWMW84L5lz,current,Sports Illustrated Stadium
NWMW84L5lz,36081060800,105.0,NWMW84L5lz,current,Sports Illustrated Stadium
NWMW84L5lz,36081061400,115.0,NWMW84L5lz,current,Sports Illustrated Stadium
NWMW84L5lz,36081061602,108.0,NWMW84L5lz,current,Sports Illustrated Stadium
NWMW84L5lz,36081051500,95.0,NWMW84L5lz,current,Sports Illustrated Stadium
NWMW84L5lz,36081051600,103.0,NWMW84L5lz,current,Sports Illustrated Stadium
NWMW84L5lz,36081051700,94.0,NWMW84L5lz,current,Sports Illustrated Stadium
NWMW84L5lz,36081050000,88.0,NWMW84L5lz,current,Sports Illustrated Stadium
NWMW84L5lz,36081051800,105.0,NWMW84L5lz,current,Sports Illustrated Stadium
NWMW84L5lz,36081052100,96.0,NWMW84L5lz,current,Sports Illustrated Stadium
NWMW84L5lz,36081052200,101.0,NWMW84L5lz,current,Sports Illustrated Stadium
NWMW84L5lz,36081050201,86.0,NWMW84L5lz,current,Sports Illustrated Stadium
NWMW84L5lz,36081050500,90.0,NWMW84L5lz,current,Sports Illustrated Stadium
NWMW84L5lz,36081050700,94.0,NWMW84L5lz,current,Sports Illustrated Stadium
NWMW84L5lz,36081050800,99.0,NWMW84L5lz,current,Sports Illustrated Stadium
NWMW84L5lz,36081051000,99.0,NWMW84L5lz,current,Sports Illustrated Stadium
NWMW84L5lz,36081051100,95.0,NWMW84L5lz,current,Sports Illustrated Stadium
NWMW84L5lz,36081051300,93.0,NWMW84L5lz,current,Sports Illustrated Stadium
NWMW84L5lz,36081080301,101.0,NWMW84L5lz,current,Sports Illustrated Stadium
NWMW84L5lz,36081080302,99.0,NWMW84L5lz,current,Sports Illustrated Stadium
NWMW84L5lz,36081080900,99.0,NWMW84L5lz,current,Sports Illustrated Stadium
NWMW84L5lz,36081081400,105.0,NWMW84L5lz,current,Sports Illustrated Stadium
NWMW84L5lz,36081081800,108.0,NWMW84L5lz,current,Sports Illustrated Stadium
NWMW84L5lz,36081052400,98.0,NWMW84L5lz,current,Sports Illustrated Stadium
NWMW84L5lz,36081052800,110.0,NWMW84L5lz,current,Sports Illustrated Stadium
NWMW84L5lz,36081053000,107.0,NWMW84L5lz,current,Sports Illustrated Stadium
NWMW84L5lz,36081061800,106.0,NWMW84L5lz,current,Sports Illustrated Stadium
NWMW84L5lz,36081061900,104.0,NWMW84L5lz,current,Sports Illustrated Stadium
NWMW84L5lz,36081062000,113.0,NWMW84L5lz,current,Sports Illustrated Stadium
NWMW84L5lz,36081062100,104.0,NWMW84L5lz,current,Sports Illustrated Stadium
NWMW84L5lz,36081062400,110.0,NWMW84L5lz,current,Sports Illustrated Stadium
NWMW84L5lz,36081062600,112.0,NWMW84L5lz,current,Sports Illustrated Stadium
NWMW84L5lz,36081062700,100.0,NWMW84L5lz,current,Sports Illustrated Stadium
NWMW84L5lz,36061030900,90.0,NWMW84L5lz,current,Sports Illustrated Stadium
NWMW84L5lz,36061004400,77.0,NWMW84L5lz,current,Sports Illustrated Stadium
NWMW84L5lz,36061012101,60.0,NWMW84L5lz,current,Sports Illustrated Stadium
NWMW84L5lz,36061010803,69.0,NWMW84L5lz,current,Sports Illustrated Stadium
NWMW84L5lz,36061010802,71.0,NWMW84L5lz,current,Sports Illustrated Stadium
NWMW84L5lz,36061015403,72.0,NWMW84L5lz,current,Sports Illustrated Stadium
NWMW84L5lz,36061015402,71.0,NWMW84L5lz,current,Sports Illustrated Stadium
NWMW84L5lz,36061004001,67.0,NWMW84L5lz,current,Sports Illustrated Stadium
NWMW84L5lz,36061013604,73.0,NWMW84L5lz,current,Sports Illustrated Stadium
NWMW84L5lz,36061013203,73.0,NWMW84L5lz,current,Sports Illustrated Stadium
NWMW84L5lz,36061013602,77.0,NWMW84L5lz,current,Sports Illustrated Stadium
NWMW84L5lz,36081062900,105.0,NWMW84L5lz,current,Sports Illustrated Stadium
NWMW84L5lz,36081083700,102.0,NWMW84L5lz,current,Sports Illustrated Stadium
NWMW84L5lz,36081083800,111.0,NWMW84L5lz,current,Sports Illustrated Stadium
NWMW84L5lz,36081084000,107.0,NWMW84L5lz,current,Sports Illustrated Stadium
NWMW84L5lz,36081084500,99.0,NWMW84L5lz,current,Sports Illustrated Stadium
NWMW84L5lz,36081084601,109.0,NWMW84L5lz,current,Sports Illustrated Stadium
NWMW84L5lz,36081053401,101.0,NWMW84L5lz,current,Sports Illustrated Stadium
NWMW84L5lz,36081000701,66.0,NWMW84L5lz,current,Sports Illustrated Stadium
NWMW84L5lz,36081053601,103.0,NWMW84L5lz,current,Sports Illustrated Stadium
NWMW84L5lz,36081054000,97.0,NWMW84L5lz,current,Sports Illustrated Stadium
NWMW84L5lz,36081040701,80.0,NWMW84L5lz,current,Sports Illustrated Stadium
NWMW84L5lz,36081001901,71.0,NWMW84L5lz,current,Sports Illustrated Stadium
NWMW84L5lz,36081017902,72.0,NWMW84L5lz,current,Sports Illustrated Stadium
NWMW84L5lz,36081023502,78.0,NWMW84L5lz,current,Sports Illustrated Stadium
NWMW84L5lz,36081049201,105.0,NWMW84L5lz,current,Sports Illustrated Stadium
NWMW84L5lz,36081097207,,NWMW84L5lz,current,Sports Illustrated Stadium
NWMW84L5lz,36081047802,99.0,NWMW84L5lz,current,Sports Illustrated Stadium
NWMW84L5lz,36081049202,104.0,NWMW84L5lz,current,Sports Illustrated Stadium
NWMW84L5lz,36081063700,102.0,NWMW84L5lz,current,Sports Illustrated Stadium
NWMW84L5lz,36081063800,101.0,NWMW84L5lz,current,Sports Illustrated Stadium
NWMW84L5lz,36081063900,101.0,NWMW84L5lz,current,Sports Illustrated Stadium
NWMW84L5lz,36081064101,103.0,NWMW84L5lz,current,Sports Illustrated Stadium
NWMW84L5lz,36081064102,101.0,NWMW84L5lz,current,Sports Illustrated Stadium
NWMW84L5lz,36081063301,111.0,NWMW84L5lz,current,Sports Illustrated Stadium
NWMW84L5lz,36081063302,112.0,NWMW84L5lz,current,Sports Illustrated Stadium
NWMW84L5lz,36081063500,109.0,NWMW84L5lz,current,Sports Illustrated Stadium
NWMW84L5lz,36081064500,98.0,NWMW84L5lz,current,Sports Illustrated Stadium
NWMW84L5lz,36081064600,106.0,NWMW84L5lz,current,Sports Illustrated Stadium
NWMW84L5lz,36081065000,100.0,NWMW84L5lz,current,Sports Illustrated Stadium
NWMW84L5lz,36081084602,115.0,NWMW84L5lz,current,Sports Illustrated Stadium
NWMW84L5lz,36081086100,98.0,NWMW84L5lz,current,Sports Illustrated Stadium
NWMW84L5lz,36081086300,96.0,NWMW84L5lz,current,Sports Illustrated Stadium
NWMW84L5lz,36081086400,109.0,NWMW84L5lz,current,Sports Illustrated Stadium
NWMW84L5lz,36081086500,92.0,NWMW84L5lz,current,Sports Illustrated Stadium
NWMW84L5lz,36081087100,89.0,NWMW84L5lz,current,Sports Illustrated Stadium
NWMW84L5lz,36081088400,109.0,NWMW84L5lz,current,Sports Illustrated Stadium
NWMW84L5lz,36081054500,86.0,NWMW84L5lz,current,Sports Illustrated Stadium
NWMW84L5lz,36081054200,98.0,NWMW84L5lz,current,Sports Illustrated Stadium
NWMW84L5lz,36081054700,86.0,NWMW84L5lz,current,Sports Illustrated Stadium
NWMW84L5lz,36081054800,106.0,NWMW84L5lz,current,Sports Illustrated Stadium
NWMW84L5lz,36081065600,105.0,NWMW84L5lz,current,Sports Illustrated Stadium
NWMW84L5lz,36081065702,98.0,NWMW84L5lz,current,Sports Illustrated Stadium
NWMW84L5lz,36081065900,101.0,NWMW84L5lz,current,Sports Illustrated Stadium
NWMW84L5lz,36081066000,106.0,NWMW84L5lz,current,Sports Illustrated Stadium
NWMW84L5lz,36081047600,104.0,NWMW84L5lz,current,Sports Illustrated Stadium
NWMW84L5lz,36081047900,88.0,NWMW84L5lz,current,Sports Illustrated Stadium
NWMW84L5lz,36081048500,86.0,NWMW84L5lz,current,Sports Illustrated Stadium
NWMW84L5lz,36081048900,93.0,NWMW84L5lz,current,Sports Illustrated Stadium
NWMW84L5lz,36081055900,84.0,NWMW84L5lz,current,Sports Illustrated Stadium
NWMW84L5lz,36081056100,104.0,NWMW84L5lz,current,Sports Illustrated Stadium
NWMW84L5lz,36081056500,89.0,NWMW84L5lz,current,Sports Illustrated Stadium
NWMW84L5lz,36081056700,97.0,NWMW84L5lz,current,Sports Illustrated Stadium
NWMW84L5lz,36081055200,103.0,NWMW84L5lz,current,Sports Illustrated Stadium
NWMW84L5lz,36081055300,86.0,NWMW84L5lz,current,Sports Illustrated Stadium
NWMW84L5lz,36081055400,97.0,NWMW84L5lz,current,Sports Illustrated Stadium
NWMW84L5lz,36081055500,84.0,NWMW84L5lz,current,Sports Illustrated Stadium
NWMW84L5lz,36081055700,90.0,NWMW84L5lz,current,Sports Illustrated Stadium
NWMW84L5lz,36081055800,94.0,NWMW84L5lz,current,Sports Illustrated Stadium
NWMW84L5lz,36081056800,92.0,NWMW84L5lz,current,Sports Illustrated Stadium
NWMW84L5lz,36081057700,97.0,NWMW84L5lz,current,Sports Illustrated Stadium
NWMW84L5lz,36081066501,102.0,NWMW84L5lz,current,Sports Illustrated Stadium
NWMW84L5lz,36081067700,97.0,NWMW84L5lz,current,Sports Illustrated Stadium
NWMW84L5lz,36081068000,100.0,NWMW84L5lz,current,Sports Illustrated Stadium
NWMW84L5lz,36081068200,94.0,NWMW84L5lz,current,Sports Illustrated Stadium
NWMW84L5lz,36081068700,86.0,NWMW84L5lz,current,Sports Illustrated Stadium
NWMW84L5lz,36081069000,103.0,NWMW84L5lz,current,Sports Illustrated Stadium
NWMW84L5lz,36081116302,98.0,NWMW84L5lz,current,Sports Illustrated Stadium
NWMW84L5lz,36081003302,75.0,NWMW84L5lz,current,Sports Illustrated Stadium
NWMW84L5lz,36081000103,77.0,NWMW84L5lz,current,Sports Illustrated Stadium
NWMW84L5lz,36081116301,99.0,NWMW84L5lz,current,Sports Illustrated Stadium
NWMW84L5lz,36081047801,103.0,NWMW84L5lz,current,Sports Illustrated Stadium
NWMW84L5lz,36081021603,89.0,NWMW84L5lz,current,Sports Illustrated Stadium
NWMW84L5lz,36081000702,72.0,NWMW84L5lz,current,Sports Illustrated Stadium
NWMW84L5lz,36081019902,85.0,NWMW84L5lz,current,Sports Illustrated Stadium
NWMW84L5lz,36081001902,73.0,NWMW84L5lz,current,Sports Illustrated Stadium
NWMW84L5lz,36081120702,108.0,NWMW84L5lz,current,Sports Illustrated Stadium
NWMW84L5lz,36081019901,81.0,NWMW84L5lz,current,Sports Illustrated Stadium
NWMW84L5lz,36081053502,89.0,NWMW84L5lz,current,Sports Illustrated Stadium
NWMW84L5lz,36081017901,76.0,NWMW84L5lz,current,Sports Illustrated Stadium
NWMW84L5lz,36081023501,83.0,NWMW84L5lz,current,Sports Illustrated Stadium
NWMW84L5lz,36081030906,87.0,NWMW84L5lz,current,Sports Illustrated Stadium
NWMW84L5lz,36081030905,91.0,NWMW84L5lz,current,Sports Illustrated Stadium
NWMW84L5lz,36081027702,83.0,NWMW84L5lz,current,Sports Illustrated Stadium
NWMW84L5lz,36081101004,,NWMW84L5lz,current,Sports Illustrated Stadium
NWMW84L5lz,36081101003,,NWMW84L5lz,current,Sports Illustrated Stadium
NWMW84L5lz,36081097206,,NWMW84L5lz,current,Sports Illustrated Stadium
NWMW84L5lz,36081100803,,NWMW84L5lz,current,Sports Illustrated Stadium
NWMW84L5lz,36081100804,,NWMW84L5lz,current,Sports Illustrated Stadium
NWMW84L5lz,36081155103,,NWMW84L5lz,current,Sports Illustrated Stadium
NWMW84L5lz,36081066401,,NWMW84L5lz,current,Sports Illustrated Stadium
NWMW84L5lz,36081033405,94.0,NWMW84L5lz,current,Sports Illustrated Stadium
NWMW84L5lz,36081155104,117.0,NWMW84L5lz,current,Sports Illustrated Stadium
NWMW84L5lz,36081025402,93.0,NWMW84L5lz,current,Sports Illustrated Stadium
NWMW84L5lz,36081025401,89.0,NWMW84L5lz,current,Sports Illustrated Stadium
NWMW84L5lz,36081028803,104.0,NWMW84L5lz,current,Sports Illustrated Stadium
NWMW84L5lz,36081028802,104.0,NWMW84L5lz,current,Sports Illustrated Stadium
NWMW84L5lz,36081069300,85.0,NWMW84L5lz,current,Sports Illustrated Stadium
NWMW84L5lz,36081069400,114.0,NWMW84L5lz,current,Sports Illustrated Stadium
NWMW84L5lz,36081069500,92.0,NWMW84L5lz,current,Sports Illustrated Stadium
NWMW84L5lz,36081069701,88.0,NWMW84L5lz,current,Sports Illustrated Stadium
NWMW84L5lz,36081138501,111.0,NWMW84L5lz,current,Sports Illustrated Stadium
NWMW84L5lz,36081138502,116.0,NWMW84L5lz,current,Sports Illustrated Stadium
NWMW84L5lz,36081143500,111.0,NWMW84L5lz,current,Sports Illustrated Stadium
NWMW84L5lz,36081144100,107.0,NWMW84L5lz,current,Sports Illustrated Stadium
NWMW84L5lz,36081144700,112.0,NWMW84L5lz,current,Sports Illustrated Stadium
NWMW84L5lz,36081145101,113.0,NWMW84L5lz,current,Sports Illustrated Stadium
NWMW84L5lz,36081145102,110.0,NWMW84L5lz,current,Sports Illustrated Stadium
NWMW84L5lz,36081139900,109.0,NWMW84L5lz,current,Sports Illustrated Stadium
NWMW84L5lz,36081140901,111.0,NWMW84L5lz,current,Sports Illustrated Stadium
NWMW84L5lz,36081140902,112.0,NWMW84L5lz,current,Sports Illustrated Stadium
NWMW84L5lz,36081142900,112.0,NWMW84L5lz,current,Sports Illustrated Stadium
NWMW84L5lz,36081146300,118.0,NWMW84L5lz,current,Sports Illustrated Stadium
NWMW84L5lz,36081146700,117.0,NWMW84L5lz,current,Sports Illustrated Stadium
NWMW84L5lz,36081147100,115.0,NWMW84L5lz,current,Sports Illustrated Stadium
NWMW84L5lz,36081147900,,NWMW84L5lz,current,Sports Illustrated Stadium
NWMW84L5lz,36081148300,,NWMW84L5lz,current,Sports Illustrated Stadium
NWMW84L5lz,36081150701,,NWMW84L5lz,current,Sports Illustrated Stadium
NWMW84L5lz,36081071600,,NWMW84L5lz,current,Sports Illustrated Stadium
NWMW84L5lz,36081069702,96.0,NWMW84L5lz,current,Sports Illustrated Stadium
NWMW84L5lz,36081070700,97.0,NWMW84L5lz,current,Sports Illustrated Stadium
NWMW84L5lz,36081071100,89.0,NWMW84L5lz,current,Sports Illustrated Stadium
NWMW84L5lz,36081072900,95.0,NWMW84L5lz,current,Sports Illustrated Stadium
NWMW84L5lz,36081073900,84.0,NWMW84L5lz,current,Sports Illustrated Stadium
NWMW84L5lz,36081074300,92.0,NWMW84L5lz,current,Sports Illustrated Stadium
NWMW84L5lz,36081074500,93.0,NWMW84L5lz,current,Sports Illustrated Stadium
NWMW84L5lz,36081076902,87.0,NWMW84L5lz,current,Sports Illustrated Stadium
NWMW84L5lz,36081073100,95.0,NWMW84L5lz,current,Sports Illustrated Stadium
NWMW84L5lz,36081073700,86.0,NWMW84L5lz,current,Sports Illustrated Stadium
NWMW84L5lz,36081077300,91.0,NWMW84L5lz,current,Sports Illustrated Stadium
NWMW84L5lz,36081077500,94.0,NWMW84L5lz,current,Sports Illustrated Stadium
NWMW84L5lz,36081077902,100.0,NWMW84L5lz,current,Sports Illustrated Stadium
NWMW84L5lz,36081077903,97.0,NWMW84L5lz,current,Sports Illustrated Stadium
NWMW84L5lz,36081077905,100.0,NWMW84L5lz,current,Sports Illustrated Stadium
NWMW84L5lz,36081078800,103.0,NWMW84L5lz,current,Sports Illustrated Stadium
NWMW84L5lz,36081079200,103.0,NWMW84L5lz,current,Sports Illustrated Stadium
NWMW84L5lz,36081079300,118.0,NWMW84L5lz,current,Sports Illustrated Stadium
NWMW84L5lz,36081079900,96.0,NWMW84L5lz,current,Sports Illustrated Stadium
NWMW84L5lz,36081150702,,NWMW84L5lz,current,Sports Illustrated Stadium
NWMW84L5lz,36081152901,,NWMW84L5lz,current,Sports Illustrated Stadium
NWMW84L5lz,36081152902,,NWMW84L5lz,current,Sports Illustrated Stadium
NWMW84L5lz,36081155101,,NWMW84L5lz,current,Sports Illustrated Stadium
NWMW84L5lz,36081156700,111.0,NWMW84L5lz,current,Sports Illustrated Stadium
NWMW84L5lz,36081157101,115.0,NWMW84L5lz,current,Sports Illustrated Stadium
NWMW84L5lz,36081157901,,NWMW84L5lz,current,Sports Illustrated Stadium
NWMW84L5lz,36081157902,119.0,NWMW84L5lz,current,Sports Illustrated Stadium
NWMW84L5lz,36081157903,106.0,NWMW84L5lz,current,Sports Illustrated Stadium
NWMW84L5lz,36081161700,106.0,NWMW84L5lz,current,Sports Illustrated Stadium
NWMW84L5lz,36081162100,107.0,NWMW84L5lz,current,Sports Illustrated Stadium
NWMW84L5lz,36081037900,87.0,NWMW84L5lz,current,Sports Illustrated Stadium
NWMW84L5lz,36081048200,90.0,NWMW84L5lz,current,Sports Illustrated Stadium
NWMW84L5lz,36081048400,95.0,NWMW84L5lz,current,Sports Illustrated Stadium
NWMW84L5lz,36081037501,80.0,NWMW84L5lz,current,Sports Illustrated Stadium
NWMW84L5lz,36081040901,81.0,NWMW84L5lz,current,Sports Illustrated Stadium
NWMW84L5lz,36081120701,107.0,NWMW84L5lz,current,Sports Illustrated Stadium
NWMW84L5lz,36081066301,97.0,NWMW84L5lz,current,Sports Illustrated Stadium
NWMW84L5lz,36081088902,99.0,NWMW84L5lz,current,Sports Illustrated Stadium
NWMW84L5lz,36081088903,105.0,NWMW84L5lz,current,Sports Illustrated Stadium
NWMW84L5lz,36081040502,80.0,NWMW84L5lz,current,Sports Illustrated Stadium
NWMW84L5lz,36081040501,80.0,NWMW84L5lz,current,Sports Illustrated Stadium
NWMW84L5lz,36081040301,82.0,NWMW84L5lz,current,Sports Illustrated Stadium
NWMW84L5lz,36081039901,82.0,NWMW84L5lz,current,Sports Illustrated Stadium
NWMW84L5lz,36081040101,82.0,NWMW84L5lz,current,Sports Illustrated Stadium
NWMW84L5lz,36081134701,107.0,NWMW84L5lz,current,Sports Illustrated Stadium
NWMW84L5lz,36081134702,114.0,NWMW84L5lz,current,Sports Illustrated Stadium
NWMW84L5lz,36081028801,98.0,NWMW84L5lz,current,Sports Illustrated Stadium
NWMW84L5lz,36081084902,90.0,NWMW84L5lz,current,Sports Illustrated Stadium
NWMW84L5lz,36081066302,101.0,NWMW84L5lz,current,Sports Illustrated Stadium
NWMW84L5lz,36081122703,103.0,NWMW84L5lz,current,Sports Illustrated Stadium
NWMW84L5lz,36081122704,102.0,NWMW84L5lz,current,Sports Illustrated Stadium
NWMW84L5lz,36081021602,89.0,NWMW84L5lz,current,Sports Illustrated Stadium
NWMW84L5lz,36081027102,78.0,NWMW84L5lz,current,Sports Illustrated Stadium
NWMW84L5lz,36081046902,77.0,NWMW84L5lz,current,Sports Illustrated Stadium
NWMW84L5lz,36081046901,83.0,NWMW84L5lz,current,Sports Illustrated Stadium
NWMW84L5lz,36081119300,110.0,NWMW84L5lz,current,Sports Illustrated Stadium
NWMW84L5lz,36081119900,104.0,NWMW84L5lz,current,Sports Illustrated Stadium
NWMW84L5lz,36081120500,100.0,NWMW84L5lz,current,Sports Illustrated Stadium
NWMW84L5lz,36081121500,103.0,NWMW84L5lz,current,Sports Illustrated Stadium
NWMW84L5lz,36081122300,106.0,NWMW84L5lz,current,Sports Illustrated Stadium
NWMW84L5lz,36081119500,108.0,NWMW84L5lz,current,Sports Illustrated Stadium
NWMW84L5lz,36081122702,98.0,NWMW84L5lz,current,Sports Illustrated Stadium
NWMW84L5lz,36081124100,103.0,NWMW84L5lz,current,Sports Illustrated Stadium
NWMW84L5lz,36081125700,102.0,NWMW84L5lz,current,Sports Illustrated Stadium
NWMW84L5lz,36081126500,98.0,NWMW84L5lz,current,Sports Illustrated Stadium
NWMW84L5lz,36081126700,103.0,NWMW84L5lz,current,Sports Illustrated Stadium
NWMW84L5lz,36081128300,116.0,NWMW84L5lz,current,Sports Illustrated Stadium
NWMW84L5lz,36081130100,105.0,NWMW84L5lz,current,Sports Illustrated Stadium
NWMW84L5lz,36081056600,89.0,NWMW84L5lz,current,Sports Illustrated Stadium
NWMW84L5lz,36081115100,106.0,NWMW84L5lz,current,Sports Illustrated Stadium
NWMW84L5lz,36081120300,105.0,NWMW84L5lz,current,Sports Illustrated Stadium
NWMW84L5lz,36081066100,101.0,NWMW84L5lz,current,Sports Illustrated Stadium
NWMW84L5lz,36081079000,100.0,NWMW84L5lz,current,Sports Illustrated Stadium
NWMW84L5lz,36081103300,113.0,NWMW84L5lz,current,Sports Illustrated Stadium
NWMW84L5lz,36081133300,111.0,NWMW84L5lz,current,Sports Illustrated Stadium
NWMW84L5lz,36081134100,107.0,NWMW84L5lz,current,Sports Illustrated Stadium
NWMW84L5lz,36081136700,109.0,NWMW84L5lz,current,Sports Illustrated Stadium
NWMW84L5lz,36081101002,,NWMW84L5lz,current,Sports Illustrated Stadium
NWMW84L5lz,36081101700,117.0,NWMW84L5lz,current,Sports Illustrated Stadium
NWMW84L5lz,36081115500,105.0,NWMW84L5lz,current,Sports Illustrated Stadium
NWMW84L5lz,36081093900,115.0,NWMW84L5lz,current,Sports Illustrated Stadium
NWMW84L5lz,36081001903,72.0,NWMW84L5lz,current,Sports Illustrated Stadium
NWMW84L5lz,36081053901,84.0,NWMW84L5lz,current,Sports Illustrated Stadium
NWMW84L5lz,36081117100,107.0,NWMW84L5lz,current,Sports Illustrated Stadium
NWMW84L5lz,36081116100,97.0,NWMW84L5lz,current,Sports Illustrated Stadium
NWMW84L5lz,36081116700,104.0,NWMW84L5lz,current,Sports Illustrated Stadium
NWMW84L5lz,36081117500,113.0,NWMW84L5lz,current,Sports Illustrated Stadium
NWMW84L5lz,36081118100,114.0,NWMW84L5lz,current,Sports Illustrated Stadium
NWMW84L5lz,36081119100,106.0,NWMW84L5lz,current,Sports Illustrated Stadium
NWMW84L5lz,36081017102,84.0,NWMW84L5lz,current,Sports Illustrated Stadium
NWMW84L5lz,36081017101,79.0,NWMW84L5lz,current,Sports Illustrated Stadium
NWMW84L5lz,36081027701,78.0,NWMW84L5lz,current,Sports Illustrated Stadium
NWMW84L5lz,36081003301,70.0,NWMW84L5lz,current,Sports Illustrated Stadium
NWMW84L5lz,36081000101,73.0,NWMW84L5lz,current,Sports Illustrated Stadium
NWMW84L5lz,36081021601,89.0,NWMW84L5lz,current,Sports Illustrated Stadium
NWMW84L5lz,36085015100,117.0,NWMW84L5lz,current,Sports Illustrated Stadium
NWMW84L5lz,36085016901,115.0,NWMW84L5lz,current,Sports Illustrated Stadium
NWMW84L5lz,36059980100,,NWMW84L5lz,current,Sports Illustrated Stadium
NWMW84L5lz,36059990200,,NWMW84L5lz,current,Sports Illustrated Stadium
NWMW84L5lz,36085014700,114.0,NWMW84L5lz,current,Sports Illustrated Stadium
NWMW84L5lz,36085020100,,NWMW84L5lz,current,Sports Illustrated Stadium
NWMW84L5lz,36085031902,,NWMW84L5lz,current,Sports Illustrated Stadium
NWMW84L5lz,36085000300,,NWMW84L5lz,current,Sports Illustrated Stadium
NWMW84L5lz,36085000600,110.0,NWMW84L5lz,current,Sports Illustrated Stadium
NWMW84L5lz,36085000800,98.0,NWMW84L5lz,current,Sports Illustrated Stadium
NWMW84L5lz,36085001100,,NWMW84L5lz,current,Sports Illustrated Stadium
NWMW84L5lz,36085001700,,NWMW84L5lz,current,Sports Illustrated Stadium
NWMW84L5lz,36085002002,92.0,NWMW84L5lz,current,Sports Illustrated Stadium
NWMW84L5lz,36085002100,,NWMW84L5lz,current,Sports Illustrated Stadium
NWMW84L5lz,36085002900,117.0,NWMW84L5lz,current,Sports Illustrated Stadium
NWMW84L5lz,36085003300,,NWMW84L5lz,current,Sports Illustrated Stadium
NWMW84L5lz,36085017300,118.0,NWMW84L5lz,current,Sports Illustrated Stadium
NWMW84L5lz,36061023400,77.0,NWMW84L5lz,current,Sports Illustrated Stadium
NWMW84L5lz,36061023501,79.0,NWMW84L5lz,current,Sports Illustrated Stadium
NWMW84L5lz,36061023502,81.0,NWMW84L5lz,current,Sports Illustrated Stadium
NWMW84L5lz,36061023600,78.0,NWMW84L5lz,current,Sports Illustrated Stadium
NWMW84L5lz,36061023700,84.0,NWMW84L5lz,current,Sports Illustrated Stadium
NWMW84L5lz,36061023900,79.0,NWMW84L5lz,current,Sports Illustrated Stadium
NWMW84L5lz,36061024000,93.0,NWMW84L5lz,current,Sports Illustrated Stadium
NWMW84L5lz,36061024301,82.0,NWMW84L5lz,current,Sports Illustrated Stadium
NWMW84L5lz,36061024302,82.0,NWMW84L5lz,current,Sports Illustrated Stadium
NWMW84L5lz,36061024500,80.0,NWMW84L5lz,current,Sports Illustrated Stadium
NWMW84L5lz,36061024900,80.0,NWMW84L5lz,current,Sports Illustrated Stadium
NWMW84L5lz,36061025500,96.0,NWMW84L5lz,current,Sports Illustrated Stadium
NWMW84L5lz,36061026300,84.0,NWMW84L5lz,current,Sports Illustrated Stadium
NWMW84L5lz,36061026500,85.0,NWMW84L5lz,current,Sports Illustrated Stadium
NWMW84L5lz,36061026700,85.0,NWMW84L5lz,current,Sports Illustrated Stadium
NWMW84L5lz,36061026900,82.0,NWMW84L5lz,current,Sports Illustrated Stadium
NWMW84L5lz,36061027500,102.0,NWMW84L5lz,current,Sports Illustrated Stadium
NWMW84L5lz,36061027700,82.0,NWMW84L5lz,current,Sports Illustrated Stadium
NWMW84L5lz,36061027900,82.0,NWMW84L5lz,current,Sports Illustrated Stadium
NWMW84L5lz,36061028500,85.0,NWMW84L5lz,current,Sports Illustrated Stadium
NWMW84L5lz,36061028700,102.0,NWMW84L5lz,current,Sports Illustrated Stadium
NWMW84L5lz,36061008601,72.0,NWMW84L5lz,current,Sports Illustrated Stadium
NWMW84L5lz,36061029100,88.0,NWMW84L5lz,current,Sports Illustrated Stadium
NWMW84L5lz,36061029300,85.0,NWMW84L5lz,current,Sports Illustrated Stadium
NWMW84L5lz,36061029500,91.0,NWMW84L5lz,current,Sports Illustrated Stadium
NWMW84L5lz,36061029700,102.0,NWMW84L5lz,current,Sports Illustrated Stadium
NWMW84L5lz,36061030300,88.0,NWMW84L5lz,current,Sports Illustrated Stadium
NWMW84L5lz,36061016300,68.0,NWMW84L5lz,current,Sports Illustrated Stadium
NWMW84L5lz,36061029900,85.0,NWMW84L5lz,current,Sports Illustrated Stadium
NWMW84L5lz,36085003900,,NWMW84L5lz,current,Sports Illustrated Stadium
NWMW84L5lz,36085004700,,NWMW84L5lz,current,Sports Illustrated Stadium
NWMW84L5lz,36085005000,102.0,NWMW84L5lz,current,Sports Illustrated Stadium
NWMW84L5lz,36085006400,95.0,NWMW84L5lz,current,Sports Illustrated Stadium
NWMW84L5lz,36085007500,,NWMW84L5lz,current,Sports Illustrated Stadium
NWMW84L5lz,36085008100,,NWMW84L5lz,current,Sports Illustrated Stadium
NWMW84L5lz,36085009601,98.0,NWMW84L5lz,current,Sports Illustrated Stadium
NWMW84L5lz,36061010602,73.0,NWMW84L5lz,current,Sports Illustrated Stadium
NWMW84L5lz,36061010900,50.0,NWMW84L5lz,current,Sports Illustrated Stadium
NWMW84L5lz,36061011000,67.0,NWMW84L5lz,current,Sports Illustrated Stadium
NWMW84L5lz,36061011202,66.0,NWMW84L5lz,current,Sports Illustrated Stadium
NWMW84L5lz,36061011203,66.0,NWMW84L5lz,current,Sports Illustrated Stadium
NWMW84L5lz,36061031100,85.0,NWMW84L5lz,current,Sports Illustrated Stadium
NWMW84L5lz,36061003700,68.0,NWMW84L5lz,current,Sports Illustrated Stadium
NWMW84L5lz,36061005200,60.0,NWMW84L5lz,current,Sports Illustrated Stadium
NWMW84L5lz,36061010100,47.0,NWMW84L5lz,current,Sports Illustrated Stadium
NWMW84L5lz,36061014700,69.0,NWMW84L5lz,current,Sports Illustrated Stadium
NWMW84L5lz,36061015001,73.0,NWMW84L5lz,current,Sports Illustrated Stadium
NWMW84L5lz,36085018901,115.0,NWMW84L5lz,current,Sports Illustrated Stadium
NWMW84L5lz,36085019700,114.0,NWMW84L5lz,current,Sports Illustrated Stadium
NWMW84L5lz,36085022300,,NWMW84L5lz,current,Sports Illustrated Stadium
NWMW84L5lz,36085023100,118.0,NWMW84L5lz,current,Sports Illustrated Stadium
NWMW84L5lz,36085023900,110.0,NWMW84L5lz,current,Sports Illustrated Stadium
NWMW84L5lz,36061015002,75.0,NWMW84L5lz,current,Sports Illustrated Stadium
NWMW84L5lz,36061015200,80.0,NWMW84L5lz,current,Sports Illustrated Stadium
NWMW84L5lz,36061019100,72.0,NWMW84L5lz,current,Sports Illustrated Stadium
NWMW84L5lz,36061022301,79.0,NWMW84L5lz,current,Sports Illustrated Stadium
NWMW84L5lz,36061031900,63.0,NWMW84L5lz,current,Sports Illustrated Stadium
NWMW84L5lz,36085012100,,NWMW84L5lz,current,Sports Illustrated Stadium
NWMW84L5lz,36085012500,118.0,NWMW84L5lz,current,Sports Illustrated Stadium
NWMW84L5lz,36085013302,,NWMW84L5lz,current,Sports Illustrated Stadium
NWMW84L5lz,36085007700,,NWMW84L5lz,current,Sports Illustrated Stadium
NWMW84L5lz,36085002700,118.0,NWMW84L5lz,current,Sports Illustrated Stadium
NWMW84L5lz,36085003600,98.0,NWMW84L5lz,current,Sports Illustrated Stadium
NWMW84L5lz,36085018701,111.0,NWMW84L5lz,current,Sports Illustrated Stadium
NWMW84L5lz,36085000900,,NWMW84L5lz,current,Sports Illustrated Stadium
NWMW84L5lz,36085030302,119.0,NWMW84L5lz,current,Sports Illustrated Stadium
NWMW84L5lz,36085024700,114.0,NWMW84L5lz,current,Sports Illustrated Stadium
NWMW84L5lz,36061019900,75.0,NWMW84L5lz,current,Sports Illustrated Stadium
NWMW84L5lz,36085006700,,NWMW84L5lz,current,Sports Illustrated Stadium
NWMW84L5lz,36061009700,53.0,NWMW84L5lz,current,Sports Illustrated Stadium
NWMW84L5lz,36061001502,63.0,NWMW84L5lz,current,Sports Illustrated Stadium
NWMW84L5lz,36061013900,65.0,NWMW84L5lz,current,Sports Illustrated Stadium
NWMW84L5lz,36061008300,62.0,NWMW84L5lz,current,Sports Illustrated Stadium
NWMW84L5lz,36061024700,86.0,NWMW84L5lz,current,Sports Illustrated Stadium
NWMW84L5lz,36061003602,68.0,NWMW84L5lz,current,Sports Illustrated Stadium
NWMW84L5lz,36061005502,64.0,NWMW84L5lz,current,Sports Illustrated Stadium
NWMW84L5lz,36061019800,74.0,NWMW84L5lz,current,Sports Illustrated Stadium
NWMW84L5lz,36061018700,71.0,NWMW84L5lz,current,Sports Illustrated Stadium
NWMW84L5lz,36061016500,67.0,NWMW84L5lz,current,Sports Illustrated Stadium
NWMW84L5lz,36061012500,57.0,NWMW84L5lz,current,Sports Illustrated Stadium
NWMW84L5lz,36061023300,83.0,NWMW84L5lz,current,Sports Illustrated Stadium
NWMW84L5lz,36061020800,72.0,NWMW84L5lz,current,Sports Illustrated Stadium
NWMW84L5lz,36085027302,,NWMW84L5lz,current,Sports Illustrated Stadium
NWMW84L5lz,36085029104,101.0,NWMW84L5lz,current,Sports Illustrated Stadium
NWMW84L5lz,36085018902,,NWMW84L5lz,current,Sports Illustrated Stadium
NWMW84L5lz,36085021300,114.0,NWMW84L5lz,current,Sports Illustrated Stadium
NWMW84L5lz,36085010500,,NWMW84L5lz,current,Sports Illustrated Stadium
NWMW84L5lz,36085000700,,NWMW84L5lz,current,Sports Illustrated Stadium
NWMW84L5lz,36085002001,95.0,NWMW84L5lz,current,Sports Illustrated Stadium
NWMW84L5lz,36061011600,75.0,NWMW84L5lz,current,Sports Illustrated Stadium
NWMW84L5lz,36061016002,76.0,NWMW84L5lz,current,Sports Illustrated Stadium
NWMW84L5lz,36061030700,89.0,NWMW84L5lz,current,Sports Illustrated Stadium
NWMW84L5lz,36061004800,65.0,NWMW84L5lz,current,Sports Illustrated Stadium
NWMW84L5lz,36061023200,74.0,NWMW84L5lz,current,Sports Illustrated Stadium
NWMW84L5lz,36061009100,52.0,NWMW84L5lz,current,Sports Illustrated Stadium
NWMW84L5lz,36061006600,66.0,NWMW84L5lz,current,Sports Illustrated Stadium
NWMW84L5lz,36061001001,88.0,NWMW84L5lz,current,Sports Illustrated Stadium
NWMW84L5lz,36061007700,58.0,NWMW84L5lz,current,Sports Illustrated Stadium
NWMW84L5lz,36061011201,63.0,NWMW84L5lz,current,Sports Illustrated Stadium
NWMW84L5lz,36061017401,73.0,NWMW84L5lz,current,Sports Illustrated Stadium
NWMW84L5lz,36061015602,68.0,NWMW84L5lz,current,Sports Illustrated Stadium
NWMW84L5lz,36061018000,79.0,NWMW84L5lz,current,Sports Illustrated Stadium
NWMW84L5lz,36061008000,63.0,NWMW84L5lz,current,Sports Illustrated Stadium
NWMW84L5lz,36061020101,71.0,NWMW84L5lz,current,Sports Illustrated Stadium
NWMW84L5lz,36061022200,71.0,NWMW84L5lz,current,Sports Illustrated Stadium
NWMW84L5lz,36061013800,69.0,NWMW84L5lz,current,Sports Illustrated Stadium
NWMW84L5lz,36061007400,55.0,NWMW84L5lz,current,Sports Illustrated Stadium
NWMW84L5lz,36061003200,71.0,NWMW84L5lz,current,Sports Illustrated Stadium
NWMW84L5lz,36061026100,83.0,NWMW84L5lz,current,Sports Illustrated Stadium
NWMW84L5lz,36061022500,78.0,NWMW84L5lz,current,Sports Illustrated Stadium
NWMW84L5lz,36061004100,65.0,NWMW84L5lz,current,Sports Illustrated Stadium
NWMW84L5lz,36061002100,54.0,NWMW84L5lz,current,Sports Illustrated Stadium
NWMW84L5lz,36061001402,71.0,NWMW84L5lz,current,Sports Illustrated Stadium
NWMW84L5lz,36061028100,88.0,NWMW84L5lz,current,Sports Illustrated Stadium
NWMW84L5lz,36061024100,83.0,NWMW84L5lz,current,Sports Illustrated Stadium
NWMW84L5lz,36061017200,76.0,NWMW84L5lz,current,Sports Illustrated Stadium
NWMW84L5lz,36061011300,54.0,NWMW84L5lz,current,Sports Illustrated Stadium
NWMW84L5lz,36061019000,68.0,NWMW84L5lz,current,Sports Illustrated Stadium
NWMW84L5lz,36061009500,49.0,NWMW84L5lz,current,Sports Illustrated Stadium
NWMW84L5lz,36061027300,86.0,NWMW84L5lz,current,Sports Illustrated Stadium
NWMW84L5lz,36061010601,75.0,NWMW84L5lz,current,Sports Illustrated Stadium
NWMW84L5lz,36061005900,63.0,NWMW84L5lz,current,Sports Illustrated Stadium
NWMW84L5lz,36061014602,66.0,NWMW84L5lz,current,Sports Illustrated Stadium
NWMW84L5lz,36061006300,60.0,NWMW84L5lz,current,Sports Illustrated Stadium
NWMW84L5lz,36061025100,76.0,NWMW84L5lz,current,Sports Illustrated Stadium
NWMW84L5lz,36061017900,69.0,NWMW84L5lz,current,Sports Illustrated Stadium
NWMW84L5lz,36061011800,69.0,NWMW84L5lz,current,Sports Illustrated Stadium
NWMW84L5lz,36061003400,66.0,NWMW84L5lz,current,Sports Illustrated Stadium
NWMW84L5lz,36061020500,86.0,NWMW84L5lz,current,Sports Illustrated Stadium
NWMW84L5lz,36061018900,69.0,NWMW84L5lz,current,Sports Illustrated Stadium
NWMW84L5lz,36061003002,72.0,NWMW84L5lz,current,Sports Illustrated Stadium
NWMW84L5lz,36061013100,60.0,NWMW84L5lz,current,Sports Illustrated Stadium
NWMW84L5lz,36061008200,61.0,NWMW84L5lz,current,Sports Illustrated Stadium
NWMW84L5lz,36061020701,75.0,NWMW84L5lz,current,Sports Illustrated Stadium
NWMW84L5lz,36061008900,60.0,NWMW84L5lz,current,Sports Illustrated Stadium
NWMW84L5lz,36061002500,68.0,NWMW84L5lz,current,Sports Illustrated Stadium
NWMW84L5lz,36061011100,54.0,NWMW84L5lz,current,Sports Illustrated Stadium
NWMW84L5lz,36061005000,61.0,NWMW84L5lz,current,Sports Illustrated Stadium
NWMW84L5lz,36061000800,72.0,NWMW84L5lz,current,Sports Illustrated Stadium
NWMW84L5lz,36061015802,72.0,NWMW84L5lz,current,Sports Illustrated Stadium
NWMW84L5lz,36061014200,75.0,NWMW84L5lz,current,Sports Illustrated Stadium
NWMW84L5lz,36061007200,59.0,NWMW84L5lz,current,Sports Illustrated Stadium
NWMW84L5lz,36061021500,75.0,NWMW84L5lz,current,Sports Illustrated Stadium
NWMW84L5lz,36061025900,76.0,NWMW84L5lz,current,Sports Illustrated Stadium
NWMW84L5lz,36061031703,58.0,NWMW84L5lz,current,Sports Illustrated Stadium
NWMW84L5lz,36085013301,,NWMW84L5lz,current,Sports Illustrated Stadium
NWMW84L5lz,36061012200,68.0,NWMW84L5lz,current,Sports Illustrated Stadium
NWMW84L5lz,36061014402,73.0,NWMW84L5lz,current,Sports Illustrated Stadium
NWMW84L5lz,36061015601,68.0,NWMW84L5lz,current,Sports Illustrated Stadium
NWMW84L5lz,36061021600,68.0,NWMW84L5lz,current,Sports Illustrated Stadium
NWMW84L5lz,36061022000,72.0,NWMW84L5lz,current,Sports Illustrated Stadium
NWMW84L5lz,36061025300,79.0,NWMW84L5lz,current,Sports Illustrated Stadium
NWMW84L5lz,36061027100,83.0,NWMW84L5lz,current,Sports Illustrated Stadium
NWMW84L5lz,36061028300,86.0,NWMW84L5lz,current,Sports Illustrated Stadium
NWMW84L5lz,36061000100,,NWMW84L5lz,current,Sports Illustrated Stadium
NWMW84L5lz,36061000201,80.0,NWMW84L5lz,current,Sports Illustrated Stadium
NWMW84L5lz,36061000202,85.0,NWMW84L5lz,current,Sports Illustrated Stadium
NWMW84L5lz,36061000500,,NWMW84L5lz,current,Sports Illustrated Stadium
NWMW84L5lz,36061000600,75.0,NWMW84L5lz,current,Sports Illustrated Stadium
NWMW84L5lz,36061000700,67.0,NWMW84L5lz,current,Sports Illustrated Stadium
NWMW84L5lz,36061000900,64.0,NWMW84L5lz,current,Sports Illustrated Stadium
NWMW84L5lz,36061001002,86.0,NWMW84L5lz,current,Sports Illustrated Stadium
NWMW84L5lz,36061001200,75.0,NWMW84L5lz,current,Sports Illustrated Stadium
NWMW84L5lz,36061001300,54.0,NWMW84L5lz,current,Sports Illustrated Stadium
NWMW84L5lz,36061001401,72.0,NWMW84L5lz,current,Sports Illustrated Stadium
NWMW84L5lz,36005006500,80.0,NWMW84L5lz,current,Sports Illustrated Stadium
NWMW84L5lz,36005020200,107.0,NWMW84L5lz,current,Sports Illustrated Stadium
NWMW84L5lz,36005015700,94.0,NWMW84L5lz,current,Sports Illustrated Stadium
NWMW84L5lz,36005005200,98.0,NWMW84L5lz,current,Sports Illustrated Stadium
NWMW84L5lz,36047012600,91.0,NWMW84L5lz,current,Sports Illustrated Stadium
NWMW84L5lz,36047027100,82.0,NWMW84L5lz,current,Sports Illustrated Stadium
NWMW84L5lz,36047046000,92.0,NWMW84L5lz,current,Sports Illustrated Stadium
NWMW84L5lz,36047105804,114.0,NWMW84L5lz,current,Sports Illustrated Stadium
NWMW84L5lz,36005043503,114.0,NWMW84L5lz,current,Sports Illustrated Stadium
NWMW84L5lz,36005043501,108.0,NWMW84L5lz,current,Sports Illustrated Stadium
NWMW84L5lz,36005033602,100.0,NWMW84L5lz,current,Sports Illustrated Stadium
NWMW84L5lz,36005033601,100.0,NWMW84L5lz,current,Sports Illustrated Stadium
NWMW84L5lz,36085022802,,NWMW84L5lz,current,Sports Illustrated Stadium
NWMW84L5lz,36005033802,99.0,NWMW84L5lz,current,Sports Illustrated Stadium
NWMW84L5lz,36005033801,99.0,NWMW84L5lz,current,Sports Illustrated Stadium
NWMW84L5lz,36005043502,107.0,NWMW84L5lz,current,Sports Illustrated Stadium
NWMW84L5lz,36047051601,94.0,NWMW84L5lz,current,Sports Illustrated Stadium
NWMW84L5lz,36081059502,91.0,NWMW84L5lz,current,Sports Illustrated Stadium
NWMW84L5lz,36081059501,91.0,NWMW84L5lz,current,Sports Illustrated Stadium
NWMW84L5lz,36081084901,95.0,NWMW84L5lz,current,Sports Illustrated Stadium
NWMW84L5lz,36081048302,82.0,NWMW84L5lz,current,Sports Illustrated Stadium
NWMW84L5lz,36081066403,115.0,NWMW84L5lz,current,Sports Illustrated Stadium
NWMW84L5lz,36081019903,91.0,NWMW84L5lz,current,Sports Illustrated Stadium
NWMW84L5lz,36081089201,111.0,NWMW84L5lz,current,Sports Illustrated Stadium
NWMW84L5lz,36081053902,91.0,NWMW84L5lz,current,Sports Illustrated Stadium
NWMW84L5lz,36047069601,119.0,NWMW84L5lz,current,Sports Illustrated Stadium
NWMW84L5lz,36047069602,,NWMW84L5lz,current,Sports Illustrated Stadium
NWMW84L5lz,36047079801,82.0,NWMW84L5lz,current,Sports Illustrated Stadium
NWMW84L5lz,36047079802,84.0,NWMW84L5lz,current,Sports Illustrated Stadium
NWMW84L5lz,36047105801,113.0,NWMW84L5lz,current,Sports Illustrated Stadium
NWMW84L5lz,36047990100,,NWMW84L5lz,current,Sports Illustrated Stadium
NWMW84L5lz,36119007200,,NWMW84L5lz,current,Sports Illustrated Stadium
NWMW84L5lz,36119007600,,NWMW84L5lz,current,Sports Illustrated Stadium
NWMW84L5lz,36119005500,,NWMW84L5lz,current,Sports Illustrated Stadium
NWMW84L5lz,36119005702,,NWMW84L5lz,current,Sports Illustrated Stadium
NWMW84L5lz,36119005902,,NWMW84L5lz,current,Sports Illustrated Stadium
NWMW84L5lz,36119006100,,NWMW84L5lz,current,Sports Illustrated Stadium
NWMW84L5lz,36047079202,94.0,NWMW84L5lz,current,Sports Illustrated Stadium
NWMW84L5lz,36047079001,97.0,NWMW84L5lz,current,Sports Illustrated Stadium
NWMW84L5lz,36047079002,98.0,NWMW84L5lz,current,Sports Illustrated Stadium
NWMW84L5lz,36047003101,72.0,NWMW84L5lz,current,Sports Illustrated Stadium
NWMW84L5lz,36047078801,97.0,NWMW84L5lz,current,Sports Illustrated Stadium
NWMW84L5lz,36047078601,96.0,NWMW84L5lz,current,Sports Illustrated Stadium
NWMW84L5lz,36047078602,98.0,NWMW84L5lz,current,Sports Illustrated Stadium
NWMW84L5lz,36047014102,86.0,NWMW84L5lz,current,Sports Illustrated Stadium
NWMW84L5lz,36047014101,85.0,NWMW84L5lz,current,Sports Illustrated Stadium
NWMW84L5lz,36047014901,85.0,NWMW84L5lz,current,Sports Illustrated Stadium
NWMW84L5lz,36047014902,87.0,NWMW84L5lz,current,Sports Illustrated Stadium
NWMW84L5lz,36047102801,114.0,NWMW84L5lz,current,Sports Illustrated Stadium
NWMW84L5lz,36047078802,97.0,NWMW84L5lz,current,Sports Illustrated Stadium
NWMW84L5lz,36047005301,94.0,NWMW84L5lz,current,Sports Illustrated Stadium
NWMW84L5lz,36047005302,116.0,NWMW84L5lz,current,Sports Illustrated Stadium
NWMW84L5lz,36047009402,96.0,NWMW84L5lz,current,Sports Illustrated Stadium
NWMW84L5lz,36047009202,94.0,NWMW84L5lz,current,Sports Illustrated Stadium
NWMW84L5lz,36047009201,96.0,NWMW84L5lz,current,Sports Illustrated Stadium
NWMW84L5lz,36047009002,90.0,NWMW84L5lz,current,Sports Illustrated Stadium
NWMW84L5lz,36047044902,87.0,NWMW84L5lz,current,Sports Illustrated Stadium
NWMW84L5lz,36047079201,93.0,NWMW84L5lz,current,Sports Illustrated Stadium
NWMW84L5lz,36047001501,75.0,NWMW84L5lz,current,Sports Illustrated Stadium
NWMW84L5lz,36047044901,81.0,NWMW84L5lz,current,Sports Illustrated Stadium
NWMW84L5lz,36047049301,75.0,NWMW84L5lz,current,Sports Illustrated Stadium
NWMW84L5lz,36047049302,74.0,NWMW84L5lz,current,Sports Illustrated Stadium
NWMW84L5lz,36047035301,81.0,NWMW84L5lz,current,Sports Illustrated Stadium
NWMW84L5lz,36047035302,81.0,NWMW84L5lz,current,Sports Illustrated Stadium
NWMW84L5lz,36047035101,82.0,NWMW84L5lz,current,Sports Illustrated Stadium
NWMW84L5lz,36047035102,81.0,NWMW84L5lz,current,Sports Illustrated Stadium
NWMW84L5lz,36047034901,82.0,NWMW84L5lz,current,Sports Illustrated Stadium
NWMW84L5lz,36047034902,82.0,NWMW84L5lz,current,Sports Illustrated Stadium
NWMW84L5lz,36047056302,81.0,NWMW84L5lz,current,Sports Illustrated Stadium
NWMW84L5lz,36047056301,82.0,NWMW84L5lz,current,Sports Illustrated Stadium
NWMW84L5lz,36047120802,98.0,NWMW84L5lz,current,Sports Illustrated Stadium
NWMW84L5lz,36047103402,,NWMW84L5lz,current,Sports Illustrated Stadium
NWMW84L5lz,36047103401,116.0,NWMW84L5lz,current,Sports Illustrated Stadium
NWMW84L5lz,36047003102,76.0,NWMW84L5lz,current,Sports Illustrated Stadium
NWMW84L5lz,36047050001,89.0,NWMW84L5lz,current,Sports Illustrated Stadium
NWMW84L5lz,36047001802,98.0,NWMW84L5lz,current,Sports Illustrated Stadium
NWMW84L5lz,36047001801,94.0,NWMW84L5lz,current,Sports Illustrated Stadium
NWMW84L5lz,36047001804,110.0,NWMW84L5lz,current,Sports Illustrated Stadium
NWMW84L5lz,36047058902,95.0,NWMW84L5lz,current,Sports Illustrated Stadium
NWMW84L5lz,36047010601,99.0,NWMW84L5lz,current,Sports Illustrated Stadium
NWMW84L5lz,36047053102,82.0,NWMW84L5lz,current,Sports Illustrated Stadium
NWMW84L5lz,36047050402,93.0,NWMW84L5lz,current,Sports Illustrated Stadium
NWMW84L5lz,36047009001,93.0,NWMW84L5lz,current,Sports Illustrated Stadium
NWMW84L5lz,36047005303,83.0,NWMW84L5lz,current,Sports Illustrated Stadium
NWMW84L5lz,36047102802,,NWMW84L5lz,current,Sports Illustrated Stadium
NWMW84L5lz,36047107003,113.0,NWMW84L5lz,current,Sports Illustrated Stadium
NWMW84L5lz,36047011902,77.0,NWMW84L5lz,current,Sports Illustrated Stadium
NWMW84L5lz,36047001502,70.0,NWMW84L5lz,current,Sports Illustrated Stadium
NWMW84L5lz,36047011901,84.0,NWMW84L5lz,current,Sports Illustrated Stadium
NWMW84L5lz,36047001803,114.0,NWMW84L5lz,current,Sports Illustrated Stadium
NWMW84L5lz,36047035702,85.0,NWMW84L5lz,current,Sports Illustrated Stadium
NWMW84L5lz,36047107001,107.0,NWMW84L5lz,current,Sports Illustrated Stadium
NWMW84L5lz,36047050401,88.0,NWMW84L5lz,current,Sports Illustrated Stadium
NWMW84L5lz,36047057902,93.0,NWMW84L5lz,current,Sports Illustrated Stadium
NWMW84L5lz,36047010401,95.0,NWMW84L5lz,current,Sports Illustrated Stadium
NWMW84L5lz,36047009401,97.0,NWMW84L5lz,current,Sports Illustrated Stadium
NWMW84L5lz,36047120803,97.0,NWMW84L5lz,current,Sports Illustrated Stadium
NWMW84L5lz,36047057901,78.0,NWMW84L5lz,current,Sports Illustrated Stadium
NWMW84L5lz,36047050002,91.0,NWMW84L5lz,current,Sports Illustrated Stadium
NWMW84L5lz,36047035701,85.0,NWMW84L5lz,current,Sports Illustrated Stadium
NWMW84L5lz,36047010402,95.0,NWMW84L5lz,current,Sports Illustrated Stadium
NWMW84L5lz,36047010801,100.0,NWMW84L5lz,current,Sports Illustrated Stadium
NWMW84L5lz,36047010602,99.0,NWMW84L5lz,current,Sports Illustrated Stadium
NWMW84L5lz,36047010802,100.0,NWMW84L5lz,current,Sports Illustrated Stadium
NWMW84L5lz,36047058901,90.0,NWMW84L5lz,current,Sports Illustrated Stadium
NWMW84L5lz,36047120801,95.0,NWMW84L5lz,current,Sports Illustrated Stadium
NWMW84L5lz,36047107002,,NWMW84L5lz,current,Sports Illustrated Stadium
NWMW84L5lz,36047053101,84.0,NWMW84L5lz,current,Sports Illustrated Stadium
NWMW84L5lz,36005022703,90.0,NWMW84L5lz,current,Sports Illustrated Stadium
NWMW84L5lz,36005022901,90.0,NWMW84L5lz,current,Sports Illustrated Stadium
NWMW84L5lz,36005023000,95.0,NWMW84L5lz,current,Sports Illustrated Stadium
NWMW84L5lz,36005023200,99.0,NWMW84L5lz,current,Sports Illustrated Stadium
NWMW84L5lz,36005023302,91.0,NWMW84L5lz,current,Sports Illustrated Stadium
NWMW84L5lz,36005023502,90.0,NWMW84L5lz,current,Sports Illustrated Stadium
NWMW84L5lz,36005023600,98.0,NWMW84L5lz,current,Sports Illustrated Stadium
NWMW84L5lz,36005023900,92.0,NWMW84L5lz,current,Sports Illustrated Stadium
NWMW84L5lz,36005024000,97.0,NWMW84L5lz,current,Sports Illustrated Stadium
NWMW84L5lz,36005024300,95.0,NWMW84L5lz,current,Sports Illustrated Stadium
NWMW84L5lz,36005024600,102.0,NWMW84L5lz,current,Sports Illustrated Stadium
NWMW84L5lz,36005024700,105.0,NWMW84L5lz,current,Sports Illustrated Stadium
NWMW84L5lz,36005024800,102.0,NWMW84L5lz,current,Sports Illustrated Stadium
NWMW84L5lz,36005024900,100.0,NWMW84L5lz,current,Sports Illustrated Stadium
NWMW84L5lz,36005025000,108.0,NWMW84L5lz,current,Sports Illustrated Stadium
NWMW84L5lz,36005025300,95.0,NWMW84L5lz,current,Sports Illustrated Stadium
NWMW84L5lz,36005025400,110.0,NWMW84L5lz,current,Sports Illustrated Stadium
NWMW84L5lz,36005025500,98.0,NWMW84L5lz,current,Sports Illustrated Stadium
NWMW84L5lz,36005025600,115.0,NWMW84L5lz,current,Sports Illustrated Stadium
NWMW84L5lz,36005025700,94.0,NWMW84L5lz,current,Sports Illustrated Stadium
NWMW84L5lz,36005026100,102.0,NWMW84L5lz,current,Sports Illustrated Stadium
NWMW84L5lz,36005026400,113.0,NWMW84L5lz,current,Sports Illustrated Stadium
NWMW84L5lz,36005026500,97.0,NWMW84L5lz,current,Sports Illustrated Stadium
NWMW84L5lz,36005026601,108.0,NWMW84L5lz,current,Sports Illustrated Stadium
NWMW84L5lz,36005026602,109.0,NWMW84L5lz,current,Sports Illustrated Stadium
NWMW84L5lz,36005026900,98.0,NWMW84L5lz,current,Sports Illustrated Stadium
NWMW84L5lz,36005027300,94.0,NWMW84L5lz,current,Sports Illustrated Stadium
NWMW84L5lz,36005027600,,NWMW84L5lz,current,Sports Illustrated Stadium
NWMW84L5lz,36005027700,91.0,NWMW84L5lz,current,Sports Illustrated Stadium
NWMW84L5lz,36005027900,95.0,NWMW84L5lz,current,Sports Illustrated Stadium
NWMW84L5lz,36005028300,91.0,NWMW84L5lz,current,Sports Illustrated Stadium
NWMW84L5lz,36005028400,119.0,NWMW84L5lz,current,Sports Illustrated Stadium
NWMW84L5lz,36005028500,91.0,NWMW84L5lz,current,Sports Illustrated Stadium
NWMW84L5lz,36005028900,90.0,NWMW84L5lz,current,Sports Illustrated Stadium
NWMW84L5lz,36005029500,98.0,NWMW84L5lz,current,Sports Illustrated Stadium
NWMW84L5lz,36005029600,106.0,NWMW84L5lz,current,Sports Illustrated Stadium
NWMW84L5lz,36005030000,111.0,NWMW84L5lz,current,Sports Illustrated Stadium
NWMW84L5lz,36005030100,109.0,NWMW84L5lz,current,Sports Illustrated Stadium
NWMW84L5lz,36005030701,107.0,NWMW84L5lz,current,Sports Illustrated Stadium
NWMW84L5lz,36005031000,112.0,NWMW84L5lz,current,Sports Illustrated Stadium
NWMW84L5lz,36005031800,107.0,NWMW84L5lz,current,Sports Illustrated Stadium
NWMW84L5lz,36005032300,116.0,NWMW84L5lz,current,Sports Illustrated Stadium
NWMW84L5lz,36005032400,106.0,NWMW84L5lz,current,Sports Illustrated Stadium
NWMW84L5lz,36005033400,105.0,NWMW84L5lz,current,Sports Illustrated Stadium
NWMW84L5lz,36005034000,103.0,NWMW84L5lz,current,Sports Illustrated Stadium
NWMW84L5lz,36005034200,105.0,NWMW84L5lz,current,Sports Illustrated Stadium
NWMW84L5lz,36005034400,108.0,NWMW84L5lz,current,Sports Illustrated Stadium
NWMW84L5lz,36005037800,102.0,NWMW84L5lz,current,Sports Illustrated Stadium
NWMW84L5lz,36005037900,97.0,NWMW84L5lz,current,Sports Illustrated Stadium
NWMW84L5lz,36005038000,104.0,NWMW84L5lz,current,Sports Illustrated Stadium
NWMW84L5lz,36005038100,94.0,NWMW84L5lz,current,Sports Illustrated Stadium
NWMW84L5lz,36005038500,102.0,NWMW84L5lz,current,Sports Illustrated Stadium
NWMW84L5lz,36005038600,117.0,NWMW84L5lz,current,Sports Illustrated Stadium
NWMW84L5lz,36005038700,102.0,NWMW84L5lz,current,Sports Illustrated Stadium
NWMW84L5lz,36005038900,105.0,NWMW84L5lz,current,Sports Illustrated Stadium
NWMW84L5lz,36005039100,106.0,NWMW84L5lz,current,Sports Illustrated Stadium
NWMW84L5lz,36005039200,103.0,NWMW84L5lz,current,Sports Illustrated Stadium
NWMW84L5lz,36005039300,102.0,NWMW84L5lz,current,Sports Illustrated Stadium
NWMW84L5lz,36005039400,105.0,NWMW84L5lz,current,Sports Illustrated Stadium
NWMW84L5lz,36005039700,104.0,NWMW84L5lz,current,Sports Illustrated Stadium
NWMW84L5lz,36005039902,95.0,NWMW84L5lz,current,Sports Illustrated Stadium
NWMW84L5lz,36005040100,96.0,NWMW84L5lz,current,Sports Illustrated Stadium
NWMW84L5lz,36005040600,105.0,NWMW84L5lz,current,Sports Illustrated Stadium
NWMW84L5lz,36005040701,97.0,NWMW84L5lz,current,Sports Illustrated Stadium
NWMW84L5lz,36005040702,102.0,NWMW84L5lz,current,Sports Illustrated Stadium
NWMW84L5lz,36005035000,113.0,NWMW84L5lz,current,Sports Illustrated Stadium
NWMW84L5lz,36081018300,79.0,NWMW84L5lz,current,Sports Illustrated Stadium
NWMW84L5lz,36081070900,94.0,NWMW84L5lz,current,Sports Illustrated Stadium
NWMW84L5lz,36081006900,84.0,NWMW84L5lz,current,Sports Illustrated Stadium
NWMW84L5lz,36081015900,82.0,NWMW84L5lz,current,Sports Illustrated Stadium
NWMW84L5lz,36081011600,100.0,NWMW84L5lz,current,Sports Illustrated Stadium
NWMW84L5lz,36081055100,88.0,NWMW84L5lz,current,Sports Illustrated Stadium
NWMW84L5lz,36081048100,81.0,NWMW84L5lz,current,Sports Illustrated Stadium
NWMW84L5lz,36081046100,88.0,NWMW84L5lz,current,Sports Illustrated Stadium
NWMW84L5lz,36081058500,90.0,NWMW84L5lz,current,Sports Illustrated Stadium
NWMW84L5lz,36081023600,88.0,NWMW84L5lz,current,Sports Illustrated Stadium
NWMW84L5lz,36081074700,95.0,NWMW84L5lz,current,Sports Illustrated Stadium
NWMW84L5lz,36081012100,91.0,NWMW84L5lz,current,Sports Illustrated Stadium
NWMW84L5lz,36081014400,97.0,NWMW84L5lz,current,Sports Illustrated Stadium
NWMW84L5lz,36081032700,88.0,NWMW84L5lz,current,Sports Illustrated Stadium
NWMW84L5lz,36081053800,99.0,NWMW84L5lz,current,Sports Illustrated Stadium
NWMW84L5lz,36081050600,94.0,NWMW84L5lz,current,Sports Illustrated Stadium
NWMW84L5lz,36081061000,101.0,NWMW84L5lz,current,Sports Illustrated Stadium
NWMW84L5lz,36081129102,110.0,NWMW84L5lz,current,Sports Illustrated Stadium
NWMW84L5lz,36081027500,81.0,NWMW84L5lz,current,Sports Illustrated Stadium
NWMW84L5lz,36081026100,80.0,NWMW84L5lz,current,Sports Illustrated Stadium
NWMW84L5lz,36081002000,98.0,NWMW84L5lz,current,Sports Illustrated Stadium
NWMW84L5lz,36081120100,102.0,NWMW84L5lz,current,Sports Illustrated Stadium
NWMW84L5lz,36081107201,116.0,NWMW84L5lz,current,Sports Illustrated Stadium
NWMW84L5lz,36081058700,91.0,NWMW84L5lz,current,Sports Illustrated Stadium
NWMW84L5lz,36081010100,89.0,NWMW84L5lz,current,Sports Illustrated Stadium
NWMW84L5lz,36081056200,99.0,NWMW84L5lz,current,Sports Illustrated Stadium
NWMW84L5lz,36081024600,88.0,NWMW84L5lz,current,Sports Illustrated Stadium
NWMW84L5lz,36081016400,100.0,NWMW84L5lz,current,Sports Illustrated Stadium
NWMW84L5lz,36081020200,90.0,NWMW84L5lz,current,Sports Illustrated Stadium
NWMW84L5lz,36081050202,92.0,NWMW84L5lz,current,Sports Illustrated Stadium
NWMW84L5lz,36081059600,106.0,NWMW84L5lz,current,Sports Illustrated Stadium
NWMW84L5lz,36081063000,110.0,NWMW84L5lz,current,Sports Illustrated Stadium
NWMW84L5lz,36081022002,96.0,NWMW84L5lz,current,Sports Illustrated Stadium
NWMW84L5lz,36081085500,92.0,NWMW84L5lz,current,Sports Illustrated Stadium
NWMW84L5lz,36081011100,88.0,NWMW84L5lz,current,Sports Illustrated Stadium
NWMW84L5lz,36081067900,93.0,NWMW84L5lz,current,Sports Illustrated Stadium
NWMW84L5lz,36081012000,95.0,NWMW84L5lz,current,Sports Illustrated Stadium
NWMW84L5lz,36081005700,79.0,NWMW84L5lz,current,Sports Illustrated Stadium
NWMW84L5lz,36081033700,91.0,NWMW84L5lz,current,Sports Illustrated Stadium
NWMW84L5lz,36119002600,,NWMW84L5lz,current,Sports Illustrated Stadium
NWMW84L5lz,36081085700,94.0,NWMW84L5lz,current,Sports Illustrated Stadium
NWMW84L5lz,36081062300,110.0,NWMW84L5lz,current,Sports Illustrated Stadium
NWMW84L5lz,36081045900,88.0,NWMW84L5lz,current,Sports Illustrated Stadium
NWMW84L5lz,36081111300,,NWMW84L5lz,current,Sports Illustrated Stadium
NWMW84L5lz,36081140300,111.0,NWMW84L5lz,current,Sports Illustrated Stadium
NWMW84L5lz,36081005200,94.0,NWMW84L5lz,current,Sports Illustrated Stadium
NWMW84L5lz,36081019800,87.0,NWMW84L5lz,current,Sports Illustrated Stadium
NWMW84L5lz,36081071900,94.0,NWMW84L5lz,current,Sports Illustrated Stadium
NWMW84L5lz,36081026400,100.0,NWMW84L5lz,current,Sports Illustrated Stadium
NWMW84L5lz,36081014100,92.0,NWMW84L5lz,current,Sports Illustrated Stadium
NWMW84L5lz,36081001400,101.0,NWMW84L5lz,current,Sports Illustrated Stadium
NWMW84L5lz,36081052600,102.0,NWMW84L5lz,current,Sports Illustrated Stadium
NWMW84L5lz,36081009700,90.0,NWMW84L5lz,current,Sports Illustrated Stadium
NWMW84L5lz,36081115900,101.0,NWMW84L5lz,current,Sports Illustrated Stadium
NWMW84L5lz,36119005800,,NWMW84L5lz,current,Sports Illustrated Stadium
NWMW84L5lz,36081026700,76.0,NWMW84L5lz,current,Sports Illustrated Stadium
NWMW84L5lz,36081010400,101.0,NWMW84L5lz,current,Sports Illustrated Stadium
NWMW84L5lz,36081012601,100.0,NWMW84L5lz,current,Sports Illustrated Stadium
NWMW84L5lz,36081036100,94.0,NWMW84L5lz,current,Sports Illustrated Stadium
NWMW84L5lz,36081040000,100.0,NWMW84L5lz,current,Sports Illustrated Stadium
NWMW84L5lz,36081045200,97.0,NWMW84L5lz,current,Sports Illustrated Stadium
NWMW84L5lz,36081048000,93.0,NWMW84L5lz,current,Sports Illustrated Stadium
NWMW84L5lz,36081051200,103.0,NWMW84L5lz,current,Sports Illustrated Stadium
NWMW84L5lz,36081053200,106.0,NWMW84L5lz,current,Sports Illustrated Stadium
NWMW84L5lz,36081059000,102.0,NWMW84L5lz,current,Sports Illustrated Stadium
NWMW84L5lz,36081060300,96.0,NWMW84L5lz,current,Sports Illustrated Stadium
NWMW84L5lz,36081063200,105.0,NWMW84L5lz,current,Sports Illustrated Stadium
NWMW84L5lz,36081066701,97.0,NWMW84L5lz,current,Sports Illustrated Stadium
NWMW84L5lz,36081070300,99.0,NWMW84L5lz,current,Sports Illustrated Stadium
NWMW84L5lz,36081076901,85.0,NWMW84L5lz,current,Sports Illustrated Stadium
NWMW84L5lz,36081085300,89.0,NWMW84L5lz,current,Sports Illustrated Stadium
NWMW84L5lz,36081041300,85.0,NWMW84L5lz,current,Sports Illustrated Stadium
NWMW84L5lz,36081065501,105.0,NWMW84L5lz,current,Sports Illustrated Stadium
NWMW84L5lz,36081077904,101.0,NWMW84L5lz,current,Sports Illustrated Stadium
NWMW84L5lz,36081114700,106.0,NWMW84L5lz,current,Sports Illustrated Stadium
NWMW84L5lz,36081001600,101.0,NWMW84L5lz,current,Sports Illustrated Stadium
NWMW84L5lz,36081014201,90.0,NWMW84L5lz,current,Sports Illustrated Stadium
NWMW84L5lz,36081113300,118.0,NWMW84L5lz,current,Sports Illustrated Stadium
NWMW84L5lz,36081115700,104.0,NWMW84L5lz,current,Sports Illustrated Stadium
NWMW84L5lz,36081118500,108.0,NWMW84L5lz,current,Sports Illustrated Stadium
NWMW84L5lz,36081118700,105.0,NWMW84L5lz,current,Sports Illustrated Stadium
NWMW84L5lz,36081121100,108.0,NWMW84L5lz,current,Sports Illustrated Stadium
NWMW84L5lz,36081137700,110.0,NWMW84L5lz,current,Sports Illustrated Stadium
NWMW84L5lz,36081145900,108.0,NWMW84L5lz,current,Sports Illustrated Stadium
NWMW84L5lz,36081157102,112.0,NWMW84L5lz,current,Sports Illustrated Stadium
NWMW84L5lz,36081000400,103.0,NWMW84L5lz,current,Sports Illustrated Stadium
NWMW84L5lz,36081000600,100.0,NWMW84L5lz,current,Sports Illustrated Stadium
NWMW84L5lz,36081000800,101.0,NWMW84L5lz,current,Sports Illustrated Stadium
NWMW84L5lz,36081001000,102.0,NWMW84L5lz,current,Sports Illustrated Stadium
NWMW84L5lz,36081001200,103.0,NWMW84L5lz,current,Sports Illustrated Stadium
NWMW84L5lz,36081001800,99.0,NWMW84L5lz,current,Sports Illustrated Stadium
NWMW84L5lz,36081002200,100.0,NWMW84L5lz,current,Sports Illustrated Stadium
NWMW84L5lz,36081002400,99.0,NWMW84L5lz,current,Sports Illustrated Stadium
NWMW84L5lz,36081002500,71.0,NWMW84L5lz,current,Sports Illustrated Stadium
NWMW84L5lz,36081002600,100.0,NWMW84L5lz,current,Sports Illustrated Stadium
NWMW84L5lz,36081002800,100.0,NWMW84L5lz,current,Sports Illustrated Stadium
NWMW84L5lz,36081003000,100.0,NWMW84L5lz,current,Sports Illustrated Stadium
NWMW84L5lz,36081003100,74.0,NWMW84L5lz,current,Sports Illustrated Stadium
NWMW84L5lz,36081003200,100.0,NWMW84L5lz,current,Sports Illustrated Stadium
NWMW84L5lz,36081056400,94.0,NWMW84L5lz,current,Sports Illustrated Stadium
NWMW84L5lz,36081052000,103.0,NWMW84L5lz,current,Sports Illustrated Stadium
NWMW84L5lz,36081027600,98.0,NWMW84L5lz,current,Sports Illustrated Stadium
NWMW84L5lz,36081046000,89.0,NWMW84L5lz,current,Sports Illustrated Stadium
NWMW84L5lz,36081010800,94.0,NWMW84L5lz,current,Sports Illustrated Stadium
NWMW84L5lz,36081092500,108.0,NWMW84L5lz,current,Sports Illustrated Stadium
NWMW84L5lz,36081066900,97.0,NWMW84L5lz,current,Sports Illustrated Stadium
NWMW84L5lz,36081023200,91.0,NWMW84L5lz,current,Sports Illustrated Stadium
NWMW84L5lz,36081085900,97.0,NWMW84L5lz,current,Sports Illustrated Stadium
NWMW84L5lz,36081005100,77.0,NWMW84L5lz,current,Sports Illustrated Stadium
NWMW84L5lz,36081124700,107.0,NWMW84L5lz,current,Sports Illustrated Stadium
NWMW84L5lz,36081015300,83.0,NWMW84L5lz,current,Sports Illustrated Stadium
NWMW84L5lz,36081015100,87.0,NWMW84L5lz,current,Sports Illustrated Stadium
NWMW84L5lz,36081011400,101.0,NWMW84L5lz,current,Sports Illustrated Stadium
NWMW84L5lz,36081042600,105.0,NWMW84L5lz,current,Sports Illustrated Stadium
NWMW84L5lz,36081038400,104.0,NWMW84L5lz,current,Sports Illustrated Stadium
NWMW84L5lz,36081061601,115.0,NWMW84L5lz,current,Sports Illustrated Stadium
NWMW84L5lz,36081005500,77.0,NWMW84L5lz,current,Sports Illustrated Stadium
NWMW84L5lz,36081028300,79.0,NWMW84L5lz,current,Sports Illustrated Stadium
NWMW84L5lz,36081054900,84.0,NWMW84L5lz,current,Sports Illustrated Stadium
NWMW84L5lz,36081024700,84.0,NWMW84L5lz,current,Sports Illustrated Stadium
NWMW84L5lz,36081016100,83.0,NWMW84L5lz,current,Sports Illustrated Stadium
NWMW84L5lz,36081017800,103.0,NWMW84L5lz,current,Sports Illustrated Stadium
NWMW84L5lz,36081004002,95.0,NWMW84L5lz,current,Sports Illustrated Stadium
NWMW84L5lz,36081052500,95.0,NWMW84L5lz,current,Sports Illustrated Stadium
NWMW84L5lz,36081045700,88.0,NWMW84L5lz,current,Sports Illustrated Stadium
NWMW84L5lz,36081062500,105.0,NWMW84L5lz,current,Sports Illustrated Stadium
NWMW84L5lz,36081012800,99.0,NWMW84L5lz,current,Sports Illustrated Stadium
NWMW84L5lz,36081000200,104.0,NWMW84L5lz,current,Sports Illustrated Stadium
NWMW84L5lz,36081005900,80.0,NWMW84L5lz,current,Sports Illustrated Stadium
NWMW84L5lz,36081014300,88.0,NWMW84L5lz,current,Sports Illustrated Stadium
NWMW84L5lz,36081056000,98.0,NWMW84L5lz,current,Sports Illustrated Stadium
NWMW84L5lz,36081058300,92.0,NWMW84L5lz,current,Sports Illustrated Stadium
NWMW84L5lz,36081072100,91.0,NWMW84L5lz,current,Sports Illustrated Stadium
NWMW84L5lz,36081007300,84.0,NWMW84L5lz,current,Sports Illustrated Stadium
NWMW84L5lz,36081004401,92.0,NWMW84L5lz,current,Sports Illustrated Stadium
NWMW84L5lz,36081033401,97.0,NWMW84L5lz,current,Sports Illustrated Stadium
NWMW84L5lz,36081061200,107.0,NWMW84L5lz,current,Sports Illustrated Stadium
NWMW84L5lz,36081028500,82.0,NWMW84L5lz,current,Sports Illustrated Stadium
NWMW84L5lz,36081133900,106.0,NWMW84L5lz,current,Sports Illustrated Stadium
NWMW84L5lz,36081023800,83.0,NWMW84L5lz,current,Sports Illustrated Stadium
NWMW84L5lz,36081074100,88.0,NWMW84L5lz,current,Sports Illustrated Stadium
NWMW84L5lz,36081118900,100.0,NWMW84L5lz,current,Sports Illustrated Stadium
NWMW84L5lz,36081013000,97.0,NWMW84L5lz,current,Sports Illustrated Stadium
NWMW84L5lz,36081099701,,NWMW84L5lz,current,Sports Illustrated Stadium
NWMW84L5lz,36081011900,90.0,NWMW84L5lz,current,Sports Illustrated Stadium
NWMW84L5lz,36081035100,90.0,NWMW84L5lz,current,Sports Illustrated Stadium
NWMW84L5lz,36081050400,91.0,NWMW84L5lz,current,Sports Illustrated Stadium
NWMW84L5lz,36081043200,98.0,NWMW84L5lz,current,Sports Illustrated Stadium
NWMW84L5lz,36081055600,100.0,NWMW84L5lz,current,Sports Illustrated Stadium
NWMW84L5lz,36081025900,82.0,NWMW84L5lz,current,Sports Illustrated Stadium
NWMW84L5lz,36081091900,106.0,NWMW84L5lz,current,Sports Illustrated Stadium
NWMW84L5lz,36081036300,93.0,NWMW84L5lz,current,Sports Illustrated Stadium
NWMW84L5lz,36081037700,87.0,NWMW84L5lz,current,Sports Illustrated Stadium
NWMW84L5lz,36081068300,85.0,NWMW84L5lz,current,Sports Illustrated Stadium
NWMW84L5lz,36119002800,,NWMW84L5lz,current,Sports Illustrated Stadium
NWMW84L5lz,36119007000,,NWMW84L5lz,current,Sports Illustrated Stadium
NWMW84L5lz,36119002700,,NWMW84L5lz,current,Sports Illustrated Stadium
NWMW84L5lz,36119005600,,NWMW84L5lz,current,Sports Illustrated Stadium
NWMW84L5lz,36061025700,74.0,NWMW84L5lz,current,Sports Illustrated Stadium
NWMW84L5lz,36061024200,80.0,NWMW84L5lz,current,Sports Illustrated Stadium
NWMW84L5lz,36061008603,77.0,NWMW84L5lz,current,Sports Illustrated Stadium
NWMW84L5lz,36047000502,68.0,NWMW84L5lz,current,Sports Illustrated Stadium
NWMW84L5lz,36047050803,84.0,NWMW84L5lz,current,Sports Illustrated Stadium
NWMW84L5lz,36047050804,85.0,NWMW84L5lz,current,Sports Illustrated Stadium
NWMW84L5lz,36047051002,88.0,NWMW84L5lz,current,Sports Illustrated Stadium
NWMW84L5lz,36047065200,108.0,NWMW84L5lz,current,Sports Illustrated Stadium
NWMW84L5lz,36047068800,116.0,NWMW84L5lz,current,Sports Illustrated Stadium
NWMW84L5lz,36047069200,115.0,NWMW84L5lz,current,Sports Illustrated Stadium
NWMW84L5lz,36047069800,118.0,NWMW84L5lz,current,Sports Illustrated Stadium
NWMW84L5lz,36047065800,116.0,NWMW84L5lz,current,Sports Illustrated Stadium
NWMW84L5lz,36047066000,114.0,NWMW84L5lz,current,Sports Illustrated Stadium
NWMW84L5lz,36047066200,113.0,NWMW84L5lz,current,Sports Illustrated Stadium
NWMW84L5lz,36047066600,,NWMW84L5lz,current,Sports Illustrated Stadium
NWMW84L5lz,36047067200,109.0,NWMW84L5lz,current,Sports Illustrated Stadium
NWMW84L5lz,36047067400,109.0,NWMW84L5lz,current,Sports Illustrated Stadium
NWMW84L5lz,36047067600,106.0,NWMW84L5lz,current,Sports Illustrated Stadium
NWMW84L5lz,36047068000,111.0,NWMW84L5lz,current,Sports Illustrated Stadium
NWMW84L5lz,36047068200,113.0,NWMW84L5lz,current,Sports Illustrated Stadium
NWMW84L5lz,36047070000,,NWMW84L5lz,current,Sports Illustrated Stadium
NWMW84L5lz,36047070201,,NWMW84L5lz,current,Sports Illustrated Stadium
NWMW84L5lz,36047070202,,NWMW84L5lz,current,Sports Illustrated Stadium
NWMW84L5lz,36047070203,,NWMW84L5lz,current,Sports Illustrated Stadium
NWMW84L5lz,36047072000,113.0,NWMW84L5lz,current,Sports Illustrated Stadium
NWMW84L5lz,36047072200,106.0,NWMW84L5lz,current,Sports Illustrated Stadium
NWMW84L5lz,36047072400,104.0,NWMW84L5lz,current,Sports Illustrated Stadium
NWMW84L5lz,36047072600,106.0,NWMW84L5lz,current,Sports Illustrated Stadium
NWMW84L5lz,36047073200,108.0,NWMW84L5lz,current,Sports Illustrated Stadium
NWMW84L5lz,36047022000,94.0,NWMW84L5lz,current,Sports Illustrated Stadium
NWMW84L5lz,36047022400,96.0,NWMW84L5lz,current,Sports Illustrated Stadium
NWMW84L5lz,36047022600,95.0,NWMW84L5lz,current,Sports Illustrated Stadium
NWMW84L5lz,36047022700,74.0,NWMW84L5lz,current,Sports Illustrated Stadium
NWMW84L5lz,36047022800,93.0,NWMW84L5lz,current,Sports Illustrated Stadium
NWMW84L5lz,36047023000,95.0,NWMW84L5lz,current,Sports Illustrated Stadium
NWMW84L5lz,36047023100,80.0,NWMW84L5lz,current,Sports Illustrated Stadium
NWMW84L5lz,36047023300,82.0,NWMW84L5lz,current,Sports Illustrated Stadium
NWMW84L5lz,36047023400,99.0,NWMW84L5lz,current,Sports Illustrated Stadium
NWMW84L5lz,36047023500,86.0,NWMW84L5lz,current,Sports Illustrated Stadium
NWMW84L5lz,36047023600,101.0,NWMW84L5lz,current,Sports Illustrated Stadium
NWMW84L5lz,36047022100,83.0,NWMW84L5lz,current,Sports Illustrated Stadium
NWMW84L5lz,36047024000,98.0,NWMW84L5lz,current,Sports Illustrated Stadium
NWMW84L5lz,36047024200,99.0,NWMW84L5lz,current,Sports Illustrated Stadium
NWMW84L5lz,36047024400,100.0,NWMW84L5lz,current,Sports Illustrated Stadium
NWMW84L5lz,36047024500,81.0,NWMW84L5lz,current,Sports Illustrated Stadium
NWMW84L5lz,36047024600,99.0,NWMW84L5lz,current,Sports Illustrated Stadium
NWMW84L5lz,36047024800,98.0,NWMW84L5lz,current,Sports Illustrated Stadium
NWMW84L5lz,36047024900,80.0,NWMW84L5lz,current,Sports Illustrated Stadium
NWMW84L5lz,36047025000,96.0,NWMW84L5lz,current,Sports Illustrated Stadium
NWMW84L5lz,36047025100,85.0,NWMW84L5lz,current,Sports Illustrated Stadium
NWMW84L5lz,36047025200,98.0,NWMW84L5lz,current,Sports Illustrated Stadium
NWMW84L5lz,36047025300,83.0,NWMW84L5lz,current,Sports Illustrated Stadium
NWMW84L5lz,36047025600,99.0,NWMW84L5lz,current,Sports Illustrated Stadium
NWMW84L5lz,36047025700,84.0,NWMW84L5lz,current,Sports Illustrated Stadium
NWMW84L5lz,36047025901,82.0,NWMW84L5lz,current,Sports Illustrated Stadium
NWMW84L5lz,36047026000,100.0,NWMW84L5lz,current,Sports Illustrated Stadium
NWMW84L5lz,36047035500,84.0,NWMW84L5lz,current,Sports Illustrated Stadium
NWMW84L5lz,36047035900,88.0,NWMW84L5lz,current,Sports Illustrated Stadium
NWMW84L5lz,36047073400,105.0,NWMW84L5lz,current,Sports Illustrated Stadium
NWMW84L5lz,36047075600,104.0,NWMW84L5lz,current,Sports Illustrated Stadium
NWMW84L5lz,36047073600,104.0,NWMW84L5lz,current,Sports Illustrated Stadium
NWMW84L5lz,36047074000,101.0,NWMW84L5lz,current,Sports Illustrated Stadium
NWMW84L5lz,36047074400,104.0,NWMW84L5lz,current,Sports Illustrated Stadium
NWMW84L5lz,36047074600,106.0,NWMW84L5lz,current,Sports Illustrated Stadium
NWMW84L5lz,36047074800,102.0,NWMW84L5lz,current,Sports Illustrated Stadium
NWMW84L5lz,36047075800,100.0,NWMW84L5lz,current,Sports Illustrated Stadium
NWMW84L5lz,36047076000,99.0,NWMW84L5lz,current,Sports Illustrated Stadium
NWMW84L5lz,36047076200,93.0,NWMW84L5lz,current,Sports Illustrated Stadium
NWMW84L5lz,36047076600,96.0,NWMW84L5lz,current,Sports Illustrated Stadium
NWMW84L5lz,36047077000,99.0,NWMW84L5lz,current,Sports Illustrated Stadium
NWMW84L5lz,36047095800,108.0,NWMW84L5lz,current,Sports Illustrated Stadium
NWMW84L5lz,36047096000,103.0,NWMW84L5lz,current,Sports Illustrated Stadium
NWMW84L5lz,36047096200,103.0,NWMW84L5lz,current,Sports Illustrated Stadium
NWMW84L5lz,36047096400,105.0,NWMW84L5lz,current,Sports Illustrated Stadium
NWMW84L5lz,36047096800,102.0,NWMW84L5lz,current,Sports Illustrated Stadium
NWMW84L5lz,36047097000,103.0,NWMW84L5lz,current,Sports Illustrated Stadium
NWMW84L5lz,36047097400,100.0,NWMW84L5lz,current,Sports Illustrated Stadium
NWMW84L5lz,36047098400,105.0,NWMW84L5lz,current,Sports Illustrated Stadium
NWMW84L5lz,36047098600,103.0,NWMW84L5lz,current,Sports Illustrated Stadium
NWMW84L5lz,36047099000,110.0,NWMW84L5lz,current,Sports Illustrated Stadium
NWMW84L5lz,36047099400,110.0,NWMW84L5lz,current,Sports Illustrated Stadium
NWMW84L5lz,36047099800,117.0,NWMW84L5lz,current,Sports Illustrated Stadium
NWMW84L5lz,36047100400,116.0,NWMW84L5lz,current,Sports Illustrated Stadium
NWMW84L5lz,36047100800,110.0,NWMW84L5lz,current,Sports Illustrated Stadium
NWMW84L5lz,36047101000,112.0,NWMW84L5lz,current,Sports Illustrated Stadium
NWMW84L5lz,36047101200,112.0,NWMW84L5lz,current,Sports Illustrated Stadium
NWMW84L5lz,36047101400,109.0,NWMW84L5lz,current,Sports Illustrated Stadium
NWMW84L5lz,36047101600,110.0,NWMW84L5lz,current,Sports Illustrated Stadium
NWMW84L5lz,36085018100,,NWMW84L5lz,current,Sports Illustrated Stadium
NWMW84L5lz,36047026200,100.0,NWMW84L5lz,current,Sports Illustrated Stadium
NWMW84L5lz,36047026300,87.0,NWMW84L5lz,current,Sports Illustrated Stadium
NWMW84L5lz,36047026400,104.0,NWMW84L5lz,current,Sports Illustrated Stadium
NWMW84L5lz,36047026600,104.0,NWMW84L5lz,current,Sports Illustrated Stadium
NWMW84L5lz,36047026700,84.0,NWMW84L5lz,current,Sports Illustrated Stadium
NWMW84L5lz,36047027000,104.0,NWMW84L5lz,current,Sports Illustrated Stadium
NWMW84L5lz,36047027200,108.0,NWMW84L5lz,current,Sports Illustrated Stadium
NWMW84L5lz,36047027400,107.0,NWMW84L5lz,current,Sports Illustrated Stadium
NWMW84L5lz,36047027500,85.0,NWMW84L5lz,current,Sports Illustrated Stadium
NWMW84L5lz,36047027600,104.0,NWMW84L5lz,current,Sports Illustrated Stadium
NWMW84L5lz,36047027700,89.0,NWMW84L5lz,current,Sports Illustrated Stadium
NWMW84L5lz,36047027800,103.0,NWMW84L5lz,current,Sports Illustrated Stadium
NWMW84L5lz,36047028100,89.0,NWMW84L5lz,current,Sports Illustrated Stadium
NWMW84L5lz,36047028400,106.0,NWMW84L5lz,current,Sports Illustrated Stadium
NWMW84L5lz,36047028502,85.0,NWMW84L5lz,current,Sports Illustrated Stadium
NWMW84L5lz,36047028600,113.0,NWMW84L5lz,current,Sports Illustrated Stadium
NWMW84L5lz,36047028700,86.0,NWMW84L5lz,current,Sports Illustrated Stadium
NWMW84L5lz,36047028800,105.0,NWMW84L5lz,current,Sports Illustrated Stadium
NWMW84L5lz,36047029000,105.0,NWMW84L5lz,current,Sports Illustrated Stadium
NWMW84L5lz,36047029100,92.0,NWMW84L5lz,current,Sports Illustrated Stadium
NWMW84L5lz,36047029200,111.0,NWMW84L5lz,current,Sports Illustrated Stadium
NWMW84L5lz,36047029300,90.0,NWMW84L5lz,current,Sports Illustrated Stadium
NWMW84L5lz,36047029700,81.0,NWMW84L5lz,current,Sports Illustrated Stadium
NWMW84L5lz,36047029800,109.0,NWMW84L5lz,current,Sports Illustrated Stadium
NWMW84L5lz,36047029900,84.0,NWMW84L5lz,current,Sports Illustrated Stadium
NWMW84L5lz,36047030000,114.0,NWMW84L5lz,current,Sports Illustrated Stadium
NWMW84L5lz,36047037100,86.0,NWMW84L5lz,current,Sports Illustrated Stadium
NWMW84L5lz,36047037300,92.0,NWMW84L5lz,current,Sports Illustrated Stadium
NWMW84L5lz,36047037500,91.0,NWMW84L5lz,current,Sports Illustrated Stadium
NWMW84L5lz,36047037700,89.0,NWMW84L5lz,current,Sports Illustrated Stadium
NWMW84L5lz,36047037900,84.0,NWMW84L5lz,current,Sports Illustrated Stadium
NWMW84L5lz,36047036501,87.0,NWMW84L5lz,current,Sports Illustrated Stadium
NWMW84L5lz,36047036502,90.0,NWMW84L5lz,current,Sports Illustrated Stadium
NWMW84L5lz,36047036900,86.0,NWMW84L5lz,current,Sports Illustrated Stadium
NWMW84L5lz,36047038700,90.0,NWMW84L5lz,current,Sports Illustrated Stadium
NWMW84L5lz,36047038900,86.0,NWMW84L5lz,current,Sports Illustrated Stadium
NWMW84L5lz,36047039100,85.0,NWMW84L5lz,current,Sports Illustrated Stadium
NWMW84L5lz,36047039300,89.0,NWMW84L5lz,current,Sports Illustrated Stadium
NWMW84L5lz,36047077200,98.0,NWMW84L5lz,current,Sports Illustrated Stadium
NWMW84L5lz,36047077400,97.0,NWMW84L5lz,current,Sports Illustrated Stadium
NWMW84L5lz,36047077600,104.0,NWMW84L5lz,current,Sports Illustrated Stadium
NWMW84L5lz,36047078200,102.0,NWMW84L5lz,current,Sports Illustrated Stadium
NWMW84L5lz,36047007700,80.0,NWMW84L5lz,current,Sports Illustrated Stadium
NWMW84L5lz,36047046201,95.0,NWMW84L5lz,current,Sports Illustrated Stadium
NWMW84L5lz,36047036700,85.0,NWMW84L5lz,current,Sports Illustrated Stadium
NWMW84L5lz,36047003000,86.0,NWMW84L5lz,current,Sports Illustrated Stadium
NWMW84L5lz,36047030700,87.0,NWMW84L5lz,current,Sports Illustrated Stadium
NWMW84L5lz,36047030100,86.0,NWMW84L5lz,current,Sports Illustrated Stadium
NWMW84L5lz,36047031100,83.0,NWMW84L5lz,current,Sports Illustrated Stadium
NWMW84L5lz,36047031500,80.0,NWMW84L5lz,current,Sports Illustrated Stadium
NWMW84L5lz,36047031701,81.0,NWMW84L5lz,current,Sports Illustrated Stadium
NWMW84L5lz,36047031900,81.0,NWMW84L5lz,current,Sports Illustrated Stadium
NWMW84L5lz,36047032300,82.0,NWMW84L5lz,current,Sports Illustrated Stadium
NWMW84L5lz,36047032700,82.0,NWMW84L5lz,current,Sports Illustrated Stadium
NWMW84L5lz,36047033100,85.0,NWMW84L5lz,current,Sports Illustrated Stadium
NWMW84L5lz,36047033500,80.0,NWMW84L5lz,current,Sports Illustrated Stadium
NWMW84L5lz,36047033900,80.0,NWMW84L5lz,current,Sports Illustrated Stadium
NWMW84L5lz,36047034100,86.0,NWMW84L5lz,current,Sports Illustrated Stadium
NWMW84L5lz,36047034300,86.0,NWMW84L5lz,current,Sports Illustrated Stadium
NWMW84L5lz,36047034500,84.0,NWMW84L5lz,current,Sports Illustrated Stadium
NWMW84L5lz,36047040300,89.0,NWMW84L5lz,current,Sports Illustrated Stadium
NWMW84L5lz,36047040500,86.0,NWMW84L5lz,current,Sports Illustrated Stadium
NWMW84L5lz,36047041100,89.0,NWMW84L5lz,current,Sports Illustrated Stadium
NWMW84L5lz,36047041200,98.0,NWMW84L5lz,current,Sports Illustrated Stadium
NWMW84L5lz,36047039500,91.0,NWMW84L5lz,current,Sports Illustrated Stadium
NWMW84L5lz,36047041300,92.0,NWMW84L5lz,current,Sports Illustrated Stadium
NWMW84L5lz,36047039700,91.0,NWMW84L5lz,current,Sports Illustrated Stadium
NWMW84L5lz,36047039900,94.0,NWMW84L5lz,current,Sports Illustrated Stadium
NWMW84L5lz,36047041401,99.0,NWMW84L5lz,current,Sports Illustrated Stadium
NWMW84L5lz,36047041500,93.0,NWMW84L5lz,current,Sports Illustrated Stadium
NWMW84L5lz,36047041600,105.0,NWMW84L5lz,current,Sports Illustrated Stadium
NWMW84L5lz,36047041800,102.0,NWMW84L5lz,current,Sports Illustrated Stadium
NWMW84L5lz,36047041900,91.0,NWMW84L5lz,current,Sports Illustrated Stadium
NWMW84L5lz,36047042100,89.0,NWMW84L5lz,current,Sports Illustrated Stadium
NWMW84L5lz,36047042300,88.0,NWMW84L5lz,current,Sports Illustrated Stadium
NWMW84L5lz,36047042500,82.0,NWMW84L5lz,current,Sports Illustrated Stadium
NWMW84L5lz,36047042600,101.0,NWMW84L5lz,current,Sports Illustrated Stadium
NWMW84L5lz,36047042700,82.0,NWMW84L5lz,current,Sports Illustrated Stadium
NWMW84L5lz,36047042800,104.0,NWMW84L5lz,current,Sports Illustrated Stadium
NWMW84L5lz,36047042900,84.0,NWMW84L5lz,current,Sports Illustrated Stadium
NWMW84L5lz,36047043000,103.0,NWMW84L5lz,current,Sports Illustrated Stadium
NWMW84L5lz,36047043100,85.0,NWMW84L5lz,current,Sports Illustrated Stadium
NWMW84L5lz,36047041402,101.0,NWMW84L5lz,current,Sports Illustrated Stadium
NWMW84L5lz,36047021200,94.0,NWMW84L5lz,current,Sports Illustrated Stadium
NWMW84L5lz,36047019400,98.0,NWMW84L5lz,current,Sports Illustrated Stadium
NWMW84L5lz,36047117602,102.0,NWMW84L5lz,current,Sports Illustrated Stadium
NWMW84L5lz,36047041700,89.0,NWMW84L5lz,current,Sports Illustrated Stadium
NWMW84L5lz,36047089800,90.0,NWMW84L5lz,current,Sports Illustrated Stadium
NWMW84L5lz,36047072800,106.0,NWMW84L5lz,current,Sports Illustrated Stadium
NWMW84L5lz,36047098800,107.0,NWMW84L5lz,current,Sports Illustrated Stadium
NWMW84L5lz,36047058200,104.0,NWMW84L5lz,current,Sports Illustrated Stadium
NWMW84L5lz,36047068600,114.0,NWMW84L5lz,current,Sports Illustrated Stadium
NWMW84L5lz,36047025400,97.0,NWMW84L5lz,current,Sports Illustrated Stadium
NWMW84L5lz,36047032100,82.0,NWMW84L5lz,current,Sports Illustrated Stadium
NWMW84L5lz,36047081600,94.0,NWMW84L5lz,current,Sports Illustrated Stadium
NWMW84L5lz,36047019500,82.0,NWMW84L5lz,current,Sports Illustrated Stadium
NWMW84L5lz,36047044800,98.0,NWMW84L5lz,current,Sports Illustrated Stadium
NWMW84L5lz,36047007400,87.0,NWMW84L5lz,current,Sports Illustrated Stadium
NWMW84L5lz,36047004600,97.0,NWMW84L5lz,current,Sports Illustrated Stadium
NWMW84L5lz,36047043200,99.0,NWMW84L5lz,current,Sports Illustrated Stadium
NWMW84L5lz,36047043300,85.0,NWMW84L5lz,current,Sports Illustrated Stadium
NWMW84L5lz,36047043400,100.0,NWMW84L5lz,current,Sports Illustrated Stadium
NWMW84L5lz,36047043500,87.0,NWMW84L5lz,current,Sports Illustrated Stadium
NWMW84L5lz,36047043900,84.0,NWMW84L5lz,current,Sports Illustrated Stadium
NWMW84L5lz,36047044000,98.0,NWMW84L5lz,current,Sports Illustrated Stadium
NWMW84L5lz,36047044100,83.0,NWMW84L5lz,current,Sports Illustrated Stadium
NWMW84L5lz,36047044200,103.0,NWMW84L5lz,current,Sports Illustrated Stadium
NWMW84L5lz,36047044300,80.0,NWMW84L5lz,current,Sports Illustrated Stadium
NWMW84L5lz,36047044400,100.0,NWMW84L5lz,current,Sports Illustrated Stadium
NWMW84L5lz,36047044500,80.0,NWMW84L5lz,current,Sports Illustrated Stadium
NWMW84L5lz,36047044600,96.0,NWMW84L5lz,current,Sports Illustrated Stadium
NWMW84L5lz,36047045000,93.0,NWMW84L5lz,current,Sports Illustrated Stadium
NWMW84L5lz,36047045200,100.0,NWMW84L5lz,current,Sports Illustrated Stadium
NWMW84L5lz,36047045300,79.0,NWMW84L5lz,current,Sports Illustrated Stadium
NWMW84L5lz,36047045400,98.0,NWMW84L5lz,current,Sports Illustrated Stadium
NWMW84L5lz,36047079400,93.0,NWMW84L5lz,current,Sports Illustrated Stadium
NWMW84L5lz,36047080400,88.0,NWMW84L5lz,current,Sports Illustrated Stadium
NWMW84L5lz,36047080600,89.0,NWMW84L5lz,current,Sports Illustrated Stadium
NWMW84L5lz,36047048200,95.0,NWMW84L5lz,current,Sports Illustrated Stadium
NWMW84L5lz,36047007800,92.0,NWMW84L5lz,current,Sports Illustrated Stadium
NWMW84L5lz,36047028501,83.0,NWMW84L5lz,current,Sports Illustrated Stadium
NWMW84L5lz,36047026100,85.0,NWMW84L5lz,current,Sports Illustrated Stadium
NWMW84L5lz,36047067800,109.0,NWMW84L5lz,current,Sports Illustrated Stadium
NWMW84L5lz,36047075400,102.0,NWMW84L5lz,current,Sports Illustrated Stadium
NWMW84L5lz,36047018100,75.0,NWMW84L5lz,current,Sports Illustrated Stadium
NWMW84L5lz,36047080200,88.0,NWMW84L5lz,current,Sports Illustrated Stadium
NWMW84L5lz,36047083800,102.0,NWMW84L5lz,current,Sports Illustrated Stadium
NWMW84L5lz,36047055100,78.0,NWMW84L5lz,current,Sports Illustrated Stadium
NWMW84L5lz,36047019300,86.0,NWMW84L5lz,current,Sports Illustrated Stadium
NWMW84L5lz,36047086800,94.0,NWMW84L5lz,current,Sports Illustrated Stadium
NWMW84L5lz,36047099600,114.0,NWMW84L5lz,current,Sports Illustrated Stadium
NWMW84L5lz,36047042000,101.0,NWMW84L5lz,current,Sports Illustrated Stadium
NWMW84L5lz,36047020200,106.0,NWMW84L5lz,current,Sports Illustrated Stadium
NWMW84L5lz,36047065400,112.0,NWMW84L5lz,current,Sports Illustrated Stadium
NWMW84L5lz,36047040400,106.0,NWMW84L5lz,current,Sports Illustrated Stadium
NWMW84L5lz,36047004100,72.0,NWMW84L5lz,current,Sports Illustrated Stadium
NWMW84L5lz,36047032900,85.0,NWMW84L5lz,current,Sports Illustrated Stadium
NWMW84L5lz,36047013900,82.0,NWMW84L5lz,current,Sports Illustrated Stadium
NWMW84L5lz,36047002300,75.0,NWMW84L5lz,current,Sports Illustrated Stadium
NWMW84L5lz,36047016000,102.0,NWMW84L5lz,current,Sports Illustrated Stadium
NWMW84L5lz,36047036300,93.0,NWMW84L5lz,current,Sports Illustrated Stadium
NWMW84L5lz,36047092800,99.0,NWMW84L5lz,current,Sports Illustrated Stadium
NWMW84L5lz,36047012801,98.0,NWMW84L5lz,current,Sports Illustrated Stadium
NWMW84L5lz,36047046800,97.0,NWMW84L5lz,current,Sports Illustrated Stadium
NWMW84L5lz,36047047000,103.0,NWMW84L5lz,current,Sports Illustrated Stadium
NWMW84L5lz,36047045800,95.0,NWMW84L5lz,current,Sports Illustrated Stadium
NWMW84L5lz,36047046202,94.0,NWMW84L5lz,current,Sports Illustrated Stadium
NWMW84L5lz,36047046400,93.0,NWMW84L5lz,current,Sports Illustrated Stadium
NWMW84L5lz,36047047400,97.0,NWMW84L5lz,current,Sports Illustrated Stadium
NWMW84L5lz,36047047600,94.0,NWMW84L5lz,current,Sports Illustrated Stadium
NWMW84L5lz,36047047700,77.0,NWMW84L5lz,current,Sports Illustrated Stadium
NWMW84L5lz,36047047800,91.0,NWMW84L5lz,current,Sports Illustrated Stadium
NWMW84L5lz,36047048000,91.0,NWMW84L5lz,current,Sports Illustrated Stadium
NWMW84L5lz,36047048100,76.0,NWMW84L5lz,current,Sports Illustrated Stadium
NWMW84L5lz,36047081400,96.0,NWMW84L5lz,current,Sports Illustrated Stadium
NWMW84L5lz,36047082000,89.0,NWMW84L5lz,current,Sports Illustrated Stadium
NWMW84L5lz,36047082200,90.0,NWMW84L5lz,current,Sports Illustrated Stadium
NWMW84L5lz,36047082600,91.0,NWMW84L5lz,current,Sports Illustrated Stadium
NWMW84L5lz,36047082800,95.0,NWMW84L5lz,current,Sports Illustrated Stadium
NWMW84L5lz,36047083000,96.0,NWMW84L5lz,current,Sports Illustrated Stadium
NWMW84L5lz,36047083200,100.0,NWMW84L5lz,current,Sports Illustrated Stadium
NWMW84L5lz,36047083400,104.0,NWMW84L5lz,current,Sports Illustrated Stadium
NWMW84L5lz,36047057400,111.0,NWMW84L5lz,current,Sports Illustrated Stadium
NWMW84L5lz,36047102400,114.0,NWMW84L5lz,current,Sports Illustrated Stadium
NWMW84L5lz,36047048400,93.0,NWMW84L5lz,current,Sports Illustrated Stadium
NWMW84L5lz,36047024100,85.0,NWMW84L5lz,current,Sports Illustrated Stadium
NWMW84L5lz,36047026500,87.0,NWMW84L5lz,current,Sports Illustrated Stadium
NWMW84L5lz,36047029500,86.0,NWMW84L5lz,current,Sports Illustrated Stadium
NWMW84L5lz,36047015100,82.0,NWMW84L5lz,current,Sports Illustrated Stadium
NWMW84L5lz,36047021700,77.0,NWMW84L5lz,current,Sports Illustrated Stadium
NWMW84L5lz,36047055800,101.0,NWMW84L5lz,current,Sports Illustrated Stadium
NWMW84L5lz,36047007600,91.0,NWMW84L5lz,current,Sports Illustrated Stadium
NWMW84L5lz,36047012200,92.0,NWMW84L5lz,current,Sports Illustrated Stadium
NWMW84L5lz,36047010200,92.0,NWMW84L5lz,current,Sports Illustrated Stadium
NWMW84L5lz,36047040900,89.0,NWMW84L5lz,current,Sports Illustrated Stadium
NWMW84L5lz,36047116800,100.0,NWMW84L5lz,current,Sports Illustrated Stadium
NWMW84L5lz,36047096600,107.0,NWMW84L5lz,current,Sports Illustrated Stadium
NWMW84L5lz,36047005202,98.0,NWMW84L5lz,current,Sports Illustrated Stadium
NWMW84L5lz,36047042200,99.0,NWMW84L5lz,current,Sports Illustrated Stadium
NWMW84L5lz,36047073800,102.0,NWMW84L5lz,current,Sports Illustrated Stadium
NWMW84L5lz,36047054600,102.0,NWMW84L5lz,current,Sports Illustrated Stadium
NWMW84L5lz,36047017600,112.0,NWMW84L5lz,current,Sports Illustrated Stadium
NWMW84L5lz,36047028200,113.0,NWMW84L5lz,current,Sports Illustrated Stadium
NWMW84L5lz,36047031300,84.0,NWMW84L5lz,current,Sports Illustrated Stadium
NWMW84L5lz,36047081000,92.0,NWMW84L5lz,current,Sports Illustrated Stadium
NWMW84L5lz,36047085800,97.0,NWMW84L5lz,current,Sports Illustrated Stadium
NWMW84L5lz,36047013500,85.0,NWMW84L5lz,current,Sports Illustrated Stadium
NWMW84L5lz,36047032500,80.0,NWMW84L5lz,current,Sports Illustrated Stadium
NWMW84L5lz,36047049400,92.0,NWMW84L5lz,current,Sports Illustrated Stadium
NWMW84L5lz,36047048800,92.0,NWMW84L5lz,current,Sports Illustrated Stadium
NWMW84L5lz,36047049000,94.0,NWMW84L5lz,current,Sports Illustrated Stadium
NWMW84L5lz,36047049200,94.0,NWMW84L5lz,current,Sports Illustrated Stadium
NWMW84L5lz,36047049600,88.0,NWMW84L5lz,current,Sports Illustrated Stadium
NWMW84L5lz,36047049700,72.0,NWMW84L5lz,current,Sports Illustrated Stadium
NWMW84L5lz,36047049800,90.0,NWMW84L5lz,current,Sports Illustrated Stadium
NWMW84L5lz,36047049900,79.0,NWMW84L5lz,current,Sports Illustrated Stadium
NWMW84L5lz,36047050100,72.0,NWMW84L5lz,current,Sports Illustrated Stadium
NWMW84L5lz,36047051300,74.0,NWMW84L5lz,current,Sports Illustrated Stadium
NWMW84L5lz,36047040700,91.0,NWMW84L5lz,current,Sports Illustrated Stadium
NWMW84L5lz,36047014300,85.0,NWMW84L5lz,current,Sports Illustrated Stadium
NWMW84L5lz,36047018400,109.0,NWMW84L5lz,current,Sports Illustrated Stadium
NWMW84L5lz,36047029600,106.0,NWMW84L5lz,current,Sports Illustrated Stadium
NWMW84L5lz,36047028300,87.0,NWMW84L5lz,current,Sports Illustrated Stadium
NWMW84L5lz,36047076400,93.0,NWMW84L5lz,current,Sports Illustrated Stadium
NWMW84L5lz,36047015500,83.0,NWMW84L5lz,current,Sports Illustrated Stadium
NWMW84L5lz,36047021300,78.0,NWMW84L5lz,current,Sports Illustrated Stadium
NWMW84L5lz,36047038100,85.0,NWMW84L5lz,current,Sports Illustrated Stadium
NWMW84L5lz,36047114202,100.0,NWMW84L5lz,current,Sports Illustrated Stadium
NWMW84L5lz,36047005601,101.0,NWMW84L5lz,current,Sports Illustrated Stadium
NWMW84L5lz,36047003600,91.0,NWMW84L5lz,current,Sports Illustrated Stadium
NWMW84L5lz,36047008000,89.0,NWMW84L5lz,current,Sports Illustrated Stadium
NWMW84L5lz,36047093800,99.0,NWMW84L5lz,current,Sports Illustrated Stadium
NWMW84L5lz,36047064800,108.0,NWMW84L5lz,current,Sports Illustrated Stadium
NWMW84L5lz,36047025902,87.0,NWMW84L5lz,current,Sports Illustrated Stadium
NWMW84L5lz,36047086600,95.0,NWMW84L5lz,current,Sports Illustrated Stadium
NWMW84L5lz,36047110600,103.0,NWMW84L5lz,current,Sports Illustrated Stadium
NWMW84L5lz,36047117601,102.0,NWMW84L5lz,current,Sports Illustrated Stadium
NWMW84L5lz,36047043600,99.0,NWMW84L5lz,current,Sports Illustrated Stadium
NWMW84L5lz,36047050202,88.0,NWMW84L5lz,current,Sports Illustrated Stadium
NWMW84L5lz,36047050500,78.0,NWMW84L5lz,current,Sports Illustrated Stadium
NWMW84L5lz,36047050600,89.0,NWMW84L5lz,current,Sports Illustrated Stadium
NWMW84L5lz,36047050700,83.0,NWMW84L5lz,current,Sports Illustrated Stadium
NWMW84L5lz,36047051100,78.0,NWMW84L5lz,current,Sports Illustrated Stadium
NWMW84L5lz,36047051200,88.0,NWMW84L5lz,current,Sports Illustrated Stadium
NWMW84L5lz,36047075000,101.0,NWMW84L5lz,current,Sports Illustrated Stadium
NWMW84L5lz,36047018800,103.0,NWMW84L5lz,current,Sports Illustrated Stadium
NWMW84L5lz,36047025800,103.0,NWMW84L5lz,current,Sports Illustrated Stadium
NWMW84L5lz,36047049500,73.0,NWMW84L5lz,current,Sports Illustrated Stadium
NWMW84L5lz,36047088800,97.0,NWMW84L5lz,current,Sports Illustrated Stadium
NWMW84L5lz,36047011800,90.0,NWMW84L5lz,current,Sports Illustrated Stadium
NWMW84L5lz,36047053200,91.0,NWMW84L5lz,current,Sports Illustrated Stadium
NWMW84L5lz,36047022900,80.0,NWMW84L5lz,current,Sports Illustrated Stadium
NWMW84L5lz,36047040100,93.0,NWMW84L5lz,current,Sports Illustrated Stadium
NWMW84L5lz,36047112000,95.0,NWMW84L5lz,current,Sports Illustrated Stadium
NWMW84L5lz,36047005800,99.0,NWMW84L5lz,current,Sports Illustrated Stadium
NWMW84L5lz,36047014000,109.0,NWMW84L5lz,current,Sports Illustrated Stadium
NWMW84L5lz,36047014800,114.0,NWMW84L5lz,current,Sports Illustrated Stadium
NWMW84L5lz,36047064200,106.0,NWMW84L5lz,current,Sports Illustrated Stadium
NWMW84L5lz,36047030900,85.0,NWMW84L5lz,current,Sports Illustrated Stadium
NWMW84L5lz,36047082400,88.0,NWMW84L5lz,current,Sports Illustrated Stadium
NWMW84L5lz,36047021500,78.0,NWMW84L5lz,current,Sports Illustrated Stadium
NWMW84L5lz,36047038500,93.0,NWMW84L5lz,current,Sports Illustrated Stadium
NWMW84L5lz,36047094402,111.0,NWMW84L5lz,current,Sports Illustrated Stadium
NWMW84L5lz,36047024300,85.0,NWMW84L5lz,current,Sports Illustrated Stadium
NWMW84L5lz,36047003800,99.0,NWMW84L5lz,current,Sports Illustrated Stadium
NWMW84L5lz,36047033300,82.0,NWMW84L5lz,current,Sports Illustrated Stadium
NWMW84L5lz,36047003500,72.0,NWMW84L5lz,current,Sports Illustrated Stadium
NWMW84L5lz,36047051400,89.0,NWMW84L5lz,current,Sports Illustrated Stadium
NWMW84L5lz,36047052600,93.0,NWMW84L5lz,current,Sports Illustrated Stadium
NWMW84L5lz,36047051500,75.0,NWMW84L5lz,current,Sports Illustrated Stadium
NWMW84L5lz,36047051700,73.0,NWMW84L5lz,current,Sports Illustrated Stadium
NWMW84L5lz,36047051800,91.0,NWMW84L5lz,current,Sports Illustrated Stadium
NWMW84L5lz,36047051900,71.0,NWMW84L5lz,current,Sports Illustrated Stadium
NWMW84L5lz,36047052000,91.0,NWMW84L5lz,current,Sports Illustrated Stadium
NWMW84L5lz,36047052300,76.0,NWMW84L5lz,current,Sports Illustrated Stadium
NWMW84L5lz,36047052700,79.0,NWMW84L5lz,current,Sports Illustrated Stadium
NWMW84L5lz,36047052900,80.0,NWMW84L5lz,current,Sports Illustrated Stadium
NWMW84L5lz,36047053000,94.0,NWMW84L5lz,current,Sports Illustrated Stadium
NWMW84L5lz,36047053300,83.0,NWMW84L5lz,current,Sports Illustrated Stadium
NWMW84L5lz,36047053400,94.0,NWMW84L5lz,current,Sports Illustrated Stadium
NWMW84L5lz,36047053500,82.0,NWMW84L5lz,current,Sports Illustrated Stadium
NWMW84L5lz,36047067000,111.0,NWMW84L5lz,current,Sports Illustrated Stadium
NWMW84L5lz,36047025500,83.0,NWMW84L5lz,current,Sports Illustrated Stadium
NWMW84L5lz,36047027900,92.0,NWMW84L5lz,current,Sports Illustrated Stadium
NWMW84L5lz,36047005100,78.0,NWMW84L5lz,current,Sports Illustrated Stadium
NWMW84L5lz,36047111800,98.0,NWMW84L5lz,current,Sports Illustrated Stadium
NWMW84L5lz,36047021600,98.0,NWMW84L5lz,current,Sports Illustrated Stadium
NWMW84L5lz,36047020500,79.0,NWMW84L5lz,current,Sports Illustrated Stadium
NWMW84L5lz,36047015700,79.0,NWMW84L5lz,current,Sports Illustrated Stadium
NWMW84L5lz,36047003300,72.0,NWMW84L5lz,current,Sports Illustrated Stadium
NWMW84L5lz,36047040800,103.0,NWMW84L5lz,current,Sports Illustrated Stadium
NWMW84L5lz,36047050900,80.0,NWMW84L5lz,current,Sports Illustrated Stadium
NWMW84L5lz,36047026900,81.0,NWMW84L5lz,current,Sports Illustrated Stadium
NWMW84L5lz,36047045600,95.0,NWMW84L5lz,current,Sports Illustrated Stadium
NWMW84L5lz,36047100600,112.0,NWMW84L5lz,current,Sports Illustrated Stadium
NWMW84L5lz,36047040600,106.0,NWMW84L5lz,current,Sports Illustrated Stadium
NWMW84L5lz,36047084800,99.0,NWMW84L5lz,current,Sports Illustrated Stadium
NWMW84L5lz,36047056000,106.0,NWMW84L5lz,current,Sports Illustrated Stadium
NWMW84L5lz,36047023200,98.0,NWMW84L5lz,current,Sports Illustrated Stadium
NWMW84L5lz,36047091600,92.0,NWMW84L5lz,current,Sports Illustrated Stadium
NWMW84L5lz,36047048900,79.0,NWMW84L5lz,current,Sports Illustrated Stadium
NWMW84L5lz,36047013300,82.0,NWMW84L5lz,current,Sports Illustrated Stadium
NWMW84L5lz,36047054500,85.0,NWMW84L5lz,current,Sports Illustrated Stadium
NWMW84L5lz,36047006200,100.0,NWMW84L5lz,current,Sports Illustrated Stadium
NWMW84L5lz,36005014701,97.0,NWMW84L5lz,current,Sports Illustrated Stadium
NWMW84L5lz,36005017901,86.0,NWMW84L5lz,current,Sports Illustrated Stadium
NWMW84L5lz,36005018301,85.0,NWMW84L5lz,current,Sports Illustrated Stadium
NWMW84L5lz,36005022102,88.0,NWMW84L5lz,current,Sports Illustrated Stadium
NWMW84L5lz,36005023703,95.0,NWMW84L5lz,current,Sports Illustrated Stadium
NWMW84L5lz,36005026702,99.0,NWMW84L5lz,current,Sports Illustrated Stadium
NWMW84L5lz,36005033201,98.0,NWMW84L5lz,current,Sports Illustrated Stadium
NWMW84L5lz,36005040303,98.0,NWMW84L5lz,current,Sports Illustrated Stadium
NWMW84L5lz,36005021700,90.0,NWMW84L5lz,current,Sports Illustrated Stadium
NWMW84L5lz,36005023702,93.0,NWMW84L5lz,current,Sports Illustrated Stadium
NWMW84L5lz,36005040302,95.0,NWMW84L5lz,current,Sports Illustrated Stadium
NWMW84L5lz,36005007600,101.0,NWMW84L5lz,current,Sports Illustrated Stadium
NWMW84L5lz,36005009000,,NWMW84L5lz,current,Sports Illustrated Stadium
NWMW84L5lz,36005015900,85.0,NWMW84L5lz,current,Sports Illustrated Stadium
NWMW84L5lz,36005005001,102.0,NWMW84L5lz,current,Sports Illustrated Stadium
NWMW84L5lz,36047053700,87.0,NWMW84L5lz,current,Sports Illustrated Stadium
NWMW84L5lz,36047054700,85.0,NWMW84L5lz,current,Sports Illustrated Stadium
NWMW84L5lz,36047054800,103.0,NWMW84L5lz,current,Sports Illustrated Stadium
NWMW84L5lz,36047053900,86.0,NWMW84L5lz,current,Sports Illustrated Stadium
NWMW84L5lz,36047054300,91.0,NWMW84L5lz,current,Sports Illustrated Stadium
NWMW84L5lz,36047054400,98.0,NWMW84L5lz,current,Sports Illustrated Stadium
NWMW84L5lz,36047054900,81.0,NWMW84L5lz,current,Sports Illustrated Stadium
NWMW84L5lz,36047055000,100.0,NWMW84L5lz,current,Sports Illustrated Stadium
NWMW84L5lz,36047055300,70.0,NWMW84L5lz,current,Sports Illustrated Stadium
NWMW84L5lz,36047055400,96.0,NWMW84L5lz,current,Sports Illustrated Stadium
NWMW84L5lz,36047055500,76.0,NWMW84L5lz,current,Sports Illustrated Stadium
NWMW84L5lz,36047055600,102.0,NWMW84L5lz,current,Sports Illustrated Stadium
NWMW84L5lz,36047055700,76.0,NWMW84L5lz,current,Sports Illustrated Stadium
NWMW84L5lz,36047056200,109.0,NWMW84L5lz,current,Sports Illustrated Stadium
NWMW84L5lz,36047056400,106.0,NWMW84L5lz,current,Sports Illustrated Stadium
NWMW84L5lz,36047008200,87.0,NWMW84L5lz,current,Sports Illustrated Stadium
NWMW84L5lz,36047028900,90.0,NWMW84L5lz,current,Sports Illustrated Stadium
NWMW84L5lz,36047026800,106.0,NWMW84L5lz,current,Sports Illustrated Stadium
NWMW84L5lz,36047078400,100.0,NWMW84L5lz,current,Sports Illustrated Stadium
NWMW84L5lz,36047057100,82.0,NWMW84L5lz,current,Sports Illustrated Stadium
NWMW84L5lz,36047086200,95.0,NWMW84L5lz,current,Sports Illustrated Stadium
NWMW84L5lz,36047111000,100.0,NWMW84L5lz,current,Sports Illustrated Stadium
NWMW84L5lz,36047004300,73.0,NWMW84L5lz,current,Sports Illustrated Stadium
NWMW84L5lz,36047030300,89.0,NWMW84L5lz,current,Sports Illustrated Stadium
NWMW84L5lz,36047031702,78.0,NWMW84L5lz,current,Sports Illustrated Stadium
NWMW84L5lz,36047036100,90.0,NWMW84L5lz,current,Sports Illustrated Stadium
NWMW84L5lz,36047038300,90.0,NWMW84L5lz,current,Sports Illustrated Stadium
NWMW84L5lz,36047039400,108.0,NWMW84L5lz,current,Sports Illustrated Stadium
NWMW84L5lz,36047042400,99.0,NWMW84L5lz,current,Sports Illustrated Stadium
NWMW84L5lz,36047043800,97.0,NWMW84L5lz,current,Sports Illustrated Stadium
NWMW84L5lz,36047044700,77.0,NWMW84L5lz,current,Sports Illustrated Stadium
NWMW84L5lz,36047047200,98.0,NWMW84L5lz,current,Sports Illustrated Stadium
NWMW84L5lz,36047049100,82.0,NWMW84L5lz,current,Sports Illustrated Stadium
NWMW84L5lz,36047050300,74.0,NWMW84L5lz,current,Sports Illustrated Stadium
NWMW84L5lz,36047055200,95.0,NWMW84L5lz,current,Sports Illustrated Stadium
NWMW84L5lz,36047056500,85.0,NWMW84L5lz,current,Sports Illustrated Stadium
NWMW84L5lz,36047057500,82.0,NWMW84L5lz,current,Sports Illustrated Stadium
NWMW84L5lz,36047057600,109.0,NWMW84L5lz,current,Sports Illustrated Stadium
NWMW84L5lz,36047056600,111.0,NWMW84L5lz,current,Sports Illustrated Stadium
NWMW84L5lz,36047056800,114.0,NWMW84L5lz,current,Sports Illustrated Stadium
NWMW84L5lz,36047056900,78.0,NWMW84L5lz,current,Sports Illustrated Stadium
NWMW84L5lz,36047057000,116.0,NWMW84L5lz,current,Sports Illustrated Stadium
NWMW84L5lz,36047057300,86.0,NWMW84L5lz,current,Sports Illustrated Stadium
NWMW84L5lz,36047057800,105.0,NWMW84L5lz,current,Sports Illustrated Stadium
NWMW84L5lz,36047058000,101.0,NWMW84L5lz,current,Sports Illustrated Stadium
NWMW84L5lz,36047083600,108.0,NWMW84L5lz,current,Sports Illustrated Stadium
NWMW84L5lz,36047084000,98.0,NWMW84L5lz,current,Sports Illustrated Stadium
NWMW84L5lz,36047085000,100.0,NWMW84L5lz,current,Sports Illustrated Stadium
NWMW84L5lz,36047085200,102.0,NWMW84L5lz,current,Sports Illustrated Stadium
NWMW84L5lz,36047085400,98.0,NWMW84L5lz,current,Sports Illustrated Stadium
NWMW84L5lz,36047090000,88.0,NWMW84L5lz,current,Sports Illustrated Stadium
NWMW84L5lz,36047092000,94.0,NWMW84L5lz,current,Sports Illustrated Stadium
NWMW84L5lz,36047090200,94.0,NWMW84L5lz,current,Sports Illustrated Stadium
NWMW84L5lz,36047090600,96.0,NWMW84L5lz,current,Sports Illustrated Stadium
NWMW84L5lz,36047090800,93.0,NWMW84L5lz,current,Sports Illustrated Stadium
NWMW84L5lz,36047091000,91.0,NWMW84L5lz,current,Sports Illustrated Stadium
NWMW84L5lz,36047091800,92.0,NWMW84L5lz,current,Sports Illustrated Stadium
NWMW84L5lz,36047092200,97.0,NWMW84L5lz,current,Sports Illustrated Stadium
NWMW84L5lz,36047093000,100.0,NWMW84L5lz,current,Sports Illustrated Stadium
NWMW84L5lz,36047093400,102.0,NWMW84L5lz,current,Sports Illustrated Stadium
NWMW84L5lz,36047093600,103.0,NWMW84L5lz,current,Sports Illustrated Stadium
NWMW84L5lz,36047063200,119.0,NWMW84L5lz,current,Sports Illustrated Stadium
NWMW84L5lz,36047065600,112.0,NWMW84L5lz,current,Sports Illustrated Stadium
NWMW84L5lz,36047059100,83.0,NWMW84L5lz,current,Sports Illustrated Stadium
NWMW84L5lz,36047069000,116.0,NWMW84L5lz,current,Sports Illustrated Stadium
NWMW84L5lz,36047073000,107.0,NWMW84L5lz,current,Sports Illustrated Stadium
NWMW84L5lz,36047074200,103.0,NWMW84L5lz,current,Sports Illustrated Stadium
NWMW84L5lz,36047078000,104.0,NWMW84L5lz,current,Sports Illustrated Stadium
NWMW84L5lz,36047080000,86.0,NWMW84L5lz,current,Sports Illustrated Stadium
NWMW84L5lz,36047084600,99.0,NWMW84L5lz,current,Sports Illustrated Stadium
NWMW84L5lz,36047087200,99.0,NWMW84L5lz,current,Sports Illustrated Stadium
NWMW84L5lz,36047091200,91.0,NWMW84L5lz,current,Sports Illustrated Stadium
NWMW84L5lz,36047098200,101.0,NWMW84L5lz,current,Sports Illustrated Stadium
NWMW84L5lz,36047099200,109.0,NWMW84L5lz,current,Sports Illustrated Stadium
NWMW84L5lz,36047115000,96.0,NWMW84L5lz,current,Sports Illustrated Stadium
NWMW84L5lz,36047116200,96.0,NWMW84L5lz,current,Sports Illustrated Stadium
NWMW84L5lz,36047119000,93.0,NWMW84L5lz,current,Sports Illustrated Stadium
NWMW84L5lz,36047000100,69.0,NWMW84L5lz,current,Sports Illustrated Stadium
NWMW84L5lz,36047000200,92.0,NWMW84L5lz,current,Sports Illustrated Stadium
NWMW84L5lz,36047000301,70.0,NWMW84L5lz,current,Sports Illustrated Stadium
NWMW84L5lz,36047014200,105.0,NWMW84L5lz,current,Sports Illustrated Stadium
NWMW84L5lz,36047014500,88.0,NWMW84L5lz,current,Sports Illustrated Stadium
NWMW84L5lz,36047014700,91.0,NWMW84L5lz,current,Sports Illustrated Stadium
NWMW84L5lz,36047015000,113.0,NWMW84L5lz,current,Sports Illustrated Stadium
NWMW84L5lz,36047015300,82.0,NWMW84L5lz,current,Sports Illustrated Stadium
NWMW84L5lz,36047015400,117.0,NWMW84L5lz,current,Sports Illustrated Stadium
NWMW84L5lz,36047015900,74.0,NWMW84L5lz,current,Sports Illustrated Stadium
NWMW84L5lz,36047016100,73.0,NWMW84L5lz,current,Sports Illustrated Stadium
NWMW84L5lz,36047016200,94.0,NWMW84L5lz,current,Sports Illustrated Stadium
NWMW84L5lz,36047016300,76.0,NWMW84L5lz,current,Sports Illustrated Stadium
NWMW84L5lz,36047016400,104.0,NWMW84L5lz,current,Sports Illustrated Stadium
NWMW84L5lz,36047016500,81.0,NWMW84L5lz,current,Sports Illustrated Stadium
NWMW84L5lz,36047016700,82.0,NWMW84L5lz,current,Sports Illustrated Stadium
NWMW84L5lz,36047016800,113.0,NWMW84L5lz,current,Sports Illustrated Stadium
NWMW84L5lz,36047016900,83.0,NWMW84L5lz,current,Sports Illustrated Stadium
NWMW84L5lz,36047017100,87.0,NWMW84L5lz,current,Sports Illustrated Stadium
NWMW84L5lz,36047017200,111.0,NWMW84L5lz,current,Sports Illustrated Stadium
NWMW84L5lz,36047017400,112.0,NWMW84L5lz,current,Sports Illustrated Stadium
NWMW84L5lz,36047017500,97.0,NWMW84L5lz,current,Sports Illustrated Stadium
NWMW84L5lz,36047085600,93.0,NWMW84L5lz,current,Sports Illustrated Stadium
NWMW84L5lz,36047086000,96.0,NWMW84L5lz,current,Sports Illustrated Stadium
NWMW84L5lz,36047086400,96.0,NWMW84L5lz,current,Sports Illustrated Stadium
NWMW84L5lz,36047087000,95.0,NWMW84L5lz,current,Sports Illustrated Stadium
NWMW84L5lz,36047087401,93.0,NWMW84L5lz,current,Sports Illustrated Stadium
NWMW84L5lz,36047087600,91.0,NWMW84L5lz,current,Sports Illustrated Stadium
NWMW84L5lz,36047087800,89.0,NWMW84L5lz,current,Sports Illustrated Stadium
NWMW84L5lz,36047088200,92.0,NWMW84L5lz,current,Sports Illustrated Stadium
NWMW84L5lz,36047063600,113.0,NWMW84L5lz,current,Sports Illustrated Stadium
NWMW84L5lz,36047063800,111.0,NWMW84L5lz,current,Sports Illustrated Stadium
NWMW84L5lz,36047064000,111.0,NWMW84L5lz,current,Sports Illustrated Stadium
NWMW84L5lz,36047064400,108.0,NWMW84L5lz,current,Sports Illustrated Stadium
NWMW84L5lz,36047065000,105.0,NWMW84L5lz,current,Sports Illustrated Stadium
NWMW84L5lz,36047094401,109.0,NWMW84L5lz,current,Sports Illustrated Stadium
NWMW84L5lz,36047095000,114.0,NWMW84L5lz,current,Sports Illustrated Stadium
NWMW84L5lz,36047095400,112.0,NWMW84L5lz,current,Sports Illustrated Stadium
NWMW84L5lz,36047095600,111.0,NWMW84L5lz,current,Sports Illustrated Stadium
NWMW84L5lz,36005044902,119.0,NWMW84L5lz,current,Sports Illustrated Stadium
NWMW84L5lz,36005025100,95.0,NWMW84L5lz,current,Sports Illustrated Stadium
NWMW84L5lz,36005022404,98.0,NWMW84L5lz,current,Sports Illustrated Stadium
NWMW84L5lz,36005039901,98.0,NWMW84L5lz,current,Sports Illustrated Stadium
NWMW84L5lz,36005023704,91.0,NWMW84L5lz,current,Sports Illustrated Stadium
NWMW84L5lz,36005015300,90.0,NWMW84L5lz,current,Sports Illustrated Stadium
NWMW84L5lz,36047000700,73.0,NWMW84L5lz,current,Sports Illustrated Stadium
NWMW84L5lz,36047000900,68.0,NWMW84L5lz,current,Sports Illustrated Stadium
NWMW84L5lz,36047001100,68.0,NWMW84L5lz,current,Sports Illustrated Stadium
NWMW84L5lz,36047001300,71.0,NWMW84L5lz,current,Sports Illustrated Stadium
NWMW84L5lz,36047002000,96.0,NWMW84L5lz,current,Sports Illustrated Stadium
NWMW84L5lz,36047002100,74.0,NWMW84L5lz,current,Sports Illustrated Stadium
NWMW84L5lz,36047002200,91.0,NWMW84L5lz,current,Sports Illustrated Stadium
NWMW84L5lz,36047002901,78.0,NWMW84L5lz,current,Sports Illustrated Stadium
NWMW84L5lz,36047003400,97.0,NWMW84L5lz,current,Sports Illustrated Stadium
NWMW84L5lz,36047003700,69.0,NWMW84L5lz,current,Sports Illustrated Stadium
NWMW84L5lz,36047003900,73.0,NWMW84L5lz,current,Sports Illustrated Stadium
NWMW84L5lz,36005014100,89.0,NWMW84L5lz,current,Sports Illustrated Stadium
NWMW84L5lz,36005033000,100.0,NWMW84L5lz,current,Sports Illustrated Stadium
NWMW84L5lz,36005021100,91.0,NWMW84L5lz,current,Sports Illustrated Stadium
NWMW84L5lz,36005004600,108.0,NWMW84L5lz,current,Sports Illustrated Stadium
NWMW84L5lz,36005005902,84.0,NWMW84L5lz,current,Sports Illustrated Stadium
NWMW84L5lz,36005028100,102.0,NWMW84L5lz,current,Sports Illustrated Stadium
NWMW84L5lz,36005022701,90.0,NWMW84L5lz,current,Sports Illustrated Stadium
NWMW84L5lz,36005031600,108.0,NWMW84L5lz,current,Sports Illustrated Stadium
NWMW84L5lz,36005019500,85.0,NWMW84L5lz,current,Sports Illustrated Stadium
NWMW84L5lz,36005028600,113.0,NWMW84L5lz,current,Sports Illustrated Stadium
NWMW84L5lz,36005016400,109.0,NWMW84L5lz,current,Sports Illustrated Stadium
NWMW84L5lz,36005036800,112.0,NWMW84L5lz,current,Sports Illustrated Stadium
NWMW84L5lz,36005006000,94.0,NWMW84L5lz,current,Sports Illustrated Stadium
NWMW84L5lz,36005037600,103.0,NWMW84L5lz,current,Sports Illustrated Stadium
NWMW84L5lz,36005023301,91.0,NWMW84L5lz,current,Sports Illustrated Stadium
NWMW84L5lz,36005004001,108.0,NWMW84L5lz,current,Sports Illustrated Stadium
NWMW84L5lz,36005006900,85.0,NWMW84L5lz,current,Sports Illustrated Stadium
NWMW84L5lz,36005003100,91.0,NWMW84L5lz,current,Sports Illustrated Stadium
NWMW84L5lz,36005039000,106.0,NWMW84L5lz,current,Sports Illustrated Stadium
NWMW84L5lz,36005042800,117.0,NWMW84L5lz,current,Sports Illustrated Stadium
NWMW84L5lz,36005038800,112.0,NWMW84L5lz,current,Sports Illustrated Stadium
NWMW84L5lz,36005005600,98.0,NWMW84L5lz,current,Sports Illustrated Stadium
NWMW84L5lz,36005014500,95.0,NWMW84L5lz,current,Sports Illustrated Stadium
NWMW84L5lz,36047017700,88.0,NWMW84L5lz,current,Sports Illustrated Stadium
NWMW84L5lz,36047017800,106.0,NWMW84L5lz,current,Sports Illustrated Stadium
NWMW84L5lz,36047017900,75.0,NWMW84L5lz,current,Sports Illustrated Stadium
NWMW84L5lz,36047018000,109.0,NWMW84L5lz,current,Sports Illustrated Stadium
NWMW84L5lz,36047018200,104.0,NWMW84L5lz,current,Sports Illustrated Stadium
NWMW84L5lz,36047018300,80.0,NWMW84L5lz,current,Sports Illustrated Stadium
NWMW84L5lz,36047018501,80.0,NWMW84L5lz,current,Sports Illustrated Stadium
NWMW84L5lz,36047018600,105.0,NWMW84L5lz,current,Sports Illustrated Stadium
NWMW84L5lz,36047018700,85.0,NWMW84L5lz,current,Sports Illustrated Stadium
NWMW84L5lz,36047019000,99.0,NWMW84L5lz,current,Sports Illustrated Stadium
NWMW84L5lz,36047019100,90.0,NWMW84L5lz,current,Sports Illustrated Stadium
NWMW84L5lz,36047019200,97.0,NWMW84L5lz,current,Sports Illustrated Stadium
NWMW84L5lz,36047019600,102.0,NWMW84L5lz,current,Sports Illustrated Stadium
NWMW84L5lz,36047019700,78.0,NWMW84L5lz,current,Sports Illustrated Stadium
NWMW84L5lz,36047019800,106.0,NWMW84L5lz,current,Sports Illustrated Stadium
NWMW84L5lz,36047019900,74.0,NWMW84L5lz,current,Sports Illustrated Stadium
NWMW84L5lz,36047020000,108.0,NWMW84L5lz,current,Sports Illustrated Stadium
NWMW84L5lz,36047020300,77.0,NWMW84L5lz,current,Sports Illustrated Stadium
NWMW84L5lz,36047020400,106.0,NWMW84L5lz,current,Sports Illustrated Stadium
NWMW84L5lz,36047020600,106.0,NWMW84L5lz,current,Sports Illustrated Stadium
NWMW84L5lz,36047020700,77.0,NWMW84L5lz,current,Sports Illustrated Stadium
NWMW84L5lz,36005026300,99.0,NWMW84L5lz,current,Sports Illustrated Stadium
NWMW84L5lz,36005029700,103.0,NWMW84L5lz,current,Sports Illustrated Stadium
NWMW84L5lz,36005020601,105.0,NWMW84L5lz,current,Sports Illustrated Stadium
NWMW84L5lz,36005042000,106.0,NWMW84L5lz,current,Sports Illustrated Stadium
NWMW84L5lz,36005015800,105.0,NWMW84L5lz,current,Sports Illustrated Stadium
NWMW84L5lz,36005007400,113.0,NWMW84L5lz,current,Sports Illustrated Stadium
NWMW84L5lz,36005028800,105.0,NWMW84L5lz,current,Sports Illustrated Stadium
NWMW84L5lz,36005022902,93.0,NWMW84L5lz,current,Sports Illustrated Stadium
NWMW84L5lz,36005013300,87.0,NWMW84L5lz,current,Sports Illustrated Stadium
NWMW84L5lz,36005017100,93.0,NWMW84L5lz,current,Sports Illustrated Stadium
NWMW84L5lz,36005045101,113.0,NWMW84L5lz,current,Sports Illustrated Stadium
NWMW84L5lz,36005008300,87.0,NWMW84L5lz,current,Sports Illustrated Stadium
NWMW84L5lz,36005040400,112.0,NWMW84L5lz,current,Sports Illustrated Stadium
NWMW84L5lz,36005046000,,NWMW84L5lz,current,Sports Illustrated Stadium
NWMW84L5lz,36005025200,109.0,NWMW84L5lz,current,Sports Illustrated Stadium
NWMW84L5lz,36005023501,92.0,NWMW84L5lz,current,Sports Illustrated Stadium
NWMW84L5lz,36005036501,98.0,NWMW84L5lz,current,Sports Illustrated Stadium
NWMW84L5lz,36005021601,101.0,NWMW84L5lz,current,Sports Illustrated Stadium
NWMW84L5lz,36005040304,95.0,NWMW84L5lz,current,Sports Illustrated Stadium
NWMW84L5lz,36005022800,102.0,NWMW84L5lz,current,Sports Illustrated Stadium
NWMW84L5lz,36005003800,110.0,NWMW84L5lz,current,Sports Illustrated Stadium
NWMW84L5lz,36005020400,111.0,NWMW84L5lz,current,Sports Illustrated Stadium
NWMW84L5lz,36005003300,91.0,NWMW84L5lz,current,Sports Illustrated Stadium
NWMW84L5lz,36005037100,101.0,NWMW84L5lz,current,Sports Illustrated Stadium
NWMW84L5lz,36005013100,88.0,NWMW84L5lz,current,Sports Illustrated Stadium
NWMW84L5lz,36047020800,101.0,NWMW84L5lz,current,Sports Illustrated Stadium
NWMW84L5lz,36047021000,98.0,NWMW84L5lz,current,Sports Illustrated Stadium
NWMW84L5lz,36047021400,94.0,NWMW84L5lz,current,Sports Illustrated Stadium
NWMW84L5lz,36047021800,98.0,NWMW84L5lz,current,Sports Illustrated Stadium
NWMW84L5lz,36047021900,78.0,NWMW84L5lz,current,Sports Illustrated Stadium
NWMW84L5lz,36059405800,,NWMW84L5lz,current,Sports Illustrated Stadium
NWMW84L5lz,36059412500,,NWMW84L5lz,current,Sports Illustrated Stadium
NWMW84L5lz,36059302400,,NWMW84L5lz,current,Sports Illustrated Stadium
NWMW84L5lz,36059302900,,NWMW84L5lz,current,Sports Illustrated Stadium
NWMW84L5lz,36059303000,105.0,NWMW84L5lz,current,Sports Illustrated Stadium
NWMW84L5lz,36081019400,92.0,NWMW84L5lz,current,Sports Illustrated Stadium
NWMW84L5lz,36081020500,96.0,NWMW84L5lz,current,Sports Illustrated Stadium
NWMW84L5lz,36081095400,,NWMW84L5lz,current,Sports Illustrated Stadium
NWMW84L5lz,36081127700,109.0,NWMW84L5lz,current,Sports Illustrated Stadium
NWMW84L5lz,36081042400,103.0,NWMW84L5lz,current,Sports Illustrated Stadium
NWMW84L5lz,36059303101,,NWMW84L5lz,current,Sports Illustrated Stadium
NWMW84L5lz,36059303102,,NWMW84L5lz,current,Sports Illustrated Stadium
NWMW84L5lz,36081062200,116.0,NWMW84L5lz,current,Sports Illustrated Stadium
NWMW84L5lz,36081079702,97.0,NWMW84L5lz,current,Sports Illustrated Stadium
NWMW84L5lz,36081030600,104.0,NWMW84L5lz,current,Sports Illustrated Stadium
NWMW84L5lz,36059303301,,NWMW84L5lz,current,Sports Illustrated Stadium
NWMW84L5lz,36059303302,,NWMW84L5lz,current,Sports Illustrated Stadium
NWMW84L5lz,36059303500,118.0,NWMW84L5lz,current,Sports Illustrated Stadium
NWMW84L5lz,36059303600,105.0,NWMW84L5lz,current,Sports Illustrated Stadium
NWMW84L5lz,36081015802,95.0,NWMW84L5lz,current,Sports Illustrated Stadium
NWMW84L5lz,36081018102,76.0,NWMW84L5lz,current,Sports Illustrated Stadium
NWMW84L5lz,36059404400,100.0,NWMW84L5lz,current,Sports Illustrated Stadium
NWMW84L5lz,36059404500,101.0,NWMW84L5lz,current,Sports Illustrated Stadium
NWMW84L5lz,36059404700,105.0,NWMW84L5lz,current,Sports Illustrated Stadium
NWMW84L5lz,36059404800,111.0,NWMW84L5lz,current,Sports Illustrated Stadium
NWMW84L5lz,36059404902,,NWMW84L5lz,current,Sports Illustrated Stadium
NWMW84L5lz,36059405000,,NWMW84L5lz,current,Sports Illustrated Stadium
NWMW84L5lz,36059405100,,NWMW84L5lz,current,Sports Illustrated Stadium
NWMW84L5lz,36059405200,,NWMW84L5lz,current,Sports Illustrated Stadium
NWMW84L5lz,36059405301,,NWMW84L5lz,current,Sports Illustrated Stadium
NWMW84L5lz,36059405302,,NWMW84L5lz,current,Sports Illustrated Stadium
NWMW84L5lz,36059416201,,NWMW84L5lz,current,Sports Illustrated Stadium
NWMW84L5lz,36059517000,,NWMW84L5lz,current,Sports Illustrated Stadium
NWMW84L5lz,36059517101,,NWMW84L5lz,current,Sports Illustrated Stadium
NWMW84L5lz,36059302800,,NWMW84L5lz,current,Sports Illustrated Stadium
NWMW84L5lz,36059410100,,NWMW84L5lz,current,Sports Illustrated Stadium
NWMW84L5lz,36059406300,107.0,NWMW84L5lz,current,Sports Illustrated Stadium
NWMW84L5lz,36059404600,105.0,NWMW84L5lz,current,Sports Illustrated Stadium
NWMW84L5lz,36059405400,,NWMW84L5lz,current,Sports Illustrated Stadium
NWMW84L5lz,36059405500,,NWMW84L5lz,current,Sports Illustrated Stadium
NWMW84L5lz,36059405600,,NWMW84L5lz,current,Sports Illustrated Stadium
NWMW84L5lz,36059405700,,NWMW84L5lz,current,Sports Illustrated Stadium
NWMW84L5lz,36059405900,,NWMW84L5lz,current,Sports Illustrated Stadium
NWMW84L5lz,36059406001,,NWMW84L5lz,current,Sports Illustrated Stadium
NWMW84L5lz,36059406002,,NWMW84L5lz,current,Sports Illustrated Stadium
NWMW84L5lz,36059406100,,NWMW84L5lz,current,Sports Illustrated Stadium
NWMW84L5lz,36059517400,,NWMW84L5lz,current,Sports Illustrated Stadium
NWMW84L5lz,36059517500,,NWMW84L5lz,current,Sports Illustrated Stadium
NWMW84L5lz,36059302600,105.0,NWMW84L5lz,current,Sports Illustrated Stadium
NWMW84L5lz,36059404901,,NWMW84L5lz,current,Sports Illustrated Stadium
NWMW84L5lz,36059410600,118.0,NWMW84L5lz,current,Sports Illustrated Stadium
NWMW84L5lz,36059406201,,NWMW84L5lz,current,Sports Illustrated Stadium
NWMW84L5lz,36059406202,,NWMW84L5lz,current,Sports Illustrated Stadium
NWMW84L5lz,36059406400,,NWMW84L5lz,current,Sports Illustrated Stadium
NWMW84L5lz,36059406501,,NWMW84L5lz,current,Sports Illustrated Stadium
NWMW84L5lz,36081012500,82.0,NWMW84L5lz,current,Sports Illustrated Stadium
NWMW84L5lz,36081065703,101.0,NWMW84L5lz,current,Sports Illustrated Stadium
NWMW84L5lz,36081008500,78.0,NWMW84L5lz,current,Sports Illustrated Stadium
NWMW84L5lz,36081026901,76.0,NWMW84L5lz,current,Sports Illustrated Stadium
NWMW84L5lz,36081074900,94.0,NWMW84L5lz,current,Sports Illustrated Stadium
NWMW84L5lz,36081035700,99.0,NWMW84L5lz,current,Sports Illustrated Stadium
NWMW84L5lz,36081006502,86.0,NWMW84L5lz,current,Sports Illustrated Stadium
NWMW84L5lz,36081029400,102.0,NWMW84L5lz,current,Sports Illustrated Stadium
NWMW84L5lz,36081061301,95.0,NWMW84L5lz,current,Sports Illustrated Stadium
NWMW84L5lz,36081072300,88.0,NWMW84L5lz,current,Sports Illustrated Stadium
NWMW84L5lz,36081086900,94.0,NWMW84L5lz,current,Sports Illustrated Stadium
NWMW84L5lz,36059409800,,NWMW84L5lz,current,Sports Illustrated Stadium
NWMW84L5lz,36059410000,,NWMW84L5lz,current,Sports Illustrated Stadium
NWMW84L5lz,36059410200,,NWMW84L5lz,current,Sports Illustrated Stadium
NWMW84L5lz,36059410300,,NWMW84L5lz,current,Sports Illustrated Stadium
NWMW84L5lz,36059410400,116.0,NWMW84L5lz,current,Sports Illustrated Stadium
NWMW84L5lz,36059410500,112.0,NWMW84L5lz,current,Sports Illustrated Stadium
NWMW84L5lz,36059410700,113.0,NWMW84L5lz,current,Sports Illustrated Stadium
NWMW84L5lz,36059409900,,NWMW84L5lz,current,Sports Illustrated Stadium
NWMW84L5lz,36059410800,112.0,NWMW84L5lz,current,Sports Illustrated Stadium
NWMW84L5lz,36081015801,93.0,NWMW84L5lz,current,Sports Illustrated Stadium
NWMW84L5lz,36047101800,113.0,NWMW84L5lz,current,Sports Illustrated Stadium
NWMW84L5lz,36047102000,114.0,NWMW84L5lz,current,Sports Illustrated Stadium
NWMW84L5lz,36047102600,114.0,NWMW84L5lz,current,Sports Illustrated Stadium
NWMW84L5lz,36081018501,82.0,NWMW84L5lz,current,Sports Illustrated Stadium
NWMW84L5lz,36047107800,102.0,NWMW84L5lz,current,Sports Illustrated Stadium
NWMW84L5lz,36047109800,101.0,NWMW84L5lz,current,Sports Illustrated Stadium
NWMW84L5lz,36047112200,96.0,NWMW84L5lz,current,Sports Illustrated Stadium
NWMW84L5lz,36047112400,93.0,NWMW84L5lz,current,Sports Illustrated Stadium
NWMW84L5lz,36047112600,90.0,NWMW84L5lz,current,Sports Illustrated Stadium
NWMW84L5lz,36047112800,95.0,NWMW84L5lz,current,Sports Illustrated Stadium
NWMW84L5lz,36047113000,94.0,NWMW84L5lz,current,Sports Illustrated Stadium
NWMW84L5lz,36047113200,93.0,NWMW84L5lz,current,Sports Illustrated Stadium
NWMW84L5lz,36059410900,118.0,NWMW84L5lz,current,Sports Illustrated Stadium
NWMW84L5lz,36059411000,,NWMW84L5lz,current,Sports Illustrated Stadium
NWMW84L5lz,36059411100,,NWMW84L5lz,current,Sports Illustrated Stadium
NWMW84L5lz,36059411200,,NWMW84L5lz,current,Sports Illustrated Stadium
NWMW84L5lz,36059411301,,NWMW84L5lz,current,Sports Illustrated Stadium
NWMW84L5lz,36059411302,,NWMW84L5lz,current,Sports Illustrated Stadium
NWMW84L5lz,36047114201,95.0,NWMW84L5lz,current,Sports Illustrated Stadium
NWMW84L5lz,36047114600,97.0,NWMW84L5lz,current,Sports Illustrated Stadium
NWMW84L5lz,36047115200,93.0,NWMW84L5lz,current,Sports Illustrated Stadium
NWMW84L5lz,36047115600,94.0,NWMW84L5lz,current,Sports Illustrated Stadium
NWMW84L5lz,36047116000,97.0,NWMW84L5lz,current,Sports Illustrated Stadium
NWMW84L5lz,36047116400,97.0,NWMW84L5lz,current,Sports Illustrated Stadium
NWMW84L5lz,36047117000,101.0,NWMW84L5lz,current,Sports Illustrated Stadium
NWMW84L5lz,36047117201,101.0,NWMW84L5lz,current,Sports Illustrated Stadium
NWMW84L5lz,36047117202,102.0,NWMW84L5lz,current,Sports Illustrated Stadium
NWMW84L5lz,36047117400,100.0,NWMW84L5lz,current,Sports Illustrated Stadium
NWMW84L5lz,36047117800,96.0,NWMW84L5lz,current,Sports Illustrated Stadium
NWMW84L5lz,36047118000,104.0,NWMW84L5lz,current,Sports Illustrated Stadium
NWMW84L5lz,36047118201,100.0,NWMW84L5lz,current,Sports Illustrated Stadium
NWMW84L5lz,36047118202,102.0,NWMW84L5lz,current,Sports Illustrated Stadium
NWMW84L5lz,36047118400,100.0,NWMW84L5lz,current,Sports Illustrated Stadium
NWMW84L5lz,36047118600,95.0,NWMW84L5lz,current,Sports Illustrated Stadium
NWMW84L5lz,36047118800,91.0,NWMW84L5lz,current,Sports Illustrated Stadium
NWMW84L5lz,36047119200,95.0,NWMW84L5lz,current,Sports Illustrated Stadium
NWMW84L5lz,36047119400,94.0,NWMW84L5lz,current,Sports Illustrated Stadium
NWMW84L5lz,36047119600,87.0,NWMW84L5lz,current,Sports Illustrated Stadium
NWMW84L5lz,36047120000,92.0,NWMW84L5lz,current,Sports Illustrated Stadium
NWMW84L5lz,36047120200,89.0,NWMW84L5lz,current,Sports Illustrated Stadium
NWMW84L5lz,36047121000,94.0,NWMW84L5lz,current,Sports Illustrated Stadium
NWMW84L5lz,36081067100,98.0,NWMW84L5lz,current,Sports Illustrated Stadium
NWMW84L5lz,36081053100,94.0,NWMW84L5lz,current,Sports Illustrated Stadium
NWMW84L5lz,36081006201,109.0,NWMW84L5lz,current,Sports Illustrated Stadium
NWMW84L5lz,36081006501,84.0,NWMW84L5lz,current,Sports Illustrated Stadium
NWMW84L5lz,36081018101,74.0,NWMW84L5lz,current,Sports Illustrated Stadium
NWMW84L5lz,36059404300,108.0,NWMW84L5lz,current,Sports Illustrated Stadium
NWMW84L5lz,36059413001,119.0,NWMW84L5lz,current,Sports Illustrated Stadium
NWMW84L5lz,36059412301,,NWMW84L5lz,current,Sports Illustrated Stadium
NWMW84L5lz,36059301400,,NWMW84L5lz,current,Sports Illustrated Stadium
NWMW84L5lz,36059302700,,NWMW84L5lz,current,Sports Illustrated Stadium
NWMW84L5lz,36059300100,,NWMW84L5lz,current,Sports Illustrated Stadium
NWMW84L5lz,36059300300,,NWMW84L5lz,current,Sports Illustrated Stadium
NWMW84L5lz,36047122000,110.0,NWMW84L5lz,current,Sports Illustrated Stadium
NWMW84L5lz,36047013000,92.0,NWMW84L5lz,current,Sports Illustrated Stadium
NWMW84L5lz,36047017000,112.0,NWMW84L5lz,current,Sports Illustrated Stadium
NWMW84L5lz,36047020100,76.0,NWMW84L5lz,current,Sports Illustrated Stadium
NWMW84L5lz,36047022200,95.0,NWMW84L5lz,current,Sports Illustrated Stadium
NWMW84L5lz,36047121400,100.0,NWMW84L5lz,current,Sports Illustrated Stadium
NWMW84L5lz,36047023800,100.0,NWMW84L5lz,current,Sports Illustrated Stadium
NWMW84L5lz,36047024700,77.0,NWMW84L5lz,current,Sports Illustrated Stadium
NWMW84L5lz,36047027300,81.0,NWMW84L5lz,current,Sports Illustrated Stadium
NWMW84L5lz,36047028000,111.0,NWMW84L5lz,current,Sports Illustrated Stadium
NWMW84L5lz,36047034700,87.0,NWMW84L5lz,current,Sports Illustrated Stadium
NWMW84L5lz,36047041000,101.0,NWMW84L5lz,current,Sports Illustrated Stadium
NWMW84L5lz,36047048600,90.0,NWMW84L5lz,current,Sports Illustrated Stadium
NWMW84L5lz,36047052500,79.0,NWMW84L5lz,current,Sports Illustrated Stadium
NWMW84L5lz,36059411400,,NWMW84L5lz,current,Sports Illustrated Stadium
NWMW84L5lz,36059411500,,NWMW84L5lz,current,Sports Illustrated Stadium
NWMW84L5lz,36059411600,,NWMW84L5lz,current,Sports Illustrated Stadium
NWMW84L5lz,36059411700,,NWMW84L5lz,current,Sports Illustrated Stadium
NWMW84L5lz,36059411800,109.0,NWMW84L5lz,current,Sports Illustrated Stadium
NWMW84L5lz,36059411901,106.0,NWMW84L5lz,current,Sports Illustrated Stadium
NWMW84L5lz,36059411902,113.0,NWMW84L5lz,current,Sports Illustrated Stadium
NWMW84L5lz,36047052800,92.0,NWMW84L5lz,current,Sports Illustrated Stadium
NWMW84L5lz,36047053800,93.0,NWMW84L5lz,current,Sports Illustrated Stadium
NWMW84L5lz,36047054200,99.0,NWMW84L5lz,current,Sports Illustrated Stadium
NWMW84L5lz,36047059300,88.0,NWMW84L5lz,current,Sports Illustrated Stadium
NWMW84L5lz,36047064600,110.0,NWMW84L5lz,current,Sports Illustrated Stadium
NWMW84L5lz,36047075200,97.0,NWMW84L5lz,current,Sports Illustrated Stadium
NWMW84L5lz,36047081800,90.0,NWMW84L5lz,current,Sports Illustrated Stadium
NWMW84L5lz,36047102200,114.0,NWMW84L5lz,current,Sports Illustrated Stadium
NWMW84L5lz,36047113400,93.0,NWMW84L5lz,current,Sports Illustrated Stadium
NWMW84L5lz,36047115800,97.0,NWMW84L5lz,current,Sports Illustrated Stadium
NWMW84L5lz,36047116600,94.0,NWMW84L5lz,current,Sports Illustrated Stadium
NWMW84L5lz,36085029106,107.0,NWMW84L5lz,current,Sports Illustrated Stadium
NWMW84L5lz,36085004001,107.0,NWMW84L5lz,current,Sports Illustrated Stadium
NWMW84L5lz,36085005902,,NWMW84L5lz,current,Sports Illustrated Stadium
NWMW84L5lz,36059301101,,NWMW84L5lz,current,Sports Illustrated Stadium
NWMW84L5lz,36059416202,118.0,NWMW84L5lz,current,Sports Illustrated Stadium
NWMW84L5lz,36059300400,,NWMW84L5lz,current,Sports Illustrated Stadium
NWMW84L5lz,36059300500,,NWMW84L5lz,current,Sports Illustrated Stadium
NWMW84L5lz,36059300600,,NWMW84L5lz,current,Sports Illustrated Stadium
NWMW84L5lz,36059300700,,NWMW84L5lz,current,Sports Illustrated Stadium
NWMW84L5lz,36059300800,,NWMW84L5lz,current,Sports Illustrated Stadium
NWMW84L5lz,36059301000,,NWMW84L5lz,current,Sports Illustrated Stadium
NWMW84L5lz,36059412000,115.0,NWMW84L5lz,current,Sports Illustrated Stadium
NWMW84L5lz,36059412100,111.0,NWMW84L5lz,current,Sports Illustrated Stadium
NWMW84L5lz,36059412200,,NWMW84L5lz,current,Sports Illustrated Stadium
NWMW84L5lz,36059412302,,NWMW84L5lz,current,Sports Illustrated Stadium
NWMW84L5lz,36059412400,,NWMW84L5lz,current,Sports Illustrated Stadium
NWMW84L5lz,36081099703,,NWMW84L5lz,current,Sports Illustrated Stadium
NWMW84L5lz,36081099704,,NWMW84L5lz,current,Sports Illustrated Stadium
NWMW84L5lz,36081099705,,NWMW84L5lz,current,Sports Illustrated Stadium
NWMW84L5lz,36081099801,,NWMW84L5lz,current,Sports Illustrated Stadium
NWMW84L5lz,36059301102,,NWMW84L5lz,current,Sports Illustrated Stadium
NWMW84L5lz,36059301200,,NWMW84L5lz,current,Sports Illustrated Stadium
NWMW84L5lz,36059301300,,NWMW84L5lz,current,Sports Illustrated Stadium
NWMW84L5lz,36059301500,,NWMW84L5lz,current,Sports Illustrated Stadium
NWMW84L5lz,36059301600,,NWMW84L5lz,current,Sports Illustrated Stadium
NWMW84L5lz,36059301700,,NWMW84L5lz,current,Sports Illustrated Stadium
NWMW84L5lz,36081075702,87.0,NWMW84L5lz,current,Sports Illustrated Stadium
NWMW84L5lz,36081079701,96.0,NWMW84L5lz,current,Sports Illustrated Stadium
NWMW84L5lz,36081044302,91.0,NWMW84L5lz,current,Sports Illustrated Stadium
NWMW84L5lz,36059301800,,NWMW84L5lz,current,Sports Illustrated Stadium
NWMW84L5lz,36059413002,113.0,NWMW84L5lz,current,Sports Illustrated Stadium
NWMW84L5lz,36059413200,,NWMW84L5lz,current,Sports Illustrated Stadium
NWMW84L5lz,36081129103,113.0,NWMW84L5lz,current,Sports Illustrated Stadium
NWMW84L5lz,36081129104,105.0,NWMW84L5lz,current,Sports Illustrated Stadium
NWMW84L5lz,36081071303,87.0,NWMW84L5lz,current,Sports Illustrated Stadium
NWMW84L5lz,36081071304,89.0,NWMW84L5lz,current,Sports Illustrated Stadium
NWMW84L5lz,36081071305,87.0,NWMW84L5lz,current,Sports Illustrated Stadium
NWMW84L5lz,36081071701,86.0,NWMW84L5lz,current,Sports Illustrated Stadium
NWMW84L5lz,36081071702,89.0,NWMW84L5lz,current,Sports Illustrated Stadium
NWMW84L5lz,36081075701,86.0,NWMW84L5lz,current,Sports Illustrated Stadium
NWMW84L5lz,36081038301,96.0,NWMW84L5lz,current,Sports Illustrated Stadium
NWMW84L5lz,36059301900,,NWMW84L5lz,current,Sports Illustrated Stadium
NWMW84L5lz,36059302000,,NWMW84L5lz,current,Sports Illustrated Stadium
NWMW84L5lz,36059302200,,NWMW84L5lz,current,Sports Illustrated Stadium
NWMW84L5lz,36059302300,,NWMW84L5lz,current,Sports Illustrated Stadium
NWMW84L5lz,36061021303,75.0,NWMW84L5lz,current,Sports Illustrated Stadium
NWMW84L5lz,36061023100,74.0,NWMW84L5lz,current,Sports Illustrated Stadium
NWMW84L5lz,36061023802,81.0,NWMW84L5lz,current,Sports Illustrated Stadium
NWMW84L5lz,36061031704,62.0,NWMW84L5lz,current,Sports Illustrated Stadium
NWMW84L5lz,36005018102,85.0,NWMW84L5lz,current,Sports Illustrated Stadium
NWMW84L5lz,36005020502,100.0,NWMW84L5lz,current,Sports Illustrated Stadium
NWMW84L5lz,36005022101,88.0,NWMW84L5lz,current,Sports Illustrated Stadium
NWMW84L5lz,36005024501,96.0,NWMW84L5lz,current,Sports Illustrated Stadium
NWMW84L5lz,36005027401,,NWMW84L5lz,current,Sports Illustrated Stadium
NWMW84L5lz,36005029302,103.0,NWMW84L5lz,current,Sports Illustrated Stadium
NWMW84L5lz,36005038301,94.0,NWMW84L5lz,current,Sports Illustrated Stadium
NWMW84L5lz,36005040501,97.0,NWMW84L5lz,current,Sports Illustrated Stadium
NWMW84L5lz,36005032600,106.0,NWMW84L5lz,current,Sports Illustrated Stadium
NWMW84L5lz,36005005002,98.0,NWMW84L5lz,current,Sports Illustrated Stadium
NWMW84L5lz,36005012901,86.0,NWMW84L5lz,current,Sports Illustrated Stadium
NWMW84L5lz,36005015200,101.0,NWMW84L5lz,current,Sports Illustrated Stadium
NWMW84L5lz,36005014702,97.0,NWMW84L5lz,current,Sports Illustrated Stadium
NWMW84L5lz,36005017701,91.0,NWMW84L5lz,current,Sports Illustrated Stadium
NWMW84L5lz,36005017702,91.0,NWMW84L5lz,current,Sports Illustrated Stadium
NWMW84L5lz,36005017902,88.0,NWMW84L5lz,current,Sports Illustrated Stadium
NWMW84L5lz,36005018101,87.0,NWMW84L5lz,current,Sports Illustrated Stadium
NWMW84L5lz,36005018302,87.0,NWMW84L5lz,current,Sports Illustrated Stadium
NWMW84L5lz,36005020501,95.0,NWMW84L5lz,current,Sports Illustrated Stadium
NWMW84L5lz,36005021001,105.0,NWMW84L5lz,current,Sports Illustrated Stadium
NWMW84L5lz,36005021002,108.0,NWMW84L5lz,current,Sports Illustrated Stadium
NWMW84L5lz,36005022403,96.0,NWMW84L5lz,current,Sports Illustrated Stadium
NWMW84L5lz,36005024502,97.0,NWMW84L5lz,current,Sports Illustrated Stadium
NWMW84L5lz,36005026701,99.0,NWMW84L5lz,current,Sports Illustrated Stadium
NWMW84L5lz,36005027402,,NWMW84L5lz,current,Sports Illustrated Stadium
NWMW84L5lz,36005029301,115.0,NWMW84L5lz,current,Sports Illustrated Stadium
NWMW84L5lz,36005030900,,NWMW84L5lz,current,Sports Illustrated Stadium
NWMW84L5lz,36005033202,100.0,NWMW84L5lz,current,Sports Illustrated Stadium
NWMW84L5lz,36005040502,99.0,NWMW84L5lz,current,Sports Illustrated Stadium
NWMW84L5lz,36005020000,109.0,NWMW84L5lz,current,Sports Illustrated Stadium
NWMW84L5lz,36005033500,105.0,NWMW84L5lz,current,Sports Illustrated Stadium
NWMW84L5lz,36005033700,107.0,NWMW84L5lz,current,Sports Illustrated Stadium
NWMW84L5lz,36005034800,112.0,NWMW84L5lz,current,Sports Illustrated Stadium
NWMW84L5lz,36005036000,114.0,NWMW84L5lz,current,Sports Illustrated Stadium
NWMW84L5lz,36005039500,98.0,NWMW84L5lz,current,Sports Illustrated Stadium
NWMW84L5lz,36005043400,107.0,NWMW84L5lz,current,Sports Illustrated Stadium
NWMW84L5lz,36005044400,116.0,NWMW84L5lz,current,Sports Illustrated Stadium
NWMW84L5lz,36005004200,110.0,NWMW84L5lz,current,Sports Illustrated Stadium
NWMW84L5lz,36005005100,80.0,NWMW84L5lz,current,Sports Illustrated Stadium
NWMW84L5lz,36005009600,108.0,NWMW84L5lz,current,Sports Illustrated Stadium
NWMW84L5lz,36005020900,88.0,NWMW84L5lz,current,Sports Illustrated Stadium
NWMW84L5lz,36005022200,106.0,NWMW84L5lz,current,Sports Illustrated Stadium
NWMW84L5lz,36005023800,105.0,NWMW84L5lz,current,Sports Illustrated Stadium
NWMW84L5lz,36005037504,104.0,NWMW84L5lz,current,Sports Illustrated Stadium
NWMW84L5lz,36005045600,,NWMW84L5lz,current,Sports Illustrated Stadium
NWMW84L5lz,36005005300,103.0,NWMW84L5lz,current,Sports Illustrated Stadium
NWMW84L5lz,36061012602,65.0,NWMW84L5lz,current,Sports Illustrated Stadium
NWMW84L5lz,36061015301,65.0,NWMW84L5lz,current,Sports Illustrated Stadium
NWMW84L5lz,36061012601,65.0,NWMW84L5lz,current,Sports Illustrated Stadium
NWMW84L5lz,36061010801,72.0,NWMW84L5lz,current,Sports Illustrated Stadium
NWMW84L5lz,36061009903,63.0,NWMW84L5lz,current,Sports Illustrated Stadium
NWMW84L5lz,36061023804,75.0,NWMW84L5lz,current,Sports Illustrated Stadium
NWMW84L5lz,36061023803,73.0,NWMW84L5lz,current,Sports Illustrated Stadium
NWMW84L5lz,36061015102,72.0,NWMW84L5lz,current,Sports Illustrated Stadium
NWMW84L5lz,36061015502,71.0,NWMW84L5lz,current,Sports Illustrated Stadium
NWMW84L5lz,36061015401,69.0,NWMW84L5lz,current,Sports Illustrated Stadium
NWMW84L5lz,36061004002,65.0,NWMW84L5lz,current,Sports Illustrated Stadium
NWMW84L5lz,36061002902,65.0,NWMW84L5lz,current,Sports Illustrated Stadium
NWMW84L5lz,36061013603,75.0,NWMW84L5lz,current,Sports Illustrated Stadium
NWMW84L5lz,36061013201,75.0,NWMW84L5lz,current,Sports Illustrated Stadium
NWMW84L5lz,36061013202,75.0,NWMW84L5lz,current,Sports Illustrated Stadium
NWMW84L5lz,36061013601,78.0,NWMW84L5lz,current,Sports Illustrated Stadium
NWMW84L5lz,36061013501,76.0,NWMW84L5lz,current,Sports Illustrated Stadium
NWMW84L5lz,36061015101,67.0,NWMW84L5lz,current,Sports Illustrated Stadium
NWMW84L5lz,36061012901,67.0,NWMW84L5lz,current,Sports Illustrated Stadium
NWMW84L5lz,36061009901,70.0,NWMW84L5lz,current,Sports Illustrated Stadium
NWMW84L5lz,36061013502,77.0,NWMW84L5lz,current,Sports Illustrated Stadium
NWMW84L5lz,36061009902,64.0,NWMW84L5lz,current,Sports Illustrated Stadium
NWMW84L5lz,36061012902,73.0,NWMW84L5lz,current,Sports Illustrated Stadium
NWMW84L5lz,36061007001,65.0,NWMW84L5lz,current,Sports Illustrated Stadium
NWMW84L5lz,36061015302,61.0,NWMW84L5lz,current,Sports Illustrated Stadium
NWMW84L5lz,36061002901,60.0,NWMW84L5lz,current,Sports Illustrated Stadium
NWMW84L5lz,36061007002,62.0,NWMW84L5lz,current,Sports Illustrated Stadium
NWMW84L5lz,36061012102,63.0,NWMW84L5lz,current,Sports Illustrated Stadium
NWMW84L5lz,36061015501,62.0,NWMW84L5lz,current,Sports Illustrated Stadium
NWMW84L5lz,36085025100,112.0,NWMW84L5lz,current,Sports Illustrated Stadium
NWMW84L5lz,36085027301,,NWMW84L5lz,current,Sports Illustrated Stadium
NWMW84L5lz,36085029102,,NWMW84L5lz,current,Sports Illustrated Stadium
NWMW84L5lz,36085030301,101.0,NWMW84L5lz,current,Sports Illustrated Stadium
NWMW84L5lz,36085031901,,NWMW84L5lz,current,Sports Illustrated Stadium
NWMW84L5lz,36085032300,,NWMW84L5lz,current,Sports Illustrated Stadium
NWMW84L5lz,36085001800,107.0,NWMW84L5lz,current,Sports Illustrated Stadium
NWMW84L5lz,36085014100,,NWMW84L5lz,current,Sports Illustrated Stadium
NWMW84L5lz,36119005704,,NWMW84L5lz,current,Sports Illustrated Stadium
NWMW84L5lz,36119005703,,NWMW84L5lz,current,Sports Illustrated Stadium
NWMW84L5lz,36085017702,113.0,NWMW84L5lz,current,Sports Illustrated Stadium
NWMW84L5lz,36085017701,,NWMW84L5lz,current,Sports Illustrated Stadium
NWMW84L5lz,36085018704,119.0,NWMW84L5lz,current,Sports Illustrated Stadium
NWMW84L5lz,36061001501,64.0,NWMW84L5lz,current,Sports Illustrated Stadium
NWMW84L5lz,36061001600,69.0,NWMW84L5lz,current,Sports Illustrated Stadium
NWMW84L5lz,36061001800,69.0,NWMW84L5lz,current,Sports Illustrated Stadium
NWMW84L5lz,36061002000,85.0,NWMW84L5lz,current,Sports Illustrated Stadium
NWMW84L5lz,36061002201,76.0,NWMW84L5lz,current,Sports Illustrated Stadium
NWMW84L5lz,36061002202,77.0,NWMW84L5lz,current,Sports Illustrated Stadium
NWMW84L5lz,36061002400,82.0,NWMW84L5lz,current,Sports Illustrated Stadium
NWMW84L5lz,36061002601,78.0,NWMW84L5lz,current,Sports Illustrated Stadium
NWMW84L5lz,36061002602,75.0,NWMW84L5lz,current,Sports Illustrated Stadium
NWMW84L5lz,36061002700,65.0,NWMW84L5lz,current,Sports Illustrated Stadium
NWMW84L5lz,36061002800,72.0,NWMW84L5lz,current,Sports Illustrated Stadium
NWMW84L5lz,36061003001,72.0,NWMW84L5lz,current,Sports Illustrated Stadium
NWMW84L5lz,36061003100,61.0,NWMW84L5lz,current,Sports Illustrated Stadium
NWMW84L5lz,36061003300,61.0,NWMW84L5lz,current,Sports Illustrated Stadium
NWMW84L5lz,36061003601,69.0,NWMW84L5lz,current,Sports Illustrated Stadium
NWMW84L5lz,36061003800,68.0,NWMW84L5lz,current,Sports Illustrated Stadium
NWMW84L5lz,36061003900,66.0,NWMW84L5lz,current,Sports Illustrated Stadium
NWMW84L5lz,36061004200,63.0,NWMW84L5lz,current,Sports Illustrated Stadium
NWMW84L5lz,36061004300,65.0,NWMW84L5lz,current,Sports Illustrated Stadium
NWMW84L5lz,36061008602,85.0,NWMW84L5lz,current,Sports Illustrated Stadium
NWMW84L5lz,36061004500,64.0,NWMW84L5lz,current,Sports Illustrated Stadium
NWMW84L5lz,36061004700,64.0,NWMW84L5lz,current,Sports Illustrated Stadium
NWMW84L5lz,36061004900,66.0,NWMW84L5lz,current,Sports Illustrated Stadium
NWMW84L5lz,36061005400,62.0,NWMW84L5lz,current,Sports Illustrated Stadium
NWMW84L5lz,36061005501,66.0,NWMW84L5lz,current,Sports Illustrated Stadium
NWMW84L5lz,36061005600,59.0,NWMW84L5lz,current,Sports Illustrated Stadium
NWMW84L5lz,36061005700,64.0,NWMW84L5lz,current,Sports Illustrated Stadium
NWMW84L5lz,36061005800,58.0,NWMW84L5lz,current,Sports Illustrated Stadium
NWMW84L5lz,36061006000,77.0,NWMW84L5lz,current,Sports Illustrated Stadium
NWMW84L5lz,36061006100,61.0,NWMW84L5lz,current,Sports Illustrated Stadium
NWMW84L5lz,36061006200,76.0,NWMW84L5lz,current,Sports Illustrated Stadium
NWMW84L5lz,36061006400,68.0,NWMW84L5lz,current,Sports Illustrated Stadium
NWMW84L5lz,36061006500,64.0,NWMW84L5lz,current,Sports Illustrated Stadium
NWMW84L5lz,36061006700,62.0,NWMW84L5lz,current,Sports Illustrated Stadium
NWMW84L5lz,36061006800,63.0,NWMW84L5lz,current,Sports Illustrated Stadium
NWMW84L5lz,36061006900,65.0,NWMW84L5lz,current,Sports Illustrated Stadium
NWMW84L5lz,36061007100,58.0,NWMW84L5lz,current,Sports Illustrated Stadium
NWMW84L5lz,36061007300,60.0,NWMW84L5lz,current,Sports Illustrated Stadium
NWMW84L5lz,36047043700,87.0,NWMW84L5lz,current,Sports Illustrated Stadium
NWMW84L5lz,36061007500,64.0,NWMW84L5lz,current,Sports Illustrated Stadium
NWMW84L5lz,36061007600,52.0,NWMW84L5lz,current,Sports Illustrated Stadium
NWMW84L5lz,36061007800,64.0,NWMW84L5lz,current,Sports Illustrated Stadium
NWMW84L5lz,36061007900,67.0,NWMW84L5lz,current,Sports Illustrated Stadium
NWMW84L5lz,36061008100,57.0,NWMW84L5lz,current,Sports Illustrated Stadium
NWMW84L5lz,36061008400,58.0,NWMW84L5lz,current,Sports Illustrated Stadium
NWMW84L5lz,36061008700,56.0,NWMW84L5lz,current,Sports Illustrated Stadium
NWMW84L5lz,36061008800,65.0,NWMW84L5lz,current,Sports Illustrated Stadium
NWMW84L5lz,36061009000,69.0,NWMW84L5lz,current,Sports Illustrated Stadium
NWMW84L5lz,36061009200,64.0,NWMW84L5lz,current,Sports Illustrated Stadium
NWMW84L5lz,36061009300,57.0,NWMW84L5lz,current,Sports Illustrated Stadium
NWMW84L5lz,36061009400,64.0,NWMW84L5lz,current,Sports Illustrated Stadium
NWMW84L5lz,36061009600,61.0,NWMW84L5lz,current,Sports Illustrated Stadium
NWMW84L5lz,36061009800,71.0,NWMW84L5lz,current,Sports Illustrated Stadium
NWMW84L5lz,36061010000,68.0,NWMW84L5lz,current,Sports Illustrated Stadium
NWMW84L5lz,36061010200,66.0,NWMW84L5lz,current,Sports Illustrated Stadium
NWMW84L5lz,36061010300,51.0,NWMW84L5lz,current,Sports Illustrated Stadium
NWMW84L5lz,36061010400,63.0,NWMW84L5lz,current,Sports Illustrated Stadium
NWMW84L5lz,36059990100,,NWMW84L5lz,current,Sports Illustrated Stadium
NWMW84L5lz,36061011401,66.0,NWMW84L5lz,current,Sports Illustrated Stadium
NWMW84L5lz,36061011402,63.0,NWMW84L5lz,current,Sports Illustrated Stadium
NWMW84L5lz,36061011500,58.0,NWMW84L5lz,current,Sports Illustrated Stadium
NWMW84L5lz,36061011700,67.0,NWMW84L5lz,current,Sports Illustrated Stadium
NWMW84L5lz,36061011900,56.0,NWMW84L5lz,current,Sports Illustrated Stadium
NWMW84L5lz,36061012000,65.0,NWMW84L5lz,current,Sports Illustrated Stadium
NWMW84L5lz,36061012400,70.0,NWMW84L5lz,current,Sports Illustrated Stadium
NWMW84L5lz,36085018703,,NWMW84L5lz,current,Sports Illustrated Stadium
NWMW84L5lz,36085020701,118.0,NWMW84L5lz,current,Sports Illustrated Stadium
NWMW84L5lz,36085020702,,NWMW84L5lz,current,Sports Illustrated Stadium
NWMW84L5lz,36085009701,,NWMW84L5lz,current,Sports Illustrated Stadium
NWMW84L5lz,36085009702,,NWMW84L5lz,current,Sports Illustrated Stadium
NWMW84L5lz,36085005901,,NWMW84L5lz,current,Sports Illustrated Stadium
NWMW84L5lz,36085029105,108.0,NWMW84L5lz,current,Sports Illustrated Stadium
NWMW84L5lz,36085004004,100.0,NWMW84L5lz,current,Sports Illustrated Stadium
NWMW84L5lz,36085004003,109.0,NWMW84L5lz,current,Sports Illustrated Stadium
NWMW84L5lz,36085004002,,NWMW84L5lz,current,Sports Illustrated Stadium
NWMW84L5lz,36061012700,63.0,NWMW84L5lz,current,Sports Illustrated Stadium
NWMW84L5lz,36061012800,69.0,NWMW84L5lz,current,Sports Illustrated Stadium
NWMW84L5lz,36061013000,73.0,NWMW84L5lz,current,Sports Illustrated Stadium
NWMW84L5lz,36061013300,63.0,NWMW84L5lz,current,Sports Illustrated Stadium
NWMW84L5lz,36061013400,68.0,NWMW84L5lz,current,Sports Illustrated Stadium
NWMW84L5lz,36061013700,59.0,NWMW84L5lz,current,Sports Illustrated Stadium
NWMW84L5lz,36061014000,74.0,NWMW84L5lz,current,Sports Illustrated Stadium
NWMW84L5lz,36061014300,72.0,NWMW84L5lz,current,Sports Illustrated Stadium
NWMW84L5lz,36061014401,71.0,NWMW84L5lz,current,Sports Illustrated Stadium
NWMW84L5lz,36061014500,64.0,NWMW84L5lz,current,Sports Illustrated Stadium
NWMW84L5lz,36061014601,66.0,NWMW84L5lz,current,Sports Illustrated Stadium
NWMW84L5lz,36061014801,70.0,NWMW84L5lz,current,Sports Illustrated Stadium
NWMW84L5lz,36061014802,71.0,NWMW84L5lz,current,Sports Illustrated Stadium
NWMW84L5lz,36061014900,63.0,NWMW84L5lz,current,Sports Illustrated Stadium
NWMW84L5lz,36061015700,61.0,NWMW84L5lz,current,Sports Illustrated Stadium
NWMW84L5lz,36061015801,73.0,NWMW84L5lz,current,Sports Illustrated Stadium
NWMW84L5lz,36061015900,64.0,NWMW84L5lz,current,Sports Illustrated Stadium
NWMW84L5lz,36061016001,77.0,NWMW84L5lz,current,Sports Illustrated Stadium
NWMW84L5lz,36061016100,65.0,NWMW84L5lz,current,Sports Illustrated Stadium
NWMW84L5lz,36061016200,85.0,NWMW84L5lz,current,Sports Illustrated Stadium
NWMW84L5lz,36061016600,75.0,NWMW84L5lz,current,Sports Illustrated Stadium
NWMW84L5lz,36061016700,73.0,NWMW84L5lz,current,Sports Illustrated Stadium
NWMW84L5lz,36061016800,78.0,NWMW84L5lz,current,Sports Illustrated Stadium
NWMW84L5lz,36061017000,77.0,NWMW84L5lz,current,Sports Illustrated Stadium
NWMW84L5lz,36061017100,74.0,NWMW84L5lz,current,Sports Illustrated Stadium
NWMW84L5lz,36061017300,69.0,NWMW84L5lz,current,Sports Illustrated Stadium
NWMW84L5lz,36061017402,70.0,NWMW84L5lz,current,Sports Illustrated Stadium
NWMW84L5lz,36061017500,72.0,NWMW84L5lz,current,Sports Illustrated Stadium
NWMW84L5lz,36061017700,68.0,NWMW84L5lz,current,Sports Illustrated Stadium
NWMW84L5lz,36061017800,84.0,NWMW84L5lz,current,Sports Illustrated Stadium
NWMW84L5lz,36061018100,66.0,NWMW84L5lz,current,Sports Illustrated Stadium
NWMW84L5lz,36061018200,75.0,NWMW84L5lz,current,Sports Illustrated Stadium
NWMW84L5lz,36061018300,73.0,NWMW84L5lz,current,Sports Illustrated Stadium
NWMW84L5lz,36061018400,71.0,NWMW84L5lz,current,Sports Illustrated Stadium
NWMW84L5lz,36061018500,68.0,NWMW84L5lz,current,Sports Illustrated Stadium
NWMW84L5lz,36061018600,67.0,NWMW84L5lz,current,Sports Illustrated Stadium
NWMW84L5lz,36061018800,80.0,NWMW84L5lz,current,Sports Illustrated Stadium
NWMW84L5lz,36061019200,92.0,NWMW84L5lz,current,Sports Illustrated Stadium
NWMW84L5lz,36061019300,73.0,NWMW84L5lz,current,Sports Illustrated Stadium
NWMW84L5lz,36061019400,81.0,NWMW84L5lz,current,Sports Illustrated Stadium
NWMW84L5lz,36061019500,75.0,NWMW84L5lz,current,Sports Illustrated Stadium
NWMW84L5lz,36061019600,76.0,NWMW84L5lz,current,Sports Illustrated Stadium
NWMW84L5lz,36061019701,73.0,NWMW84L5lz,current,Sports Illustrated Stadium
NWMW84L5lz,36061019702,72.0,NWMW84L5lz,current,Sports Illustrated Stadium
NWMW84L5lz,36061020000,70.0,NWMW84L5lz,current,Sports Illustrated Stadium
NWMW84L5lz,36061020102,71.0,NWMW84L5lz,current,Sports Illustrated Stadium
NWMW84L5lz,36061020300,71.0,NWMW84L5lz,current,Sports Illustrated Stadium
NWMW84L5lz,36061022700,78.0,NWMW84L5lz,current,Sports Illustrated Stadium
NWMW84L5lz,36061020600,76.0,NWMW84L5lz,current,Sports Illustrated Stadium
NWMW84L5lz,36061020901,74.0,NWMW84L5lz,current,Sports Illustrated Stadium
NWMW84L5lz,36061021000,76.0,NWMW84L5lz,current,Sports Illustrated Stadium
NWMW84L5lz,36061021100,78.0,NWMW84L5lz,current,Sports Illustrated Stadium
NWMW84L5lz,36061021200,70.0,NWMW84L5lz,current,Sports Illustrated Stadium
NWMW84L5lz,36061021400,75.0,NWMW84L5lz,current,Sports Illustrated Stadium
NWMW84L5lz,36061021703,79.0,NWMW84L5lz,current,Sports Illustrated Stadium
NWMW84L5lz,36061021800,68.0,NWMW84L5lz,current,Sports Illustrated Stadium
NWMW84L5lz,36061021900,74.0,NWMW84L5lz,current,Sports Illustrated Stadium
NWMW84L5lz,36061022102,76.0,NWMW84L5lz,current,Sports Illustrated Stadium
NWMW84L5lz,36061022302,80.0,NWMW84L5lz,current,Sports Illustrated Stadium
NWMW84L5lz,36061022400,73.0,NWMW84L5lz,current,Sports Illustrated Stadium
NWMW84L5lz,36061022600,74.0,NWMW84L5lz,current,Sports Illustrated Stadium
NWMW84L5lz,36061022800,72.0,NWMW84L5lz,current,Sports Illustrated Stadium
NWMW84L5lz,36061022900,77.0,NWMW84L5lz,current,Sports Illustrated Stadium
NWMW84L5lz,36061023000,76.0,NWMW84L5lz,current,Sports Illustrated Stadium
NWMW84L5lz,36047152200,87.0,NWMW84L5lz,current,Sports Illustrated Stadium
NWMW84L5lz,36005009302,110.0,NWMW84L5lz,current,Sports Illustrated Stadium
NWMW84L5lz,36005009301,98.0,NWMW84L5lz,current,Sports Illustrated Stadium
NWMW84L5lz,36005011701,101.0,NWMW84L5lz,current,Sports Illustrated Stadium
NWMW84L5lz,36005051601,,NWMW84L5lz,current,Sports Illustrated Stadium
NWMW84L5lz,36005001902,89.0,NWMW84L5lz,current,Sports Illustrated Stadium
NWMW84L5lz,36047150200,90.0,NWMW84L5lz,current,Sports Illustrated Stadium
NWMW84L5lz,36005002001,111.0,NWMW84L5lz,current,Sports Illustrated Stadium
NWMW84L5lz,36005002002,112.0,NWMW84L5lz,current,Sports Illustrated Stadium
NWMW84L5lz,36005018501,92.0,NWMW84L5lz,current,Sports Illustrated Stadium
NWMW84L5lz,36005001903,92.0,NWMW84L5lz,current,Sports Illustrated Stadium
NWMW84L5lz,36005051602,,NWMW84L5lz,current,Sports Illustrated Stadium
NWMW84L5lz,36005046208,114.0,NWMW84L5lz,current,Sports Illustrated Stadium
NWMW84L5lz,36005046207,,NWMW84L5lz,current,Sports Illustrated Stadium
NWMW84L5lz,36005043101,102.0,NWMW84L5lz,current,Sports Illustrated Stadium
NWMW84L5lz,36005046203,,NWMW84L5lz,current,Sports Illustrated Stadium
NWMW84L5lz,36005046209,119.0,NWMW84L5lz,current,Sports Illustrated Stadium
NWMW84L5lz,36005048402,,NWMW84L5lz,current,Sports Illustrated Stadium
NWMW84L5lz,36005048401,117.0,NWMW84L5lz,current,Sports Illustrated Stadium
NWMW84L5lz,36005001904,,NWMW84L5lz,current,Sports Illustrated Stadium
NWMW84L5lz,36005046205,118.0,NWMW84L5lz,current,Sports Illustrated Stadium
NWMW84L5lz,36005006301,80.0,NWMW84L5lz,current,Sports Illustrated Stadium
NWMW84L5lz,36005030202,114.0,NWMW84L5lz,current,Sports Illustrated Stadium
NWMW84L5lz,36005043102,108.0,NWMW84L5lz,current,Sports Illustrated Stadium
NWMW84L5lz,36005030201,111.0,NWMW84L5lz,current,Sports Illustrated Stadium
NWMW84L5lz,36005038303,97.0,NWMW84L5lz,current,Sports Illustrated Stadium
NWMW84L5lz,36005011702,107.0,NWMW84L5lz,current,Sports Illustrated Stadium
NWMW84L5lz,36005018502,92.0,NWMW84L5lz,current,Sports Illustrated Stadium
NWMW84L5lz,36005006302,86.0,NWMW84L5lz,current,Sports Illustrated Stadium
NWMW84L5lz,36005046204,,NWMW84L5lz,current,Sports Illustrated Stadium
NWMW84L5lz,36005046206,,NWMW84L5lz,current,Sports Illustrated Stadium
NWMW84L5lz,36005038304,100.0,NWMW84L5lz,current,Sports Illustrated Stadium
NWMW84L5lz,36005001901,87.0,NWMW84L5lz,current,Sports Illustrated Stadium
NWMW84L5lz,36085990100,,NWMW84L5lz,current,Sports Illustrated Stadium
NWMW84L5lz,36005006100,85.0,NWMW84L5lz,current,Sports Illustrated Stadium
NWMW84L5lz,36005006400,102.0,NWMW84L5lz,current,Sports Illustrated Stadium
NWMW84L5lz,36005006700,83.0,NWMW84L5lz,current,Sports Illustrated Stadium
NWMW84L5lz,36005006800,103.0,NWMW84L5lz,current,Sports Illustrated Stadium
NWMW84L5lz,36005007000,103.0,NWMW84L5lz,current,Sports Illustrated Stadium
NWMW84L5lz,36005007100,83.0,NWMW84L5lz,current,Sports Illustrated Stadium
NWMW84L5lz,36005007300,82.0,NWMW84L5lz,current,Sports Illustrated Stadium
NWMW84L5lz,36005007500,84.0,NWMW84L5lz,current,Sports Illustrated Stadium
NWMW84L5lz,36005007700,84.0,NWMW84L5lz,current,Sports Illustrated Stadium
NWMW84L5lz,36005007800,107.0,NWMW84L5lz,current,Sports Illustrated Stadium
NWMW84L5lz,36005007900,83.0,NWMW84L5lz,current,Sports Illustrated Stadium
NWMW84L5lz,36005008400,,NWMW84L5lz,current,Sports Illustrated Stadium
NWMW84L5lz,36005019700,84.0,NWMW84L5lz,current,Sports Illustrated Stadium
NWMW84L5lz,36047114400,93.0,NWMW84L5lz,current,Sports Illustrated Stadium
NWMW84L5lz,36005019900,89.0,NWMW84L5lz,current,Sports Illustrated Stadium
NWMW84L5lz,36005020100,92.0,NWMW84L5lz,current,Sports Illustrated Stadium
NWMW84L5lz,36047015200,107.0,NWMW84L5lz,current,Sports Illustrated Stadium
NWMW84L5lz,36005021200,106.0,NWMW84L5lz,current,Sports Illustrated Stadium
NWMW84L5lz,36005021301,92.0,NWMW84L5lz,current,Sports Illustrated Stadium
NWMW84L5lz,36005021302,93.0,NWMW84L5lz,current,Sports Illustrated Stadium
NWMW84L5lz,36005021501,94.0,NWMW84L5lz,current,Sports Illustrated Stadium
NWMW84L5lz,36005021502,94.0,NWMW84L5lz,current,Sports Illustrated Stadium
NWMW84L5lz,36005021602,102.0,NWMW84L5lz,current,Sports Illustrated Stadium
NWMW84L5lz,36005021800,98.0,NWMW84L5lz,current,Sports Illustrated Stadium
NWMW84L5lz,36005021900,88.0,NWMW84L5lz,current,Sports Illustrated Stadium
NWMW84L5lz,36005022000,94.0,NWMW84L5lz,current,Sports Illustrated Stadium
NWMW84L5lz,36047056100,82.0,NWMW84L5lz,current,Sports Illustrated Stadium
NWMW84L5lz,36005022300,86.0,NWMW84L5lz,current,Sports Illustrated Stadium
NWMW84L5lz,36005022401,97.0,NWMW84L5lz,current,Sports Illustrated Stadium
NWMW84L5lz,36005022500,88.0,NWMW84L5lz,current,Sports Illustrated Stadium
NWMW84L5lz,36005022702,88.0,NWMW84L5lz,current,Sports Illustrated Stadium
NWMW84L5lz,36047092400,94.0,NWMW84L5lz,current,Sports Illustrated Stadium
NWMW84L5lz,36005036901,99.0,NWMW84L5lz,current,Sports Illustrated Stadium
NWMW84L5lz,36047000501,68.0,NWMW84L5lz,current,Sports Illustrated Stadium
NWMW84L5lz,36005036400,115.0,NWMW84L5lz,current,Sports Illustrated Stadium
NWMW84L5lz,36005007200,104.0,NWMW84L5lz,current,Sports Illustrated Stadium
NWMW84L5lz,36005012101,89.0,NWMW84L5lz,current,Sports Illustrated Stadium
NWMW84L5lz,36005000200,,NWMW84L5lz,current,Sports Illustrated Stadium
NWMW84L5lz,36005005400,98.0,NWMW84L5lz,current,Sports Illustrated Stadium
NWMW84L5lz,36047050801,87.0,NWMW84L5lz,current,Sports Illustrated Stadium
NWMW84L5lz,36005002701,89.0,NWMW84L5lz,current,Sports Illustrated Stadium
NWMW84L5lz,36005006200,100.0,NWMW84L5lz,current,Sports Illustrated Stadium
NWMW84L5lz,36005028700,93.0,NWMW84L5lz,current,Sports Illustrated Stadium
NWMW84L5lz,36047051001,91.0,NWMW84L5lz,current,Sports Illustrated Stadium
NWMW84L5lz,36005023100,96.0,NWMW84L5lz,current,Sports Illustrated Stadium
NWMW84L5lz,36005024100,90.0,NWMW84L5lz,current,Sports Illustrated Stadium
NWMW84L5lz,36047051602,93.0,NWMW84L5lz,current,Sports Illustrated Stadium
NWMW84L5lz,36047079601,85.0,NWMW84L5lz,current,Sports Illustrated Stadium
NWMW84L5lz,36047079602,88.0,NWMW84L5lz,current,Sports Illustrated Stadium
NWMW84L5lz,36005038200,112.0,NWMW84L5lz,current,Sports Illustrated Stadium
NWMW84L5lz,36005039600,105.0,NWMW84L5lz,current,Sports Illustrated Stadium
NWMW84L5lz,36005041500,102.0,NWMW84L5lz,current,Sports Illustrated Stadium
NWMW84L5lz,36005042901,103.0,NWMW84L5lz,current,Sports Illustrated Stadium
NWMW84L5lz,36005044901,118.0,NWMW84L5lz,current,Sports Illustrated Stadium
NWMW84L5lz,36005000100,,NWMW84L5lz,current,Sports Illustrated Stadium
NWMW84L5lz,36005000400,118.0,NWMW84L5lz,current,Sports Illustrated Stadium
NWMW84L5lz,36005001600,113.0,NWMW84L5lz,current,Sports Illustrated Stadium
NWMW84L5lz,36005008500,88.0,NWMW84L5lz,current,Sports Illustrated Stadium
NWMW84L5lz,36005013000,107.0,NWMW84L5lz,current,Sports Illustrated Stadium
NWMW84L5lz,36005013200,116.0,NWMW84L5lz,current,Sports Illustrated Stadium
NWMW84L5lz,36005013500,94.0,NWMW84L5lz,current,Sports Illustrated Stadium
NWMW84L5lz,36005013800,,NWMW84L5lz,current,Sports Illustrated Stadium
NWMW84L5lz,36005014300,90.0,NWMW84L5lz,current,Sports Illustrated Stadium
NWMW84L5lz,36005014400,107.0,NWMW84L5lz,current,Sports Illustrated Stadium
NWMW84L5lz,36005014900,96.0,NWMW84L5lz,current,Sports Illustrated Stadium
NWMW84L5lz,36005015100,92.0,NWMW84L5lz,current,Sports Illustrated Stadium
NWMW84L5lz,36005015500,89.0,NWMW84L5lz,current,Sports Illustrated Stadium
NWMW84L5lz,36005016000,,NWMW84L5lz,current,Sports Illustrated Stadium
NWMW84L5lz,36005016100,89.0,NWMW84L5lz,current,Sports Illustrated Stadium
NWMW84L5lz,36005016200,105.0,NWMW84L5lz,current,Sports Illustrated Stadium
NWMW84L5lz,36005016300,97.0,NWMW84L5lz,current,Sports Illustrated Stadium
NWMW84L5lz,36005016500,101.0,NWMW84L5lz,current,Sports Illustrated Stadium
NWMW84L5lz,36005008900,89.0,NWMW84L5lz,current,Sports Illustrated Stadium
NWMW84L5lz,36047093200,102.0,NWMW84L5lz,current,Sports Illustrated Stadium
NWMW84L5lz,36005009200,105.0,NWMW84L5lz,current,Sports Illustrated Stadium
NWMW84L5lz,36047110400,102.0,NWMW84L5lz,current,Sports Illustrated Stadium
NWMW84L5lz,36005009800,110.0,NWMW84L5lz,current,Sports Illustrated Stadium
NWMW84L5lz,36047016600,112.0,NWMW84L5lz,current,Sports Illustrated Stadium
NWMW84L5lz,36005008600,115.0,NWMW84L5lz,current,Sports Illustrated Stadium
NWMW84L5lz,36005008700,85.0,NWMW84L5lz,current,Sports Illustrated Stadium
NWMW84L5lz,36005011000,,NWMW84L5lz,current,Sports Illustrated Stadium
NWMW84L5lz,36005011502,96.0,NWMW84L5lz,current,Sports Illustrated Stadium
NWMW84L5lz,36047111600,100.0,NWMW84L5lz,current,Sports Illustrated Stadium
NWMW84L5lz,36047004400,96.0,NWMW84L5lz,current,Sports Illustrated Stadium
NWMW84L5lz,36047030500,81.0,NWMW84L5lz,current,Sports Illustrated Stadium
NWMW84L5lz,36005002300,84.0,NWMW84L5lz,current,Sports Illustrated Stadium
NWMW84L5lz,36005002400,116.0,NWMW84L5lz,current,Sports Illustrated Stadium
NWMW84L5lz,36005002500,88.0,NWMW84L5lz,current,Sports Illustrated Stadium
NWMW84L5lz,36005002702,88.0,NWMW84L5lz,current,Sports Illustrated Stadium
NWMW84L5lz,36005002800,103.0,NWMW84L5lz,current,Sports Illustrated Stadium
NWMW84L5lz,36005003500,87.0,NWMW84L5lz,current,Sports Illustrated Stadium
NWMW84L5lz,36005003700,87.0,NWMW84L5lz,current,Sports Illustrated Stadium
NWMW84L5lz,36005003900,87.0,NWMW84L5lz,current,Sports Illustrated Stadium
NWMW84L5lz,36005004300,82.0,NWMW84L5lz,current,Sports Illustrated Stadium
NWMW84L5lz,36005004400,106.0,NWMW84L5lz,current,Sports Illustrated Stadium
NWMW84L5lz,36005004800,101.0,NWMW84L5lz,current,Sports Illustrated Stadium
NWMW84L5lz,36005016700,97.0,NWMW84L5lz,current,Sports Illustrated Stadium
NWMW84L5lz,36005016900,97.0,NWMW84L5lz,current,Sports Illustrated Stadium
NWMW84L5lz,36005017300,90.0,NWMW84L5lz,current,Sports Illustrated Stadium
NWMW84L5lz,36005016600,105.0,NWMW84L5lz,current,Sports Illustrated Stadium
NWMW84L5lz,36005017500,90.0,NWMW84L5lz,current,Sports Illustrated Stadium
NWMW84L5lz,36005018400,116.0,NWMW84L5lz,current,Sports Illustrated Stadium
NWMW84L5lz,36005018900,88.0,NWMW84L5lz,current,Sports Illustrated Stadium
NWMW84L5lz,36005019300,93.0,NWMW84L5lz,current,Sports Illustrated Stadium
NWMW84L5lz,36005019400,,NWMW84L5lz,current,Sports Illustrated Stadium
NWMW84L5lz,36005011800,,NWMW84L5lz,current,Sports Illustrated Stadium
NWMW84L5lz,36005012102,89.0,NWMW84L5lz,current,Sports Illustrated Stadium
NWMW84L5lz,36005012300,90.0,NWMW84L5lz,current,Sports Illustrated Stadium
NWMW84L5lz,36005012500,88.0,NWMW84L5lz,current,Sports Illustrated Stadium
NWMW84L5lz,36005012701,85.0,NWMW84L5lz,current,Sports Illustrated Stadium
NWMW84L5lz,36047076800,94.0,NWMW84L5lz,current,Sports Illustrated Stadium
NWMW84L5lz,36047094600,104.0,NWMW84L5lz,current,Sports Illustrated Stadium
NWMW84L5lz,36047119800,95.0,NWMW84L5lz,current,Sports Illustrated Stadium
NWMW84L5lz,36005040900,106.0,NWMW84L5lz,current,Sports Illustrated Stadium
NWMW84L5lz,36005041100,99.0,NWMW84L5lz,current,Sports Illustrated Stadium
NWMW84L5lz,36005041300,98.0,NWMW84L5lz,current,Sports Illustrated Stadium
NWMW84L5lz,36005041400,113.0,NWMW84L5lz,current,Sports Illustrated Stadium
NWMW84L5lz,36005041800,110.0,NWMW84L5lz,current,Sports Illustrated Stadium
NWMW84L5lz,36005040800,105.0,NWMW84L5lz,current,Sports Illustrated Stadium
NWMW84L5lz,36005041900,101.0,NWMW84L5lz,current,Sports Illustrated Stadium
NWMW84L5lz,36005042100,101.0,NWMW84L5lz,current,Sports Illustrated Stadium
NWMW84L5lz,36005042200,107.0,NWMW84L5lz,current,Sports Illustrated Stadium
NWMW84L5lz,36005042300,104.0,NWMW84L5lz,current,Sports Illustrated Stadium
NWMW84L5lz,36005042400,112.0,NWMW84L5lz,current,Sports Illustrated Stadium
NWMW84L5lz,36005042500,105.0,NWMW84L5lz,current,Sports Illustrated Stadium
NWMW84L5lz,36005042600,118.0,NWMW84L5lz,current,Sports Illustrated Stadium
NWMW84L5lz,36005042902,105.0,NWMW84L5lz,current,Sports Illustrated Stadium
NWMW84L5lz,36005043000,111.0,NWMW84L5lz,current,Sports Illustrated Stadium
NWMW84L5lz,36005035100,103.0,NWMW84L5lz,current,Sports Illustrated Stadium
NWMW84L5lz,36005035600,,NWMW84L5lz,current,Sports Illustrated Stadium
NWMW84L5lz,36005035800,,NWMW84L5lz,current,Sports Illustrated Stadium
NWMW84L5lz,36005035900,92.0,NWMW84L5lz,current,Sports Illustrated Stadium
NWMW84L5lz,36005036100,91.0,NWMW84L5lz,current,Sports Illustrated Stadium
NWMW84L5lz,36005036300,96.0,NWMW84L5lz,current,Sports Illustrated Stadium
NWMW84L5lz,36005036502,94.0,NWMW84L5lz,current,Sports Illustrated Stadium
NWMW84L5lz,36005036700,92.0,NWMW84L5lz,current,Sports Illustrated Stadium
NWMW84L5lz,36005036902,96.0,NWMW84L5lz,current,Sports Illustrated Stadium
NWMW84L5lz,36005043600,110.0,NWMW84L5lz,current,Sports Illustrated Stadium
NWMW84L5lz,36005044800,,NWMW84L5lz,current,Sports Illustrated Stadium
NWMW84L5lz,36005045102,,NWMW84L5lz,current,Sports Illustrated Stadium
NWMW84L5lz,36005045800,117.0,NWMW84L5lz,current,Sports Illustrated Stadium
NWMW84L5lz,36005037200,104.0,NWMW84L5lz,current,Sports Illustrated Stadium
NWMW84L5lz,36005037000,107.0,NWMW84L5lz,current,Sports Illustrated Stadium
NWMW84L5lz,36005037300,103.0,NWMW84L5lz,current,Sports Illustrated Stadium
NWMW84L5lz,36005037400,101.0,NWMW84L5lz,current,Sports Illustrated Stadium
NWMW84L5lz,36005050400,,NWMW84L5lz,current,Sports Illustrated Stadium
NWMW84L5lz,36005004100,86.0,NWMW84L5lz,current,Sports Illustrated Stadium
NWMW84L5lz,36005011900,88.0,NWMW84L5lz,current,Sports Illustrated Stadium
NWMW84L5lz,36005024400,106.0,NWMW84L5lz,current,Sports Illustrated Stadium
NWMW84L5lz,36005031200,110.0,NWMW84L5lz,current,Sports Illustrated Stadium
NWMW84L5lz,36005031400,108.0,NWMW84L5lz,current,Sports Illustrated Stadium
NWMW84L5lz,36005032800,104.0,NWMW84L5lz,current,Sports Illustrated Stadium
NWMW84L5lz,36005039800,111.0,NWMW84L5lz,current,Sports Illustrated Stadium
NWMW84L5lz,36047088400,88.0,NWMW84L5lz,current,Sports Illustrated Stadium
NWMW84L5lz,36047088600,93.0,NWMW84L5lz,current,Sports Illustrated Stadium
NWMW84L5lz,36047089000,92.0,NWMW84L5lz,current,Sports Illustrated Stadium
NWMW84L5lz,36047089200,87.0,NWMW84L5lz,current,Sports Illustrated Stadium
NWMW84L5lz,36047089400,85.0,NWMW84L5lz,current,Sports Illustrated Stadium
NWMW84L5lz,36047089600,93.0,NWMW84L5lz,current,Sports Illustrated Stadium
NWMW84L5lz,36047004500,75.0,NWMW84L5lz,current,Sports Illustrated Stadium
NWMW84L5lz,36047004700,77.0,NWMW84L5lz,current,Sports Illustrated Stadium
NWMW84L5lz,36047004900,77.0,NWMW84L5lz,current,Sports Illustrated Stadium
NWMW84L5lz,36047005000,101.0,NWMW84L5lz,current,Sports Illustrated Stadium
NWMW84L5lz,36047005201,96.0,NWMW84L5lz,current,Sports Illustrated Stadium
NWMW84L5lz,36047005400,94.0,NWMW84L5lz,current,Sports Illustrated Stadium
NWMW84L5lz,36047005602,101.0,NWMW84L5lz,current,Sports Illustrated Stadium
NWMW84L5lz,36047005900,83.0,NWMW84L5lz,current,Sports Illustrated Stadium
NWMW84L5lz,36047006000,101.0,NWMW84L5lz,current,Sports Illustrated Stadium
NWMW84L5lz,36047006300,81.0,NWMW84L5lz,current,Sports Illustrated Stadium
NWMW84L5lz,36047006400,94.0,NWMW84L5lz,current,Sports Illustrated Stadium
NWMW84L5lz,36047006500,81.0,NWMW84L5lz,current,Sports Illustrated Stadium
NWMW84L5lz,36047006600,90.0,NWMW84L5lz,current,Sports Illustrated Stadium
NWMW84L5lz,36047006700,77.0,NWMW84L5lz,current,Sports Illustrated Stadium
NWMW84L5lz,36047006800,86.0,NWMW84L5lz,current,Sports Illustrated Stadium
NWMW84L5lz,36047007000,84.0,NWMW84L5lz,current,Sports Illustrated Stadium
NWMW84L5lz,36047007100,77.0,NWMW84L5lz,current,Sports Illustrated Stadium
NWMW84L5lz,36047007200,89.0,NWMW84L5lz,current,Sports Illustrated Stadium
NWMW84L5lz,36047007500,79.0,NWMW84L5lz,current,Sports Illustrated Stadium
NWMW84L5lz,36047008400,82.0,NWMW84L5lz,current,Sports Illustrated Stadium
NWMW84L5lz,36081038302,99.0,NWMW84L5lz,current,Sports Illustrated Stadium
NWMW84L5lz,36047008500,88.0,NWMW84L5lz,current,Sports Illustrated Stadium
NWMW84L5lz,36047008600,93.0,NWMW84L5lz,current,Sports Illustrated Stadium
NWMW84L5lz,36047008800,90.0,NWMW84L5lz,current,Sports Illustrated Stadium
NWMW84L5lz,36047009600,94.0,NWMW84L5lz,current,Sports Illustrated Stadium
NWMW84L5lz,36047009800,98.0,NWMW84L5lz,current,Sports Illustrated Stadium
NWMW84L5lz,36047010000,96.0,NWMW84L5lz,current,Sports Illustrated Stadium
NWMW84L5lz,36047010100,86.0,NWMW84L5lz,current,Sports Illustrated Stadium
NWMW84L5lz,36047011000,91.0,NWMW84L5lz,current,Sports Illustrated Stadium
NWMW84L5lz,36047011200,94.0,NWMW84L5lz,current,Sports Illustrated Stadium
NWMW84L5lz,36047011400,98.0,NWMW84L5lz,current,Sports Illustrated Stadium
NWMW84L5lz,36047011600,100.0,NWMW84L5lz,current,Sports Illustrated Stadium
NWMW84L5lz,36047011700,83.0,NWMW84L5lz,current,Sports Illustrated Stadium
NWMW84L5lz,36047012000,95.0,NWMW84L5lz,current,Sports Illustrated Stadium
NWMW84L5lz,36047012100,80.0,NWMW84L5lz,current,Sports Illustrated Stadium
NWMW84L5lz,36047012700,77.0,NWMW84L5lz,current,Sports Illustrated Stadium
NWMW84L5lz,36047012901,75.0,NWMW84L5lz,current,Sports Illustrated Stadium
NWMW84L5lz,36047012902,71.0,NWMW84L5lz,current,Sports Illustrated Stadium
NWMW84L5lz,36047013100,78.0,NWMW84L5lz,current,Sports Illustrated Stadium
NWMW84L5lz,36047013200,102.0,NWMW84L5lz,current,Sports Illustrated Stadium
NWMW84L5lz,36047013400,97.0,NWMW84L5lz,current,Sports Illustrated Stadium
NWMW84L5lz,36047013600,100.0,NWMW84L5lz,current,Sports Illustrated Stadium
NWMW84L5lz,36047013700,84.0,NWMW84L5lz,current,Sports Illustrated Stadium
NWMW84L5lz,36047013800,103.0,NWMW84L5lz,current,Sports Illustrated Stadium
NWMW84L5lz,36119007100,,NWMW84L5lz,current,Sports Illustrated Stadium
NWMW84L5lz,36081044400,96.0,NWMW84L5lz,current,Sports Illustrated Stadium
NWMW84L5lz,36081058200,98.0,NWMW84L5lz,current,Sports Illustrated Stadium
NWMW84L5lz,36081108500,112.0,NWMW84L5lz,current,Sports Illustrated Stadium
NWMW84L5lz,36081109300,,NWMW84L5lz,current,Sports Illustrated Stadium
NWMW84L5lz,36081141700,110.0,NWMW84L5lz,current,Sports Illustrated Stadium
NWMW84L5lz,36081006202,108.0,NWMW84L5lz,current,Sports Illustrated Stadium
NWMW84L5lz,36061016900,69.0,NWMW84L5lz,current,Sports Illustrated Stadium
NWMW84L5lz,36061016400,72.0,NWMW84L5lz,current,Sports Illustrated Stadium
NWMW84L5lz,34031246300,,NWMW84L5lz,current,Sports Illustrated Stadium
NWMW84L5lz,34031223900,114.0,NWMW84L5lz,current,Sports Illustrated Stadium
NWMW84L5lz,34031124900,95.0,NWMW84L5lz,current,Sports Illustrated Stadium
NWMW84L5lz,34031124402,84.0,NWMW84L5lz,current,Sports Illustrated Stadium
NWMW84L5lz,34039030704,51.0,NWMW84L5lz,current,Sports Illustrated Stadium
NWMW84L5lz,34017012800,37.0,NWMW84L5lz,current,Sports Illustrated Stadium
NWMW84L5lz,34017012900,32.0,NWMW84L5lz,current,Sports Illustrated Stadium
NWMW84L5lz,34039032004,59.0,NWMW84L5lz,current,Sports Illustrated Stadium
NWMW84L5lz,34039032401,63.0,NWMW84L5lz,current,Sports Illustrated Stadium
NWMW84L5lz,34039032102,66.0,NWMW84L5lz,current,Sports Illustrated Stadium
NWMW84L5lz,34039032101,70.0,NWMW84L5lz,current,Sports Illustrated Stadium
NWMW84L5lz,34039032003,56.0,NWMW84L5lz,current,Sports Illustrated Stadium
NWMW84L5lz,34013021200,94.0,NWMW84L5lz,current,Sports Illustrated Stadium
NWMW84L5lz,34013021602,,NWMW84L5lz,current,Sports Illustrated Stadium
NWMW84L5lz,34031175900,104.0,NWMW84L5lz,current,Sports Illustrated Stadium
NWMW84L5lz,34031124311,106.0,NWMW84L5lz,current,Sports Illustrated Stadium
NWMW84L5lz,34031124312,95.0,NWMW84L5lz,current,Sports Illustrated Stadium
NWMW84L5lz,34031124321,108.0,NWMW84L5lz,current,Sports Illustrated Stadium
NWMW84L5lz,34031124322,89.0,NWMW84L5lz,current,Sports Illustrated Stadium
NWMW84L5lz,34031124323,91.0,NWMW84L5lz,current,Sports Illustrated Stadium
NWMW84L5lz,34031124500,108.0,NWMW84L5lz,current,Sports Illustrated Stadium
NWMW84L5lz,34031125000,105.0,NWMW84L5lz,current,Sports Illustrated Stadium
NWMW84L5lz,34031125100,107.0,NWMW84L5lz,current,Sports Illustrated Stadium
NWMW84L5lz,34031124601,110.0,NWMW84L5lz,current,Sports Illustrated Stadium
NWMW84L5lz,34031175200,103.0,NWMW84L5lz,current,Sports Illustrated Stadium
NWMW84L5lz,34013020902,,NWMW84L5lz,current,Sports Illustrated Stadium
NWMW84L5lz,34013021000,119.0,NWMW84L5lz,current,Sports Illustrated Stadium
NWMW84L5lz,34013021100,89.0,NWMW84L5lz,current,Sports Illustrated Stadium
NWMW84L5lz,34031182100,118.0,NWMW84L5lz,current,Sports Illustrated Stadium
NWMW84L5lz,34031182600,118.0,NWMW84L5lz,current,Sports Illustrated Stadium
NWMW84L5lz,34031182800,113.0,NWMW84L5lz,current,Sports Illustrated Stadium
NWMW84L5lz,34031182900,110.0,NWMW84L5lz,current,Sports Illustrated Stadium
NWMW84L5lz,34013021801,,NWMW84L5lz,current,Sports Illustrated Stadium
NWMW84L5lz,34013008900,43.0,NWMW84L5lz,current,Sports Illustrated Stadium
NWMW84L5lz,34013000300,46.0,NWMW84L5lz,current,Sports Illustrated Stadium
NWMW84L5lz,34013020800,114.0,NWMW84L5lz,current,Sports Illustrated Stadium
NWMW84L5lz,34013001600,41.0,NWMW84L5lz,current,Sports Illustrated Stadium
NWMW84L5lz,34013009400,47.0,NWMW84L5lz,current,Sports Illustrated Stadium
NWMW84L5lz,34013000700,42.0,NWMW84L5lz,current,Sports Illustrated Stadium
NWMW84L5lz,34013020700,86.0,NWMW84L5lz,current,Sports Illustrated Stadium
NWMW84L5lz,34013002202,52.0,NWMW84L5lz,current,Sports Illustrated Stadium
NWMW84L5lz,34013012500,52.0,NWMW84L5lz,current,Sports Illustrated Stadium
NWMW84L5lz,34013016600,68.0,NWMW84L5lz,current,Sports Illustrated Stadium
NWMW84L5lz,34003031200,77.0,NWMW84L5lz,current,Sports Illustrated Stadium
NWMW84L5lz,34003051100,84.0,NWMW84L5lz,current,Sports Illustrated Stadium
NWMW84L5lz,34013022800,35.0,NWMW84L5lz,current,Sports Illustrated Stadium
NWMW84L5lz,34013007800,27.0,NWMW84L5lz,current,Sports Illustrated Stadium
NWMW84L5lz,34013010600,51.0,NWMW84L5lz,current,Sports Illustrated Stadium
NWMW84L5lz,34013005100,46.0,NWMW84L5lz,current,Sports Illustrated Stadium
NWMW84L5lz,34017002400,54.0,NWMW84L5lz,current,Sports Illustrated Stadium
NWMW84L5lz,34017000902,49.0,NWMW84L5lz,current,Sports Illustrated Stadium
NWMW84L5lz,34013015300,59.0,NWMW84L5lz,current,Sports Illustrated Stadium
NWMW84L5lz,34013001500,39.0,NWMW84L5lz,current,Sports Illustrated Stadium
NWMW84L5lz,34017011600,84.0,NWMW84L5lz,current,Sports Illustrated Stadium
NWMW84L5lz,34017014700,69.0,NWMW84L5lz,current,Sports Illustrated Stadium
NWMW84L5lz,34017005600,64.0,NWMW84L5lz,current,Sports Illustrated Stadium
NWMW84L5lz,34017004300,58.0,NWMW84L5lz,current,Sports Illustrated Stadium
NWMW84L5lz,34017013000,34.0,NWMW84L5lz,current,Sports Illustrated Stadium
NWMW84L5lz,34017015300,83.0,NWMW84L5lz,current,Sports Illustrated Stadium
NWMW84L5lz,34017016800,59.0,NWMW84L5lz,current,Sports Illustrated Stadium
NWMW84L5lz,34017019400,70.0,NWMW84L5lz,current,Sports Illustrated Stadium
NWMW84L5lz,34017014000,88.0,NWMW84L5lz,current,Sports Illustrated Stadium
NWMW84L5lz,34017001400,53.0,NWMW84L5lz,current,Sports Illustrated Stadium
NWMW84L5lz,34017013200,39.0,NWMW84L5lz,current,Sports Illustrated Stadium
NWMW84L5lz,34017016200,71.0,NWMW84L5lz,current,Sports Illustrated Stadium
NWMW84L5lz,34017016600,63.0,NWMW84L5lz,current,Sports Illustrated Stadium
NWMW84L5lz,34017018000,70.0,NWMW84L5lz,current,Sports Illustrated Stadium
NWMW84L5lz,34017000400,59.0,NWMW84L5lz,current,Sports Illustrated Stadium
NWMW84L5lz,34017000500,58.0,NWMW84L5lz,current,Sports Illustrated Stadium
NWMW84L5lz,34017000700,65.0,NWMW84L5lz,current,Sports Illustrated Stadium
NWMW84L5lz,34017000800,60.0,NWMW84L5lz,current,Sports Illustrated Stadium
NWMW84L5lz,34017001100,57.0,NWMW84L5lz,current,Sports Illustrated Stadium
NWMW84L5lz,34017001202,47.0,NWMW84L5lz,current,Sports Illustrated Stadium
NWMW84L5lz,34017001300,59.0,NWMW84L5lz,current,Sports Illustrated Stadium
NWMW84L5lz,34013003900,44.0,NWMW84L5lz,current,Sports Illustrated Stadium
NWMW84L5lz,34017001800,49.0,NWMW84L5lz,current,Sports Illustrated Stadium
NWMW84L5lz,34017001900,40.0,NWMW84L5lz,current,Sports Illustrated Stadium
NWMW84L5lz,34013002100,52.0,NWMW84L5lz,current,Sports Illustrated Stadium
NWMW84L5lz,34013002500,47.0,NWMW84L5lz,current,Sports Illustrated Stadium
NWMW84L5lz,34013002000,52.0,NWMW84L5lz,current,Sports Illustrated Stadium
NWMW84L5lz,34013002600,43.0,NWMW84L5lz,current,Sports Illustrated Stadium
NWMW84L5lz,34013002800,40.0,NWMW84L5lz,current,Sports Illustrated Stadium
NWMW84L5lz,34013004100,48.0,NWMW84L5lz,current,Sports Illustrated Stadium
NWMW84L5lz,34013013800,79.0,NWMW84L5lz,current,Sports Illustrated Stadium
NWMW84L5lz,34013012800,56.0,NWMW84L5lz,current,Sports Illustrated Stadium
NWMW84L5lz,34013013400,82.0,NWMW84L5lz,current,Sports Illustrated Stadium
NWMW84L5lz,34013013500,79.0,NWMW84L5lz,current,Sports Illustrated Stadium
NWMW84L5lz,34013007200,25.0,NWMW84L5lz,current,Sports Illustrated Stadium
NWMW84L5lz,34013014100,65.0,NWMW84L5lz,current,Sports Illustrated Stadium
NWMW84L5lz,34013014200,69.0,NWMW84L5lz,current,Sports Illustrated Stadium
NWMW84L5lz,34013016000,64.0,NWMW84L5lz,current,Sports Illustrated Stadium
NWMW84L5lz,34013004802,54.0,NWMW84L5lz,current,Sports Illustrated Stadium
NWMW84L5lz,34013005200,45.0,NWMW84L5lz,current,Sports Illustrated Stadium
NWMW84L5lz,34013007300,22.0,NWMW84L5lz,current,Sports Illustrated Stadium
NWMW84L5lz,34013008200,38.0,NWMW84L5lz,current,Sports Illustrated Stadium
NWMW84L5lz,34013007501,32.0,NWMW84L5lz,current,Sports Illustrated Stadium
NWMW84L5lz,34031124602,106.0,NWMW84L5lz,current,Sports Illustrated Stadium
NWMW84L5lz,34031124700,104.0,NWMW84L5lz,current,Sports Illustrated Stadium
NWMW84L5lz,34031124800,97.0,NWMW84L5lz,current,Sports Illustrated Stadium
NWMW84L5lz,34013008100,30.0,NWMW84L5lz,current,Sports Illustrated Stadium
NWMW84L5lz,34013008700,40.0,NWMW84L5lz,current,Sports Illustrated Stadium
NWMW84L5lz,34013017200,78.0,NWMW84L5lz,current,Sports Illustrated Stadium
NWMW84L5lz,34013016100,76.0,NWMW84L5lz,current,Sports Illustrated Stadium
NWMW84L5lz,34013016200,90.0,NWMW84L5lz,current,Sports Illustrated Stadium
NWMW84L5lz,34013016400,83.0,NWMW84L5lz,current,Sports Illustrated Stadium
NWMW84L5lz,34013016500,80.0,NWMW84L5lz,current,Sports Illustrated Stadium
NWMW84L5lz,34013017100,66.0,NWMW84L5lz,current,Sports Illustrated Stadium
NWMW84L5lz,34013017700,65.0,NWMW84L5lz,current,Sports Illustrated Stadium
NWMW84L5lz,34013018000,59.0,NWMW84L5lz,current,Sports Illustrated Stadium
NWMW84L5lz,34013018800,63.0,NWMW84L5lz,current,Sports Illustrated Stadium
NWMW84L5lz,34013019000,94.0,NWMW84L5lz,current,Sports Illustrated Stadium
NWMW84L5lz,34013019100,66.0,NWMW84L5lz,current,Sports Illustrated Stadium
NWMW84L5lz,34013019600,66.0,NWMW84L5lz,current,Sports Illustrated Stadium
NWMW84L5lz,34013020100,,NWMW84L5lz,current,Sports Illustrated Stadium
NWMW84L5lz,34013020300,90.0,NWMW84L5lz,current,Sports Illustrated Stadium
NWMW84L5lz,34003019202,106.0,NWMW84L5lz,current,Sports Illustrated Stadium
NWMW84L5lz,34003021600,101.0,NWMW84L5lz,current,Sports Illustrated Stadium
NWMW84L5lz,34013020500,93.0,NWMW84L5lz,current,Sports Illustrated Stadium
NWMW84L5lz,34013020600,66.0,NWMW84L5lz,current,Sports Illustrated Stadium
NWMW84L5lz,34017004500,59.0,NWMW84L5lz,current,Sports Illustrated Stadium
NWMW84L5lz,34013009200,46.0,NWMW84L5lz,current,Sports Illustrated Stadium
NWMW84L5lz,34013009300,46.0,NWMW84L5lz,current,Sports Illustrated Stadium
NWMW84L5lz,34013009600,51.0,NWMW84L5lz,current,Sports Illustrated Stadium
NWMW84L5lz,34017002900,47.0,NWMW84L5lz,current,Sports Illustrated Stadium
NWMW84L5lz,34017003000,52.0,NWMW84L5lz,current,Sports Illustrated Stadium
NWMW84L5lz,34017004200,56.0,NWMW84L5lz,current,Sports Illustrated Stadium
NWMW84L5lz,34017004400,58.0,NWMW84L5lz,current,Sports Illustrated Stadium
NWMW84L5lz,34017005300,61.0,NWMW84L5lz,current,Sports Illustrated Stadium
NWMW84L5lz,34017005400,79.0,NWMW84L5lz,current,Sports Illustrated Stadium
NWMW84L5lz,34017005801,66.0,NWMW84L5lz,current,Sports Illustrated Stadium
NWMW84L5lz,34017006000,70.0,NWMW84L5lz,current,Sports Illustrated Stadium
NWMW84L5lz,34013011200,53.0,NWMW84L5lz,current,Sports Illustrated Stadium
NWMW84L5lz,34013010200,54.0,NWMW84L5lz,current,Sports Illustrated Stadium
NWMW84L5lz,34013010300,53.0,NWMW84L5lz,current,Sports Illustrated Stadium
NWMW84L5lz,34013010700,48.0,NWMW84L5lz,current,Sports Illustrated Stadium
NWMW84L5lz,34013010900,50.0,NWMW84L5lz,current,Sports Illustrated Stadium
NWMW84L5lz,34013011100,52.0,NWMW84L5lz,current,Sports Illustrated Stadium
NWMW84L5lz,34013011300,47.0,NWMW84L5lz,current,Sports Illustrated Stadium
NWMW84L5lz,34013011800,50.0,NWMW84L5lz,current,Sports Illustrated Stadium
NWMW84L5lz,34013012100,59.0,NWMW84L5lz,current,Sports Illustrated Stadium
NWMW84L5lz,34017010400,,NWMW84L5lz,current,Sports Illustrated Stadium
NWMW84L5lz,34013012200,59.0,NWMW84L5lz,current,Sports Illustrated Stadium
NWMW84L5lz,34017006300,68.0,NWMW84L5lz,current,Sports Illustrated Stadium
NWMW84L5lz,34017010100,85.0,NWMW84L5lz,current,Sports Illustrated Stadium
NWMW84L5lz,34017010200,70.0,NWMW84L5lz,current,Sports Illustrated Stadium
NWMW84L5lz,34017010300,,NWMW84L5lz,current,Sports Illustrated Stadium
NWMW84L5lz,34017011000,73.0,NWMW84L5lz,current,Sports Illustrated Stadium
NWMW84L5lz,34017010500,80.0,NWMW84L5lz,current,Sports Illustrated Stadium
NWMW84L5lz,34017010800,,NWMW84L5lz,current,Sports Illustrated Stadium
NWMW84L5lz,34017010900,69.0,NWMW84L5lz,current,Sports Illustrated Stadium
NWMW84L5lz,34017011100,83.0,NWMW84L5lz,current,Sports Illustrated Stadium
NWMW84L5lz,34017012600,38.0,NWMW84L5lz,current,Sports Illustrated Stadium
NWMW84L5lz,34017011500,91.0,NWMW84L5lz,current,Sports Illustrated Stadium
NWMW84L5lz,34017012400,47.0,NWMW84L5lz,current,Sports Illustrated Stadium
NWMW84L5lz,34017012500,43.0,NWMW84L5lz,current,Sports Illustrated Stadium
NWMW84L5lz,34003021500,99.0,NWMW84L5lz,current,Sports Illustrated Stadium
NWMW84L5lz,34031154006,87.0,NWMW84L5lz,current,Sports Illustrated Stadium
NWMW84L5lz,34003021200,118.0,NWMW84L5lz,current,Sports Illustrated Stadium
NWMW84L5lz,34003021400,107.0,NWMW84L5lz,current,Sports Illustrated Stadium
NWMW84L5lz,34031154003,88.0,NWMW84L5lz,current,Sports Illustrated Stadium
NWMW84L5lz,34031154004,92.0,NWMW84L5lz,current,Sports Illustrated Stadium
NWMW84L5lz,34031154005,91.0,NWMW84L5lz,current,Sports Illustrated Stadium
NWMW84L5lz,34031124202,111.0,NWMW84L5lz,current,Sports Illustrated Stadium
NWMW84L5lz,34031175804,93.0,NWMW84L5lz,current,Sports Illustrated Stadium
NWMW84L5lz,34031124404,101.0,NWMW84L5lz,current,Sports Illustrated Stadium
NWMW84L5lz,34031175604,102.0,NWMW84L5lz,current,Sports Illustrated Stadium
NWMW84L5lz,34031124403,100.0,NWMW84L5lz,current,Sports Illustrated Stadium
NWMW84L5lz,34031175803,92.0,NWMW84L5lz,current,Sports Illustrated Stadium
NWMW84L5lz,34031183002,103.0,NWMW84L5lz,current,Sports Illustrated Stadium
NWMW84L5lz,34031175603,103.0,NWMW84L5lz,current,Sports Illustrated Stadium
NWMW84L5lz,34031175502,96.0,NWMW84L5lz,current,Sports Illustrated Stadium
NWMW84L5lz,34031183001,105.0,NWMW84L5lz,current,Sports Illustrated Stadium
NWMW84L5lz,34031175501,95.0,NWMW84L5lz,current,Sports Illustrated Stadium
NWMW84L5lz,34031124201,105.0,NWMW84L5lz,current,Sports Illustrated Stadium
NWMW84L5lz,34003018101,94.0,NWMW84L5lz,current,Sports Illustrated Stadium
NWMW84L5lz,34023980000,,NWMW84L5lz,current,Sports Illustrated Stadium
NWMW84L5lz,34003006302,90.0,NWMW84L5lz,current,Sports Illustrated Stadium
NWMW84L5lz,34003013004,95.0,NWMW84L5lz,current,Sports Illustrated Stadium
NWMW84L5lz,34003006101,96.0,NWMW84L5lz,current,Sports Illustrated Stadium
NWMW84L5lz,34003054601,86.0,NWMW84L5lz,current,Sports Illustrated Stadium
NWMW84L5lz,34003021101,110.0,NWMW84L5lz,current,Sports Illustrated Stadium
NWMW84L5lz,34003030201,114.0,NWMW84L5lz,current,Sports Illustrated Stadium
NWMW84L5lz,34003021102,106.0,NWMW84L5lz,current,Sports Illustrated Stadium
NWMW84L5lz,34003006102,96.0,NWMW84L5lz,current,Sports Illustrated Stadium
NWMW84L5lz,34003023201,109.0,NWMW84L5lz,current,Sports Illustrated Stadium
NWMW84L5lz,34003015401,112.0,NWMW84L5lz,current,Sports Illustrated Stadium
NWMW84L5lz,34003045101,90.0,NWMW84L5lz,current,Sports Illustrated Stadium
NWMW84L5lz,34003060002,99.0,NWMW84L5lz,current,Sports Illustrated Stadium
NWMW84L5lz,34003023202,110.0,NWMW84L5lz,current,Sports Illustrated Stadium
NWMW84L5lz,34003054102,107.0,NWMW84L5lz,current,Sports Illustrated Stadium
NWMW84L5lz,34003054602,99.0,NWMW84L5lz,current,Sports Illustrated Stadium
NWMW84L5lz,34003030402,95.0,NWMW84L5lz,current,Sports Illustrated Stadium
NWMW84L5lz,34003030401,94.0,NWMW84L5lz,current,Sports Illustrated Stadium
NWMW84L5lz,34003030202,103.0,NWMW84L5lz,current,Sports Illustrated Stadium
NWMW84L5lz,34003054101,100.0,NWMW84L5lz,current,Sports Illustrated Stadium
NWMW84L5lz,34003045102,94.0,NWMW84L5lz,current,Sports Illustrated Stadium
NWMW84L5lz,34003015402,117.0,NWMW84L5lz,current,Sports Illustrated Stadium
NWMW84L5lz,34003060001,83.0,NWMW84L5lz,current,Sports Illustrated Stadium
NWMW84L5lz,34003023304,105.0,NWMW84L5lz,current,Sports Illustrated Stadium
NWMW84L5lz,34003006301,95.0,NWMW84L5lz,current,Sports Illustrated Stadium
NWMW84L5lz,34003018102,97.0,NWMW84L5lz,current,Sports Illustrated Stadium
NWMW84L5lz,34003023303,108.0,NWMW84L5lz,current,Sports Illustrated Stadium
NWMW84L5lz,34003013003,97.0,NWMW84L5lz,current,Sports Illustrated Stadium
NWMW84L5lz,34017000102,61.0,NWMW84L5lz,current,Sports Illustrated Stadium
NWMW84L5lz,34017018502,71.0,NWMW84L5lz,current,Sports Illustrated Stadium
NWMW84L5lz,34017018401,78.0,NWMW84L5lz,current,Sports Illustrated Stadium
NWMW84L5lz,34017007001,49.0,NWMW84L5lz,current,Sports Illustrated Stadium
NWMW84L5lz,34017007002,45.0,NWMW84L5lz,current,Sports Illustrated Stadium
NWMW84L5lz,34017010602,77.0,NWMW84L5lz,current,Sports Illustrated Stadium
NWMW84L5lz,34017010701,75.0,NWMW84L5lz,current,Sports Illustrated Stadium
NWMW84L5lz,34017010702,76.0,NWMW84L5lz,current,Sports Illustrated Stadium
NWMW84L5lz,34017003101,54.0,NWMW84L5lz,current,Sports Illustrated Stadium
NWMW84L5lz,34039031903,50.0,NWMW84L5lz,current,Sports Illustrated Stadium
NWMW84L5lz,34039030701,61.0,NWMW84L5lz,current,Sports Illustrated Stadium
NWMW84L5lz,34039037700,117.0,NWMW84L5lz,current,Sports Illustrated Stadium
NWMW84L5lz,34039030200,73.0,NWMW84L5lz,current,Sports Illustrated Stadium
NWMW84L5lz,34039030400,75.0,NWMW84L5lz,current,Sports Illustrated Stadium
NWMW84L5lz,34039030600,74.0,NWMW84L5lz,current,Sports Illustrated Stadium
NWMW84L5lz,34017018501,69.0,NWMW84L5lz,current,Sports Illustrated Stadium
NWMW84L5lz,34039038300,,NWMW84L5lz,current,Sports Illustrated Stadium
NWMW84L5lz,34039030802,57.0,NWMW84L5lz,current,Sports Illustrated Stadium
NWMW84L5lz,34039031100,56.0,NWMW84L5lz,current,Sports Illustrated Stadium
NWMW84L5lz,34039031500,61.0,NWMW84L5lz,current,Sports Illustrated Stadium
NWMW84L5lz,34039032500,69.0,NWMW84L5lz,current,Sports Illustrated Stadium
NWMW84L5lz,34013002204,53.0,NWMW84L5lz,current,Sports Illustrated Stadium
NWMW84L5lz,34013002203,61.0,NWMW84L5lz,current,Sports Illustrated Stadium
NWMW84L5lz,34039032200,60.0,NWMW84L5lz,current,Sports Illustrated Stadium
NWMW84L5lz,34039032300,67.0,NWMW84L5lz,current,Sports Illustrated Stadium
NWMW84L5lz,34039032600,80.0,NWMW84L5lz,current,Sports Illustrated Stadium
NWMW84L5lz,34039033502,56.0,NWMW84L5lz,current,Sports Illustrated Stadium
NWMW84L5lz,34039032402,74.0,NWMW84L5lz,current,Sports Illustrated Stadium
NWMW84L5lz,34039031301,67.0,NWMW84L5lz,current,Sports Illustrated Stadium
NWMW84L5lz,34039980000,63.0,NWMW84L5lz,current,Sports Illustrated Stadium
NWMW84L5lz,34039031302,57.0,NWMW84L5lz,current,Sports Illustrated Stadium
NWMW84L5lz,34039039801,85.0,NWMW84L5lz,current,Sports Illustrated Stadium
NWMW84L5lz,34039032701,105.0,NWMW84L5lz,current,Sports Illustrated Stadium
NWMW84L5lz,34039030703,57.0,NWMW84L5lz,current,Sports Illustrated Stadium
NWMW84L5lz,34017006101,73.0,NWMW84L5lz,current,Sports Illustrated Stadium
NWMW84L5lz,34017005901,72.0,NWMW84L5lz,current,Sports Illustrated Stadium
NWMW84L5lz,34017006102,73.0,NWMW84L5lz,current,Sports Illustrated Stadium
NWMW84L5lz,34017007701,53.0,NWMW84L5lz,current,Sports Illustrated Stadium
NWMW84L5lz,34017007702,57.0,NWMW84L5lz,current,Sports Illustrated Stadium
NWMW84L5lz,34017005902,67.0,NWMW84L5lz,current,Sports Illustrated Stadium
NWMW84L5lz,34039032702,79.0,NWMW84L5lz,current,Sports Illustrated Stadium
NWMW84L5lz,34039033501,68.0,NWMW84L5lz,current,Sports Illustrated Stadium
NWMW84L5lz,34017018402,77.0,NWMW84L5lz,current,Sports Illustrated Stadium
NWMW84L5lz,34017014801,71.0,NWMW84L5lz,current,Sports Illustrated Stadium
NWMW84L5lz,34017014802,74.0,NWMW84L5lz,current,Sports Illustrated Stadium
NWMW84L5lz,34017014401,82.0,NWMW84L5lz,current,Sports Illustrated Stadium
NWMW84L5lz,34017014402,81.0,NWMW84L5lz,current,Sports Illustrated Stadium
NWMW84L5lz,34017002002,43.0,NWMW84L5lz,current,Sports Illustrated Stadium
NWMW84L5lz,34017007602,54.0,NWMW84L5lz,current,Sports Illustrated Stadium
NWMW84L5lz,34017007601,49.0,NWMW84L5lz,current,Sports Illustrated Stadium
NWMW84L5lz,34017007703,58.0,NWMW84L5lz,current,Sports Illustrated Stadium
NWMW84L5lz,34017010601,88.0,NWMW84L5lz,current,Sports Illustrated Stadium
NWMW84L5lz,34017015003,87.0,NWMW84L5lz,current,Sports Illustrated Stadium
NWMW84L5lz,34017000101,65.0,NWMW84L5lz,current,Sports Illustrated Stadium
NWMW84L5lz,34017002001,45.0,NWMW84L5lz,current,Sports Illustrated Stadium
NWMW84L5lz,34017004104,53.0,NWMW84L5lz,current,Sports Illustrated Stadium
NWMW84L5lz,34017004103,55.0,NWMW84L5lz,current,Sports Illustrated Stadium
NWMW84L5lz,34017003102,54.0,NWMW84L5lz,current,Sports Illustrated Stadium
NWMW84L5lz,34017015004,83.0,NWMW84L5lz,current,Sports Illustrated Stadium
NWMW84L5lz,34003015100,118.0,NWMW84L5lz,current,Sports Illustrated Stadium
NWMW84L5lz,34003025200,89.0,NWMW84L5lz,current,Sports Illustrated Stadium
NWMW84L5lz,34003046200,93.0,NWMW84L5lz,current,Sports Illustrated Stadium
NWMW84L5lz,34003038200,41.0,NWMW84L5lz,current,Sports Illustrated Stadium
NWMW84L5lz,34003033200,113.0,NWMW84L5lz,current,Sports Illustrated Stadium
NWMW84L5lz,34003023301,111.0,NWMW84L5lz,current,Sports Illustrated Stadium
NWMW84L5lz,34017013500,29.0,NWMW84L5lz,current,Sports Illustrated Stadium
NWMW84L5lz,34017013600,24.0,NWMW84L5lz,current,Sports Illustrated Stadium
NWMW84L5lz,34017013700,29.0,NWMW84L5lz,current,Sports Illustrated Stadium
NWMW84L5lz,34017013900,14.0,NWMW84L5lz,current,Sports Illustrated Stadium
NWMW84L5lz,34017014200,87.0,NWMW84L5lz,current,Sports Illustrated Stadium
NWMW84L5lz,34017014600,82.0,NWMW84L5lz,current,Sports Illustrated Stadium
NWMW84L5lz,34017014900,65.0,NWMW84L5lz,current,Sports Illustrated Stadium
NWMW84L5lz,34017015100,85.0,NWMW84L5lz,current,Sports Illustrated Stadium
NWMW84L5lz,34017015500,82.0,NWMW84L5lz,current,Sports Illustrated Stadium
NWMW84L5lz,34003054500,91.0,NWMW84L5lz,current,Sports Illustrated Stadium
NWMW84L5lz,34003019104,108.0,NWMW84L5lz,current,Sports Illustrated Stadium
NWMW84L5lz,34003019203,108.0,NWMW84L5lz,current,Sports Illustrated Stadium
NWMW84L5lz,34003019303,104.0,NWMW84L5lz,current,Sports Illustrated Stadium
NWMW84L5lz,34003019304,98.0,NWMW84L5lz,current,Sports Illustrated Stadium
NWMW84L5lz,34017014300,86.0,NWMW84L5lz,current,Sports Illustrated Stadium
NWMW84L5lz,34017015600,80.0,NWMW84L5lz,current,Sports Illustrated Stadium
NWMW84L5lz,34017015700,78.0,NWMW84L5lz,current,Sports Illustrated Stadium
NWMW84L5lz,34013015200,65.0,NWMW84L5lz,current,Sports Illustrated Stadium
NWMW84L5lz,34013003700,48.0,NWMW84L5lz,current,Sports Illustrated Stadium
NWMW84L5lz,34013004300,49.0,NWMW84L5lz,current,Sports Illustrated Stadium
NWMW84L5lz,34013007600,14.0,NWMW84L5lz,current,Sports Illustrated Stadium
NWMW84L5lz,34013010800,49.0,NWMW84L5lz,current,Sports Illustrated Stadium
NWMW84L5lz,34013013200,47.0,NWMW84L5lz,current,Sports Illustrated Stadium
NWMW84L5lz,34013015900,52.0,NWMW84L5lz,current,Sports Illustrated Stadium
NWMW84L5lz,34013020000,,NWMW84L5lz,current,Sports Illustrated Stadium
NWMW84L5lz,34013000100,50.0,NWMW84L5lz,current,Sports Illustrated Stadium
NWMW84L5lz,34013000200,41.0,NWMW84L5lz,current,Sports Illustrated Stadium
NWMW84L5lz,34013000400,44.0,NWMW84L5lz,current,Sports Illustrated Stadium
NWMW84L5lz,34013000600,46.0,NWMW84L5lz,current,Sports Illustrated Stadium
NWMW84L5lz,34013001000,39.0,NWMW84L5lz,current,Sports Illustrated Stadium
NWMW84L5lz,34013001100,33.0,NWMW84L5lz,current,Sports Illustrated Stadium
NWMW84L5lz,34013001300,40.0,NWMW84L5lz,current,Sports Illustrated Stadium
NWMW84L5lz,34013009500,51.0,NWMW84L5lz,current,Sports Illustrated Stadium
NWMW84L5lz,34013000500,42.0,NWMW84L5lz,current,Sports Illustrated Stadium
NWMW84L5lz,34013018100,66.0,NWMW84L5lz,current,Sports Illustrated Stadium
NWMW84L5lz,34013006900,29.0,NWMW84L5lz,current,Sports Illustrated Stadium
NWMW84L5lz,34013007700,19.0,NWMW84L5lz,current,Sports Illustrated Stadium
NWMW84L5lz,34013015600,59.0,NWMW84L5lz,current,Sports Illustrated Stadium
NWMW84L5lz,34013018900,62.0,NWMW84L5lz,current,Sports Illustrated Stadium
NWMW84L5lz,34013022700,34.0,NWMW84L5lz,current,Sports Illustrated Stadium
NWMW84L5lz,34013012900,51.0,NWMW84L5lz,current,Sports Illustrated Stadium
NWMW84L5lz,34013014300,63.0,NWMW84L5lz,current,Sports Illustrated Stadium
NWMW84L5lz,34013004801,45.0,NWMW84L5lz,current,Sports Illustrated Stadium
NWMW84L5lz,34013017400,103.0,NWMW84L5lz,current,Sports Illustrated Stadium
NWMW84L5lz,34003041200,97.0,NWMW84L5lz,current,Sports Illustrated Stadium
NWMW84L5lz,34017019200,68.0,NWMW84L5lz,current,Sports Illustrated Stadium
NWMW84L5lz,34017000200,60.0,NWMW84L5lz,current,Sports Illustrated Stadium
NWMW84L5lz,34017000300,65.0,NWMW84L5lz,current,Sports Illustrated Stadium
NWMW84L5lz,34017000600,58.0,NWMW84L5lz,current,Sports Illustrated Stadium
NWMW84L5lz,34017002200,54.0,NWMW84L5lz,current,Sports Illustrated Stadium
NWMW84L5lz,34003023401,102.0,NWMW84L5lz,current,Sports Illustrated Stadium
NWMW84L5lz,34003023402,88.0,NWMW84L5lz,current,Sports Illustrated Stadium
NWMW84L5lz,34003031100,,NWMW84L5lz,current,Sports Illustrated Stadium
NWMW84L5lz,34003025100,84.0,NWMW84L5lz,current,Sports Illustrated Stadium
NWMW84L5lz,34003055100,,NWMW84L5lz,current,Sports Illustrated Stadium
NWMW84L5lz,34003028001,105.0,NWMW84L5lz,current,Sports Illustrated Stadium
NWMW84L5lz,34003031300,75.0,NWMW84L5lz,current,Sports Illustrated Stadium
NWMW84L5lz,34003031400,63.0,NWMW84L5lz,current,Sports Illustrated Stadium
NWMW84L5lz,34003036100,97.0,NWMW84L5lz,current,Sports Illustrated Stadium
NWMW84L5lz,34003036200,100.0,NWMW84L5lz,current,Sports Illustrated Stadium
NWMW84L5lz,34013021601,,NWMW84L5lz,current,Sports Illustrated Stadium
NWMW84L5lz,34003030300,105.0,NWMW84L5lz,current,Sports Illustrated Stadium
NWMW84L5lz,34017017100,67.0,NWMW84L5lz,current,Sports Illustrated Stadium
NWMW84L5lz,34017017500,68.0,NWMW84L5lz,current,Sports Illustrated Stadium
NWMW84L5lz,34017002700,60.0,NWMW84L5lz,current,Sports Illustrated Stadium
NWMW84L5lz,34003023100,104.0,NWMW84L5lz,current,Sports Illustrated Stadium
NWMW84L5lz,34003028002,103.0,NWMW84L5lz,current,Sports Illustrated Stadium
NWMW84L5lz,34003029100,95.0,NWMW84L5lz,current,Sports Illustrated Stadium
NWMW84L5lz,34003029200,95.0,NWMW84L5lz,current,Sports Illustrated Stadium
NWMW84L5lz,34003030100,110.0,NWMW84L5lz,current,Sports Illustrated Stadium
NWMW84L5lz,34003033300,105.0,NWMW84L5lz,current,Sports Illustrated Stadium
NWMW84L5lz,34013021300,91.0,NWMW84L5lz,current,Sports Illustrated Stadium
NWMW84L5lz,34013021400,93.0,NWMW84L5lz,current,Sports Illustrated Stadium
NWMW84L5lz,34013017301,105.0,NWMW84L5lz,current,Sports Illustrated Stadium
NWMW84L5lz,34013017302,80.0,NWMW84L5lz,current,Sports Illustrated Stadium
NWMW84L5lz,34013017500,69.0,NWMW84L5lz,current,Sports Illustrated Stadium
NWMW84L5lz,34013017600,68.0,NWMW84L5lz,current,Sports Illustrated Stadium
NWMW84L5lz,34013017800,57.0,NWMW84L5lz,current,Sports Illustrated Stadium
NWMW84L5lz,34017017300,73.0,NWMW84L5lz,current,Sports Illustrated Stadium
NWMW84L5lz,34013015400,58.0,NWMW84L5lz,current,Sports Illustrated Stadium
NWMW84L5lz,34013015500,62.0,NWMW84L5lz,current,Sports Illustrated Stadium
NWMW84L5lz,34013015700,59.0,NWMW84L5lz,current,Sports Illustrated Stadium
NWMW84L5lz,34013015800,54.0,NWMW84L5lz,current,Sports Illustrated Stadium
NWMW84L5lz,34013016300,80.0,NWMW84L5lz,current,Sports Illustrated Stadium
NWMW84L5lz,34013016700,68.0,NWMW84L5lz,current,Sports Illustrated Stadium
NWMW84L5lz,34013016800,66.0,NWMW84L5lz,current,Sports Illustrated Stadium
NWMW84L5lz,34013021802,,NWMW84L5lz,current,Sports Illustrated Stadium
NWMW84L5lz,34013021803,,NWMW84L5lz,current,Sports Illustrated Stadium
NWMW84L5lz,34013010400,53.0,NWMW84L5lz,current,Sports Illustrated Stadium
NWMW84L5lz,34013016900,83.0,NWMW84L5lz,current,Sports Illustrated Stadium
NWMW84L5lz,34013017900,67.0,NWMW84L5lz,current,Sports Illustrated Stadium
NWMW84L5lz,34013018200,57.0,NWMW84L5lz,current,Sports Illustrated Stadium
NWMW84L5lz,34017016000,78.0,NWMW84L5lz,current,Sports Illustrated Stadium
NWMW84L5lz,34017016300,69.0,NWMW84L5lz,current,Sports Illustrated Stadium
NWMW84L5lz,34017016400,66.0,NWMW84L5lz,current,Sports Illustrated Stadium
NWMW84L5lz,34017016500,61.0,NWMW84L5lz,current,Sports Illustrated Stadium
NWMW84L5lz,34017016700,57.0,NWMW84L5lz,current,Sports Illustrated Stadium
NWMW84L5lz,34017016900,65.0,NWMW84L5lz,current,Sports Illustrated Stadium
NWMW84L5lz,34017017400,70.0,NWMW84L5lz,current,Sports Illustrated Stadium
NWMW84L5lz,34017017600,65.0,NWMW84L5lz,current,Sports Illustrated Stadium
NWMW84L5lz,34017017700,63.0,NWMW84L5lz,current,Sports Illustrated Stadium
NWMW84L5lz,34013018300,52.0,NWMW84L5lz,current,Sports Illustrated Stadium
NWMW84L5lz,34013018400,45.0,NWMW84L5lz,current,Sports Illustrated Stadium
NWMW84L5lz,34013018600,54.0,NWMW84L5lz,current,Sports Illustrated Stadium
NWMW84L5lz,34013018700,58.0,NWMW84L5lz,current,Sports Illustrated Stadium
NWMW84L5lz,34017019000,71.0,NWMW84L5lz,current,Sports Illustrated Stadium
NWMW84L5lz,34017017000,63.0,NWMW84L5lz,current,Sports Illustrated Stadium
NWMW84L5lz,34017014501,80.0,NWMW84L5lz,current,Sports Illustrated Stadium
NWMW84L5lz,34017014502,84.0,NWMW84L5lz,current,Sports Illustrated Stadium
NWMW84L5lz,34017001701,56.0,NWMW84L5lz,current,Sports Illustrated Stadium
NWMW84L5lz,34017003500,50.0,NWMW84L5lz,current,Sports Illustrated Stadium
NWMW84L5lz,34017004000,63.0,NWMW84L5lz,current,Sports Illustrated Stadium
NWMW84L5lz,34017004102,55.0,NWMW84L5lz,current,Sports Illustrated Stadium
NWMW84L5lz,34017004600,63.0,NWMW84L5lz,current,Sports Illustrated Stadium
NWMW84L5lz,34017017800,68.0,NWMW84L5lz,current,Sports Illustrated Stadium
NWMW84L5lz,34017017900,77.0,NWMW84L5lz,current,Sports Illustrated Stadium
NWMW84L5lz,34017018100,67.0,NWMW84L5lz,current,Sports Illustrated Stadium
NWMW84L5lz,34017018200,67.0,NWMW84L5lz,current,Sports Illustrated Stadium
NWMW84L5lz,34013019200,64.0,NWMW84L5lz,current,Sports Illustrated Stadium
NWMW84L5lz,34013019300,83.0,NWMW84L5lz,current,Sports Illustrated Stadium
NWMW84L5lz,34013019400,,NWMW84L5lz,current,Sports Illustrated Stadium
NWMW84L5lz,34013019500,78.0,NWMW84L5lz,current,Sports Illustrated Stadium
NWMW84L5lz,34013019700,70.0,NWMW84L5lz,current,Sports Illustrated Stadium
NWMW84L5lz,34013019800,71.0,NWMW84L5lz,current,Sports Illustrated Stadium
NWMW84L5lz,34013019900,87.0,NWMW84L5lz,current,Sports Illustrated Stadium
NWMW84L5lz,34013020200,78.0,NWMW84L5lz,current,Sports Illustrated Stadium
NWMW84L5lz,34013020400,88.0,NWMW84L5lz,current,Sports Illustrated Stadium
NWMW84L5lz,34013020901,,NWMW84L5lz,current,Sports Illustrated Stadium
NWMW84L5lz,34003019306,102.0,NWMW84L5lz,current,Sports Illustrated Stadium
NWMW84L5lz,34003023601,102.0,NWMW84L5lz,current,Sports Illustrated Stadium
NWMW84L5lz,34003023501,100.0,NWMW84L5lz,current,Sports Illustrated Stadium
NWMW84L5lz,34013006200,39.0,NWMW84L5lz,current,Sports Illustrated Stadium
NWMW84L5lz,34013017000,75.0,NWMW84L5lz,current,Sports Illustrated Stadium
NWMW84L5lz,34013006600,39.0,NWMW84L5lz,current,Sports Illustrated Stadium
NWMW84L5lz,34013000900,39.0,NWMW84L5lz,current,Sports Illustrated Stadium
NWMW84L5lz,34039031601,53.0,NWMW84L5lz,current,Sports Illustrated Stadium
NWMW84L5lz,34003023602,93.0,NWMW84L5lz,current,Sports Illustrated Stadium
NWMW84L5lz,34003004001,97.0,NWMW84L5lz,current,Sports Illustrated Stadium
NWMW84L5lz,34039031801,53.0,NWMW84L5lz,current,Sports Illustrated Stadium
NWMW84L5lz,34039031904,44.0,NWMW84L5lz,current,Sports Illustrated Stadium
NWMW84L5lz,34039039900,40.0,NWMW84L5lz,current,Sports Illustrated Stadium
NWMW84L5lz,34039031802,51.0,NWMW84L5lz,current,Sports Illustrated Stadium
NWMW84L5lz,34017019100,70.0,NWMW84L5lz,current,Sports Illustrated Stadium
NWMW84L5lz,34017019300,68.0,NWMW84L5lz,current,Sports Illustrated Stadium
NWMW84L5lz,34017032400,82.0,NWMW84L5lz,current,Sports Illustrated Stadium
NWMW84L5lz,34017001201,50.0,NWMW84L5lz,current,Sports Illustrated Stadium
NWMW84L5lz,34017004800,69.0,NWMW84L5lz,current,Sports Illustrated Stadium
NWMW84L5lz,34017012700,68.0,NWMW84L5lz,current,Sports Illustrated Stadium
NWMW84L5lz,34017016100,70.0,NWMW84L5lz,current,Sports Illustrated Stadium
NWMW84L5lz,34017004700,63.0,NWMW84L5lz,current,Sports Illustrated Stadium
NWMW84L5lz,34017004900,61.0,NWMW84L5lz,current,Sports Illustrated Stadium
NWMW84L5lz,34017005200,64.0,NWMW84L5lz,current,Sports Illustrated Stadium
NWMW84L5lz,34017013100,43.0,NWMW84L5lz,current,Sports Illustrated Stadium
NWMW84L5lz,34017013300,45.0,NWMW84L5lz,current,Sports Illustrated Stadium
NWMW84L5lz,34017013400,32.0,NWMW84L5lz,current,Sports Illustrated Stadium
NWMW84L5lz,34039031602,55.0,NWMW84L5lz,current,Sports Illustrated Stadium
NWMW84L5lz,34013002300,50.0,NWMW84L5lz,current,Sports Illustrated Stadium
NWMW84L5lz,34027041803,,NWMW84L5lz,current,Sports Illustrated Stadium
NWMW84L5lz,34023003500,,NWMW84L5lz,current,Sports Illustrated Stadium
NWMW84L5lz,34027041901,,NWMW84L5lz,current,Sports Illustrated Stadium
NWMW84L5lz,34027040803,,NWMW84L5lz,current,Sports Illustrated Stadium
NWMW84L5lz,34027041704,,NWMW84L5lz,current,Sports Illustrated Stadium
NWMW84L5lz,34027041902,,NWMW84L5lz,current,Sports Illustrated Stadium
NWMW84L5lz,34027040805,,NWMW84L5lz,current,Sports Illustrated Stadium
NWMW84L5lz,34003018200,99.0,NWMW84L5lz,current,Sports Illustrated Stadium
NWMW84L5lz,34003015500,110.0,NWMW84L5lz,current,Sports Illustrated Stadium
NWMW84L5lz,34003016000,,NWMW84L5lz,current,Sports Illustrated Stadium
NWMW84L5lz,34003005000,89.0,NWMW84L5lz,current,Sports Illustrated Stadium
NWMW84L5lz,34003019102,119.0,NWMW84L5lz,current,Sports Illustrated Stadium
NWMW84L5lz,34003011300,112.0,NWMW84L5lz,current,Sports Illustrated Stadium
NWMW84L5lz,34003011400,119.0,NWMW84L5lz,current,Sports Illustrated Stadium
NWMW84L5lz,34003015200,,NWMW84L5lz,current,Sports Illustrated Stadium
NWMW84L5lz,34003015300,109.0,NWMW84L5lz,current,Sports Illustrated Stadium
NWMW84L5lz,34017002800,53.0,NWMW84L5lz,current,Sports Illustrated Stadium
NWMW84L5lz,34023001411,93.0,NWMW84L5lz,current,Sports Illustrated Stadium
NWMW84L5lz,34031175704,87.0,NWMW84L5lz,current,Sports Illustrated Stadium
NWMW84L5lz,34031223802,118.0,NWMW84L5lz,current,Sports Illustrated Stadium
NWMW84L5lz,34023009000,,NWMW84L5lz,current,Sports Illustrated Stadium
NWMW84L5lz,34023002301,79.0,NWMW84L5lz,current,Sports Illustrated Stadium
NWMW84L5lz,34003041302,101.0,NWMW84L5lz,current,Sports Illustrated Stadium
NWMW84L5lz,34003006202,101.0,NWMW84L5lz,current,Sports Illustrated Stadium
NWMW84L5lz,34031223801,,NWMW84L5lz,current,Sports Illustrated Stadium
NWMW84L5lz,34023002401,77.0,NWMW84L5lz,current,Sports Illustrated Stadium
NWMW84L5lz,34013021701,,NWMW84L5lz,current,Sports Illustrated Stadium
NWMW84L5lz,34013023100,41.0,NWMW84L5lz,current,Sports Illustrated Stadium
NWMW84L5lz,34013023200,41.0,NWMW84L5lz,current,Sports Illustrated Stadium
NWMW84L5lz,34013980100,47.0,NWMW84L5lz,current,Sports Illustrated Stadium
NWMW84L5lz,34013021702,,NWMW84L5lz,current,Sports Illustrated Stadium
NWMW84L5lz,34013022900,37.0,NWMW84L5lz,current,Sports Illustrated Stadium
NWMW84L5lz,34013980200,56.0,NWMW84L5lz,current,Sports Illustrated Stadium
NWMW84L5lz,34031175801,89.0,NWMW84L5lz,current,Sports Illustrated Stadium
NWMW84L5lz,34013023000,37.0,NWMW84L5lz,current,Sports Illustrated Stadium
NWMW84L5lz,34031183102,112.0,NWMW84L5lz,current,Sports Illustrated Stadium
NWMW84L5lz,34017006800,60.0,NWMW84L5lz,current,Sports Illustrated Stadium
NWMW84L5lz,34031175301,97.0,NWMW84L5lz,current,Sports Illustrated Stadium
NWMW84L5lz,34031175401,94.0,NWMW84L5lz,current,Sports Illustrated Stadium
NWMW84L5lz,34031175601,89.0,NWMW84L5lz,current,Sports Illustrated Stadium
NWMW84L5lz,34031175701,85.0,NWMW84L5lz,current,Sports Illustrated Stadium
NWMW84L5lz,34031175703,93.0,NWMW84L5lz,current,Sports Illustrated Stadium
NWMW84L5lz,34031183101,110.0,NWMW84L5lz,current,Sports Illustrated Stadium
NWMW84L5lz,34017015001,85.0,NWMW84L5lz,current,Sports Illustrated Stadium
NWMW84L5lz,34017018302,82.0,NWMW84L5lz,current,Sports Illustrated Stadium
NWMW84L5lz,34017007400,51.0,NWMW84L5lz,current,Sports Illustrated Stadium
NWMW84L5lz,34017007800,61.0,NWMW84L5lz,current,Sports Illustrated Stadium
NWMW84L5lz,34017014101,87.0,NWMW84L5lz,current,Sports Illustrated Stadium
NWMW84L5lz,34017018301,75.0,NWMW84L5lz,current,Sports Illustrated Stadium
NWMW84L5lz,34031264101,118.0,NWMW84L5lz,current,Sports Illustrated Stadium
NWMW84L5lz,34031175302,105.0,NWMW84L5lz,current,Sports Illustrated Stadium
NWMW84L5lz,34017015801,83.0,NWMW84L5lz,current,Sports Illustrated Stadium
NWMW84L5lz,34017018702,78.0,NWMW84L5lz,current,Sports Illustrated Stadium
NWMW84L5lz,34017006600,52.0,NWMW84L5lz,current,Sports Illustrated Stadium
NWMW84L5lz,34017015201,83.0,NWMW84L5lz,current,Sports Illustrated Stadium
NWMW84L5lz,34017015202,80.0,NWMW84L5lz,current,Sports Illustrated Stadium
NWMW84L5lz,34031175402,90.0,NWMW84L5lz,current,Sports Illustrated Stadium
NWMW84L5lz,34017020100,44.0,NWMW84L5lz,current,Sports Illustrated Stadium
NWMW84L5lz,34017980100,,NWMW84L5lz,current,Sports Illustrated Stadium
NWMW84L5lz,34017006400,47.0,NWMW84L5lz,current,Sports Illustrated Stadium
NWMW84L5lz,34017006500,54.0,NWMW84L5lz,current,Sports Illustrated Stadium
NWMW84L5lz,34017020000,78.0,NWMW84L5lz,current,Sports Illustrated Stadium
NWMW84L5lz,34031264102,,NWMW84L5lz,current,Sports Illustrated Stadium
NWMW84L5lz,34017006700,60.0,NWMW84L5lz,current,Sports Illustrated Stadium
NWMW84L5lz,34017007500,50.0,NWMW84L5lz,current,Sports Illustrated Stadium
NWMW84L5lz,34017014102,92.0,NWMW84L5lz,current,Sports Illustrated Stadium
NWMW84L5lz,34017018701,78.0,NWMW84L5lz,current,Sports Illustrated Stadium
NWMW84L5lz,34017006900,69.0,NWMW84L5lz,current,Sports Illustrated Stadium
NWMW84L5lz,34017015802,73.0,NWMW84L5lz,current,Sports Illustrated Stadium
NWMW84L5lz,34017007100,46.0,NWMW84L5lz,current,Sports Illustrated Stadium
NWMW84L5lz,34017007200,59.0,NWMW84L5lz,current,Sports Illustrated Stadium
NWMW84L5lz,34017007300,59.0,NWMW84L5lz,current,Sports Illustrated Stadium
NWMW84L5lz,34017019800,96.0,NWMW84L5lz,current,Sports Illustrated Stadium
NWMW84L5lz,34017019900,71.0,NWMW84L5lz,current,Sports Illustrated Stadium
NWMW84L5lz,34027040102,,NWMW84L5lz,current,Sports Illustrated Stadium
NWMW84L5lz,34039032800,75.0,NWMW84L5lz,current,Sports Illustrated Stadium
NWMW84L5lz,34039034200,67.0,NWMW84L5lz,current,Sports Illustrated Stadium
NWMW84L5lz,34003012001,100.0,NWMW84L5lz,current,Sports Illustrated Stadium
NWMW84L5lz,34039032901,89.0,NWMW84L5lz,current,Sports Illustrated Stadium
NWMW84L5lz,34039033000,,NWMW84L5lz,current,Sports Illustrated Stadium
NWMW84L5lz,34039033100,72.0,NWMW84L5lz,current,Sports Illustrated Stadium
NWMW84L5lz,34039033200,63.0,NWMW84L5lz,current,Sports Illustrated Stadium
NWMW84L5lz,34039033300,73.0,NWMW84L5lz,current,Sports Illustrated Stadium
NWMW84L5lz,34039031000,67.0,NWMW84L5lz,current,Sports Illustrated Stadium
NWMW84L5lz,34039036100,85.0,NWMW84L5lz,current,Sports Illustrated Stadium
NWMW84L5lz,34039031400,50.0,NWMW84L5lz,current,Sports Illustrated Stadium
NWMW84L5lz,34039033900,56.0,NWMW84L5lz,current,Sports Illustrated Stadium
NWMW84L5lz,34039035400,77.0,NWMW84L5lz,current,Sports Illustrated Stadium
NWMW84L5lz,34039032002,60.0,NWMW84L5lz,current,Sports Illustrated Stadium
NWMW84L5lz,34039038601,,NWMW84L5lz,current,Sports Illustrated Stadium
NWMW84L5lz,34039034100,67.0,NWMW84L5lz,current,Sports Illustrated Stadium
NWMW84L5lz,34039033400,80.0,NWMW84L5lz,current,Sports Illustrated Stadium
NWMW84L5lz,34039033600,95.0,NWMW84L5lz,current,Sports Illustrated Stadium
NWMW84L5lz,34039033700,60.0,NWMW84L5lz,current,Sports Illustrated Stadium
NWMW84L5lz,34039033800,59.0,NWMW84L5lz,current,Sports Illustrated Stadium
NWMW84L5lz,34039034000,59.0,NWMW84L5lz,current,Sports Illustrated Stadium
NWMW84L5lz,34039034300,79.0,NWMW84L5lz,current,Sports Illustrated Stadium
NWMW84L5lz,34039034400,76.0,NWMW84L5lz,current,Sports Illustrated Stadium
NWMW84L5lz,34039037200,58.0,NWMW84L5lz,current,Sports Illustrated Stadium
NWMW84L5lz,34039032902,100.0,NWMW84L5lz,current,Sports Illustrated Stadium
NWMW84L5lz,34039037602,,NWMW84L5lz,current,Sports Illustrated Stadium
NWMW84L5lz,34039035200,69.0,NWMW84L5lz,current,Sports Illustrated Stadium
NWMW84L5lz,34039031700,54.0,NWMW84L5lz,current,Sports Illustrated Stadium
NWMW84L5lz,34039031200,56.0,NWMW84L5lz,current,Sports Illustrated Stadium
NWMW84L5lz,34039030900,69.0,NWMW84L5lz,current,Sports Illustrated Stadium
NWMW84L5lz,34039034500,63.0,NWMW84L5lz,current,Sports Illustrated Stadium
NWMW84L5lz,34039034600,66.0,NWMW84L5lz,current,Sports Illustrated Stadium
NWMW84L5lz,34039034700,58.0,NWMW84L5lz,current,Sports Illustrated Stadium
NWMW84L5lz,34017012300,37.0,NWMW84L5lz,current,Sports Illustrated Stadium
NWMW84L5lz,34039030500,72.0,NWMW84L5lz,current,Sports Illustrated Stadium
NWMW84L5lz,34039034800,79.0,NWMW84L5lz,current,Sports Illustrated Stadium
NWMW84L5lz,34039034900,82.0,NWMW84L5lz,current,Sports Illustrated Stadium
NWMW84L5lz,34039035000,64.0,NWMW84L5lz,current,Sports Illustrated Stadium
NWMW84L5lz,34039035100,54.0,NWMW84L5lz,current,Sports Illustrated Stadium
NWMW84L5lz,34039035300,57.0,NWMW84L5lz,current,Sports Illustrated Stadium
NWMW84L5lz,34039035500,67.0,NWMW84L5lz,current,Sports Illustrated Stadium
NWMW84L5lz,34039035600,71.0,NWMW84L5lz,current,Sports Illustrated Stadium
NWMW84L5lz,34039035800,61.0,NWMW84L5lz,current,Sports Illustrated Stadium
NWMW84L5lz,34039035900,50.0,NWMW84L5lz,current,Sports Illustrated Stadium
NWMW84L5lz,34039036000,61.0,NWMW84L5lz,current,Sports Illustrated Stadium
NWMW84L5lz,34039036200,99.0,NWMW84L5lz,current,Sports Illustrated Stadium
NWMW84L5lz,34039036301,93.0,NWMW84L5lz,current,Sports Illustrated Stadium
NWMW84L5lz,34039036302,96.0,NWMW84L5lz,current,Sports Illustrated Stadium
NWMW84L5lz,34039035700,60.0,NWMW84L5lz,current,Sports Illustrated Stadium
NWMW84L5lz,34017017200,69.0,NWMW84L5lz,current,Sports Illustrated Stadium
NWMW84L5lz,34017002300,51.0,NWMW84L5lz,current,Sports Illustrated Stadium
NWMW84L5lz,34017001000,53.0,NWMW84L5lz,current,Sports Illustrated Stadium
NWMW84L5lz,34017015900,76.0,NWMW84L5lz,current,Sports Illustrated Stadium
NWMW84L5lz,34017013800,18.0,NWMW84L5lz,current,Sports Illustrated Stadium
NWMW84L5lz,34017018800,76.0,NWMW84L5lz,current,Sports Illustrated Stadium
NWMW84L5lz,34017006200,69.0,NWMW84L5lz,current,Sports Illustrated Stadium
NWMW84L5lz,34017005500,65.0,NWMW84L5lz,current,Sports Illustrated Stadium
NWMW84L5lz,34039036900,57.0,NWMW84L5lz,current,Sports Illustrated Stadium
NWMW84L5lz,34039036400,,NWMW84L5lz,current,Sports Illustrated Stadium
NWMW84L5lz,34039036500,87.0,NWMW84L5lz,current,Sports Illustrated Stadium
NWMW84L5lz,34039036600,60.0,NWMW84L5lz,current,Sports Illustrated Stadium
NWMW84L5lz,34039036700,71.0,NWMW84L5lz,current,Sports Illustrated Stadium
NWMW84L5lz,34039036800,117.0,NWMW84L5lz,current,Sports Illustrated Stadium
NWMW84L5lz,34039037100,76.0,NWMW84L5lz,current,Sports Illustrated Stadium
NWMW84L5lz,34039037000,69.0,NWMW84L5lz,current,Sports Illustrated Stadium
NWMW84L5lz,34039037300,74.0,NWMW84L5lz,current,Sports Illustrated Stadium
NWMW84L5lz,34039037400,76.0,NWMW84L5lz,current,Sports Illustrated Stadium
NWMW84L5lz,34039037500,84.0,NWMW84L5lz,current,Sports Illustrated Stadium
NWMW84L5lz,34039037601,,NWMW84L5lz,current,Sports Illustrated Stadium
NWMW84L5lz,34039038000,88.0,NWMW84L5lz,current,Sports Illustrated Stadium
NWMW84L5lz,34003038100,54.0,NWMW84L5lz,current,Sports Illustrated Stadium
NWMW84L5lz,34003038300,58.0,NWMW84L5lz,current,Sports Illustrated Stadium
NWMW84L5lz,34003054400,103.0,NWMW84L5lz,current,Sports Illustrated Stadium
NWMW84L5lz,34003050000,,NWMW84L5lz,current,Sports Illustrated Stadium
NWMW84L5lz,34003051200,82.0,NWMW84L5lz,current,Sports Illustrated Stadium
NWMW84L5lz,34003051300,75.0,NWMW84L5lz,current,Sports Illustrated Stadium
NWMW84L5lz,34003054200,95.0,NWMW84L5lz,current,Sports Illustrated Stadium
NWMW84L5lz,34003054300,106.0,NWMW84L5lz,current,Sports Illustrated Stadium
NWMW84L5lz,34003041100,97.0,NWMW84L5lz,current,Sports Illustrated Stadium
NWMW84L5lz,34003051400,87.0,NWMW84L5lz,current,Sports Illustrated Stadium
NWMW84L5lz,34003019204,106.0,NWMW84L5lz,current,Sports Illustrated Stadium
NWMW84L5lz,34003045200,107.0,NWMW84L5lz,current,Sports Illustrated Stadium
NWMW84L5lz,34003004002,98.0,NWMW84L5lz,current,Sports Illustrated Stadium
NWMW84L5lz,34003052200,115.0,NWMW84L5lz,current,Sports Illustrated Stadium
NWMW84L5lz,34003046100,80.0,NWMW84L5lz,current,Sports Illustrated Stadium
NWMW84L5lz,34003023502,94.0,NWMW84L5lz,current,Sports Illustrated Stadium
NWMW84L5lz,34003013002,104.0,NWMW84L5lz,current,Sports Illustrated Stadium
NWMW84L5lz,34003006201,94.0,NWMW84L5lz,current,Sports Illustrated Stadium
NWMW84L5lz,34003012002,89.0,NWMW84L5lz,current,Sports Illustrated Stadium
NWMW84L5lz,34003019103,110.0,NWMW84L5lz,current,Sports Illustrated Stadium
NWMW84L5lz,34003019305,103.0,NWMW84L5lz,current,Sports Illustrated Stadium
NWMW84L5lz,34003041301,93.0,NWMW84L5lz,current,Sports Illustrated Stadium
NWMW84L5lz,34003021300,110.0,NWMW84L5lz,current,Sports Illustrated Stadium
NWMW84L5lz,34003046300,80.0,NWMW84L5lz,current,Sports Illustrated Stadium
NWMW84L5lz,34013006400,37.0,NWMW84L5lz,current,Sports Illustrated Stadium
NWMW84L5lz,34003057101,104.0,NWMW84L5lz,current,Sports Illustrated Stadium
NWMW84L5lz,34003057102,92.0,NWMW84L5lz,current,Sports Illustrated Stadium
NWMW84L5lz,34003057200,93.0,NWMW84L5lz,current,Sports Illustrated Stadium
NWMW84L5lz,34013001700,44.0,NWMW84L5lz,current,Sports Illustrated Stadium
NWMW84L5lz,34013001800,46.0,NWMW84L5lz,current,Sports Illustrated Stadium
NWMW84L5lz,34013001900,44.0,NWMW84L5lz,current,Sports Illustrated Stadium
NWMW84L5lz,34013002400,50.0,NWMW84L5lz,current,Sports Illustrated Stadium
NWMW84L5lz,34013003100,37.0,NWMW84L5lz,current,Sports Illustrated Stadium
NWMW84L5lz,34013003500,45.0,NWMW84L5lz,current,Sports Illustrated Stadium
NWMW84L5lz,34013003800,41.0,NWMW84L5lz,current,Sports Illustrated Stadium
NWMW84L5lz,34013004200,48.0,NWMW84L5lz,current,Sports Illustrated Stadium
NWMW84L5lz,34013004400,51.0,NWMW84L5lz,current,Sports Illustrated Stadium
NWMW84L5lz,34013004500,51.0,NWMW84L5lz,current,Sports Illustrated Stadium
NWMW84L5lz,34013004600,48.0,NWMW84L5lz,current,Sports Illustrated Stadium
NWMW84L5lz,34013004700,49.0,NWMW84L5lz,current,Sports Illustrated Stadium
NWMW84L5lz,34013004900,46.0,NWMW84L5lz,current,Sports Illustrated Stadium
NWMW84L5lz,34013005000,41.0,NWMW84L5lz,current,Sports Illustrated Stadium
NWMW84L5lz,34013005300,45.0,NWMW84L5lz,current,Sports Illustrated Stadium
NWMW84L5lz,34013005400,43.0,NWMW84L5lz,current,Sports Illustrated Stadium
NWMW84L5lz,34013005700,38.0,NWMW84L5lz,current,Sports Illustrated Stadium
NWMW84L5lz,34013006700,32.0,NWMW84L5lz,current,Sports Illustrated Stadium
NWMW84L5lz,34013006800,38.0,NWMW84L5lz,current,Sports Illustrated Stadium
NWMW84L5lz,34013007000,28.0,NWMW84L5lz,current,Sports Illustrated Stadium
NWMW84L5lz,34013007100,30.0,NWMW84L5lz,current,Sports Illustrated Stadium
NWMW84L5lz,34013008000,25.0,NWMW84L5lz,current,Sports Illustrated Stadium
NWMW84L5lz,34013008800,42.0,NWMW84L5lz,current,Sports Illustrated Stadium
NWMW84L5lz,34013009000,44.0,NWMW84L5lz,current,Sports Illustrated Stadium
NWMW84L5lz,34013009100,41.0,NWMW84L5lz,current,Sports Illustrated Stadium
NWMW84L5lz,34017005802,,NWMW84L5lz,current,Sports Illustrated Stadium
NWMW84L5lz,34013007400,42.0,NWMW84L5lz,current,Sports Illustrated Stadium
NWMW84L5lz,34013007502,48.0,NWMW84L5lz,current,Sports Illustrated Stadium
NWMW84L5lz,34013007900,18.0,NWMW84L5lz,current,Sports Illustrated Stadium
NWMW84L5lz,34013009700,54.0,NWMW84L5lz,current,Sports Illustrated Stadium
NWMW84L5lz,34013009900,62.0,NWMW84L5lz,current,Sports Illustrated Stadium
NWMW84L5lz,34013010000,61.0,NWMW84L5lz,current,Sports Illustrated Stadium
NWMW84L5lz,34013000800,38.0,NWMW84L5lz,current,Sports Illustrated Stadium
NWMW84L5lz,34013001400,41.0,NWMW84L5lz,current,Sports Illustrated Stadium
NWMW84L5lz,34013010100,56.0,NWMW84L5lz,current,Sports Illustrated Stadium
NWMW84L5lz,34013010500,47.0,NWMW84L5lz,current,Sports Illustrated Stadium
NWMW84L5lz,34013011400,62.0,NWMW84L5lz,current,Sports Illustrated Stadium
NWMW84L5lz,34013011500,59.0,NWMW84L5lz,current,Sports Illustrated Stadium
NWMW84L5lz,34013011600,56.0,NWMW84L5lz,current,Sports Illustrated Stadium
NWMW84L5lz,34013011700,54.0,NWMW84L5lz,current,Sports Illustrated Stadium
NWMW84L5lz,34013011900,48.0,NWMW84L5lz,current,Sports Illustrated Stadium
NWMW84L5lz,34013012000,61.0,NWMW84L5lz,current,Sports Illustrated Stadium
NWMW84L5lz,34013012300,54.0,NWMW84L5lz,current,Sports Illustrated Stadium
NWMW84L5lz,34013012400,60.0,NWMW84L5lz,current,Sports Illustrated Stadium
NWMW84L5lz,34013012600,47.0,NWMW84L5lz,current,Sports Illustrated Stadium
NWMW84L5lz,34013012700,59.0,NWMW84L5lz,current,Sports Illustrated Stadium
NWMW84L5lz,34013013000,50.0,NWMW84L5lz,current,Sports Illustrated Stadium
NWMW84L5lz,34013013100,48.0,NWMW84L5lz,current,Sports Illustrated Stadium
NWMW84L5lz,34017011200,85.0,NWMW84L5lz,current,Sports Illustrated Stadium
NWMW84L5lz,34017018900,73.0,NWMW84L5lz,current,Sports Illustrated Stadium
NWMW84L5lz,34017018600,75.0,NWMW84L5lz,current,Sports Illustrated Stadium
NWMW84L5lz,34017011300,77.0,NWMW84L5lz,current,Sports Illustrated Stadium
NWMW84L5lz,34017011400,83.0,NWMW84L5lz,current,Sports Illustrated Stadium
NWMW84L5lz,34013013300,42.0,NWMW84L5lz,current,Sports Illustrated Stadium
NWMW84L5lz,34013014500,60.0,NWMW84L5lz,current,Sports Illustrated Stadium
NWMW84L5lz,34013014600,62.0,NWMW84L5lz,current,Sports Illustrated Stadium
NWMW84L5lz,34013014700,52.0,NWMW84L5lz,current,Sports Illustrated Stadium
NWMW84L5lz,34013014800,93.0,NWMW84L5lz,current,Sports Illustrated Stadium
NWMW84L5lz,34013014900,98.0,NWMW84L5lz,current,Sports Illustrated Stadium
NWMW84L5lz,34013015000,92.0,NWMW84L5lz,current,Sports Illustrated Stadium
NWMW84L5lz,34013015100,100.0,NWMW84L5lz,current,Sports Illustrated Stadium
NWMW84L5lz,34013013900,80.0,NWMW84L5lz,current,Sports Illustrated Stadium
NWMW84L5lz,34013014000,60.0,NWMW84L5lz,current,Sports Illustrated Stadium
NWMW84L5lz,34013014400,60.0,NWMW84L5lz,current,Sports Illustrated Stadium
NWMW84L5lz,34013013600,70.0,NWMW84L5lz,current,Sports Illustrated Stadium
NWMW84L5lz,34013013700,75.0,NWMW84L5lz,current,Sports Illustrated Stadium
ETIHAD_PARK,36081003400,63.0,ETIHAD_PARK,future,Etihad Park
ETIHAD_PARK,36081003900,43.0,ETIHAD_PARK,future,Etihad Park
ETIHAD_PARK,36081003600,64.0,ETIHAD_PARK,future,Etihad Park
ETIHAD_PARK,36081003700,43.0,ETIHAD_PARK,future,Etihad Park
ETIHAD_PARK,36081003800,58.0,ETIHAD_PARK,future,Etihad Park
ETIHAD_PARK,36081004001,57.0,ETIHAD_PARK,future,Etihad Park
ETIHAD_PARK,36081004200,66.0,ETIHAD_PARK,future,Etihad Park
ETIHAD_PARK,36081004300,40.0,ETIHAD_PARK,future,Etihad Park
ETIHAD_PARK,36081077907,38.0,ETIHAD_PARK,future,Etihad Park
ETIHAD_PARK,36081024000,44.0,ETIHAD_PARK,future,Etihad Park
ETIHAD_PARK,36081024300,35.0,ETIHAD_PARK,future,Etihad Park
ETIHAD_PARK,36081077908,43.0,ETIHAD_PARK,future,Etihad Park
ETIHAD_PARK,36081024500,33.0,ETIHAD_PARK,future,Etihad Park
ETIHAD_PARK,36081024900,26.0,ETIHAD_PARK,future,Etihad Park
ETIHAD_PARK,36081025100,25.0,ETIHAD_PARK,future,Etihad Park
ETIHAD_PARK,36081025500,31.0,ETIHAD_PARK,future,Etihad Park
ETIHAD_PARK,36081025700,29.0,ETIHAD_PARK,future,Etihad Park
ETIHAD_PARK,36081100801,104.0,ETIHAD_PARK,future,Etihad Park
ETIHAD_PARK,36081102900,48.0,ETIHAD_PARK,future,Etihad Park
ETIHAD_PARK,36047021100,67.0,ETIHAD_PARK,future,Etihad Park
ETIHAD_PARK,36081025800,54.0,ETIHAD_PARK,future,Etihad Park
ETIHAD_PARK,36081026000,56.0,ETIHAD_PARK,future,Etihad Park
ETIHAD_PARK,36081026200,57.0,ETIHAD_PARK,future,Etihad Park
ETIHAD_PARK,36081026300,20.0,ETIHAD_PARK,future,Etihad Park
ETIHAD_PARK,36081026600,58.0,ETIHAD_PARK,future,Etihad Park
ETIHAD_PARK,36047048500,59.0,ETIHAD_PARK,future,Etihad Park
ETIHAD_PARK,36081107202,90.0,ETIHAD_PARK,future,Etihad Park
ETIHAD_PARK,36081103201,94.0,ETIHAD_PARK,future,Etihad Park
ETIHAD_PARK,36081103202,89.0,ETIHAD_PARK,future,Etihad Park
ETIHAD_PARK,36081103900,39.0,ETIHAD_PARK,future,Etihad Park
ETIHAD_PARK,36081104700,35.0,ETIHAD_PARK,future,Etihad Park
ETIHAD_PARK,36081105900,41.0,ETIHAD_PARK,future,Etihad Park
ETIHAD_PARK,36081027000,57.0,ETIHAD_PARK,future,Etihad Park
ETIHAD_PARK,36081027200,56.0,ETIHAD_PARK,future,Etihad Park
ETIHAD_PARK,36081027400,59.0,ETIHAD_PARK,future,Etihad Park
ETIHAD_PARK,36081027800,60.0,ETIHAD_PARK,future,Etihad Park
ETIHAD_PARK,36081027900,22.0,ETIHAD_PARK,future,Etihad Park
ETIHAD_PARK,36081028000,61.0,ETIHAD_PARK,future,Etihad Park
ETIHAD_PARK,36081028100,23.0,ETIHAD_PARK,future,Etihad Park
ETIHAD_PARK,36081028200,62.0,ETIHAD_PARK,future,Etihad Park
ETIHAD_PARK,36081028400,64.0,ETIHAD_PARK,future,Etihad Park
ETIHAD_PARK,36081094500,48.0,ETIHAD_PARK,future,Etihad Park
ETIHAD_PARK,36081094700,34.0,ETIHAD_PARK,future,Etihad Park
ETIHAD_PARK,36081096400,,ETIHAD_PARK,future,Etihad Park
ETIHAD_PARK,36081097300,51.0,ETIHAD_PARK,future,Etihad Park
ETIHAD_PARK,36081098100,55.0,ETIHAD_PARK,future,Etihad Park
ETIHAD_PARK,36081098700,51.0,ETIHAD_PARK,future,Etihad Park
ETIHAD_PARK,36081099100,53.0,ETIHAD_PARK,future,Etihad Park
ETIHAD_PARK,36081099200,109.0,ETIHAD_PARK,future,Etihad Park
ETIHAD_PARK,36047080800,87.0,ETIHAD_PARK,future,Etihad Park
ETIHAD_PARK,36081099900,56.0,ETIHAD_PARK,future,Etihad Park
ETIHAD_PARK,36047123700,58.0,ETIHAD_PARK,future,Etihad Park
ETIHAD_PARK,36081112300,34.0,ETIHAD_PARK,future,Etihad Park
ETIHAD_PARK,36081109700,42.0,ETIHAD_PARK,future,Etihad Park
ETIHAD_PARK,36081109900,36.0,ETIHAD_PARK,future,Etihad Park
ETIHAD_PARK,36081112900,36.0,ETIHAD_PARK,future,Etihad Park
ETIHAD_PARK,36081113900,29.0,ETIHAD_PARK,future,Etihad Park
ETIHAD_PARK,36081114100,36.0,ETIHAD_PARK,future,Etihad Park
ETIHAD_PARK,36081029100,25.0,ETIHAD_PARK,future,Etihad Park
ETIHAD_PARK,36081029300,27.0,ETIHAD_PARK,future,Etihad Park
ETIHAD_PARK,36081029500,31.0,ETIHAD_PARK,future,Etihad Park
ETIHAD_PARK,36081029700,37.0,ETIHAD_PARK,future,Etihad Park
ETIHAD_PARK,36081028700,25.0,ETIHAD_PARK,future,Etihad Park
ETIHAD_PARK,36081028900,23.0,ETIHAD_PARK,future,Etihad Park
ETIHAD_PARK,36081029900,48.0,ETIHAD_PARK,future,Etihad Park
ETIHAD_PARK,36081031700,44.0,ETIHAD_PARK,future,Etihad Park
ETIHAD_PARK,36081032000,70.0,ETIHAD_PARK,future,Etihad Park
ETIHAD_PARK,36081032800,71.0,ETIHAD_PARK,future,Etihad Park
ETIHAD_PARK,36081032900,38.0,ETIHAD_PARK,future,Etihad Park
ETIHAD_PARK,36081033000,70.0,ETIHAD_PARK,future,Etihad Park
ETIHAD_PARK,36081033100,40.0,ETIHAD_PARK,future,Etihad Park
ETIHAD_PARK,36081033900,30.0,ETIHAD_PARK,future,Etihad Park
ETIHAD_PARK,36081039400,69.0,ETIHAD_PARK,future,Etihad Park
ETIHAD_PARK,36081039800,66.0,ETIHAD_PARK,future,Etihad Park
ETIHAD_PARK,36081040200,66.0,ETIHAD_PARK,future,Etihad Park
ETIHAD_PARK,36081040400,62.0,ETIHAD_PARK,future,Etihad Park
ETIHAD_PARK,36081041100,23.0,ETIHAD_PARK,future,Etihad Park
ETIHAD_PARK,36081041400,60.0,ETIHAD_PARK,future,Etihad Park
ETIHAD_PARK,36081041500,21.0,ETIHAD_PARK,future,Etihad Park
ETIHAD_PARK,36081042700,24.0,ETIHAD_PARK,future,Etihad Park
ETIHAD_PARK,36081043400,60.0,ETIHAD_PARK,future,Etihad Park
ETIHAD_PARK,36081045000,51.0,ETIHAD_PARK,future,Etihad Park
ETIHAD_PARK,36081045400,51.0,ETIHAD_PARK,future,Etihad Park
ETIHAD_PARK,36081045500,37.0,ETIHAD_PARK,future,Etihad Park
ETIHAD_PARK,36081045600,56.0,ETIHAD_PARK,future,Etihad Park
ETIHAD_PARK,36081044602,44.0,ETIHAD_PARK,future,Etihad Park
ETIHAD_PARK,36081044800,46.0,ETIHAD_PARK,future,Etihad Park
ETIHAD_PARK,36081045800,55.0,ETIHAD_PARK,future,Etihad Park
ETIHAD_PARK,36081046200,55.0,ETIHAD_PARK,future,Etihad Park
ETIHAD_PARK,36081046300,22.0,ETIHAD_PARK,future,Etihad Park
ETIHAD_PARK,36081046400,59.0,ETIHAD_PARK,future,Etihad Park
ETIHAD_PARK,36081046500,17.0,ETIHAD_PARK,future,Etihad Park
ETIHAD_PARK,36081046600,57.0,ETIHAD_PARK,future,Etihad Park
ETIHAD_PARK,36081046700,20.0,ETIHAD_PARK,future,Etihad Park
ETIHAD_PARK,36081046800,57.0,ETIHAD_PARK,future,Etihad Park
ETIHAD_PARK,36081047000,61.0,ETIHAD_PARK,future,Etihad Park
ETIHAD_PARK,36081047100,28.0,ETIHAD_PARK,future,Etihad Park
ETIHAD_PARK,36081047200,60.0,ETIHAD_PARK,future,Etihad Park
ETIHAD_PARK,36081047300,30.0,ETIHAD_PARK,future,Etihad Park
ETIHAD_PARK,36081047500,34.0,ETIHAD_PARK,future,Etihad Park
ETIHAD_PARK,36081004500,46.0,ETIHAD_PARK,future,Etihad Park
ETIHAD_PARK,36081004700,41.0,ETIHAD_PARK,future,Etihad Park
ETIHAD_PARK,36081005000,68.0,ETIHAD_PARK,future,Etihad Park
ETIHAD_PARK,36081005300,40.0,ETIHAD_PARK,future,Etihad Park
ETIHAD_PARK,36081005400,63.0,ETIHAD_PARK,future,Etihad Park
ETIHAD_PARK,36081005800,68.0,ETIHAD_PARK,future,Etihad Park
ETIHAD_PARK,36081006100,40.0,ETIHAD_PARK,future,Etihad Park
ETIHAD_PARK,36081030904,39.0,ETIHAD_PARK,future,Etihad Park
ETIHAD_PARK,36081043702,32.0,ETIHAD_PARK,future,Etihad Park
ETIHAD_PARK,36081044301,26.0,ETIHAD_PARK,future,Etihad Park
ETIHAD_PARK,36081036500,26.0,ETIHAD_PARK,future,Etihad Park
ETIHAD_PARK,36081036600,66.0,ETIHAD_PARK,future,Etihad Park
ETIHAD_PARK,36081035800,74.0,ETIHAD_PARK,future,Etihad Park
ETIHAD_PARK,36081036700,31.0,ETIHAD_PARK,future,Etihad Park
ETIHAD_PARK,36081036800,65.0,ETIHAD_PARK,future,Etihad Park
ETIHAD_PARK,36081065401,71.0,ETIHAD_PARK,future,Etihad Park
ETIHAD_PARK,36081065402,78.0,ETIHAD_PARK,future,Etihad Park
ETIHAD_PARK,36081037100,29.0,ETIHAD_PARK,future,Etihad Park
ETIHAD_PARK,36081037300,23.0,ETIHAD_PARK,future,Etihad Park
ETIHAD_PARK,36081037600,70.0,ETIHAD_PARK,future,Etihad Park
ETIHAD_PARK,36081038100,18.0,ETIHAD_PARK,future,Etihad Park
ETIHAD_PARK,36081007700,49.0,ETIHAD_PARK,future,Etihad Park
ETIHAD_PARK,36081008600,63.0,ETIHAD_PARK,future,Etihad Park
ETIHAD_PARK,36081008700,55.0,ETIHAD_PARK,future,Etihad Park
ETIHAD_PARK,36081008800,66.0,ETIHAD_PARK,future,Etihad Park
ETIHAD_PARK,36081007900,52.0,ETIHAD_PARK,future,Etihad Park
ETIHAD_PARK,36081008100,53.0,ETIHAD_PARK,future,Etihad Park
ETIHAD_PARK,36081008300,51.0,ETIHAD_PARK,future,Etihad Park
ETIHAD_PARK,36081009100,56.0,ETIHAD_PARK,future,Etihad Park
ETIHAD_PARK,36081009400,61.0,ETIHAD_PARK,future,Etihad Park
ETIHAD_PARK,36081009500,49.0,ETIHAD_PARK,future,Etihad Park
ETIHAD_PARK,36081009600,59.0,ETIHAD_PARK,future,Etihad Park
ETIHAD_PARK,36081009800,55.0,ETIHAD_PARK,future,Etihad Park
ETIHAD_PARK,36081009900,56.0,ETIHAD_PARK,future,Etihad Park
ETIHAD_PARK,36081034700,39.0,ETIHAD_PARK,future,Etihad Park
ETIHAD_PARK,36081035200,70.0,ETIHAD_PARK,future,Etihad Park
ETIHAD_PARK,36081035300,28.0,ETIHAD_PARK,future,Etihad Park
ETIHAD_PARK,36081026501,19.0,ETIHAD_PARK,future,Etihad Park
ETIHAD_PARK,36081037502,20.0,ETIHAD_PARK,future,Etihad Park
ETIHAD_PARK,36081089202,80.0,ETIHAD_PARK,future,Etihad Park
ETIHAD_PARK,36081027301,17.0,ETIHAD_PARK,future,Etihad Park
ETIHAD_PARK,36081000104,37.0,ETIHAD_PARK,future,Etihad Park
ETIHAD_PARK,36081027101,23.0,ETIHAD_PARK,future,Etihad Park
ETIHAD_PARK,36081040702,22.0,ETIHAD_PARK,future,Etihad Park
ETIHAD_PARK,36081040302,17.0,ETIHAD_PARK,future,Etihad Park
ETIHAD_PARK,36081040102,15.0,ETIHAD_PARK,future,Etihad Park
ETIHAD_PARK,36081027302,21.0,ETIHAD_PARK,future,Etihad Park
ETIHAD_PARK,36081040902,18.0,ETIHAD_PARK,future,Etihad Park
ETIHAD_PARK,36081043900,29.0,ETIHAD_PARK,future,Etihad Park
ETIHAD_PARK,36081044000,58.0,ETIHAD_PARK,future,Etihad Park
ETIHAD_PARK,36081044601,47.0,ETIHAD_PARK,future,Etihad Park
ETIHAD_PARK,36081007500,45.0,ETIHAD_PARK,future,Etihad Park
ETIHAD_PARK,36081006300,43.0,ETIHAD_PARK,future,Etihad Park
ETIHAD_PARK,36081007100,48.0,ETIHAD_PARK,future,Etihad Park
ETIHAD_PARK,36081010000,57.0,ETIHAD_PARK,future,Etihad Park
ETIHAD_PARK,36081010300,56.0,ETIHAD_PARK,future,Etihad Park
ETIHAD_PARK,36081010500,62.0,ETIHAD_PARK,future,Etihad Park
ETIHAD_PARK,36081010600,54.0,ETIHAD_PARK,future,Etihad Park
ETIHAD_PARK,36081010701,73.0,ETIHAD_PARK,future,Etihad Park
ETIHAD_PARK,36081011000,54.0,ETIHAD_PARK,future,Etihad Park
ETIHAD_PARK,36081011200,61.0,ETIHAD_PARK,future,Etihad Park
ETIHAD_PARK,36081011300,51.0,ETIHAD_PARK,future,Etihad Park
ETIHAD_PARK,36081010200,61.0,ETIHAD_PARK,future,Etihad Park
ETIHAD_PARK,36081011500,48.0,ETIHAD_PARK,future,Etihad Park
ETIHAD_PARK,36081011700,48.0,ETIHAD_PARK,future,Etihad Park
ETIHAD_PARK,36081011800,51.0,ETIHAD_PARK,future,Etihad Park
ETIHAD_PARK,36081012200,49.0,ETIHAD_PARK,future,Etihad Park
ETIHAD_PARK,36081012301,54.0,ETIHAD_PARK,future,Etihad Park
ETIHAD_PARK,36081012400,50.0,ETIHAD_PARK,future,Etihad Park
ETIHAD_PARK,36081012602,53.0,ETIHAD_PARK,future,Etihad Park
ETIHAD_PARK,36081013200,47.0,ETIHAD_PARK,future,Etihad Park
ETIHAD_PARK,36081013400,45.0,ETIHAD_PARK,future,Etihad Park
ETIHAD_PARK,36081013500,47.0,ETIHAD_PARK,future,Etihad Park
ETIHAD_PARK,36081013600,44.0,ETIHAD_PARK,future,Etihad Park
ETIHAD_PARK,36081013700,45.0,ETIHAD_PARK,future,Etihad Park
ETIHAD_PARK,36081013800,44.0,ETIHAD_PARK,future,Etihad Park
ETIHAD_PARK,36081014000,47.0,ETIHAD_PARK,future,Etihad Park
ETIHAD_PARK,36081014202,46.0,ETIHAD_PARK,future,Etihad Park
ETIHAD_PARK,36081014500,41.0,ETIHAD_PARK,future,Etihad Park
ETIHAD_PARK,36081015000,54.0,ETIHAD_PARK,future,Etihad Park
ETIHAD_PARK,36081015200,49.0,ETIHAD_PARK,future,Etihad Park
ETIHAD_PARK,36081015400,56.0,ETIHAD_PARK,future,Etihad Park
ETIHAD_PARK,36081015500,36.0,ETIHAD_PARK,future,Etihad Park
ETIHAD_PARK,36081015600,57.0,ETIHAD_PARK,future,Etihad Park
ETIHAD_PARK,36081015700,33.0,ETIHAD_PARK,future,Etihad Park
ETIHAD_PARK,36081014700,39.0,ETIHAD_PARK,future,Etihad Park
ETIHAD_PARK,36081014800,54.0,ETIHAD_PARK,future,Etihad Park
ETIHAD_PARK,36081014900,36.0,ETIHAD_PARK,future,Etihad Park
ETIHAD_PARK,36081018502,29.0,ETIHAD_PARK,future,Etihad Park
ETIHAD_PARK,36081016300,33.0,ETIHAD_PARK,future,Etihad Park
ETIHAD_PARK,36081016600,58.0,ETIHAD_PARK,future,Etihad Park
ETIHAD_PARK,36081016800,61.0,ETIHAD_PARK,future,Etihad Park
ETIHAD_PARK,36081016900,30.0,ETIHAD_PARK,future,Etihad Park
ETIHAD_PARK,36081017000,58.0,ETIHAD_PARK,future,Etihad Park
ETIHAD_PARK,36081066402,79.0,ETIHAD_PARK,future,Etihad Park
ETIHAD_PARK,36081017200,60.0,ETIHAD_PARK,future,Etihad Park
ETIHAD_PARK,36081017400,60.0,ETIHAD_PARK,future,Etihad Park
ETIHAD_PARK,36081017600,61.0,ETIHAD_PARK,future,Etihad Park
ETIHAD_PARK,36081018000,61.0,ETIHAD_PARK,future,Etihad Park
ETIHAD_PARK,36081025301,26.0,ETIHAD_PARK,future,Etihad Park
ETIHAD_PARK,36081018200,56.0,ETIHAD_PARK,future,Etihad Park
ETIHAD_PARK,36081025302,23.0,ETIHAD_PARK,future,Etihad Park
ETIHAD_PARK,36081066404,84.0,ETIHAD_PARK,future,Etihad Park
ETIHAD_PARK,36081033403,65.0,ETIHAD_PARK,future,Etihad Park
ETIHAD_PARK,36081033404,66.0,ETIHAD_PARK,future,Etihad Park
ETIHAD_PARK,36081000102,41.0,ETIHAD_PARK,future,Etihad Park
ETIHAD_PARK,36081053501,50.0,ETIHAD_PARK,future,Etihad Park
ETIHAD_PARK,36081026502,23.0,ETIHAD_PARK,future,Etihad Park
ETIHAD_PARK,36081048301,24.0,ETIHAD_PARK,future,Etihad Park
ETIHAD_PARK,36081039902,16.0,ETIHAD_PARK,future,Etihad Park
ETIHAD_PARK,36047070601,,ETIHAD_PARK,future,Etihad Park
ETIHAD_PARK,36047088002,84.0,ETIHAD_PARK,future,Etihad Park
ETIHAD_PARK,36047070602,,ETIHAD_PARK,future,Etihad Park
ETIHAD_PARK,36047006901,59.0,ETIHAD_PARK,future,Etihad Park
ETIHAD_PARK,36047006902,61.0,ETIHAD_PARK,future,Etihad Park
ETIHAD_PARK,36047033701,74.0,ETIHAD_PARK,future,Etihad Park
ETIHAD_PARK,36047033702,74.0,ETIHAD_PARK,future,Etihad Park
ETIHAD_PARK,36047088001,83.0,ETIHAD_PARK,future,Etihad Park
ETIHAD_PARK,36081018401,58.0,ETIHAD_PARK,future,Etihad Park
ETIHAD_PARK,36081018700,35.0,ETIHAD_PARK,future,Etihad Park
ETIHAD_PARK,36081018402,58.0,ETIHAD_PARK,future,Etihad Park
ETIHAD_PARK,36081018600,54.0,ETIHAD_PARK,future,Etihad Park
ETIHAD_PARK,36081018800,54.0,ETIHAD_PARK,future,Etihad Park
ETIHAD_PARK,36081026902,21.0,ETIHAD_PARK,future,Etihad Park
ETIHAD_PARK,36081019200,51.0,ETIHAD_PARK,future,Etihad Park
ETIHAD_PARK,36081030903,33.0,ETIHAD_PARK,future,Etihad Park
ETIHAD_PARK,36081019600,52.0,ETIHAD_PARK,future,Etihad Park
ETIHAD_PARK,36081018900,33.0,ETIHAD_PARK,future,Etihad Park
ETIHAD_PARK,36081019000,54.0,ETIHAD_PARK,future,Etihad Park
ETIHAD_PARK,36081020400,46.0,ETIHAD_PARK,future,Etihad Park
ETIHAD_PARK,36081020600,48.0,ETIHAD_PARK,future,Etihad Park
ETIHAD_PARK,36081020800,41.0,ETIHAD_PARK,future,Etihad Park
ETIHAD_PARK,36081021200,42.0,ETIHAD_PARK,future,Etihad Park
ETIHAD_PARK,36081021400,42.0,ETIHAD_PARK,future,Etihad Park
ETIHAD_PARK,36081021900,54.0,ETIHAD_PARK,future,Etihad Park
ETIHAD_PARK,36081022001,43.0,ETIHAD_PARK,future,Etihad Park
ETIHAD_PARK,36081022900,42.0,ETIHAD_PARK,future,Etihad Park
ETIHAD_PARK,36081023000,49.0,ETIHAD_PARK,future,Etihad Park
ETIHAD_PARK,36081043701,30.0,ETIHAD_PARK,future,Etihad Park
ETIHAD_PARK,36081061302,56.0,ETIHAD_PARK,future,Etihad Park
ETIHAD_PARK,36081071306,36.0,ETIHAD_PARK,future,Etihad Park
ETIHAD_PARK,36081077906,40.0,ETIHAD_PARK,future,Etihad Park
ETIHAD_PARK,36081057900,65.0,ETIHAD_PARK,future,Etihad Park
ETIHAD_PARK,36081058000,73.0,ETIHAD_PARK,future,Etihad Park
ETIHAD_PARK,36081058100,63.0,ETIHAD_PARK,future,Etihad Park
ETIHAD_PARK,36081058900,57.0,ETIHAD_PARK,future,Etihad Park
ETIHAD_PARK,36081090700,30.0,ETIHAD_PARK,future,Etihad Park
ETIHAD_PARK,36081092900,48.0,ETIHAD_PARK,future,Etihad Park
ETIHAD_PARK,36059300902,,ETIHAD_PARK,future,Etihad Park
ETIHAD_PARK,36059300901,102.0,ETIHAD_PARK,future,Etihad Park
ETIHAD_PARK,36059303204,78.0,ETIHAD_PARK,future,Etihad Park
ETIHAD_PARK,36059303203,91.0,ETIHAD_PARK,future,Etihad Park
ETIHAD_PARK,36081049301,38.0,ETIHAD_PARK,future,Etihad Park
ETIHAD_PARK,36081049302,39.0,ETIHAD_PARK,future,Etihad Park
ETIHAD_PARK,36081049500,45.0,ETIHAD_PARK,future,Etihad Park
ETIHAD_PARK,36081049600,67.0,ETIHAD_PARK,future,Etihad Park
ETIHAD_PARK,36081049700,40.0,ETIHAD_PARK,future,Etihad Park
ETIHAD_PARK,36081049900,37.0,ETIHAD_PARK,future,Etihad Park
ETIHAD_PARK,36081060100,52.0,ETIHAD_PARK,future,Etihad Park
ETIHAD_PARK,36081059100,60.0,ETIHAD_PARK,future,Etihad Park
ETIHAD_PARK,36081059200,76.0,ETIHAD_PARK,future,Etihad Park
ETIHAD_PARK,36081059300,55.0,ETIHAD_PARK,future,Etihad Park
ETIHAD_PARK,36081059400,77.0,ETIHAD_PARK,future,Etihad Park
ETIHAD_PARK,36081059800,71.0,ETIHAD_PARK,future,Etihad Park
ETIHAD_PARK,36081059900,49.0,ETIHAD_PARK,future,Etihad Park
ETIHAD_PARK,36081060000,79.0,ETIHAD_PARK,future,Etihad Park
ETIHAD_PARK,36081060600,78.0,ETIHAD_PARK,future,Etihad Park
ETIHAD_PARK,36081060701,53.0,ETIHAD_PARK,future,Etihad Park
ETIHAD_PARK,36081060800,74.0,ETIHAD_PARK,future,Etihad Park
ETIHAD_PARK,36081061400,77.0,ETIHAD_PARK,future,Etihad Park
ETIHAD_PARK,36081061602,82.0,ETIHAD_PARK,future,Etihad Park
ETIHAD_PARK,36081051500,41.0,ETIHAD_PARK,future,Etihad Park
ETIHAD_PARK,36081051600,70.0,ETIHAD_PARK,future,Etihad Park
ETIHAD_PARK,36081051700,44.0,ETIHAD_PARK,future,Etihad Park
ETIHAD_PARK,36081050000,56.0,ETIHAD_PARK,future,Etihad Park
ETIHAD_PARK,36081051800,70.0,ETIHAD_PARK,future,Etihad Park
ETIHAD_PARK,36081052100,48.0,ETIHAD_PARK,future,Etihad Park
ETIHAD_PARK,36081052200,68.0,ETIHAD_PARK,future,Etihad Park
ETIHAD_PARK,36081050201,54.0,ETIHAD_PARK,future,Etihad Park
ETIHAD_PARK,36081050500,38.0,ETIHAD_PARK,future,Etihad Park
ETIHAD_PARK,36081050700,42.0,ETIHAD_PARK,future,Etihad Park
ETIHAD_PARK,36081050800,65.0,ETIHAD_PARK,future,Etihad Park
ETIHAD_PARK,36081051000,66.0,ETIHAD_PARK,future,Etihad Park
ETIHAD_PARK,36081051100,43.0,ETIHAD_PARK,future,Etihad Park
ETIHAD_PARK,36081051300,38.0,ETIHAD_PARK,future,Etihad Park
ETIHAD_PARK,36081080301,30.0,ETIHAD_PARK,future,Etihad Park
ETIHAD_PARK,36081080302,31.0,ETIHAD_PARK,future,Etihad Park
ETIHAD_PARK,36081080900,34.0,ETIHAD_PARK,future,Etihad Park
ETIHAD_PARK,36081081400,66.0,ETIHAD_PARK,future,Etihad Park
ETIHAD_PARK,36081081800,66.0,ETIHAD_PARK,future,Etihad Park
ETIHAD_PARK,36081052400,66.0,ETIHAD_PARK,future,Etihad Park
ETIHAD_PARK,36081052800,69.0,ETIHAD_PARK,future,Etihad Park
ETIHAD_PARK,36081053000,71.0,ETIHAD_PARK,future,Etihad Park
ETIHAD_PARK,36081061800,79.0,ETIHAD_PARK,future,Etihad Park
ETIHAD_PARK,36081061900,54.0,ETIHAD_PARK,future,Etihad Park
ETIHAD_PARK,36081062000,81.0,ETIHAD_PARK,future,Etihad Park
ETIHAD_PARK,36081062100,52.0,ETIHAD_PARK,future,Etihad Park
ETIHAD_PARK,36081062400,79.0,ETIHAD_PARK,future,Etihad Park
ETIHAD_PARK,36081062600,75.0,ETIHAD_PARK,future,Etihad Park
ETIHAD_PARK,36081062700,64.0,ETIHAD_PARK,future,Etihad Park
ETIHAD_PARK,36061030900,78.0,ETIHAD_PARK,future,Etihad Park
ETIHAD_PARK,36061004400,64.0,ETIHAD_PARK,future,Etihad Park
ETIHAD_PARK,36061012101,45.0,ETIHAD_PARK,future,Etihad Park
ETIHAD_PARK,36061010803,39.0,ETIHAD_PARK,future,Etihad Park
ETIHAD_PARK,36061010802,41.0,ETIHAD_PARK,future,Etihad Park
ETIHAD_PARK,36061015403,50.0,ETIHAD_PARK,future,Etihad Park
ETIHAD_PARK,36061015402,51.0,ETIHAD_PARK,future,Etihad Park
ETIHAD_PARK,36061004001,54.0,ETIHAD_PARK,future,Etihad Park
ETIHAD_PARK,36061013604,53.0,ETIHAD_PARK,future,Etihad Park
ETIHAD_PARK,36061013203,51.0,ETIHAD_PARK,future,Etihad Park
ETIHAD_PARK,36061013602,54.0,ETIHAD_PARK,future,Etihad Park
ETIHAD_PARK,36081062900,61.0,ETIHAD_PARK,future,Etihad Park
ETIHAD_PARK,36081083700,33.0,ETIHAD_PARK,future,Etihad Park
ETIHAD_PARK,36081083800,66.0,ETIHAD_PARK,future,Etihad Park
ETIHAD_PARK,36081084000,63.0,ETIHAD_PARK,future,Etihad Park
ETIHAD_PARK,36081084500,29.0,ETIHAD_PARK,future,Etihad Park
ETIHAD_PARK,36081084601,69.0,ETIHAD_PARK,future,Etihad Park
ETIHAD_PARK,36081053401,70.0,ETIHAD_PARK,future,Etihad Park
ETIHAD_PARK,36081000701,34.0,ETIHAD_PARK,future,Etihad Park
ETIHAD_PARK,36081053601,72.0,ETIHAD_PARK,future,Etihad Park
ETIHAD_PARK,36081054000,65.0,ETIHAD_PARK,future,Etihad Park
ETIHAD_PARK,36081040701,15.0,ETIHAD_PARK,future,Etihad Park
ETIHAD_PARK,36081001901,33.0,ETIHAD_PARK,future,Etihad Park
ETIHAD_PARK,36081017902,26.0,ETIHAD_PARK,future,Etihad Park
ETIHAD_PARK,36081023502,27.0,ETIHAD_PARK,future,Etihad Park
ETIHAD_PARK,36081049201,61.0,ETIHAD_PARK,future,Etihad Park
ETIHAD_PARK,36081097207,,ETIHAD_PARK,future,Etihad Park
ETIHAD_PARK,36081047802,59.0,ETIHAD_PARK,future,Etihad Park
ETIHAD_PARK,36081049202,62.0,ETIHAD_PARK,future,Etihad Park
ETIHAD_PARK,36081063700,50.0,ETIHAD_PARK,future,Etihad Park
ETIHAD_PARK,36081063800,74.0,ETIHAD_PARK,future,Etihad Park
ETIHAD_PARK,36081063900,50.0,ETIHAD_PARK,future,Etihad Park
ETIHAD_PARK,36081064101,53.0,ETIHAD_PARK,future,Etihad Park
ETIHAD_PARK,36081064102,51.0,ETIHAD_PARK,future,Etihad Park
ETIHAD_PARK,36081063301,57.0,ETIHAD_PARK,future,Etihad Park
ETIHAD_PARK,36081063302,55.0,ETIHAD_PARK,future,Etihad Park
ETIHAD_PARK,36081063500,54.0,ETIHAD_PARK,future,Etihad Park
ETIHAD_PARK,36081064500,46.0,ETIHAD_PARK,future,Etihad Park
ETIHAD_PARK,36081064600,78.0,ETIHAD_PARK,future,Etihad Park
ETIHAD_PARK,36081065000,73.0,ETIHAD_PARK,future,Etihad Park
ETIHAD_PARK,36081084602,74.0,ETIHAD_PARK,future,Etihad Park
ETIHAD_PARK,36081086100,27.0,ETIHAD_PARK,future,Etihad Park
ETIHAD_PARK,36081086300,25.0,ETIHAD_PARK,future,Etihad Park
ETIHAD_PARK,36081086400,65.0,ETIHAD_PARK,future,Etihad Park
ETIHAD_PARK,36081086500,20.0,ETIHAD_PARK,future,Etihad Park
ETIHAD_PARK,36081087100,16.0,ETIHAD_PARK,future,Etihad Park
ETIHAD_PARK,36081088400,79.0,ETIHAD_PARK,future,Etihad Park
ETIHAD_PARK,36081054500,65.0,ETIHAD_PARK,future,Etihad Park
ETIHAD_PARK,36081054200,66.0,ETIHAD_PARK,future,Etihad Park
ETIHAD_PARK,36081054700,63.0,ETIHAD_PARK,future,Etihad Park
ETIHAD_PARK,36081054800,66.0,ETIHAD_PARK,future,Etihad Park
ETIHAD_PARK,36081065600,77.0,ETIHAD_PARK,future,Etihad Park
ETIHAD_PARK,36081065702,51.0,ETIHAD_PARK,future,Etihad Park
ETIHAD_PARK,36081065900,49.0,ETIHAD_PARK,future,Etihad Park
ETIHAD_PARK,36081066000,78.0,ETIHAD_PARK,future,Etihad Park
ETIHAD_PARK,36081047600,60.0,ETIHAD_PARK,future,Etihad Park
ETIHAD_PARK,36081047900,36.0,ETIHAD_PARK,future,Etihad Park
ETIHAD_PARK,36081048500,32.0,ETIHAD_PARK,future,Etihad Park
ETIHAD_PARK,36081048900,39.0,ETIHAD_PARK,future,Etihad Park
ETIHAD_PARK,36081055900,64.0,ETIHAD_PARK,future,Etihad Park
ETIHAD_PARK,36081056100,75.0,ETIHAD_PARK,future,Etihad Park
ETIHAD_PARK,36081056500,64.0,ETIHAD_PARK,future,Etihad Park
ETIHAD_PARK,36081056700,61.0,ETIHAD_PARK,future,Etihad Park
ETIHAD_PARK,36081055200,61.0,ETIHAD_PARK,future,Etihad Park
ETIHAD_PARK,36081055300,65.0,ETIHAD_PARK,future,Etihad Park
ETIHAD_PARK,36081055400,59.0,ETIHAD_PARK,future,Etihad Park
ETIHAD_PARK,36081055500,62.0,ETIHAD_PARK,future,Etihad Park
ETIHAD_PARK,36081055700,58.0,ETIHAD_PARK,future,Etihad Park
ETIHAD_PARK,36081055800,60.0,ETIHAD_PARK,future,Etihad Park
ETIHAD_PARK,36081056800,60.0,ETIHAD_PARK,future,Etihad Park
ETIHAD_PARK,36081057700,62.0,ETIHAD_PARK,future,Etihad Park
ETIHAD_PARK,36081066501,52.0,ETIHAD_PARK,future,Etihad Park
ETIHAD_PARK,36081067700,44.0,ETIHAD_PARK,future,Etihad Park
ETIHAD_PARK,36081068000,73.0,ETIHAD_PARK,future,Etihad Park
ETIHAD_PARK,36081068200,67.0,ETIHAD_PARK,future,Etihad Park
ETIHAD_PARK,36081068700,34.0,ETIHAD_PARK,future,Etihad Park
ETIHAD_PARK,36081069000,73.0,ETIHAD_PARK,future,Etihad Park
ETIHAD_PARK,36081116302,25.0,ETIHAD_PARK,future,Etihad Park
ETIHAD_PARK,36081003302,38.0,ETIHAD_PARK,future,Etihad Park
ETIHAD_PARK,36081000103,39.0,ETIHAD_PARK,future,Etihad Park
ETIHAD_PARK,36081116301,25.0,ETIHAD_PARK,future,Etihad Park
ETIHAD_PARK,36081047801,65.0,ETIHAD_PARK,future,Etihad Park
ETIHAD_PARK,36081021603,39.0,ETIHAD_PARK,future,Etihad Park
ETIHAD_PARK,36081000702,35.0,ETIHAD_PARK,future,Etihad Park
ETIHAD_PARK,36081019902,43.0,ETIHAD_PARK,future,Etihad Park
ETIHAD_PARK,36081001902,32.0,ETIHAD_PARK,future,Etihad Park
ETIHAD_PARK,36081120702,37.0,ETIHAD_PARK,future,Etihad Park
ETIHAD_PARK,36081019901,35.0,ETIHAD_PARK,future,Etihad Park
ETIHAD_PARK,36081053502,54.0,ETIHAD_PARK,future,Etihad Park
ETIHAD_PARK,36081017901,27.0,ETIHAD_PARK,future,Etihad Park
ETIHAD_PARK,36081023501,32.0,ETIHAD_PARK,future,Etihad Park
ETIHAD_PARK,36081030906,32.0,ETIHAD_PARK,future,Etihad Park
ETIHAD_PARK,36081030905,36.0,ETIHAD_PARK,future,Etihad Park
ETIHAD_PARK,36081027702,23.0,ETIHAD_PARK,future,Etihad Park
ETIHAD_PARK,36081101004,100.0,ETIHAD_PARK,future,Etihad Park
ETIHAD_PARK,36081101003,90.0,ETIHAD_PARK,future,Etihad Park
ETIHAD_PARK,36081097206,112.0,ETIHAD_PARK,future,Etihad Park
ETIHAD_PARK,36081100803,92.0,ETIHAD_PARK,future,Etihad Park
ETIHAD_PARK,36081100804,103.0,ETIHAD_PARK,future,Etihad Park
ETIHAD_PARK,36081155103,79.0,ETIHAD_PARK,future,Etihad Park
ETIHAD_PARK,36081066401,84.0,ETIHAD_PARK,future,Etihad Park
ETIHAD_PARK,36081033405,66.0,ETIHAD_PARK,future,Etihad Park
ETIHAD_PARK,36081155104,80.0,ETIHAD_PARK,future,Etihad Park
ETIHAD_PARK,36081025402,53.0,ETIHAD_PARK,future,Etihad Park
ETIHAD_PARK,36081025401,51.0,ETIHAD_PARK,future,Etihad Park
ETIHAD_PARK,36081028803,64.0,ETIHAD_PARK,future,Etihad Park
ETIHAD_PARK,36081028802,62.0,ETIHAD_PARK,future,Etihad Park
ETIHAD_PARK,36081069300,33.0,ETIHAD_PARK,future,Etihad Park
ETIHAD_PARK,36081069400,78.0,ETIHAD_PARK,future,Etihad Park
ETIHAD_PARK,36081069500,40.0,ETIHAD_PARK,future,Etihad Park
ETIHAD_PARK,36081069701,37.0,ETIHAD_PARK,future,Etihad Park
ETIHAD_PARK,36081138501,49.0,ETIHAD_PARK,future,Etihad Park
ETIHAD_PARK,36081138502,59.0,ETIHAD_PARK,future,Etihad Park
ETIHAD_PARK,36081143500,42.0,ETIHAD_PARK,future,Etihad Park
ETIHAD_PARK,36081144100,42.0,ETIHAD_PARK,future,Etihad Park
ETIHAD_PARK,36081144700,40.0,ETIHAD_PARK,future,Etihad Park
ETIHAD_PARK,36081145101,38.0,ETIHAD_PARK,future,Etihad Park
ETIHAD_PARK,36081145102,40.0,ETIHAD_PARK,future,Etihad Park
ETIHAD_PARK,36081139900,46.0,ETIHAD_PARK,future,Etihad Park
ETIHAD_PARK,36081140901,50.0,ETIHAD_PARK,future,Etihad Park
ETIHAD_PARK,36081140902,47.0,ETIHAD_PARK,future,Etihad Park
ETIHAD_PARK,36081142900,41.0,ETIHAD_PARK,future,Etihad Park
ETIHAD_PARK,36081146300,37.0,ETIHAD_PARK,future,Etihad Park
ETIHAD_PARK,36081146700,33.0,ETIHAD_PARK,future,Etihad Park
ETIHAD_PARK,36081147100,38.0,ETIHAD_PARK,future,Etihad Park
ETIHAD_PARK,36081147900,42.0,ETIHAD_PARK,future,Etihad Park
ETIHAD_PARK,36081148300,43.0,ETIHAD_PARK,future,Etihad Park
ETIHAD_PARK,36081150701,45.0,ETIHAD_PARK,future,Etihad Park
ETIHAD_PARK,36081071600,82.0,ETIHAD_PARK,future,Etihad Park
ETIHAD_PARK,36081069702,44.0,ETIHAD_PARK,future,Etihad Park
ETIHAD_PARK,36081070700,42.0,ETIHAD_PARK,future,Etihad Park
ETIHAD_PARK,36081071100,36.0,ETIHAD_PARK,future,Etihad Park
ETIHAD_PARK,36081072900,43.0,ETIHAD_PARK,future,Etihad Park
ETIHAD_PARK,36081073900,32.0,ETIHAD_PARK,future,Etihad Park
ETIHAD_PARK,36081074300,38.0,ETIHAD_PARK,future,Etihad Park
ETIHAD_PARK,36081074500,33.0,ETIHAD_PARK,future,Etihad Park
ETIHAD_PARK,36081076902,35.0,ETIHAD_PARK,future,Etihad Park
ETIHAD_PARK,36081073100,45.0,ETIHAD_PARK,future,Etihad Park
ETIHAD_PARK,36081073700,34.0,ETIHAD_PARK,future,Etihad Park
ETIHAD_PARK,36081077300,39.0,ETIHAD_PARK,future,Etihad Park
ETIHAD_PARK,36081077500,41.0,ETIHAD_PARK,future,Etihad Park
ETIHAD_PARK,36081077902,41.0,ETIHAD_PARK,future,Etihad Park
ETIHAD_PARK,36081077903,43.0,ETIHAD_PARK,future,Etihad Park
ETIHAD_PARK,36081077905,45.0,ETIHAD_PARK,future,Etihad Park
ETIHAD_PARK,36081078800,64.0,ETIHAD_PARK,future,Etihad Park
ETIHAD_PARK,36081079200,61.0,ETIHAD_PARK,future,Etihad Park
ETIHAD_PARK,36081079300,40.0,ETIHAD_PARK,future,Etihad Park
ETIHAD_PARK,36081079900,27.0,ETIHAD_PARK,future,Etihad Park
ETIHAD_PARK,36081150702,52.0,ETIHAD_PARK,future,Etihad Park
ETIHAD_PARK,36081152901,70.0,ETIHAD_PARK,future,Etihad Park
ETIHAD_PARK,36081152902,69.0,ETIHAD_PARK,future,Etihad Park
ETIHAD_PARK,36081155101,96.0,ETIHAD_PARK,future,Etihad Park
ETIHAD_PARK,36081156700,71.0,ETIHAD_PARK,future,Etihad Park
ETIHAD_PARK,36081157101,77.0,ETIHAD_PARK,future,Etihad Park
ETIHAD_PARK,36081157901,85.0,ETIHAD_PARK,future,Etihad Park
ETIHAD_PARK,36081157902,82.0,ETIHAD_PARK,future,Etihad Park
ETIHAD_PARK,36081157903,74.0,ETIHAD_PARK,future,Etihad Park
ETIHAD_PARK,36081161700,69.0,ETIHAD_PARK,future,Etihad Park
ETIHAD_PARK,36081162100,67.0,ETIHAD_PARK,future,Etihad Park
ETIHAD_PARK,36081037900,22.0,ETIHAD_PARK,future,Etihad Park
ETIHAD_PARK,36081048200,57.0,ETIHAD_PARK,future,Etihad Park
ETIHAD_PARK,36081048400,62.0,ETIHAD_PARK,future,Etihad Park
ETIHAD_PARK,36081037501,17.0,ETIHAD_PARK,future,Etihad Park
ETIHAD_PARK,36081040901,17.0,ETIHAD_PARK,future,Etihad Park
ETIHAD_PARK,36081120701,35.0,ETIHAD_PARK,future,Etihad Park
ETIHAD_PARK,36081066301,43.0,ETIHAD_PARK,future,Etihad Park
ETIHAD_PARK,36081088902,25.0,ETIHAD_PARK,future,Etihad Park
ETIHAD_PARK,36081088903,32.0,ETIHAD_PARK,future,Etihad Park
ETIHAD_PARK,36081040502,15.0,ETIHAD_PARK,future,Etihad Park
ETIHAD_PARK,36081040501,15.0,ETIHAD_PARK,future,Etihad Park
ETIHAD_PARK,36081040301,17.0,ETIHAD_PARK,future,Etihad Park
ETIHAD_PARK,36081039901,15.0,ETIHAD_PARK,future,Etihad Park
ETIHAD_PARK,36081040101,15.0,ETIHAD_PARK,future,Etihad Park
ETIHAD_PARK,36081134701,47.0,ETIHAD_PARK,future,Etihad Park
ETIHAD_PARK,36081134702,54.0,ETIHAD_PARK,future,Etihad Park
ETIHAD_PARK,36081028801,59.0,ETIHAD_PARK,future,Etihad Park
ETIHAD_PARK,36081084902,19.0,ETIHAD_PARK,future,Etihad Park
ETIHAD_PARK,36081066302,50.0,ETIHAD_PARK,future,Etihad Park
ETIHAD_PARK,36081122703,43.0,ETIHAD_PARK,future,Etihad Park
ETIHAD_PARK,36081122704,44.0,ETIHAD_PARK,future,Etihad Park
ETIHAD_PARK,36081021602,40.0,ETIHAD_PARK,future,Etihad Park
ETIHAD_PARK,36081027102,18.0,ETIHAD_PARK,future,Etihad Park
ETIHAD_PARK,36081046902,17.0,ETIHAD_PARK,future,Etihad Park
ETIHAD_PARK,36081046901,23.0,ETIHAD_PARK,future,Etihad Park
ETIHAD_PARK,36081119300,30.0,ETIHAD_PARK,future,Etihad Park
ETIHAD_PARK,36081119900,33.0,ETIHAD_PARK,future,Etihad Park
ETIHAD_PARK,36081120500,31.0,ETIHAD_PARK,future,Etihad Park
ETIHAD_PARK,36081121500,42.0,ETIHAD_PARK,future,Etihad Park
ETIHAD_PARK,36081122300,45.0,ETIHAD_PARK,future,Etihad Park
ETIHAD_PARK,36081119500,34.0,ETIHAD_PARK,future,Etihad Park
ETIHAD_PARK,36081122702,42.0,ETIHAD_PARK,future,Etihad Park
ETIHAD_PARK,36081124100,48.0,ETIHAD_PARK,future,Etihad Park
ETIHAD_PARK,36081125700,49.0,ETIHAD_PARK,future,Etihad Park
ETIHAD_PARK,36081126500,47.0,ETIHAD_PARK,future,Etihad Park
ETIHAD_PARK,36081126700,53.0,ETIHAD_PARK,future,Etihad Park
ETIHAD_PARK,36081128300,56.0,ETIHAD_PARK,future,Etihad Park
ETIHAD_PARK,36081130100,63.0,ETIHAD_PARK,future,Etihad Park
ETIHAD_PARK,36081056600,57.0,ETIHAD_PARK,future,Etihad Park
ETIHAD_PARK,36081115100,34.0,ETIHAD_PARK,future,Etihad Park
ETIHAD_PARK,36081120300,36.0,ETIHAD_PARK,future,Etihad Park
ETIHAD_PARK,36081066100,49.0,ETIHAD_PARK,future,Etihad Park
ETIHAD_PARK,36081079000,59.0,ETIHAD_PARK,future,Etihad Park
ETIHAD_PARK,36081103300,44.0,ETIHAD_PARK,future,Etihad Park
ETIHAD_PARK,36081133300,51.0,ETIHAD_PARK,future,Etihad Park
ETIHAD_PARK,36081134100,48.0,ETIHAD_PARK,future,Etihad Park
ETIHAD_PARK,36081136700,54.0,ETIHAD_PARK,future,Etihad Park
ETIHAD_PARK,36081101002,99.0,ETIHAD_PARK,future,Etihad Park
ETIHAD_PARK,36081101700,53.0,ETIHAD_PARK,future,Etihad Park
ETIHAD_PARK,36081115500,31.0,ETIHAD_PARK,future,Etihad Park
ETIHAD_PARK,36081093900,44.0,ETIHAD_PARK,future,Etihad Park
ETIHAD_PARK,36081001903,35.0,ETIHAD_PARK,future,Etihad Park
ETIHAD_PARK,36081053901,60.0,ETIHAD_PARK,future,Etihad Park
ETIHAD_PARK,36081117100,28.0,ETIHAD_PARK,future,Etihad Park
ETIHAD_PARK,36081116100,23.0,ETIHAD_PARK,future,Etihad Park
ETIHAD_PARK,36081116700,24.0,ETIHAD_PARK,future,Etihad Park
ETIHAD_PARK,36081117500,29.0,ETIHAD_PARK,future,Etihad Park
ETIHAD_PARK,36081118100,30.0,ETIHAD_PARK,future,Etihad Park
ETIHAD_PARK,36081119100,33.0,ETIHAD_PARK,future,Etihad Park
ETIHAD_PARK,36081017102,38.0,ETIHAD_PARK,future,Etihad Park
ETIHAD_PARK,36081017101,33.0,ETIHAD_PARK,future,Etihad Park
ETIHAD_PARK,36081027701,18.0,ETIHAD_PARK,future,Etihad Park
ETIHAD_PARK,36081003301,30.0,ETIHAD_PARK,future,Etihad Park
ETIHAD_PARK,36081000101,41.0,ETIHAD_PARK,future,Etihad Park
ETIHAD_PARK,36081021601,37.0,ETIHAD_PARK,future,Etihad Park
ETIHAD_PARK,36085015100,102.0,ETIHAD_PARK,future,Etihad Park
ETIHAD_PARK,36085016901,95.0,ETIHAD_PARK,future,Etihad Park
ETIHAD_PARK,36059980100,78.0,ETIHAD_PARK,future,Etihad Park
ETIHAD_PARK,36059990200,,ETIHAD_PARK,future,Etihad Park
ETIHAD_PARK,36085014700,97.0,ETIHAD_PARK,future,Etihad Park
ETIHAD_PARK,36085020100,109.0,ETIHAD_PARK,future,Etihad Park
ETIHAD_PARK,36085031902,110.0,ETIHAD_PARK,future,Etihad Park
ETIHAD_PARK,36085000300,109.0,ETIHAD_PARK,future,Etihad Park
ETIHAD_PARK,36085000600,96.0,ETIHAD_PARK,future,Etihad Park
ETIHAD_PARK,36085000800,87.0,ETIHAD_PARK,future,Etihad Park
ETIHAD_PARK,36085001100,105.0,ETIHAD_PARK,future,Etihad Park
ETIHAD_PARK,36085001700,101.0,ETIHAD_PARK,future,Etihad Park
ETIHAD_PARK,36085002002,83.0,ETIHAD_PARK,future,Etihad Park
ETIHAD_PARK,36085002100,109.0,ETIHAD_PARK,future,Etihad Park
ETIHAD_PARK,36085002900,96.0,ETIHAD_PARK,future,Etihad Park
ETIHAD_PARK,36085003300,104.0,ETIHAD_PARK,future,Etihad Park
ETIHAD_PARK,36085017300,95.0,ETIHAD_PARK,future,Etihad Park
ETIHAD_PARK,36061023400,66.0,ETIHAD_PARK,future,Etihad Park
ETIHAD_PARK,36061023501,65.0,ETIHAD_PARK,future,Etihad Park
ETIHAD_PARK,36061023502,65.0,ETIHAD_PARK,future,Etihad Park
ETIHAD_PARK,36061023600,70.0,ETIHAD_PARK,future,Etihad Park
ETIHAD_PARK,36061023700,72.0,ETIHAD_PARK,future,Etihad Park
ETIHAD_PARK,36061023900,67.0,ETIHAD_PARK,future,Etihad Park
ETIHAD_PARK,36061024000,67.0,ETIHAD_PARK,future,Etihad Park
ETIHAD_PARK,36061024301,69.0,ETIHAD_PARK,future,Etihad Park
ETIHAD_PARK,36061024302,66.0,ETIHAD_PARK,future,Etihad Park
ETIHAD_PARK,36061024500,68.0,ETIHAD_PARK,future,Etihad Park
ETIHAD_PARK,36061024900,68.0,ETIHAD_PARK,future,Etihad Park
ETIHAD_PARK,36061025500,84.0,ETIHAD_PARK,future,Etihad Park
ETIHAD_PARK,36061026300,72.0,ETIHAD_PARK,future,Etihad Park
ETIHAD_PARK,36061026500,73.0,ETIHAD_PARK,future,Etihad Park
ETIHAD_PARK,36061026700,73.0,ETIHAD_PARK,future,Etihad Park
ETIHAD_PARK,36061026900,70.0,ETIHAD_PARK,future,Etihad Park
ETIHAD_PARK,36061027500,91.0,ETIHAD_PARK,future,Etihad Park
ETIHAD_PARK,36061027700,70.0,ETIHAD_PARK,future,Etihad Park
ETIHAD_PARK,36061027900,70.0,ETIHAD_PARK,future,Etihad Park
ETIHAD_PARK,36061028500,73.0,ETIHAD_PARK,future,Etihad Park
ETIHAD_PARK,36061028700,90.0,ETIHAD_PARK,future,Etihad Park
ETIHAD_PARK,36061008601,57.0,ETIHAD_PARK,future,Etihad Park
ETIHAD_PARK,36061029100,76.0,ETIHAD_PARK,future,Etihad Park
ETIHAD_PARK,36061029300,73.0,ETIHAD_PARK,future,Etihad Park
ETIHAD_PARK,36061029500,80.0,ETIHAD_PARK,future,Etihad Park
ETIHAD_PARK,36061029700,90.0,ETIHAD_PARK,future,Etihad Park
ETIHAD_PARK,36061030300,76.0,ETIHAD_PARK,future,Etihad Park
ETIHAD_PARK,36061016300,56.0,ETIHAD_PARK,future,Etihad Park
ETIHAD_PARK,36061029900,73.0,ETIHAD_PARK,future,Etihad Park
ETIHAD_PARK,36085003900,107.0,ETIHAD_PARK,future,Etihad Park
ETIHAD_PARK,36085004700,103.0,ETIHAD_PARK,future,Etihad Park
ETIHAD_PARK,36085005000,89.0,ETIHAD_PARK,future,Etihad Park
ETIHAD_PARK,36085006400,88.0,ETIHAD_PARK,future,Etihad Park
ETIHAD_PARK,36085007500,105.0,ETIHAD_PARK,future,Etihad Park
ETIHAD_PARK,36085008100,113.0,ETIHAD_PARK,future,Etihad Park
ETIHAD_PARK,36085009601,91.0,ETIHAD_PARK,future,Etihad Park
ETIHAD_PARK,36061010602,45.0,ETIHAD_PARK,future,Etihad Park
ETIHAD_PARK,36061010900,45.0,ETIHAD_PARK,future,Etihad Park
ETIHAD_PARK,36061011000,39.0,ETIHAD_PARK,future,Etihad Park
ETIHAD_PARK,36061011202,40.0,ETIHAD_PARK,future,Etihad Park
ETIHAD_PARK,36061011203,38.0,ETIHAD_PARK,future,Etihad Park
ETIHAD_PARK,36061031100,73.0,ETIHAD_PARK,future,Etihad Park
ETIHAD_PARK,36061003700,60.0,ETIHAD_PARK,future,Etihad Park
ETIHAD_PARK,36061005200,49.0,ETIHAD_PARK,future,Etihad Park
ETIHAD_PARK,36061010100,44.0,ETIHAD_PARK,future,Etihad Park
ETIHAD_PARK,36061014700,51.0,ETIHAD_PARK,future,Etihad Park
ETIHAD_PARK,36061015001,48.0,ETIHAD_PARK,future,Etihad Park
ETIHAD_PARK,36085018901,96.0,ETIHAD_PARK,future,Etihad Park
ETIHAD_PARK,36085019700,101.0,ETIHAD_PARK,future,Etihad Park
ETIHAD_PARK,36085022300,112.0,ETIHAD_PARK,future,Etihad Park
ETIHAD_PARK,36085023100,106.0,ETIHAD_PARK,future,Etihad Park
ETIHAD_PARK,36085023900,98.0,ETIHAD_PARK,future,Etihad Park
ETIHAD_PARK,36061015002,50.0,ETIHAD_PARK,future,Etihad Park
ETIHAD_PARK,36061015200,60.0,ETIHAD_PARK,future,Etihad Park
ETIHAD_PARK,36061019100,61.0,ETIHAD_PARK,future,Etihad Park
ETIHAD_PARK,36061022301,67.0,ETIHAD_PARK,future,Etihad Park
ETIHAD_PARK,36061031900,62.0,ETIHAD_PARK,future,Etihad Park
ETIHAD_PARK,36085012100,104.0,ETIHAD_PARK,future,Etihad Park
ETIHAD_PARK,36085012500,102.0,ETIHAD_PARK,future,Etihad Park
ETIHAD_PARK,36085013302,107.0,ETIHAD_PARK,future,Etihad Park
ETIHAD_PARK,36085007700,109.0,ETIHAD_PARK,future,Etihad Park
ETIHAD_PARK,36085002700,93.0,ETIHAD_PARK,future,Etihad Park
ETIHAD_PARK,36085003600,89.0,ETIHAD_PARK,future,Etihad Park
ETIHAD_PARK,36085018701,90.0,ETIHAD_PARK,future,Etihad Park
ETIHAD_PARK,36085000900,106.0,ETIHAD_PARK,future,Etihad Park
ETIHAD_PARK,36085030302,107.0,ETIHAD_PARK,future,Etihad Park
ETIHAD_PARK,36085024700,102.0,ETIHAD_PARK,future,Etihad Park
ETIHAD_PARK,36061019900,63.0,ETIHAD_PARK,future,Etihad Park
ETIHAD_PARK,36085006700,116.0,ETIHAD_PARK,future,Etihad Park
ETIHAD_PARK,36061009700,51.0,ETIHAD_PARK,future,Etihad Park
ETIHAD_PARK,36061001502,62.0,ETIHAD_PARK,future,Etihad Park
ETIHAD_PARK,36061013900,45.0,ETIHAD_PARK,future,Etihad Park
ETIHAD_PARK,36061008300,50.0,ETIHAD_PARK,future,Etihad Park
ETIHAD_PARK,36061024700,74.0,ETIHAD_PARK,future,Etihad Park
ETIHAD_PARK,36061003602,52.0,ETIHAD_PARK,future,Etihad Park
ETIHAD_PARK,36061005502,50.0,ETIHAD_PARK,future,Etihad Park
ETIHAD_PARK,36061019800,56.0,ETIHAD_PARK,future,Etihad Park
ETIHAD_PARK,36061018700,60.0,ETIHAD_PARK,future,Etihad Park
ETIHAD_PARK,36061016500,52.0,ETIHAD_PARK,future,Etihad Park
ETIHAD_PARK,36061012500,40.0,ETIHAD_PARK,future,Etihad Park
ETIHAD_PARK,36061023300,71.0,ETIHAD_PARK,future,Etihad Park
ETIHAD_PARK,36061020800,60.0,ETIHAD_PARK,future,Etihad Park
ETIHAD_PARK,36085027302,110.0,ETIHAD_PARK,future,Etihad Park
ETIHAD_PARK,36085029104,90.0,ETIHAD_PARK,future,Etihad Park
ETIHAD_PARK,36085018902,97.0,ETIHAD_PARK,future,Etihad Park
ETIHAD_PARK,36085021300,102.0,ETIHAD_PARK,future,Etihad Park
ETIHAD_PARK,36085010500,107.0,ETIHAD_PARK,future,Etihad Park
ETIHAD_PARK,36085000700,119.0,ETIHAD_PARK,future,Etihad Park
ETIHAD_PARK,36085002001,86.0,ETIHAD_PARK,future,Etihad Park
ETIHAD_PARK,36061011600,48.0,ETIHAD_PARK,future,Etihad Park
ETIHAD_PARK,36061016002,51.0,ETIHAD_PARK,future,Etihad Park
ETIHAD_PARK,36061030700,77.0,ETIHAD_PARK,future,Etihad Park
ETIHAD_PARK,36061004800,53.0,ETIHAD_PARK,future,Etihad Park
ETIHAD_PARK,36061023200,66.0,ETIHAD_PARK,future,Etihad Park
ETIHAD_PARK,36061009100,45.0,ETIHAD_PARK,future,Etihad Park
ETIHAD_PARK,36061006600,51.0,ETIHAD_PARK,future,Etihad Park
ETIHAD_PARK,36061001001,72.0,ETIHAD_PARK,future,Etihad Park
ETIHAD_PARK,36061007700,50.0,ETIHAD_PARK,future,Etihad Park
ETIHAD_PARK,36061011201,40.0,ETIHAD_PARK,future,Etihad Park
ETIHAD_PARK,36061017401,54.0,ETIHAD_PARK,future,Etihad Park
ETIHAD_PARK,36061015602,48.0,ETIHAD_PARK,future,Etihad Park
ETIHAD_PARK,36061018000,55.0,ETIHAD_PARK,future,Etihad Park
ETIHAD_PARK,36061008000,40.0,ETIHAD_PARK,future,Etihad Park
ETIHAD_PARK,36061020101,59.0,ETIHAD_PARK,future,Etihad Park
ETIHAD_PARK,36061022200,59.0,ETIHAD_PARK,future,Etihad Park
ETIHAD_PARK,36061013800,49.0,ETIHAD_PARK,future,Etihad Park
ETIHAD_PARK,36061007400,45.0,ETIHAD_PARK,future,Etihad Park
ETIHAD_PARK,36061003200,57.0,ETIHAD_PARK,future,Etihad Park
ETIHAD_PARK,36061026100,72.0,ETIHAD_PARK,future,Etihad Park
ETIHAD_PARK,36061022500,66.0,ETIHAD_PARK,future,Etihad Park
ETIHAD_PARK,36061004100,55.0,ETIHAD_PARK,future,Etihad Park
ETIHAD_PARK,36061002100,53.0,ETIHAD_PARK,future,Etihad Park
ETIHAD_PARK,36061001402,56.0,ETIHAD_PARK,future,Etihad Park
ETIHAD_PARK,36061028100,77.0,ETIHAD_PARK,future,Etihad Park
ETIHAD_PARK,36061024100,71.0,ETIHAD_PARK,future,Etihad Park
ETIHAD_PARK,36061017200,50.0,ETIHAD_PARK,future,Etihad Park
ETIHAD_PARK,36061011300,41.0,ETIHAD_PARK,future,Etihad Park
ETIHAD_PARK,36061019000,56.0,ETIHAD_PARK,future,Etihad Park
ETIHAD_PARK,36061009500,47.0,ETIHAD_PARK,future,Etihad Park
ETIHAD_PARK,36061027300,74.0,ETIHAD_PARK,future,Etihad Park
ETIHAD_PARK,36061010601,45.0,ETIHAD_PARK,future,Etihad Park
ETIHAD_PARK,36061005900,51.0,ETIHAD_PARK,future,Etihad Park
ETIHAD_PARK,36061014602,46.0,ETIHAD_PARK,future,Etihad Park
ETIHAD_PARK,36061006300,51.0,ETIHAD_PARK,future,Etihad Park
ETIHAD_PARK,36061025100,64.0,ETIHAD_PARK,future,Etihad Park
ETIHAD_PARK,36061017900,57.0,ETIHAD_PARK,future,Etihad Park
ETIHAD_PARK,36061011800,42.0,ETIHAD_PARK,future,Etihad Park
ETIHAD_PARK,36061003400,55.0,ETIHAD_PARK,future,Etihad Park
ETIHAD_PARK,36061020500,74.0,ETIHAD_PARK,future,Etihad Park
ETIHAD_PARK,36061018900,55.0,ETIHAD_PARK,future,Etihad Park
ETIHAD_PARK,36061003002,55.0,ETIHAD_PARK,future,Etihad Park
ETIHAD_PARK,36061013100,38.0,ETIHAD_PARK,future,Etihad Park
ETIHAD_PARK,36061008200,43.0,ETIHAD_PARK,future,Etihad Park
ETIHAD_PARK,36061020701,62.0,ETIHAD_PARK,future,Etihad Park
ETIHAD_PARK,36061008900,51.0,ETIHAD_PARK,future,Etihad Park
ETIHAD_PARK,36061002500,61.0,ETIHAD_PARK,future,Etihad Park
ETIHAD_PARK,36061011100,48.0,ETIHAD_PARK,future,Etihad Park
ETIHAD_PARK,36061005000,50.0,ETIHAD_PARK,future,Etihad Park
ETIHAD_PARK,36061000800,62.0,ETIHAD_PARK,future,Etihad Park
ETIHAD_PARK,36061015802,47.0,ETIHAD_PARK,future,Etihad Park
ETIHAD_PARK,36061014200,49.0,ETIHAD_PARK,future,Etihad Park
ETIHAD_PARK,36061007200,45.0,ETIHAD_PARK,future,Etihad Park
ETIHAD_PARK,36061021500,59.0,ETIHAD_PARK,future,Etihad Park
ETIHAD_PARK,36061025900,62.0,ETIHAD_PARK,future,Etihad Park
ETIHAD_PARK,36061031703,63.0,ETIHAD_PARK,future,Etihad Park
ETIHAD_PARK,36085013301,105.0,ETIHAD_PARK,future,Etihad Park
ETIHAD_PARK,36061012200,42.0,ETIHAD_PARK,future,Etihad Park
ETIHAD_PARK,36061014402,53.0,ETIHAD_PARK,future,Etihad Park
ETIHAD_PARK,36061015601,48.0,ETIHAD_PARK,future,Etihad Park
ETIHAD_PARK,36061021600,56.0,ETIHAD_PARK,future,Etihad Park
ETIHAD_PARK,36061022000,60.0,ETIHAD_PARK,future,Etihad Park
ETIHAD_PARK,36061025300,67.0,ETIHAD_PARK,future,Etihad Park
ETIHAD_PARK,36061027100,71.0,ETIHAD_PARK,future,Etihad Park
ETIHAD_PARK,36061028300,74.0,ETIHAD_PARK,future,Etihad Park
ETIHAD_PARK,36061000100,,ETIHAD_PARK,future,Etihad Park
ETIHAD_PARK,36061000201,65.0,ETIHAD_PARK,future,Etihad Park
ETIHAD_PARK,36061000202,70.0,ETIHAD_PARK,future,Etihad Park
ETIHAD_PARK,36061000500,,ETIHAD_PARK,future,Etihad Park
ETIHAD_PARK,36061000600,60.0,ETIHAD_PARK,future,Etihad Park
ETIHAD_PARK,36061000700,64.0,ETIHAD_PARK,future,Etihad Park
ETIHAD_PARK,36061000900,67.0,ETIHAD_PARK,future,Etihad Park
ETIHAD_PARK,36061001002,71.0,ETIHAD_PARK,future,Etihad Park
ETIHAD_PARK,36061001200,60.0,ETIHAD_PARK,future,Etihad Park
ETIHAD_PARK,36061001300,57.0,ETIHAD_PARK,future,Etihad Park
ETIHAD_PARK,36061001401,59.0,ETIHAD_PARK,future,Etihad Park
ETIHAD_PARK,36005006500,60.0,ETIHAD_PARK,future,Etihad Park
ETIHAD_PARK,36005020200,67.0,ETIHAD_PARK,future,Etihad Park
ETIHAD_PARK,36005015700,73.0,ETIHAD_PARK,future,Etihad Park
ETIHAD_PARK,36005005200,72.0,ETIHAD_PARK,future,Etihad Park
ETIHAD_PARK,36047012600,86.0,ETIHAD_PARK,future,Etihad Park
ETIHAD_PARK,36047027100,70.0,ETIHAD_PARK,future,Etihad Park
ETIHAD_PARK,36047046000,83.0,ETIHAD_PARK,future,Etihad Park
ETIHAD_PARK,36047105804,92.0,ETIHAD_PARK,future,Etihad Park
ETIHAD_PARK,36005043503,102.0,ETIHAD_PARK,future,Etihad Park
ETIHAD_PARK,36005043501,87.0,ETIHAD_PARK,future,Etihad Park
ETIHAD_PARK,36005033602,79.0,ETIHAD_PARK,future,Etihad Park
ETIHAD_PARK,36005033601,79.0,ETIHAD_PARK,future,Etihad Park
ETIHAD_PARK,36085022802,,ETIHAD_PARK,future,Etihad Park
ETIHAD_PARK,36005033802,78.0,ETIHAD_PARK,future,Etihad Park
ETIHAD_PARK,36005033801,78.0,ETIHAD_PARK,future,Etihad Park
ETIHAD_PARK,36005043502,83.0,ETIHAD_PARK,future,Etihad Park
ETIHAD_PARK,36047051601,85.0,ETIHAD_PARK,future,Etihad Park
ETIHAD_PARK,36081059502,54.0,ETIHAD_PARK,future,Etihad Park
ETIHAD_PARK,36081059501,56.0,ETIHAD_PARK,future,Etihad Park
ETIHAD_PARK,36081084901,20.0,ETIHAD_PARK,future,Etihad Park
ETIHAD_PARK,36081048302,26.0,ETIHAD_PARK,future,Etihad Park
ETIHAD_PARK,36081066403,87.0,ETIHAD_PARK,future,Etihad Park
ETIHAD_PARK,36081019903,44.0,ETIHAD_PARK,future,Etihad Park
ETIHAD_PARK,36081089201,75.0,ETIHAD_PARK,future,Etihad Park
ETIHAD_PARK,36081053902,59.0,ETIHAD_PARK,future,Etihad Park
ETIHAD_PARK,36047069601,100.0,ETIHAD_PARK,future,Etihad Park
ETIHAD_PARK,36047069602,110.0,ETIHAD_PARK,future,Etihad Park
ETIHAD_PARK,36047079801,73.0,ETIHAD_PARK,future,Etihad Park
ETIHAD_PARK,36047079802,75.0,ETIHAD_PARK,future,Etihad Park
ETIHAD_PARK,36047105801,93.0,ETIHAD_PARK,future,Etihad Park
ETIHAD_PARK,36047990100,,ETIHAD_PARK,future,Etihad Park
ETIHAD_PARK,36119007200,,ETIHAD_PARK,future,Etihad Park
ETIHAD_PARK,36119007600,,ETIHAD_PARK,future,Etihad Park
ETIHAD_PARK,36119005500,115.0,ETIHAD_PARK,future,Etihad Park
ETIHAD_PARK,36119005702,,ETIHAD_PARK,future,Etihad Park
ETIHAD_PARK,36119005902,,ETIHAD_PARK,future,Etihad Park
ETIHAD_PARK,36119006100,,ETIHAD_PARK,future,Etihad Park
ETIHAD_PARK,36047079202,85.0,ETIHAD_PARK,future,Etihad Park
ETIHAD_PARK,36047079001,88.0,ETIHAD_PARK,future,Etihad Park
ETIHAD_PARK,36047079002,89.0,ETIHAD_PARK,future,Etihad Park
ETIHAD_PARK,36047003101,63.0,ETIHAD_PARK,future,Etihad Park
ETIHAD_PARK,36047078801,89.0,ETIHAD_PARK,future,Etihad Park
ETIHAD_PARK,36047078601,88.0,ETIHAD_PARK,future,Etihad Park
ETIHAD_PARK,36047078602,90.0,ETIHAD_PARK,future,Etihad Park
ETIHAD_PARK,36047014102,73.0,ETIHAD_PARK,future,Etihad Park
ETIHAD_PARK,36047014101,71.0,ETIHAD_PARK,future,Etihad Park
ETIHAD_PARK,36047014901,71.0,ETIHAD_PARK,future,Etihad Park
ETIHAD_PARK,36047014902,74.0,ETIHAD_PARK,future,Etihad Park
ETIHAD_PARK,36047102801,93.0,ETIHAD_PARK,future,Etihad Park
ETIHAD_PARK,36047078802,89.0,ETIHAD_PARK,future,Etihad Park
ETIHAD_PARK,36047005301,94.0,ETIHAD_PARK,future,Etihad Park
ETIHAD_PARK,36047005302,113.0,ETIHAD_PARK,future,Etihad Park
ETIHAD_PARK,36047009402,84.0,ETIHAD_PARK,future,Etihad Park
ETIHAD_PARK,36047009202,82.0,ETIHAD_PARK,future,Etihad Park
ETIHAD_PARK,36047009201,85.0,ETIHAD_PARK,future,Etihad Park
ETIHAD_PARK,36047009002,78.0,ETIHAD_PARK,future,Etihad Park
ETIHAD_PARK,36047044902,64.0,ETIHAD_PARK,future,Etihad Park
ETIHAD_PARK,36047079201,84.0,ETIHAD_PARK,future,Etihad Park
ETIHAD_PARK,36047001501,66.0,ETIHAD_PARK,future,Etihad Park
ETIHAD_PARK,36047044901,56.0,ETIHAD_PARK,future,Etihad Park
ETIHAD_PARK,36047049301,54.0,ETIHAD_PARK,future,Etihad Park
ETIHAD_PARK,36047049302,56.0,ETIHAD_PARK,future,Etihad Park
ETIHAD_PARK,36047035301,77.0,ETIHAD_PARK,future,Etihad Park
ETIHAD_PARK,36047035302,77.0,ETIHAD_PARK,future,Etihad Park
ETIHAD_PARK,36047035101,78.0,ETIHAD_PARK,future,Etihad Park
ETIHAD_PARK,36047035102,77.0,ETIHAD_PARK,future,Etihad Park
ETIHAD_PARK,36047034901,78.0,ETIHAD_PARK,future,Etihad Park
ETIHAD_PARK,36047034902,78.0,ETIHAD_PARK,future,Etihad Park
ETIHAD_PARK,36047056302,48.0,ETIHAD_PARK,future,Etihad Park
ETIHAD_PARK,36047056301,44.0,ETIHAD_PARK,future,Etihad Park
ETIHAD_PARK,36047120802,75.0,ETIHAD_PARK,future,Etihad Park
ETIHAD_PARK,36047103402,101.0,ETIHAD_PARK,future,Etihad Park
ETIHAD_PARK,36047103401,94.0,ETIHAD_PARK,future,Etihad Park
ETIHAD_PARK,36047003102,63.0,ETIHAD_PARK,future,Etihad Park
ETIHAD_PARK,36047050001,75.0,ETIHAD_PARK,future,Etihad Park
ETIHAD_PARK,36047001802,89.0,ETIHAD_PARK,future,Etihad Park
ETIHAD_PARK,36047001801,80.0,ETIHAD_PARK,future,Etihad Park
ETIHAD_PARK,36047001804,101.0,ETIHAD_PARK,future,Etihad Park
ETIHAD_PARK,36047058902,57.0,ETIHAD_PARK,future,Etihad Park
ETIHAD_PARK,36047010601,88.0,ETIHAD_PARK,future,Etihad Park
ETIHAD_PARK,36047053102,51.0,ETIHAD_PARK,future,Etihad Park
ETIHAD_PARK,36047050402,78.0,ETIHAD_PARK,future,Etihad Park
ETIHAD_PARK,36047009001,81.0,ETIHAD_PARK,future,Etihad Park
ETIHAD_PARK,36047005303,80.0,ETIHAD_PARK,future,Etihad Park
ETIHAD_PARK,36047102802,103.0,ETIHAD_PARK,future,Etihad Park
ETIHAD_PARK,36047107003,96.0,ETIHAD_PARK,future,Etihad Park
ETIHAD_PARK,36047011902,63.0,ETIHAD_PARK,future,Etihad Park
ETIHAD_PARK,36047001502,61.0,ETIHAD_PARK,future,Etihad Park
ETIHAD_PARK,36047011901,71.0,ETIHAD_PARK,future,Etihad Park
ETIHAD_PARK,36047001803,104.0,ETIHAD_PARK,future,Etihad Park
ETIHAD_PARK,36047035702,79.0,ETIHAD_PARK,future,Etihad Park
ETIHAD_PARK,36047107001,89.0,ETIHAD_PARK,future,Etihad Park
ETIHAD_PARK,36047050401,74.0,ETIHAD_PARK,future,Etihad Park
ETIHAD_PARK,36047057902,52.0,ETIHAD_PARK,future,Etihad Park
ETIHAD_PARK,36047010401,86.0,ETIHAD_PARK,future,Etihad Park
ETIHAD_PARK,36047009401,85.0,ETIHAD_PARK,future,Etihad Park
ETIHAD_PARK,36047120803,75.0,ETIHAD_PARK,future,Etihad Park
ETIHAD_PARK,36047057901,43.0,ETIHAD_PARK,future,Etihad Park
ETIHAD_PARK,36047050002,77.0,ETIHAD_PARK,future,Etihad Park
ETIHAD_PARK,36047035701,81.0,ETIHAD_PARK,future,Etihad Park
ETIHAD_PARK,36047010402,86.0,ETIHAD_PARK,future,Etihad Park
ETIHAD_PARK,36047010801,89.0,ETIHAD_PARK,future,Etihad Park
ETIHAD_PARK,36047010602,89.0,ETIHAD_PARK,future,Etihad Park
ETIHAD_PARK,36047010802,88.0,ETIHAD_PARK,future,Etihad Park
ETIHAD_PARK,36047058901,52.0,ETIHAD_PARK,future,Etihad Park
ETIHAD_PARK,36047120801,75.0,ETIHAD_PARK,future,Etihad Park
ETIHAD_PARK,36047107002,106.0,ETIHAD_PARK,future,Etihad Park
ETIHAD_PARK,36047053101,53.0,ETIHAD_PARK,future,Etihad Park
ETIHAD_PARK,36005022703,68.0,ETIHAD_PARK,future,Etihad Park
ETIHAD_PARK,36005022901,71.0,ETIHAD_PARK,future,Etihad Park
ETIHAD_PARK,36005023000,74.0,ETIHAD_PARK,future,Etihad Park
ETIHAD_PARK,36005023200,74.0,ETIHAD_PARK,future,Etihad Park
ETIHAD_PARK,36005023302,72.0,ETIHAD_PARK,future,Etihad Park
ETIHAD_PARK,36005023502,72.0,ETIHAD_PARK,future,Etihad Park
ETIHAD_PARK,36005023600,70.0,ETIHAD_PARK,future,Etihad Park
ETIHAD_PARK,36005023900,69.0,ETIHAD_PARK,future,Etihad Park
ETIHAD_PARK,36005024000,67.0,ETIHAD_PARK,future,Etihad Park
ETIHAD_PARK,36005024300,72.0,ETIHAD_PARK,future,Etihad Park
ETIHAD_PARK,36005024600,79.0,ETIHAD_PARK,future,Etihad Park
ETIHAD_PARK,36005024700,82.0,ETIHAD_PARK,future,Etihad Park
ETIHAD_PARK,36005024800,77.0,ETIHAD_PARK,future,Etihad Park
ETIHAD_PARK,36005024900,76.0,ETIHAD_PARK,future,Etihad Park
ETIHAD_PARK,36005025000,79.0,ETIHAD_PARK,future,Etihad Park
ETIHAD_PARK,36005025300,71.0,ETIHAD_PARK,future,Etihad Park
ETIHAD_PARK,36005025400,77.0,ETIHAD_PARK,future,Etihad Park
ETIHAD_PARK,36005025500,78.0,ETIHAD_PARK,future,Etihad Park
ETIHAD_PARK,36005025600,76.0,ETIHAD_PARK,future,Etihad Park
ETIHAD_PARK,36005025700,80.0,ETIHAD_PARK,future,Etihad Park
ETIHAD_PARK,36005026100,80.0,ETIHAD_PARK,future,Etihad Park
ETIHAD_PARK,36005026400,73.0,ETIHAD_PARK,future,Etihad Park
ETIHAD_PARK,36005026500,73.0,ETIHAD_PARK,future,Etihad Park
ETIHAD_PARK,36005026601,69.0,ETIHAD_PARK,future,Etihad Park
ETIHAD_PARK,36005026602,69.0,ETIHAD_PARK,future,Etihad Park
ETIHAD_PARK,36005026900,80.0,ETIHAD_PARK,future,Etihad Park
ETIHAD_PARK,36005027300,82.0,ETIHAD_PARK,future,Etihad Park
ETIHAD_PARK,36005027600,81.0,ETIHAD_PARK,future,Etihad Park
ETIHAD_PARK,36005027700,79.0,ETIHAD_PARK,future,Etihad Park
ETIHAD_PARK,36005027900,82.0,ETIHAD_PARK,future,Etihad Park
ETIHAD_PARK,36005028300,79.0,ETIHAD_PARK,future,Etihad Park
ETIHAD_PARK,36005028400,80.0,ETIHAD_PARK,future,Etihad Park
ETIHAD_PARK,36005028500,79.0,ETIHAD_PARK,future,Etihad Park
ETIHAD_PARK,36005028900,78.0,ETIHAD_PARK,future,Etihad Park
ETIHAD_PARK,36005029500,86.0,ETIHAD_PARK,future,Etihad Park
ETIHAD_PARK,36005029600,80.0,ETIHAD_PARK,future,Etihad Park
ETIHAD_PARK,36005030000,72.0,ETIHAD_PARK,future,Etihad Park
ETIHAD_PARK,36005030100,97.0,ETIHAD_PARK,future,Etihad Park
ETIHAD_PARK,36005030701,94.0,ETIHAD_PARK,future,Etihad Park
ETIHAD_PARK,36005031000,86.0,ETIHAD_PARK,future,Etihad Park
ETIHAD_PARK,36005031800,82.0,ETIHAD_PARK,future,Etihad Park
ETIHAD_PARK,36005032300,107.0,ETIHAD_PARK,future,Etihad Park
ETIHAD_PARK,36005032400,85.0,ETIHAD_PARK,future,Etihad Park
ETIHAD_PARK,36005033400,84.0,ETIHAD_PARK,future,Etihad Park
ETIHAD_PARK,36005034000,82.0,ETIHAD_PARK,future,Etihad Park
ETIHAD_PARK,36005034200,84.0,ETIHAD_PARK,future,Etihad Park
ETIHAD_PARK,36005034400,87.0,ETIHAD_PARK,future,Etihad Park
ETIHAD_PARK,36005037800,81.0,ETIHAD_PARK,future,Etihad Park
ETIHAD_PARK,36005037900,77.0,ETIHAD_PARK,future,Etihad Park
ETIHAD_PARK,36005038000,83.0,ETIHAD_PARK,future,Etihad Park
ETIHAD_PARK,36005038100,74.0,ETIHAD_PARK,future,Etihad Park
ETIHAD_PARK,36005038500,81.0,ETIHAD_PARK,future,Etihad Park
ETIHAD_PARK,36005038600,91.0,ETIHAD_PARK,future,Etihad Park
ETIHAD_PARK,36005038700,80.0,ETIHAD_PARK,future,Etihad Park
ETIHAD_PARK,36005038900,81.0,ETIHAD_PARK,future,Etihad Park
ETIHAD_PARK,36005039100,80.0,ETIHAD_PARK,future,Etihad Park
ETIHAD_PARK,36005039200,82.0,ETIHAD_PARK,future,Etihad Park
ETIHAD_PARK,36005039300,76.0,ETIHAD_PARK,future,Etihad Park
ETIHAD_PARK,36005039400,84.0,ETIHAD_PARK,future,Etihad Park
ETIHAD_PARK,36005039700,81.0,ETIHAD_PARK,future,Etihad Park
ETIHAD_PARK,36005039902,75.0,ETIHAD_PARK,future,Etihad Park
ETIHAD_PARK,36005040100,73.0,ETIHAD_PARK,future,Etihad Park
ETIHAD_PARK,36005040600,84.0,ETIHAD_PARK,future,Etihad Park
ETIHAD_PARK,36005040701,74.0,ETIHAD_PARK,future,Etihad Park
ETIHAD_PARK,36005040702,81.0,ETIHAD_PARK,future,Etihad Park
ETIHAD_PARK,36005035000,84.0,ETIHAD_PARK,future,Etihad Park
ETIHAD_PARK,36081018300,28.0,ETIHAD_PARK,future,Etihad Park
ETIHAD_PARK,36081070900,40.0,ETIHAD_PARK,future,Etihad Park
ETIHAD_PARK,36081006900,48.0,ETIHAD_PARK,future,Etihad Park
ETIHAD_PARK,36081015900,33.0,ETIHAD_PARK,future,Etihad Park
ETIHAD_PARK,36081011600,58.0,ETIHAD_PARK,future,Etihad Park
ETIHAD_PARK,36081055100,60.0,ETIHAD_PARK,future,Etihad Park
ETIHAD_PARK,36081048100,24.0,ETIHAD_PARK,future,Etihad Park
ETIHAD_PARK,36081046100,26.0,ETIHAD_PARK,future,Etihad Park
ETIHAD_PARK,36081058500,59.0,ETIHAD_PARK,future,Etihad Park
ETIHAD_PARK,36081023600,42.0,ETIHAD_PARK,future,Etihad Park
ETIHAD_PARK,36081074700,42.0,ETIHAD_PARK,future,Etihad Park
ETIHAD_PARK,36081012100,49.0,ETIHAD_PARK,future,Etihad Park
ETIHAD_PARK,36081014400,50.0,ETIHAD_PARK,future,Etihad Park
ETIHAD_PARK,36081032700,30.0,ETIHAD_PARK,future,Etihad Park
ETIHAD_PARK,36081053800,68.0,ETIHAD_PARK,future,Etihad Park
ETIHAD_PARK,36081050600,61.0,ETIHAD_PARK,future,Etihad Park
ETIHAD_PARK,36081061000,70.0,ETIHAD_PARK,future,Etihad Park
ETIHAD_PARK,36081129102,65.0,ETIHAD_PARK,future,Etihad Park
ETIHAD_PARK,36081027500,21.0,ETIHAD_PARK,future,Etihad Park
ETIHAD_PARK,36081026100,23.0,ETIHAD_PARK,future,Etihad Park
ETIHAD_PARK,36081002000,55.0,ETIHAD_PARK,future,Etihad Park
ETIHAD_PARK,36081120100,32.0,ETIHAD_PARK,future,Etihad Park
ETIHAD_PARK,36081107201,84.0,ETIHAD_PARK,future,Etihad Park
ETIHAD_PARK,36081058700,58.0,ETIHAD_PARK,future,Etihad Park
ETIHAD_PARK,36081010100,53.0,ETIHAD_PARK,future,Etihad Park
ETIHAD_PARK,36081056200,65.0,ETIHAD_PARK,future,Etihad Park
ETIHAD_PARK,36081024600,48.0,ETIHAD_PARK,future,Etihad Park
ETIHAD_PARK,36081016400,62.0,ETIHAD_PARK,future,Etihad Park
ETIHAD_PARK,36081020200,52.0,ETIHAD_PARK,future,Etihad Park
ETIHAD_PARK,36081050202,60.0,ETIHAD_PARK,future,Etihad Park
ETIHAD_PARK,36081059600,75.0,ETIHAD_PARK,future,Etihad Park
ETIHAD_PARK,36081063000,76.0,ETIHAD_PARK,future,Etihad Park
ETIHAD_PARK,36081022002,44.0,ETIHAD_PARK,future,Etihad Park
ETIHAD_PARK,36081085500,21.0,ETIHAD_PARK,future,Etihad Park
ETIHAD_PARK,36081011100,53.0,ETIHAD_PARK,future,Etihad Park
ETIHAD_PARK,36081067900,41.0,ETIHAD_PARK,future,Etihad Park
ETIHAD_PARK,36081012000,52.0,ETIHAD_PARK,future,Etihad Park
ETIHAD_PARK,36081005700,37.0,ETIHAD_PARK,future,Etihad Park
ETIHAD_PARK,36081033700,33.0,ETIHAD_PARK,future,Etihad Park
ETIHAD_PARK,36119002600,96.0,ETIHAD_PARK,future,Etihad Park
ETIHAD_PARK,36081085700,23.0,ETIHAD_PARK,future,Etihad Park
ETIHAD_PARK,36081062300,60.0,ETIHAD_PARK,future,Etihad Park
ETIHAD_PARK,36081045900,29.0,ETIHAD_PARK,future,Etihad Park
ETIHAD_PARK,36081111300,41.0,ETIHAD_PARK,future,Etihad Park
ETIHAD_PARK,36081140300,48.0,ETIHAD_PARK,future,Etihad Park
ETIHAD_PARK,36081005200,64.0,ETIHAD_PARK,future,Etihad Park
ETIHAD_PARK,36081019800,51.0,ETIHAD_PARK,future,Etihad Park
ETIHAD_PARK,36081071900,37.0,ETIHAD_PARK,future,Etihad Park
ETIHAD_PARK,36081026400,59.0,ETIHAD_PARK,future,Etihad Park
ETIHAD_PARK,36081014100,44.0,ETIHAD_PARK,future,Etihad Park
ETIHAD_PARK,36081001400,55.0,ETIHAD_PARK,future,Etihad Park
ETIHAD_PARK,36081052600,67.0,ETIHAD_PARK,future,Etihad Park
ETIHAD_PARK,36081009700,52.0,ETIHAD_PARK,future,Etihad Park
ETIHAD_PARK,36081115900,29.0,ETIHAD_PARK,future,Etihad Park
ETIHAD_PARK,36119005800,,ETIHAD_PARK,future,Etihad Park
ETIHAD_PARK,36081026700,21.0,ETIHAD_PARK,future,Etihad Park
ETIHAD_PARK,36081010400,59.0,ETIHAD_PARK,future,Etihad Park
ETIHAD_PARK,36081012601,51.0,ETIHAD_PARK,future,Etihad Park
ETIHAD_PARK,36081036100,31.0,ETIHAD_PARK,future,Etihad Park
ETIHAD_PARK,36081040000,67.0,ETIHAD_PARK,future,Etihad Park
ETIHAD_PARK,36081045200,53.0,ETIHAD_PARK,future,Etihad Park
ETIHAD_PARK,36081048000,59.0,ETIHAD_PARK,future,Etihad Park
ETIHAD_PARK,36081051200,70.0,ETIHAD_PARK,future,Etihad Park
ETIHAD_PARK,36081053200,70.0,ETIHAD_PARK,future,Etihad Park
ETIHAD_PARK,36081059000,71.0,ETIHAD_PARK,future,Etihad Park
ETIHAD_PARK,36081060300,54.0,ETIHAD_PARK,future,Etihad Park
ETIHAD_PARK,36081063200,75.0,ETIHAD_PARK,future,Etihad Park
ETIHAD_PARK,36081066701,47.0,ETIHAD_PARK,future,Etihad Park
ETIHAD_PARK,36081070300,45.0,ETIHAD_PARK,future,Etihad Park
ETIHAD_PARK,36081076901,33.0,ETIHAD_PARK,future,Etihad Park
ETIHAD_PARK,36081085300,18.0,ETIHAD_PARK,future,Etihad Park
ETIHAD_PARK,36081041300,20.0,ETIHAD_PARK,future,Etihad Park
ETIHAD_PARK,36081065501,52.0,ETIHAD_PARK,future,Etihad Park
ETIHAD_PARK,36081077904,46.0,ETIHAD_PARK,future,Etihad Park
ETIHAD_PARK,36081114700,33.0,ETIHAD_PARK,future,Etihad Park
ETIHAD_PARK,36081001600,58.0,ETIHAD_PARK,future,Etihad Park
ETIHAD_PARK,36081014201,44.0,ETIHAD_PARK,future,Etihad Park
ETIHAD_PARK,36081113300,34.0,ETIHAD_PARK,future,Etihad Park
ETIHAD_PARK,36081115700,28.0,ETIHAD_PARK,future,Etihad Park
ETIHAD_PARK,36081118500,28.0,ETIHAD_PARK,future,Etihad Park
ETIHAD_PARK,36081118700,26.0,ETIHAD_PARK,future,Etihad Park
ETIHAD_PARK,36081121100,40.0,ETIHAD_PARK,future,Etihad Park
ETIHAD_PARK,36081137700,57.0,ETIHAD_PARK,future,Etihad Park
ETIHAD_PARK,36081145900,36.0,ETIHAD_PARK,future,Etihad Park
ETIHAD_PARK,36081157102,72.0,ETIHAD_PARK,future,Etihad Park
ETIHAD_PARK,36081000400,63.0,ETIHAD_PARK,future,Etihad Park
ETIHAD_PARK,36081000600,65.0,ETIHAD_PARK,future,Etihad Park
ETIHAD_PARK,36081000800,62.0,ETIHAD_PARK,future,Etihad Park
ETIHAD_PARK,36081001000,59.0,ETIHAD_PARK,future,Etihad Park
ETIHAD_PARK,36081001200,59.0,ETIHAD_PARK,future,Etihad Park
ETIHAD_PARK,36081001800,56.0,ETIHAD_PARK,future,Etihad Park
ETIHAD_PARK,36081002200,54.0,ETIHAD_PARK,future,Etihad Park
ETIHAD_PARK,36081002400,52.0,ETIHAD_PARK,future,Etihad Park
ETIHAD_PARK,36081002500,33.0,ETIHAD_PARK,future,Etihad Park
ETIHAD_PARK,36081002600,50.0,ETIHAD_PARK,future,Etihad Park
ETIHAD_PARK,36081002800,57.0,ETIHAD_PARK,future,Etihad Park
ETIHAD_PARK,36081003000,56.0,ETIHAD_PARK,future,Etihad Park
ETIHAD_PARK,36081003100,35.0,ETIHAD_PARK,future,Etihad Park
ETIHAD_PARK,36081003200,58.0,ETIHAD_PARK,future,Etihad Park
ETIHAD_PARK,36081056400,61.0,ETIHAD_PARK,future,Etihad Park
ETIHAD_PARK,36081052000,69.0,ETIHAD_PARK,future,Etihad Park
ETIHAD_PARK,36081027600,57.0,ETIHAD_PARK,future,Etihad Park
ETIHAD_PARK,36081046000,49.0,ETIHAD_PARK,future,Etihad Park
ETIHAD_PARK,36081010800,54.0,ETIHAD_PARK,future,Etihad Park
ETIHAD_PARK,36081092500,35.0,ETIHAD_PARK,future,Etihad Park
ETIHAD_PARK,36081066900,46.0,ETIHAD_PARK,future,Etihad Park
ETIHAD_PARK,36081023200,48.0,ETIHAD_PARK,future,Etihad Park
ETIHAD_PARK,36081085900,26.0,ETIHAD_PARK,future,Etihad Park
ETIHAD_PARK,36081005100,36.0,ETIHAD_PARK,future,Etihad Park
ETIHAD_PARK,36081124700,53.0,ETIHAD_PARK,future,Etihad Park
ETIHAD_PARK,36081015300,31.0,ETIHAD_PARK,future,Etihad Park
ETIHAD_PARK,36081015100,35.0,ETIHAD_PARK,future,Etihad Park
ETIHAD_PARK,36081011400,60.0,ETIHAD_PARK,future,Etihad Park
ETIHAD_PARK,36081042600,67.0,ETIHAD_PARK,future,Etihad Park
ETIHAD_PARK,36081038400,72.0,ETIHAD_PARK,future,Etihad Park
ETIHAD_PARK,36081061601,82.0,ETIHAD_PARK,future,Etihad Park
ETIHAD_PARK,36081005500,35.0,ETIHAD_PARK,future,Etihad Park
ETIHAD_PARK,36081028300,21.0,ETIHAD_PARK,future,Etihad Park
ETIHAD_PARK,36081054900,63.0,ETIHAD_PARK,future,Etihad Park
ETIHAD_PARK,36081024700,26.0,ETIHAD_PARK,future,Etihad Park
ETIHAD_PARK,36081016100,30.0,ETIHAD_PARK,future,Etihad Park
ETIHAD_PARK,36081017800,62.0,ETIHAD_PARK,future,Etihad Park
ETIHAD_PARK,36081004002,61.0,ETIHAD_PARK,future,Etihad Park
ETIHAD_PARK,36081052500,49.0,ETIHAD_PARK,future,Etihad Park
ETIHAD_PARK,36081045700,32.0,ETIHAD_PARK,future,Etihad Park
ETIHAD_PARK,36081062500,62.0,ETIHAD_PARK,future,Etihad Park
ETIHAD_PARK,36081012800,47.0,ETIHAD_PARK,future,Etihad Park
ETIHAD_PARK,36081000200,62.0,ETIHAD_PARK,future,Etihad Park
ETIHAD_PARK,36081005900,37.0,ETIHAD_PARK,future,Etihad Park
ETIHAD_PARK,36081014300,44.0,ETIHAD_PARK,future,Etihad Park
ETIHAD_PARK,36081056000,62.0,ETIHAD_PARK,future,Etihad Park
ETIHAD_PARK,36081058300,61.0,ETIHAD_PARK,future,Etihad Park
ETIHAD_PARK,36081072100,39.0,ETIHAD_PARK,future,Etihad Park
ETIHAD_PARK,36081007300,49.0,ETIHAD_PARK,future,Etihad Park
ETIHAD_PARK,36081004401,67.0,ETIHAD_PARK,future,Etihad Park
ETIHAD_PARK,36081033401,69.0,ETIHAD_PARK,future,Etihad Park
ETIHAD_PARK,36081061200,73.0,ETIHAD_PARK,future,Etihad Park
ETIHAD_PARK,36081028500,24.0,ETIHAD_PARK,future,Etihad Park
ETIHAD_PARK,36081133900,55.0,ETIHAD_PARK,future,Etihad Park
ETIHAD_PARK,36081023800,41.0,ETIHAD_PARK,future,Etihad Park
ETIHAD_PARK,36081074100,36.0,ETIHAD_PARK,future,Etihad Park
ETIHAD_PARK,36081118900,29.0,ETIHAD_PARK,future,Etihad Park
ETIHAD_PARK,36081013000,45.0,ETIHAD_PARK,future,Etihad Park
ETIHAD_PARK,36081099701,66.0,ETIHAD_PARK,future,Etihad Park
ETIHAD_PARK,36081011900,47.0,ETIHAD_PARK,future,Etihad Park
ETIHAD_PARK,36081035100,30.0,ETIHAD_PARK,future,Etihad Park
ETIHAD_PARK,36081050400,59.0,ETIHAD_PARK,future,Etihad Park
ETIHAD_PARK,36081043200,60.0,ETIHAD_PARK,future,Etihad Park
ETIHAD_PARK,36081055600,61.0,ETIHAD_PARK,future,Etihad Park
ETIHAD_PARK,36081025900,27.0,ETIHAD_PARK,future,Etihad Park
ETIHAD_PARK,36081091900,33.0,ETIHAD_PARK,future,Etihad Park
ETIHAD_PARK,36081036300,28.0,ETIHAD_PARK,future,Etihad Park
ETIHAD_PARK,36081037700,24.0,ETIHAD_PARK,future,Etihad Park
ETIHAD_PARK,36081068300,32.0,ETIHAD_PARK,future,Etihad Park
ETIHAD_PARK,36119002800,102.0,ETIHAD_PARK,future,Etihad Park
ETIHAD_PARK,36119007000,,ETIHAD_PARK,future,Etihad Park
ETIHAD_PARK,36119002700,105.0,ETIHAD_PARK,future,Etihad Park
ETIHAD_PARK,36119005600,,ETIHAD_PARK,future,Etihad Park
ETIHAD_PARK,36061025700,59.0,ETIHAD_PARK,future,Etihad Park
ETIHAD_PARK,36061024200,56.0,ETIHAD_PARK,future,Etihad Park
ETIHAD_PARK,36061008603,43.0,ETIHAD_PARK,future,Etihad Park
ETIHAD_PARK,36047000502,63.0,ETIHAD_PARK,future,Etihad Park
ETIHAD_PARK,36047050803,75.0,ETIHAD_PARK,future,Etihad Park
ETIHAD_PARK,36047050804,76.0,ETIHAD_PARK,future,Etihad Park
ETIHAD_PARK,36047051002,79.0,ETIHAD_PARK,future,Etihad Park
ETIHAD_PARK,36047065200,101.0,ETIHAD_PARK,future,Etihad Park
ETIHAD_PARK,36047068800,110.0,ETIHAD_PARK,future,Etihad Park
ETIHAD_PARK,36047069200,103.0,ETIHAD_PARK,future,Etihad Park
ETIHAD_PARK,36047069800,111.0,ETIHAD_PARK,future,Etihad Park
ETIHAD_PARK,36047065800,105.0,ETIHAD_PARK,future,Etihad Park
ETIHAD_PARK,36047066000,104.0,ETIHAD_PARK,future,Etihad Park
ETIHAD_PARK,36047066200,104.0,ETIHAD_PARK,future,Etihad Park
ETIHAD_PARK,36047066600,,ETIHAD_PARK,future,Etihad Park
ETIHAD_PARK,36047067200,102.0,ETIHAD_PARK,future,Etihad Park
ETIHAD_PARK,36047067400,102.0,ETIHAD_PARK,future,Etihad Park
ETIHAD_PARK,36047067600,98.0,ETIHAD_PARK,future,Etihad Park
ETIHAD_PARK,36047068000,103.0,ETIHAD_PARK,future,Etihad Park
ETIHAD_PARK,36047068200,105.0,ETIHAD_PARK,future,Etihad Park
ETIHAD_PARK,36047070000,113.0,ETIHAD_PARK,future,Etihad Park
ETIHAD_PARK,36047070201,,ETIHAD_PARK,future,Etihad Park
ETIHAD_PARK,36047070202,,ETIHAD_PARK,future,Etihad Park
ETIHAD_PARK,36047070203,,ETIHAD_PARK,future,Etihad Park
ETIHAD_PARK,36047072000,97.0,ETIHAD_PARK,future,Etihad Park
ETIHAD_PARK,36047072200,98.0,ETIHAD_PARK,future,Etihad Park
ETIHAD_PARK,36047072400,97.0,ETIHAD_PARK,future,Etihad Park
ETIHAD_PARK,36047072600,98.0,ETIHAD_PARK,future,Etihad Park
ETIHAD_PARK,36047073200,101.0,ETIHAD_PARK,future,Etihad Park
ETIHAD_PARK,36047022000,82.0,ETIHAD_PARK,future,Etihad Park
ETIHAD_PARK,36047022400,83.0,ETIHAD_PARK,future,Etihad Park
ETIHAD_PARK,36047022600,81.0,ETIHAD_PARK,future,Etihad Park
ETIHAD_PARK,36047022700,62.0,ETIHAD_PARK,future,Etihad Park
ETIHAD_PARK,36047022800,79.0,ETIHAD_PARK,future,Etihad Park
ETIHAD_PARK,36047023000,81.0,ETIHAD_PARK,future,Etihad Park
ETIHAD_PARK,36047023100,57.0,ETIHAD_PARK,future,Etihad Park
ETIHAD_PARK,36047023300,55.0,ETIHAD_PARK,future,Etihad Park
ETIHAD_PARK,36047023400,88.0,ETIHAD_PARK,future,Etihad Park
ETIHAD_PARK,36047023500,59.0,ETIHAD_PARK,future,Etihad Park
ETIHAD_PARK,36047023600,89.0,ETIHAD_PARK,future,Etihad Park
ETIHAD_PARK,36047022100,71.0,ETIHAD_PARK,future,Etihad Park
ETIHAD_PARK,36047024000,88.0,ETIHAD_PARK,future,Etihad Park
ETIHAD_PARK,36047024200,90.0,ETIHAD_PARK,future,Etihad Park
ETIHAD_PARK,36047024400,89.0,ETIHAD_PARK,future,Etihad Park
ETIHAD_PARK,36047024500,63.0,ETIHAD_PARK,future,Etihad Park
ETIHAD_PARK,36047024600,88.0,ETIHAD_PARK,future,Etihad Park
ETIHAD_PARK,36047024800,89.0,ETIHAD_PARK,future,Etihad Park
ETIHAD_PARK,36047024900,64.0,ETIHAD_PARK,future,Etihad Park
ETIHAD_PARK,36047025000,87.0,ETIHAD_PARK,future,Etihad Park
ETIHAD_PARK,36047025100,57.0,ETIHAD_PARK,future,Etihad Park
ETIHAD_PARK,36047025200,89.0,ETIHAD_PARK,future,Etihad Park
ETIHAD_PARK,36047025300,53.0,ETIHAD_PARK,future,Etihad Park
ETIHAD_PARK,36047025600,90.0,ETIHAD_PARK,future,Etihad Park
ETIHAD_PARK,36047025700,53.0,ETIHAD_PARK,future,Etihad Park
ETIHAD_PARK,36047025901,52.0,ETIHAD_PARK,future,Etihad Park
ETIHAD_PARK,36047026000,91.0,ETIHAD_PARK,future,Etihad Park
ETIHAD_PARK,36047035500,80.0,ETIHAD_PARK,future,Etihad Park
ETIHAD_PARK,36047035900,80.0,ETIHAD_PARK,future,Etihad Park
ETIHAD_PARK,36047073400,98.0,ETIHAD_PARK,future,Etihad Park
ETIHAD_PARK,36047075600,95.0,ETIHAD_PARK,future,Etihad Park
ETIHAD_PARK,36047073600,97.0,ETIHAD_PARK,future,Etihad Park
ETIHAD_PARK,36047074000,94.0,ETIHAD_PARK,future,Etihad Park
ETIHAD_PARK,36047074400,95.0,ETIHAD_PARK,future,Etihad Park
ETIHAD_PARK,36047074600,97.0,ETIHAD_PARK,future,Etihad Park
ETIHAD_PARK,36047074800,93.0,ETIHAD_PARK,future,Etihad Park
ETIHAD_PARK,36047075800,91.0,ETIHAD_PARK,future,Etihad Park
ETIHAD_PARK,36047076000,90.0,ETIHAD_PARK,future,Etihad Park
ETIHAD_PARK,36047076200,84.0,ETIHAD_PARK,future,Etihad Park
ETIHAD_PARK,36047076600,87.0,ETIHAD_PARK,future,Etihad Park
ETIHAD_PARK,36047077000,90.0,ETIHAD_PARK,future,Etihad Park
ETIHAD_PARK,36047095800,87.0,ETIHAD_PARK,future,Etihad Park
ETIHAD_PARK,36047096000,90.0,ETIHAD_PARK,future,Etihad Park
ETIHAD_PARK,36047096200,85.0,ETIHAD_PARK,future,Etihad Park
ETIHAD_PARK,36047096400,83.0,ETIHAD_PARK,future,Etihad Park
ETIHAD_PARK,36047096800,78.0,ETIHAD_PARK,future,Etihad Park
ETIHAD_PARK,36047097000,80.0,ETIHAD_PARK,future,Etihad Park
ETIHAD_PARK,36047097400,76.0,ETIHAD_PARK,future,Etihad Park
ETIHAD_PARK,36047098400,81.0,ETIHAD_PARK,future,Etihad Park
ETIHAD_PARK,36047098600,79.0,ETIHAD_PARK,future,Etihad Park
ETIHAD_PARK,36047099000,86.0,ETIHAD_PARK,future,Etihad Park
ETIHAD_PARK,36047099400,92.0,ETIHAD_PARK,future,Etihad Park
ETIHAD_PARK,36047099800,99.0,ETIHAD_PARK,future,Etihad Park
ETIHAD_PARK,36047100400,99.0,ETIHAD_PARK,future,Etihad Park
ETIHAD_PARK,36047100800,93.0,ETIHAD_PARK,future,Etihad Park
ETIHAD_PARK,36047101000,89.0,ETIHAD_PARK,future,Etihad Park
ETIHAD_PARK,36047101200,88.0,ETIHAD_PARK,future,Etihad Park
ETIHAD_PARK,36047101400,85.0,ETIHAD_PARK,future,Etihad Park
ETIHAD_PARK,36047101600,86.0,ETIHAD_PARK,future,Etihad Park
ETIHAD_PARK,36085018100,,ETIHAD_PARK,future,Etihad Park
ETIHAD_PARK,36047026200,88.0,ETIHAD_PARK,future,Etihad Park
ETIHAD_PARK,36047026300,59.0,ETIHAD_PARK,future,Etihad Park
ETIHAD_PARK,36047026400,94.0,ETIHAD_PARK,future,Etihad Park
ETIHAD_PARK,36047026600,95.0,ETIHAD_PARK,future,Etihad Park
ETIHAD_PARK,36047026700,66.0,ETIHAD_PARK,future,Etihad Park
ETIHAD_PARK,36047027000,96.0,ETIHAD_PARK,future,Etihad Park
ETIHAD_PARK,36047027200,98.0,ETIHAD_PARK,future,Etihad Park
ETIHAD_PARK,36047027400,95.0,ETIHAD_PARK,future,Etihad Park
ETIHAD_PARK,36047027500,71.0,ETIHAD_PARK,future,Etihad Park
ETIHAD_PARK,36047027600,92.0,ETIHAD_PARK,future,Etihad Park
ETIHAD_PARK,36047027700,67.0,ETIHAD_PARK,future,Etihad Park
ETIHAD_PARK,36047027800,91.0,ETIHAD_PARK,future,Etihad Park
ETIHAD_PARK,36047028100,61.0,ETIHAD_PARK,future,Etihad Park
ETIHAD_PARK,36047028400,94.0,ETIHAD_PARK,future,Etihad Park
ETIHAD_PARK,36047028502,58.0,ETIHAD_PARK,future,Etihad Park
ETIHAD_PARK,36047028600,95.0,ETIHAD_PARK,future,Etihad Park
ETIHAD_PARK,36047028700,59.0,ETIHAD_PARK,future,Etihad Park
ETIHAD_PARK,36047028800,93.0,ETIHAD_PARK,future,Etihad Park
ETIHAD_PARK,36047029000,95.0,ETIHAD_PARK,future,Etihad Park
ETIHAD_PARK,36047029100,65.0,ETIHAD_PARK,future,Etihad Park
ETIHAD_PARK,36047029200,102.0,ETIHAD_PARK,future,Etihad Park
ETIHAD_PARK,36047029300,69.0,ETIHAD_PARK,future,Etihad Park
ETIHAD_PARK,36047029700,70.0,ETIHAD_PARK,future,Etihad Park
ETIHAD_PARK,36047029800,99.0,ETIHAD_PARK,future,Etihad Park
ETIHAD_PARK,36047029900,73.0,ETIHAD_PARK,future,Etihad Park
ETIHAD_PARK,36047030000,104.0,ETIHAD_PARK,future,Etihad Park
ETIHAD_PARK,36047037100,71.0,ETIHAD_PARK,future,Etihad Park
ETIHAD_PARK,36047037300,73.0,ETIHAD_PARK,future,Etihad Park
ETIHAD_PARK,36047037500,68.0,ETIHAD_PARK,future,Etihad Park
ETIHAD_PARK,36047037700,72.0,ETIHAD_PARK,future,Etihad Park
ETIHAD_PARK,36047037900,73.0,ETIHAD_PARK,future,Etihad Park
ETIHAD_PARK,36047036501,70.0,ETIHAD_PARK,future,Etihad Park
ETIHAD_PARK,36047036502,65.0,ETIHAD_PARK,future,Etihad Park
ETIHAD_PARK,36047036900,70.0,ETIHAD_PARK,future,Etihad Park
ETIHAD_PARK,36047038700,66.0,ETIHAD_PARK,future,Etihad Park
ETIHAD_PARK,36047038900,58.0,ETIHAD_PARK,future,Etihad Park
ETIHAD_PARK,36047039100,60.0,ETIHAD_PARK,future,Etihad Park
ETIHAD_PARK,36047039300,62.0,ETIHAD_PARK,future,Etihad Park
ETIHAD_PARK,36047077200,89.0,ETIHAD_PARK,future,Etihad Park
ETIHAD_PARK,36047077400,89.0,ETIHAD_PARK,future,Etihad Park
ETIHAD_PARK,36047077600,97.0,ETIHAD_PARK,future,Etihad Park
ETIHAD_PARK,36047078200,94.0,ETIHAD_PARK,future,Etihad Park
ETIHAD_PARK,36047007700,66.0,ETIHAD_PARK,future,Etihad Park
ETIHAD_PARK,36047046201,85.0,ETIHAD_PARK,future,Etihad Park
ETIHAD_PARK,36047036700,65.0,ETIHAD_PARK,future,Etihad Park
ETIHAD_PARK,36047003000,86.0,ETIHAD_PARK,future,Etihad Park
ETIHAD_PARK,36047030700,76.0,ETIHAD_PARK,future,Etihad Park
ETIHAD_PARK,36047030100,73.0,ETIHAD_PARK,future,Etihad Park
ETIHAD_PARK,36047031100,71.0,ETIHAD_PARK,future,Etihad Park
ETIHAD_PARK,36047031500,68.0,ETIHAD_PARK,future,Etihad Park
ETIHAD_PARK,36047031701,71.0,ETIHAD_PARK,future,Etihad Park
ETIHAD_PARK,36047031900,74.0,ETIHAD_PARK,future,Etihad Park
ETIHAD_PARK,36047032300,76.0,ETIHAD_PARK,future,Etihad Park
ETIHAD_PARK,36047032700,73.0,ETIHAD_PARK,future,Etihad Park
ETIHAD_PARK,36047033100,80.0,ETIHAD_PARK,future,Etihad Park
ETIHAD_PARK,36047033500,76.0,ETIHAD_PARK,future,Etihad Park
ETIHAD_PARK,36047033900,75.0,ETIHAD_PARK,future,Etihad Park
ETIHAD_PARK,36047034100,74.0,ETIHAD_PARK,future,Etihad Park
ETIHAD_PARK,36047034300,75.0,ETIHAD_PARK,future,Etihad Park
ETIHAD_PARK,36047034500,77.0,ETIHAD_PARK,future,Etihad Park
ETIHAD_PARK,36047040300,69.0,ETIHAD_PARK,future,Etihad Park
ETIHAD_PARK,36047040500,67.0,ETIHAD_PARK,future,Etihad Park
ETIHAD_PARK,36047041100,72.0,ETIHAD_PARK,future,Etihad Park
ETIHAD_PARK,36047041200,88.0,ETIHAD_PARK,future,Etihad Park
ETIHAD_PARK,36047039500,66.0,ETIHAD_PARK,future,Etihad Park
ETIHAD_PARK,36047041300,74.0,ETIHAD_PARK,future,Etihad Park
ETIHAD_PARK,36047039700,71.0,ETIHAD_PARK,future,Etihad Park
ETIHAD_PARK,36047039900,73.0,ETIHAD_PARK,future,Etihad Park
ETIHAD_PARK,36047041401,89.0,ETIHAD_PARK,future,Etihad Park
ETIHAD_PARK,36047041500,74.0,ETIHAD_PARK,future,Etihad Park
ETIHAD_PARK,36047041600,95.0,ETIHAD_PARK,future,Etihad Park
ETIHAD_PARK,36047041800,92.0,ETIHAD_PARK,future,Etihad Park
ETIHAD_PARK,36047041900,67.0,ETIHAD_PARK,future,Etihad Park
ETIHAD_PARK,36047042100,64.0,ETIHAD_PARK,future,Etihad Park
ETIHAD_PARK,36047042300,63.0,ETIHAD_PARK,future,Etihad Park
ETIHAD_PARK,36047042500,61.0,ETIHAD_PARK,future,Etihad Park
ETIHAD_PARK,36047042600,90.0,ETIHAD_PARK,future,Etihad Park
ETIHAD_PARK,36047042700,62.0,ETIHAD_PARK,future,Etihad Park
ETIHAD_PARK,36047042800,93.0,ETIHAD_PARK,future,Etihad Park
ETIHAD_PARK,36047042900,65.0,ETIHAD_PARK,future,Etihad Park
ETIHAD_PARK,36047043000,93.0,ETIHAD_PARK,future,Etihad Park
ETIHAD_PARK,36047043100,63.0,ETIHAD_PARK,future,Etihad Park
ETIHAD_PARK,36047041402,91.0,ETIHAD_PARK,future,Etihad Park
ETIHAD_PARK,36047021200,85.0,ETIHAD_PARK,future,Etihad Park
ETIHAD_PARK,36047019400,89.0,ETIHAD_PARK,future,Etihad Park
ETIHAD_PARK,36047117602,66.0,ETIHAD_PARK,future,Etihad Park
ETIHAD_PARK,36047041700,71.0,ETIHAD_PARK,future,Etihad Park
ETIHAD_PARK,36047089800,82.0,ETIHAD_PARK,future,Etihad Park
ETIHAD_PARK,36047072800,98.0,ETIHAD_PARK,future,Etihad Park
ETIHAD_PARK,36047098800,83.0,ETIHAD_PARK,future,Etihad Park
ETIHAD_PARK,36047058200,95.0,ETIHAD_PARK,future,Etihad Park
ETIHAD_PARK,36047068600,110.0,ETIHAD_PARK,future,Etihad Park
ETIHAD_PARK,36047025400,88.0,ETIHAD_PARK,future,Etihad Park
ETIHAD_PARK,36047032100,75.0,ETIHAD_PARK,future,Etihad Park
ETIHAD_PARK,36047081600,85.0,ETIHAD_PARK,future,Etihad Park
ETIHAD_PARK,36047019500,58.0,ETIHAD_PARK,future,Etihad Park
ETIHAD_PARK,36047044800,88.0,ETIHAD_PARK,future,Etihad Park
ETIHAD_PARK,36047007400,77.0,ETIHAD_PARK,future,Etihad Park
ETIHAD_PARK,36047004600,97.0,ETIHAD_PARK,future,Etihad Park
ETIHAD_PARK,36047043200,89.0,ETIHAD_PARK,future,Etihad Park
ETIHAD_PARK,36047043300,65.0,ETIHAD_PARK,future,Etihad Park
ETIHAD_PARK,36047043400,90.0,ETIHAD_PARK,future,Etihad Park
ETIHAD_PARK,36047043500,70.0,ETIHAD_PARK,future,Etihad Park
ETIHAD_PARK,36047043900,66.0,ETIHAD_PARK,future,Etihad Park
ETIHAD_PARK,36047044000,88.0,ETIHAD_PARK,future,Etihad Park
ETIHAD_PARK,36047044100,66.0,ETIHAD_PARK,future,Etihad Park
ETIHAD_PARK,36047044200,93.0,ETIHAD_PARK,future,Etihad Park
ETIHAD_PARK,36047044300,63.0,ETIHAD_PARK,future,Etihad Park
ETIHAD_PARK,36047044400,90.0,ETIHAD_PARK,future,Etihad Park
ETIHAD_PARK,36047044500,63.0,ETIHAD_PARK,future,Etihad Park
ETIHAD_PARK,36047044600,86.0,ETIHAD_PARK,future,Etihad Park
ETIHAD_PARK,36047045000,83.0,ETIHAD_PARK,future,Etihad Park
ETIHAD_PARK,36047045200,91.0,ETIHAD_PARK,future,Etihad Park
ETIHAD_PARK,36047045300,61.0,ETIHAD_PARK,future,Etihad Park
ETIHAD_PARK,36047045400,89.0,ETIHAD_PARK,future,Etihad Park
ETIHAD_PARK,36047079400,83.0,ETIHAD_PARK,future,Etihad Park
ETIHAD_PARK,36047080400,79.0,ETIHAD_PARK,future,Etihad Park
ETIHAD_PARK,36047080600,82.0,ETIHAD_PARK,future,Etihad Park
ETIHAD_PARK,36047048200,85.0,ETIHAD_PARK,future,Etihad Park
ETIHAD_PARK,36047007800,81.0,ETIHAD_PARK,future,Etihad Park
ETIHAD_PARK,36047028501,56.0,ETIHAD_PARK,future,Etihad Park
ETIHAD_PARK,36047026100,55.0,ETIHAD_PARK,future,Etihad Park
ETIHAD_PARK,36047067800,99.0,ETIHAD_PARK,future,Etihad Park
ETIHAD_PARK,36047075400,92.0,ETIHAD_PARK,future,Etihad Park
ETIHAD_PARK,36047018100,58.0,ETIHAD_PARK,future,Etihad Park
ETIHAD_PARK,36047080200,79.0,ETIHAD_PARK,future,Etihad Park
ETIHAD_PARK,36047083800,94.0,ETIHAD_PARK,future,Etihad Park
ETIHAD_PARK,36047055100,61.0,ETIHAD_PARK,future,Etihad Park
ETIHAD_PARK,36047019300,59.0,ETIHAD_PARK,future,Etihad Park
ETIHAD_PARK,36047086800,89.0,ETIHAD_PARK,future,Etihad Park
ETIHAD_PARK,36047099600,94.0,ETIHAD_PARK,future,Etihad Park
ETIHAD_PARK,36047042000,91.0,ETIHAD_PARK,future,Etihad Park
ETIHAD_PARK,36047020200,94.0,ETIHAD_PARK,future,Etihad Park
ETIHAD_PARK,36047065400,102.0,ETIHAD_PARK,future,Etihad Park
ETIHAD_PARK,36047040400,96.0,ETIHAD_PARK,future,Etihad Park
ETIHAD_PARK,36047004100,60.0,ETIHAD_PARK,future,Etihad Park
ETIHAD_PARK,36047032900,76.0,ETIHAD_PARK,future,Etihad Park
ETIHAD_PARK,36047013900,68.0,ETIHAD_PARK,future,Etihad Park
ETIHAD_PARK,36047002300,63.0,ETIHAD_PARK,future,Etihad Park
ETIHAD_PARK,36047016000,89.0,ETIHAD_PARK,future,Etihad Park
ETIHAD_PARK,36047036300,75.0,ETIHAD_PARK,future,Etihad Park
ETIHAD_PARK,36047092800,84.0,ETIHAD_PARK,future,Etihad Park
ETIHAD_PARK,36047012801,89.0,ETIHAD_PARK,future,Etihad Park
ETIHAD_PARK,36047046800,87.0,ETIHAD_PARK,future,Etihad Park
ETIHAD_PARK,36047047000,92.0,ETIHAD_PARK,future,Etihad Park
ETIHAD_PARK,36047045800,87.0,ETIHAD_PARK,future,Etihad Park
ETIHAD_PARK,36047046202,84.0,ETIHAD_PARK,future,Etihad Park
ETIHAD_PARK,36047046400,83.0,ETIHAD_PARK,future,Etihad Park
ETIHAD_PARK,36047047400,87.0,ETIHAD_PARK,future,Etihad Park
ETIHAD_PARK,36047047600,84.0,ETIHAD_PARK,future,Etihad Park
ETIHAD_PARK,36047047700,54.0,ETIHAD_PARK,future,Etihad Park
ETIHAD_PARK,36047047800,81.0,ETIHAD_PARK,future,Etihad Park
ETIHAD_PARK,36047048000,81.0,ETIHAD_PARK,future,Etihad Park
ETIHAD_PARK,36047048100,54.0,ETIHAD_PARK,future,Etihad Park
ETIHAD_PARK,36047081400,89.0,ETIHAD_PARK,future,Etihad Park
ETIHAD_PARK,36047082000,80.0,ETIHAD_PARK,future,Etihad Park
ETIHAD_PARK,36047082200,81.0,ETIHAD_PARK,future,Etihad Park
ETIHAD_PARK,36047082600,83.0,ETIHAD_PARK,future,Etihad Park
ETIHAD_PARK,36047082800,87.0,ETIHAD_PARK,future,Etihad Park
ETIHAD_PARK,36047083000,88.0,ETIHAD_PARK,future,Etihad Park
ETIHAD_PARK,36047083200,92.0,ETIHAD_PARK,future,Etihad Park
ETIHAD_PARK,36047083400,96.0,ETIHAD_PARK,future,Etihad Park
ETIHAD_PARK,36047057400,102.0,ETIHAD_PARK,future,Etihad Park
ETIHAD_PARK,36047102400,93.0,ETIHAD_PARK,future,Etihad Park
ETIHAD_PARK,36047048400,83.0,ETIHAD_PARK,future,Etihad Park
ETIHAD_PARK,36047024100,56.0,ETIHAD_PARK,future,Etihad Park
ETIHAD_PARK,36047026500,62.0,ETIHAD_PARK,future,Etihad Park
ETIHAD_PARK,36047029500,73.0,ETIHAD_PARK,future,Etihad Park
ETIHAD_PARK,36047015100,68.0,ETIHAD_PARK,future,Etihad Park
ETIHAD_PARK,36047021700,72.0,ETIHAD_PARK,future,Etihad Park
ETIHAD_PARK,36047055800,92.0,ETIHAD_PARK,future,Etihad Park
ETIHAD_PARK,36047007600,79.0,ETIHAD_PARK,future,Etihad Park
ETIHAD_PARK,36047012200,82.0,ETIHAD_PARK,future,Etihad Park
ETIHAD_PARK,36047010200,83.0,ETIHAD_PARK,future,Etihad Park
ETIHAD_PARK,36047040900,70.0,ETIHAD_PARK,future,Etihad Park
ETIHAD_PARK,36047116800,68.0,ETIHAD_PARK,future,Etihad Park
ETIHAD_PARK,36047096600,85.0,ETIHAD_PARK,future,Etihad Park
ETIHAD_PARK,36047005202,98.0,ETIHAD_PARK,future,Etihad Park
ETIHAD_PARK,36047042200,89.0,ETIHAD_PARK,future,Etihad Park
ETIHAD_PARK,36047073800,96.0,ETIHAD_PARK,future,Etihad Park
ETIHAD_PARK,36047054600,93.0,ETIHAD_PARK,future,Etihad Park
ETIHAD_PARK,36047017600,96.0,ETIHAD_PARK,future,Etihad Park
ETIHAD_PARK,36047028200,98.0,ETIHAD_PARK,future,Etihad Park
ETIHAD_PARK,36047031300,70.0,ETIHAD_PARK,future,Etihad Park
ETIHAD_PARK,36047081000,83.0,ETIHAD_PARK,future,Etihad Park
ETIHAD_PARK,36047085800,88.0,ETIHAD_PARK,future,Etihad Park
ETIHAD_PARK,36047013500,73.0,ETIHAD_PARK,future,Etihad Park
ETIHAD_PARK,36047032500,74.0,ETIHAD_PARK,future,Etihad Park
ETIHAD_PARK,36047049400,78.0,ETIHAD_PARK,future,Etihad Park
ETIHAD_PARK,36047048800,78.0,ETIHAD_PARK,future,Etihad Park
ETIHAD_PARK,36047049000,83.0,ETIHAD_PARK,future,Etihad Park
ETIHAD_PARK,36047049200,83.0,ETIHAD_PARK,future,Etihad Park
ETIHAD_PARK,36047049600,74.0,ETIHAD_PARK,future,Etihad Park
ETIHAD_PARK,36047049700,55.0,ETIHAD_PARK,future,Etihad Park
ETIHAD_PARK,36047049800,76.0,ETIHAD_PARK,future,Etihad Park
ETIHAD_PARK,36047049900,48.0,ETIHAD_PARK,future,Etihad Park
ETIHAD_PARK,36047050100,50.0,ETIHAD_PARK,future,Etihad Park
ETIHAD_PARK,36047051300,47.0,ETIHAD_PARK,future,Etihad Park
ETIHAD_PARK,36047040700,73.0,ETIHAD_PARK,future,Etihad Park
ETIHAD_PARK,36047014300,73.0,ETIHAD_PARK,future,Etihad Park
ETIHAD_PARK,36047018400,95.0,ETIHAD_PARK,future,Etihad Park
ETIHAD_PARK,36047029600,94.0,ETIHAD_PARK,future,Etihad Park
ETIHAD_PARK,36047028300,58.0,ETIHAD_PARK,future,Etihad Park
ETIHAD_PARK,36047076400,84.0,ETIHAD_PARK,future,Etihad Park
ETIHAD_PARK,36047015500,72.0,ETIHAD_PARK,future,Etihad Park
ETIHAD_PARK,36047021300,73.0,ETIHAD_PARK,future,Etihad Park
ETIHAD_PARK,36047038100,73.0,ETIHAD_PARK,future,Etihad Park
ETIHAD_PARK,36047114202,74.0,ETIHAD_PARK,future,Etihad Park
ETIHAD_PARK,36047005601,101.0,ETIHAD_PARK,future,Etihad Park
ETIHAD_PARK,36047003600,90.0,ETIHAD_PARK,future,Etihad Park
ETIHAD_PARK,36047008000,78.0,ETIHAD_PARK,future,Etihad Park
ETIHAD_PARK,36047093800,90.0,ETIHAD_PARK,future,Etihad Park
ETIHAD_PARK,36047064800,101.0,ETIHAD_PARK,future,Etihad Park
ETIHAD_PARK,36047025902,56.0,ETIHAD_PARK,future,Etihad Park
ETIHAD_PARK,36047086600,89.0,ETIHAD_PARK,future,Etihad Park
ETIHAD_PARK,36047110600,87.0,ETIHAD_PARK,future,Etihad Park
ETIHAD_PARK,36047117601,67.0,ETIHAD_PARK,future,Etihad Park
ETIHAD_PARK,36047043600,89.0,ETIHAD_PARK,future,Etihad Park
ETIHAD_PARK,36047050202,74.0,ETIHAD_PARK,future,Etihad Park
ETIHAD_PARK,36047050500,53.0,ETIHAD_PARK,future,Etihad Park
ETIHAD_PARK,36047050600,80.0,ETIHAD_PARK,future,Etihad Park
ETIHAD_PARK,36047050700,52.0,ETIHAD_PARK,future,Etihad Park
ETIHAD_PARK,36047051100,49.0,ETIHAD_PARK,future,Etihad Park
ETIHAD_PARK,36047051200,79.0,ETIHAD_PARK,future,Etihad Park
ETIHAD_PARK,36047075000,91.0,ETIHAD_PARK,future,Etihad Park
ETIHAD_PARK,36047018800,93.0,ETIHAD_PARK,future,Etihad Park
ETIHAD_PARK,36047025800,94.0,ETIHAD_PARK,future,Etihad Park
ETIHAD_PARK,36047049500,53.0,ETIHAD_PARK,future,Etihad Park
ETIHAD_PARK,36047088800,84.0,ETIHAD_PARK,future,Etihad Park
ETIHAD_PARK,36047011800,81.0,ETIHAD_PARK,future,Etihad Park
ETIHAD_PARK,36047053200,82.0,ETIHAD_PARK,future,Etihad Park
ETIHAD_PARK,36047022900,59.0,ETIHAD_PARK,future,Etihad Park
ETIHAD_PARK,36047040100,73.0,ETIHAD_PARK,future,Etihad Park
ETIHAD_PARK,36047112000,82.0,ETIHAD_PARK,future,Etihad Park
ETIHAD_PARK,36047005800,94.0,ETIHAD_PARK,future,Etihad Park
ETIHAD_PARK,36047014000,90.0,ETIHAD_PARK,future,Etihad Park
ETIHAD_PARK,36047014800,92.0,ETIHAD_PARK,future,Etihad Park
ETIHAD_PARK,36047064200,97.0,ETIHAD_PARK,future,Etihad Park
ETIHAD_PARK,36047030900,74.0,ETIHAD_PARK,future,Etihad Park
ETIHAD_PARK,36047082400,79.0,ETIHAD_PARK,future,Etihad Park
ETIHAD_PARK,36047021500,71.0,ETIHAD_PARK,future,Etihad Park
ETIHAD_PARK,36047038500,70.0,ETIHAD_PARK,future,Etihad Park
ETIHAD_PARK,36047094402,95.0,ETIHAD_PARK,future,Etihad Park
ETIHAD_PARK,36047024300,57.0,ETIHAD_PARK,future,Etihad Park
ETIHAD_PARK,36047003800,99.0,ETIHAD_PARK,future,Etihad Park
ETIHAD_PARK,36047033300,78.0,ETIHAD_PARK,future,Etihad Park
ETIHAD_PARK,36047003500,58.0,ETIHAD_PARK,future,Etihad Park
ETIHAD_PARK,36047051400,80.0,ETIHAD_PARK,future,Etihad Park
ETIHAD_PARK,36047052600,84.0,ETIHAD_PARK,future,Etihad Park
ETIHAD_PARK,36047051500,49.0,ETIHAD_PARK,future,Etihad Park
ETIHAD_PARK,36047051700,47.0,ETIHAD_PARK,future,Etihad Park
ETIHAD_PARK,36047051800,82.0,ETIHAD_PARK,future,Etihad Park
ETIHAD_PARK,36047051900,51.0,ETIHAD_PARK,future,Etihad Park
ETIHAD_PARK,36047052000,82.0,ETIHAD_PARK,future,Etihad Park
ETIHAD_PARK,36047052300,55.0,ETIHAD_PARK,future,Etihad Park
ETIHAD_PARK,36047052700,51.0,ETIHAD_PARK,future,Etihad Park
ETIHAD_PARK,36047052900,51.0,ETIHAD_PARK,future,Etihad Park
ETIHAD_PARK,36047053000,85.0,ETIHAD_PARK,future,Etihad Park
ETIHAD_PARK,36047053300,55.0,ETIHAD_PARK,future,Etihad Park
ETIHAD_PARK,36047053400,85.0,ETIHAD_PARK,future,Etihad Park
ETIHAD_PARK,36047053500,58.0,ETIHAD_PARK,future,Etihad Park
ETIHAD_PARK,36047067000,104.0,ETIHAD_PARK,future,Etihad Park
ETIHAD_PARK,36047025500,52.0,ETIHAD_PARK,future,Etihad Park
ETIHAD_PARK,36047027900,65.0,ETIHAD_PARK,future,Etihad Park
ETIHAD_PARK,36047005100,72.0,ETIHAD_PARK,future,Etihad Park
ETIHAD_PARK,36047111800,78.0,ETIHAD_PARK,future,Etihad Park
ETIHAD_PARK,36047021600,89.0,ETIHAD_PARK,future,Etihad Park
ETIHAD_PARK,36047020500,68.0,ETIHAD_PARK,future,Etihad Park
ETIHAD_PARK,36047015700,72.0,ETIHAD_PARK,future,Etihad Park
ETIHAD_PARK,36047003300,59.0,ETIHAD_PARK,future,Etihad Park
ETIHAD_PARK,36047040800,92.0,ETIHAD_PARK,future,Etihad Park
ETIHAD_PARK,36047050900,49.0,ETIHAD_PARK,future,Etihad Park
ETIHAD_PARK,36047026900,69.0,ETIHAD_PARK,future,Etihad Park
ETIHAD_PARK,36047045600,87.0,ETIHAD_PARK,future,Etihad Park
ETIHAD_PARK,36047100600,96.0,ETIHAD_PARK,future,Etihad Park
ETIHAD_PARK,36047040600,95.0,ETIHAD_PARK,future,Etihad Park
ETIHAD_PARK,36047084800,91.0,ETIHAD_PARK,future,Etihad Park
ETIHAD_PARK,36047056000,95.0,ETIHAD_PARK,future,Etihad Park
ETIHAD_PARK,36047023200,84.0,ETIHAD_PARK,future,Etihad Park
ETIHAD_PARK,36047091600,80.0,ETIHAD_PARK,future,Etihad Park
ETIHAD_PARK,36047048900,58.0,ETIHAD_PARK,future,Etihad Park
ETIHAD_PARK,36047013300,72.0,ETIHAD_PARK,future,Etihad Park
ETIHAD_PARK,36047054500,63.0,ETIHAD_PARK,future,Etihad Park
ETIHAD_PARK,36047006200,91.0,ETIHAD_PARK,future,Etihad Park
ETIHAD_PARK,36005014701,78.0,ETIHAD_PARK,future,Etihad Park
ETIHAD_PARK,36005017901,67.0,ETIHAD_PARK,future,Etihad Park
ETIHAD_PARK,36005018301,64.0,ETIHAD_PARK,future,Etihad Park
ETIHAD_PARK,36005022102,66.0,ETIHAD_PARK,future,Etihad Park
ETIHAD_PARK,36005023703,73.0,ETIHAD_PARK,future,Etihad Park
ETIHAD_PARK,36005026702,77.0,ETIHAD_PARK,future,Etihad Park
ETIHAD_PARK,36005033201,77.0,ETIHAD_PARK,future,Etihad Park
ETIHAD_PARK,36005040303,75.0,ETIHAD_PARK,future,Etihad Park
ETIHAD_PARK,36005021700,66.0,ETIHAD_PARK,future,Etihad Park
ETIHAD_PARK,36005023702,73.0,ETIHAD_PARK,future,Etihad Park
ETIHAD_PARK,36005040302,75.0,ETIHAD_PARK,future,Etihad Park
ETIHAD_PARK,36005007600,62.0,ETIHAD_PARK,future,Etihad Park
ETIHAD_PARK,36005009000,65.0,ETIHAD_PARK,future,Etihad Park
ETIHAD_PARK,36005015900,66.0,ETIHAD_PARK,future,Etihad Park
ETIHAD_PARK,36005005001,71.0,ETIHAD_PARK,future,Etihad Park
ETIHAD_PARK,36047053700,58.0,ETIHAD_PARK,future,Etihad Park
ETIHAD_PARK,36047054700,63.0,ETIHAD_PARK,future,Etihad Park
ETIHAD_PARK,36047054800,94.0,ETIHAD_PARK,future,Etihad Park
ETIHAD_PARK,36047053900,62.0,ETIHAD_PARK,future,Etihad Park
ETIHAD_PARK,36047054300,75.0,ETIHAD_PARK,future,Etihad Park
ETIHAD_PARK,36047054400,89.0,ETIHAD_PARK,future,Etihad Park
ETIHAD_PARK,36047054900,62.0,ETIHAD_PARK,future,Etihad Park
ETIHAD_PARK,36047055000,91.0,ETIHAD_PARK,future,Etihad Park
ETIHAD_PARK,36047055300,55.0,ETIHAD_PARK,future,Etihad Park
ETIHAD_PARK,36047055400,87.0,ETIHAD_PARK,future,Etihad Park
ETIHAD_PARK,36047055500,58.0,ETIHAD_PARK,future,Etihad Park
ETIHAD_PARK,36047055600,93.0,ETIHAD_PARK,future,Etihad Park
ETIHAD_PARK,36047055700,52.0,ETIHAD_PARK,future,Etihad Park
ETIHAD_PARK,36047056200,96.0,ETIHAD_PARK,future,Etihad Park
ETIHAD_PARK,36047056400,95.0,ETIHAD_PARK,future,Etihad Park
ETIHAD_PARK,36047008200,77.0,ETIHAD_PARK,future,Etihad Park
ETIHAD_PARK,36047028900,64.0,ETIHAD_PARK,future,Etihad Park
ETIHAD_PARK,36047026800,97.0,ETIHAD_PARK,future,Etihad Park
ETIHAD_PARK,36047078400,92.0,ETIHAD_PARK,future,Etihad Park
ETIHAD_PARK,36047057100,45.0,ETIHAD_PARK,future,Etihad Park
ETIHAD_PARK,36047086200,90.0,ETIHAD_PARK,future,Etihad Park
ETIHAD_PARK,36047111000,87.0,ETIHAD_PARK,future,Etihad Park
ETIHAD_PARK,36047004300,62.0,ETIHAD_PARK,future,Etihad Park
ETIHAD_PARK,36047030300,76.0,ETIHAD_PARK,future,Etihad Park
ETIHAD_PARK,36047031702,70.0,ETIHAD_PARK,future,Etihad Park
ETIHAD_PARK,36047036100,79.0,ETIHAD_PARK,future,Etihad Park
ETIHAD_PARK,36047038300,71.0,ETIHAD_PARK,future,Etihad Park
ETIHAD_PARK,36047039400,98.0,ETIHAD_PARK,future,Etihad Park
ETIHAD_PARK,36047042400,89.0,ETIHAD_PARK,future,Etihad Park
ETIHAD_PARK,36047043800,87.0,ETIHAD_PARK,future,Etihad Park
ETIHAD_PARK,36047044700,60.0,ETIHAD_PARK,future,Etihad Park
ETIHAD_PARK,36047047200,88.0,ETIHAD_PARK,future,Etihad Park
ETIHAD_PARK,36047049100,54.0,ETIHAD_PARK,future,Etihad Park
ETIHAD_PARK,36047050300,49.0,ETIHAD_PARK,future,Etihad Park
ETIHAD_PARK,36047055200,86.0,ETIHAD_PARK,future,Etihad Park
ETIHAD_PARK,36047056500,44.0,ETIHAD_PARK,future,Etihad Park
ETIHAD_PARK,36047057500,42.0,ETIHAD_PARK,future,Etihad Park
ETIHAD_PARK,36047057600,100.0,ETIHAD_PARK,future,Etihad Park
ETIHAD_PARK,36047056600,101.0,ETIHAD_PARK,future,Etihad Park
ETIHAD_PARK,36047056800,101.0,ETIHAD_PARK,future,Etihad Park
ETIHAD_PARK,36047056900,44.0,ETIHAD_PARK,future,Etihad Park
ETIHAD_PARK,36047057000,105.0,ETIHAD_PARK,future,Etihad Park
ETIHAD_PARK,36047057300,48.0,ETIHAD_PARK,future,Etihad Park
ETIHAD_PARK,36047057800,96.0,ETIHAD_PARK,future,Etihad Park
ETIHAD_PARK,36047058000,92.0,ETIHAD_PARK,future,Etihad Park
ETIHAD_PARK,36047083600,100.0,ETIHAD_PARK,future,Etihad Park
ETIHAD_PARK,36047084000,91.0,ETIHAD_PARK,future,Etihad Park
ETIHAD_PARK,36047085000,95.0,ETIHAD_PARK,future,Etihad Park
ETIHAD_PARK,36047085200,93.0,ETIHAD_PARK,future,Etihad Park
ETIHAD_PARK,36047085400,90.0,ETIHAD_PARK,future,Etihad Park
ETIHAD_PARK,36047090000,81.0,ETIHAD_PARK,future,Etihad Park
ETIHAD_PARK,36047092000,72.0,ETIHAD_PARK,future,Etihad Park
ETIHAD_PARK,36047090200,76.0,ETIHAD_PARK,future,Etihad Park
ETIHAD_PARK,36047090600,72.0,ETIHAD_PARK,future,Etihad Park
ETIHAD_PARK,36047090800,68.0,ETIHAD_PARK,future,Etihad Park
ETIHAD_PARK,36047091000,71.0,ETIHAD_PARK,future,Etihad Park
ETIHAD_PARK,36047091800,73.0,ETIHAD_PARK,future,Etihad Park
ETIHAD_PARK,36047092200,79.0,ETIHAD_PARK,future,Etihad Park
ETIHAD_PARK,36047093000,87.0,ETIHAD_PARK,future,Etihad Park
ETIHAD_PARK,36047093400,88.0,ETIHAD_PARK,future,Etihad Park
ETIHAD_PARK,36047093600,90.0,ETIHAD_PARK,future,Etihad Park
ETIHAD_PARK,36047063200,104.0,ETIHAD_PARK,future,Etihad Park
ETIHAD_PARK,36047065600,99.0,ETIHAD_PARK,future,Etihad Park
ETIHAD_PARK,36047059100,51.0,ETIHAD_PARK,future,Etihad Park
ETIHAD_PARK,36047069000,107.0,ETIHAD_PARK,future,Etihad Park
ETIHAD_PARK,36047073000,99.0,ETIHAD_PARK,future,Etihad Park
ETIHAD_PARK,36047074200,93.0,ETIHAD_PARK,future,Etihad Park
ETIHAD_PARK,36047078000,95.0,ETIHAD_PARK,future,Etihad Park
ETIHAD_PARK,36047080000,77.0,ETIHAD_PARK,future,Etihad Park
ETIHAD_PARK,36047084600,91.0,ETIHAD_PARK,future,Etihad Park
ETIHAD_PARK,36047087200,91.0,ETIHAD_PARK,future,Etihad Park
ETIHAD_PARK,36047091200,75.0,ETIHAD_PARK,future,Etihad Park
ETIHAD_PARK,36047098200,77.0,ETIHAD_PARK,future,Etihad Park
ETIHAD_PARK,36047099200,90.0,ETIHAD_PARK,future,Etihad Park
ETIHAD_PARK,36047115000,75.0,ETIHAD_PARK,future,Etihad Park
ETIHAD_PARK,36047116200,79.0,ETIHAD_PARK,future,Etihad Park
ETIHAD_PARK,36047119000,68.0,ETIHAD_PARK,future,Etihad Park
ETIHAD_PARK,36047000100,62.0,ETIHAD_PARK,future,Etihad Park
ETIHAD_PARK,36047000200,82.0,ETIHAD_PARK,future,Etihad Park
ETIHAD_PARK,36047000301,66.0,ETIHAD_PARK,future,Etihad Park
ETIHAD_PARK,36047014200,90.0,ETIHAD_PARK,future,Etihad Park
ETIHAD_PARK,36047014500,76.0,ETIHAD_PARK,future,Etihad Park
ETIHAD_PARK,36047014700,80.0,ETIHAD_PARK,future,Etihad Park
ETIHAD_PARK,36047015000,93.0,ETIHAD_PARK,future,Etihad Park
ETIHAD_PARK,36047015300,68.0,ETIHAD_PARK,future,Etihad Park
ETIHAD_PARK,36047015400,98.0,ETIHAD_PARK,future,Etihad Park
ETIHAD_PARK,36047015900,67.0,ETIHAD_PARK,future,Etihad Park
ETIHAD_PARK,36047016100,66.0,ETIHAD_PARK,future,Etihad Park
ETIHAD_PARK,36047016200,94.0,ETIHAD_PARK,future,Etihad Park
ETIHAD_PARK,36047016300,68.0,ETIHAD_PARK,future,Etihad Park
ETIHAD_PARK,36047016400,102.0,ETIHAD_PARK,future,Etihad Park
ETIHAD_PARK,36047016500,74.0,ETIHAD_PARK,future,Etihad Park
ETIHAD_PARK,36047016700,68.0,ETIHAD_PARK,future,Etihad Park
ETIHAD_PARK,36047016800,97.0,ETIHAD_PARK,future,Etihad Park
ETIHAD_PARK,36047016900,69.0,ETIHAD_PARK,future,Etihad Park
ETIHAD_PARK,36047017100,73.0,ETIHAD_PARK,future,Etihad Park
ETIHAD_PARK,36047017200,93.0,ETIHAD_PARK,future,Etihad Park
ETIHAD_PARK,36047017400,95.0,ETIHAD_PARK,future,Etihad Park
ETIHAD_PARK,36047017500,85.0,ETIHAD_PARK,future,Etihad Park
ETIHAD_PARK,36047085600,84.0,ETIHAD_PARK,future,Etihad Park
ETIHAD_PARK,36047086000,91.0,ETIHAD_PARK,future,Etihad Park
ETIHAD_PARK,36047086400,88.0,ETIHAD_PARK,future,Etihad Park
ETIHAD_PARK,36047087000,91.0,ETIHAD_PARK,future,Etihad Park
ETIHAD_PARK,36047087401,88.0,ETIHAD_PARK,future,Etihad Park
ETIHAD_PARK,36047087600,86.0,ETIHAD_PARK,future,Etihad Park
ETIHAD_PARK,36047087800,84.0,ETIHAD_PARK,future,Etihad Park
ETIHAD_PARK,36047088200,85.0,ETIHAD_PARK,future,Etihad Park
ETIHAD_PARK,36047063600,101.0,ETIHAD_PARK,future,Etihad Park
ETIHAD_PARK,36047063800,99.0,ETIHAD_PARK,future,Etihad Park
ETIHAD_PARK,36047064000,99.0,ETIHAD_PARK,future,Etihad Park
ETIHAD_PARK,36047064400,99.0,ETIHAD_PARK,future,Etihad Park
ETIHAD_PARK,36047065000,98.0,ETIHAD_PARK,future,Etihad Park
ETIHAD_PARK,36047094401,100.0,ETIHAD_PARK,future,Etihad Park
ETIHAD_PARK,36047095000,94.0,ETIHAD_PARK,future,Etihad Park
ETIHAD_PARK,36047095400,91.0,ETIHAD_PARK,future,Etihad Park
ETIHAD_PARK,36047095600,89.0,ETIHAD_PARK,future,Etihad Park
ETIHAD_PARK,36005044902,87.0,ETIHAD_PARK,future,Etihad Park
ETIHAD_PARK,36005025100,71.0,ETIHAD_PARK,future,Etihad Park
ETIHAD_PARK,36005022404,77.0,ETIHAD_PARK,future,Etihad Park
ETIHAD_PARK,36005039901,76.0,ETIHAD_PARK,future,Etihad Park
ETIHAD_PARK,36005023704,71.0,ETIHAD_PARK,future,Etihad Park
ETIHAD_PARK,36005015300,71.0,ETIHAD_PARK,future,Etihad Park
ETIHAD_PARK,36047000700,67.0,ETIHAD_PARK,future,Etihad Park
ETIHAD_PARK,36047000900,62.0,ETIHAD_PARK,future,Etihad Park
ETIHAD_PARK,36047001100,59.0,ETIHAD_PARK,future,Etihad Park
ETIHAD_PARK,36047001300,62.0,ETIHAD_PARK,future,Etihad Park
ETIHAD_PARK,36047002000,85.0,ETIHAD_PARK,future,Etihad Park
ETIHAD_PARK,36047002100,60.0,ETIHAD_PARK,future,Etihad Park
ETIHAD_PARK,36047002200,81.0,ETIHAD_PARK,future,Etihad Park
ETIHAD_PARK,36047002901,66.0,ETIHAD_PARK,future,Etihad Park
ETIHAD_PARK,36047003400,97.0,ETIHAD_PARK,future,Etihad Park
ETIHAD_PARK,36047003700,60.0,ETIHAD_PARK,future,Etihad Park
ETIHAD_PARK,36047003900,62.0,ETIHAD_PARK,future,Etihad Park
ETIHAD_PARK,36005014100,69.0,ETIHAD_PARK,future,Etihad Park
ETIHAD_PARK,36005033000,79.0,ETIHAD_PARK,future,Etihad Park
ETIHAD_PARK,36005021100,68.0,ETIHAD_PARK,future,Etihad Park
ETIHAD_PARK,36005004600,76.0,ETIHAD_PARK,future,Etihad Park
ETIHAD_PARK,36005005902,64.0,ETIHAD_PARK,future,Etihad Park
ETIHAD_PARK,36005028100,83.0,ETIHAD_PARK,future,Etihad Park
ETIHAD_PARK,36005022701,67.0,ETIHAD_PARK,future,Etihad Park
ETIHAD_PARK,36005031600,84.0,ETIHAD_PARK,future,Etihad Park
ETIHAD_PARK,36005019500,64.0,ETIHAD_PARK,future,Etihad Park
ETIHAD_PARK,36005028600,78.0,ETIHAD_PARK,future,Etihad Park
ETIHAD_PARK,36005016400,65.0,ETIHAD_PARK,future,Etihad Park
ETIHAD_PARK,36005036800,91.0,ETIHAD_PARK,future,Etihad Park
ETIHAD_PARK,36005006000,65.0,ETIHAD_PARK,future,Etihad Park
ETIHAD_PARK,36005037600,82.0,ETIHAD_PARK,future,Etihad Park
ETIHAD_PARK,36005023301,68.0,ETIHAD_PARK,future,Etihad Park
ETIHAD_PARK,36005004001,64.0,ETIHAD_PARK,future,Etihad Park
ETIHAD_PARK,36005006900,66.0,ETIHAD_PARK,future,Etihad Park
ETIHAD_PARK,36005003100,62.0,ETIHAD_PARK,future,Etihad Park
ETIHAD_PARK,36005039000,85.0,ETIHAD_PARK,future,Etihad Park
ETIHAD_PARK,36005042800,96.0,ETIHAD_PARK,future,Etihad Park
ETIHAD_PARK,36005038800,91.0,ETIHAD_PARK,future,Etihad Park
ETIHAD_PARK,36005005600,70.0,ETIHAD_PARK,future,Etihad Park
ETIHAD_PARK,36005014500,75.0,ETIHAD_PARK,future,Etihad Park
ETIHAD_PARK,36047017700,77.0,ETIHAD_PARK,future,Etihad Park
ETIHAD_PARK,36047017800,94.0,ETIHAD_PARK,future,Etihad Park
ETIHAD_PARK,36047017900,61.0,ETIHAD_PARK,future,Etihad Park
ETIHAD_PARK,36047018000,96.0,ETIHAD_PARK,future,Etihad Park
ETIHAD_PARK,36047018200,92.0,ETIHAD_PARK,future,Etihad Park
ETIHAD_PARK,36047018300,62.0,ETIHAD_PARK,future,Etihad Park
ETIHAD_PARK,36047018501,67.0,ETIHAD_PARK,future,Etihad Park
ETIHAD_PARK,36047018600,94.0,ETIHAD_PARK,future,Etihad Park
ETIHAD_PARK,36047018700,65.0,ETIHAD_PARK,future,Etihad Park
ETIHAD_PARK,36047019000,89.0,ETIHAD_PARK,future,Etihad Park
ETIHAD_PARK,36047019100,64.0,ETIHAD_PARK,future,Etihad Park
ETIHAD_PARK,36047019200,88.0,ETIHAD_PARK,future,Etihad Park
ETIHAD_PARK,36047019600,94.0,ETIHAD_PARK,future,Etihad Park
ETIHAD_PARK,36047019700,53.0,ETIHAD_PARK,future,Etihad Park
ETIHAD_PARK,36047019800,95.0,ETIHAD_PARK,future,Etihad Park
ETIHAD_PARK,36047019900,59.0,ETIHAD_PARK,future,Etihad Park
ETIHAD_PARK,36047020000,95.0,ETIHAD_PARK,future,Etihad Park
ETIHAD_PARK,36047020300,65.0,ETIHAD_PARK,future,Etihad Park
ETIHAD_PARK,36047020400,93.0,ETIHAD_PARK,future,Etihad Park
ETIHAD_PARK,36047020600,92.0,ETIHAD_PARK,future,Etihad Park
ETIHAD_PARK,36047020700,70.0,ETIHAD_PARK,future,Etihad Park
ETIHAD_PARK,36005026300,75.0,ETIHAD_PARK,future,Etihad Park
ETIHAD_PARK,36005029700,91.0,ETIHAD_PARK,future,Etihad Park
ETIHAD_PARK,36005020601,63.0,ETIHAD_PARK,future,Etihad Park
ETIHAD_PARK,36005042000,85.0,ETIHAD_PARK,future,Etihad Park
ETIHAD_PARK,36005015800,70.0,ETIHAD_PARK,future,Etihad Park
ETIHAD_PARK,36005007400,69.0,ETIHAD_PARK,future,Etihad Park
ETIHAD_PARK,36005028800,83.0,ETIHAD_PARK,future,Etihad Park
ETIHAD_PARK,36005022902,71.0,ETIHAD_PARK,future,Etihad Park
ETIHAD_PARK,36005013300,68.0,ETIHAD_PARK,future,Etihad Park
ETIHAD_PARK,36005017100,73.0,ETIHAD_PARK,future,Etihad Park
ETIHAD_PARK,36005045101,88.0,ETIHAD_PARK,future,Etihad Park
ETIHAD_PARK,36005008300,65.0,ETIHAD_PARK,future,Etihad Park
ETIHAD_PARK,36005040400,91.0,ETIHAD_PARK,future,Etihad Park
ETIHAD_PARK,36005046000,96.0,ETIHAD_PARK,future,Etihad Park
ETIHAD_PARK,36005025200,77.0,ETIHAD_PARK,future,Etihad Park
ETIHAD_PARK,36005023501,70.0,ETIHAD_PARK,future,Etihad Park
ETIHAD_PARK,36005036501,72.0,ETIHAD_PARK,future,Etihad Park
ETIHAD_PARK,36005021601,62.0,ETIHAD_PARK,future,Etihad Park
ETIHAD_PARK,36005040304,72.0,ETIHAD_PARK,future,Etihad Park
ETIHAD_PARK,36005022800,81.0,ETIHAD_PARK,future,Etihad Park
ETIHAD_PARK,36005003800,74.0,ETIHAD_PARK,future,Etihad Park
ETIHAD_PARK,36005020400,69.0,ETIHAD_PARK,future,Etihad Park
ETIHAD_PARK,36005003300,63.0,ETIHAD_PARK,future,Etihad Park
ETIHAD_PARK,36005037100,73.0,ETIHAD_PARK,future,Etihad Park
ETIHAD_PARK,36005013100,69.0,ETIHAD_PARK,future,Etihad Park
ETIHAD_PARK,36047020800,92.0,ETIHAD_PARK,future,Etihad Park
ETIHAD_PARK,36047021000,89.0,ETIHAD_PARK,future,Etihad Park
ETIHAD_PARK,36047021400,85.0,ETIHAD_PARK,future,Etihad Park
ETIHAD_PARK,36047021800,86.0,ETIHAD_PARK,future,Etihad Park
ETIHAD_PARK,36047021900,72.0,ETIHAD_PARK,future,Etihad Park
ETIHAD_PARK,36059405800,82.0,ETIHAD_PARK,future,Etihad Park
ETIHAD_PARK,36059412500,108.0,ETIHAD_PARK,future,Etihad Park
ETIHAD_PARK,36059302400,,ETIHAD_PARK,future,Etihad Park
ETIHAD_PARK,36059302900,,ETIHAD_PARK,future,Etihad Park
ETIHAD_PARK,36059303000,78.0,ETIHAD_PARK,future,Etihad Park
ETIHAD_PARK,36081019400,50.0,ETIHAD_PARK,future,Etihad Park
ETIHAD_PARK,36081020500,45.0,ETIHAD_PARK,future,Etihad Park
ETIHAD_PARK,36081095400,,ETIHAD_PARK,future,Etihad Park
ETIHAD_PARK,36081127700,56.0,ETIHAD_PARK,future,Etihad Park
ETIHAD_PARK,36081042400,65.0,ETIHAD_PARK,future,Etihad Park
ETIHAD_PARK,36059303101,,ETIHAD_PARK,future,Etihad Park
ETIHAD_PARK,36059303102,,ETIHAD_PARK,future,Etihad Park
ETIHAD_PARK,36081062200,82.0,ETIHAD_PARK,future,Etihad Park
ETIHAD_PARK,36081079702,26.0,ETIHAD_PARK,future,Etihad Park
ETIHAD_PARK,36081030600,65.0,ETIHAD_PARK,future,Etihad Park
ETIHAD_PARK,36059303301,,ETIHAD_PARK,future,Etihad Park
ETIHAD_PARK,36059303302,,ETIHAD_PARK,future,Etihad Park
ETIHAD_PARK,36059303500,91.0,ETIHAD_PARK,future,Etihad Park
ETIHAD_PARK,36059303600,78.0,ETIHAD_PARK,future,Etihad Park
ETIHAD_PARK,36081015802,58.0,ETIHAD_PARK,future,Etihad Park
ETIHAD_PARK,36081018102,27.0,ETIHAD_PARK,future,Etihad Park
ETIHAD_PARK,36059404400,65.0,ETIHAD_PARK,future,Etihad Park
ETIHAD_PARK,36059404500,69.0,ETIHAD_PARK,future,Etihad Park
ETIHAD_PARK,36059404700,70.0,ETIHAD_PARK,future,Etihad Park
ETIHAD_PARK,36059404800,79.0,ETIHAD_PARK,future,Etihad Park
ETIHAD_PARK,36059404902,94.0,ETIHAD_PARK,future,Etihad Park
ETIHAD_PARK,36059405000,,ETIHAD_PARK,future,Etihad Park
ETIHAD_PARK,36059405100,,ETIHAD_PARK,future,Etihad Park
ETIHAD_PARK,36059405200,,ETIHAD_PARK,future,Etihad Park
ETIHAD_PARK,36059405301,80.0,ETIHAD_PARK,future,Etihad Park
ETIHAD_PARK,36059405302,86.0,ETIHAD_PARK,future,Etihad Park
ETIHAD_PARK,36059416201,,ETIHAD_PARK,future,Etihad Park
ETIHAD_PARK,36059517000,,ETIHAD_PARK,future,Etihad Park
ETIHAD_PARK,36059517101,,ETIHAD_PARK,future,Etihad Park
ETIHAD_PARK,36059302800,93.0,ETIHAD_PARK,future,Etihad Park
ETIHAD_PARK,36059410100,102.0,ETIHAD_PARK,future,Etihad Park
ETIHAD_PARK,36059406300,67.0,ETIHAD_PARK,future,Etihad Park
ETIHAD_PARK,36059404600,73.0,ETIHAD_PARK,future,Etihad Park
ETIHAD_PARK,36059405400,,ETIHAD_PARK,future,Etihad Park
ETIHAD_PARK,36059405500,,ETIHAD_PARK,future,Etihad Park
ETIHAD_PARK,36059405600,,ETIHAD_PARK,future,Etihad Park
ETIHAD_PARK,36059405700,,ETIHAD_PARK,future,Etihad Park
ETIHAD_PARK,36059405900,109.0,ETIHAD_PARK,future,Etihad Park
ETIHAD_PARK,36059406001,111.0,ETIHAD_PARK,future,Etihad Park
ETIHAD_PARK,36059406002,102.0,ETIHAD_PARK,future,Etihad Park
ETIHAD_PARK,36059406100,,ETIHAD_PARK,future,Etihad Park
ETIHAD_PARK,36059517400,,ETIHAD_PARK,future,Etihad Park
ETIHAD_PARK,36059517500,,ETIHAD_PARK,future,Etihad Park
ETIHAD_PARK,36059302600,73.0,ETIHAD_PARK,future,Etihad Park
ETIHAD_PARK,36059404901,93.0,ETIHAD_PARK,future,Etihad Park
ETIHAD_PARK,36059410600,94.0,ETIHAD_PARK,future,Etihad Park
ETIHAD_PARK,36059406201,103.0,ETIHAD_PARK,future,Etihad Park
ETIHAD_PARK,36059406202,111.0,ETIHAD_PARK,future,Etihad Park
ETIHAD_PARK,36059406400,83.0,ETIHAD_PARK,future,Etihad Park
ETIHAD_PARK,36059406501,79.0,ETIHAD_PARK,future,Etihad Park
ETIHAD_PARK,36081012500,46.0,ETIHAD_PARK,future,Etihad Park
ETIHAD_PARK,36081065703,48.0,ETIHAD_PARK,future,Etihad Park
ETIHAD_PARK,36081008500,40.0,ETIHAD_PARK,future,Etihad Park
ETIHAD_PARK,36081026901,18.0,ETIHAD_PARK,future,Etihad Park
ETIHAD_PARK,36081074900,42.0,ETIHAD_PARK,future,Etihad Park
ETIHAD_PARK,36081035700,33.0,ETIHAD_PARK,future,Etihad Park
ETIHAD_PARK,36081006502,44.0,ETIHAD_PARK,future,Etihad Park
ETIHAD_PARK,36081029400,63.0,ETIHAD_PARK,future,Etihad Park
ETIHAD_PARK,36081061301,61.0,ETIHAD_PARK,future,Etihad Park
ETIHAD_PARK,36081072300,37.0,ETIHAD_PARK,future,Etihad Park
ETIHAD_PARK,36081086900,20.0,ETIHAD_PARK,future,Etihad Park
ETIHAD_PARK,36059409800,98.0,ETIHAD_PARK,future,Etihad Park
ETIHAD_PARK,36059410000,,ETIHAD_PARK,future,Etihad Park
ETIHAD_PARK,36059410200,102.0,ETIHAD_PARK,future,Etihad Park
ETIHAD_PARK,36059410300,92.0,ETIHAD_PARK,future,Etihad Park
ETIHAD_PARK,36059410400,89.0,ETIHAD_PARK,future,Etihad Park
ETIHAD_PARK,36059410500,85.0,ETIHAD_PARK,future,Etihad Park
ETIHAD_PARK,36059410700,83.0,ETIHAD_PARK,future,Etihad Park
ETIHAD_PARK,36059409900,99.0,ETIHAD_PARK,future,Etihad Park
ETIHAD_PARK,36059410800,85.0,ETIHAD_PARK,future,Etihad Park
ETIHAD_PARK,36081015801,56.0,ETIHAD_PARK,future,Etihad Park
ETIHAD_PARK,36047101800,89.0,ETIHAD_PARK,future,Etihad Park
ETIHAD_PARK,36047102000,90.0,ETIHAD_PARK,future,Etihad Park
ETIHAD_PARK,36047102600,98.0,ETIHAD_PARK,future,Etihad Park
ETIHAD_PARK,36081018501,31.0,ETIHAD_PARK,future,Etihad Park
ETIHAD_PARK,36047107800,87.0,ETIHAD_PARK,future,Etihad Park
ETIHAD_PARK,36047109800,77.0,ETIHAD_PARK,future,Etihad Park
ETIHAD_PARK,36047112200,83.0,ETIHAD_PARK,future,Etihad Park
ETIHAD_PARK,36047112400,80.0,ETIHAD_PARK,future,Etihad Park
ETIHAD_PARK,36047112600,73.0,ETIHAD_PARK,future,Etihad Park
ETIHAD_PARK,36047112800,76.0,ETIHAD_PARK,future,Etihad Park
ETIHAD_PARK,36047113000,72.0,ETIHAD_PARK,future,Etihad Park
ETIHAD_PARK,36047113200,70.0,ETIHAD_PARK,future,Etihad Park
ETIHAD_PARK,36059410900,90.0,ETIHAD_PARK,future,Etihad Park
ETIHAD_PARK,36059411000,102.0,ETIHAD_PARK,future,Etihad Park
ETIHAD_PARK,36059411100,93.0,ETIHAD_PARK,future,Etihad Park
ETIHAD_PARK,36059411200,89.0,ETIHAD_PARK,future,Etihad Park
ETIHAD_PARK,36059411301,,ETIHAD_PARK,future,Etihad Park
ETIHAD_PARK,36059411302,92.0,ETIHAD_PARK,future,Etihad Park
ETIHAD_PARK,36047114201,75.0,ETIHAD_PARK,future,Etihad Park
ETIHAD_PARK,36047114600,68.0,ETIHAD_PARK,future,Etihad Park
ETIHAD_PARK,36047115200,72.0,ETIHAD_PARK,future,Etihad Park
ETIHAD_PARK,36047115600,73.0,ETIHAD_PARK,future,Etihad Park
ETIHAD_PARK,36047116000,78.0,ETIHAD_PARK,future,Etihad Park
ETIHAD_PARK,36047116400,79.0,ETIHAD_PARK,future,Etihad Park
ETIHAD_PARK,36047117000,69.0,ETIHAD_PARK,future,Etihad Park
ETIHAD_PARK,36047117201,69.0,ETIHAD_PARK,future,Etihad Park
ETIHAD_PARK,36047117202,69.0,ETIHAD_PARK,future,Etihad Park
ETIHAD_PARK,36047117400,66.0,ETIHAD_PARK,future,Etihad Park
ETIHAD_PARK,36047117800,64.0,ETIHAD_PARK,future,Etihad Park
ETIHAD_PARK,36047118000,66.0,ETIHAD_PARK,future,Etihad Park
ETIHAD_PARK,36047118201,62.0,ETIHAD_PARK,future,Etihad Park
ETIHAD_PARK,36047118202,63.0,ETIHAD_PARK,future,Etihad Park
ETIHAD_PARK,36047118400,65.0,ETIHAD_PARK,future,Etihad Park
ETIHAD_PARK,36047118600,67.0,ETIHAD_PARK,future,Etihad Park
ETIHAD_PARK,36047118800,67.0,ETIHAD_PARK,future,Etihad Park
ETIHAD_PARK,36047119200,70.0,ETIHAD_PARK,future,Etihad Park
ETIHAD_PARK,36047119400,75.0,ETIHAD_PARK,future,Etihad Park
ETIHAD_PARK,36047119600,70.0,ETIHAD_PARK,future,Etihad Park
ETIHAD_PARK,36047120000,70.0,ETIHAD_PARK,future,Etihad Park
ETIHAD_PARK,36047120200,67.0,ETIHAD_PARK,future,Etihad Park
ETIHAD_PARK,36047121000,75.0,ETIHAD_PARK,future,Etihad Park
ETIHAD_PARK,36081067100,44.0,ETIHAD_PARK,future,Etihad Park
ETIHAD_PARK,36081053100,48.0,ETIHAD_PARK,future,Etihad Park
ETIHAD_PARK,36081006201,65.0,ETIHAD_PARK,future,Etihad Park
ETIHAD_PARK,36081006501,46.0,ETIHAD_PARK,future,Etihad Park
ETIHAD_PARK,36081018101,25.0,ETIHAD_PARK,future,Etihad Park
ETIHAD_PARK,36059404300,63.0,ETIHAD_PARK,future,Etihad Park
ETIHAD_PARK,36059413001,119.0,ETIHAD_PARK,future,Etihad Park
ETIHAD_PARK,36059412301,101.0,ETIHAD_PARK,future,Etihad Park
ETIHAD_PARK,36059301400,,ETIHAD_PARK,future,Etihad Park
ETIHAD_PARK,36059302700,82.0,ETIHAD_PARK,future,Etihad Park
ETIHAD_PARK,36059300100,,ETIHAD_PARK,future,Etihad Park
ETIHAD_PARK,36059300300,,ETIHAD_PARK,future,Etihad Park
ETIHAD_PARK,36047122000,88.0,ETIHAD_PARK,future,Etihad Park
ETIHAD_PARK,36047013000,85.0,ETIHAD_PARK,future,Etihad Park
ETIHAD_PARK,36047017000,90.0,ETIHAD_PARK,future,Etihad Park
ETIHAD_PARK,36047020100,62.0,ETIHAD_PARK,future,Etihad Park
ETIHAD_PARK,36047022200,83.0,ETIHAD_PARK,future,Etihad Park
ETIHAD_PARK,36047121400,80.0,ETIHAD_PARK,future,Etihad Park
ETIHAD_PARK,36047023800,88.0,ETIHAD_PARK,future,Etihad Park
ETIHAD_PARK,36047024700,65.0,ETIHAD_PARK,future,Etihad Park
ETIHAD_PARK,36047027300,69.0,ETIHAD_PARK,future,Etihad Park
ETIHAD_PARK,36047028000,95.0,ETIHAD_PARK,future,Etihad Park
ETIHAD_PARK,36047034700,78.0,ETIHAD_PARK,future,Etihad Park
ETIHAD_PARK,36047041000,91.0,ETIHAD_PARK,future,Etihad Park
ETIHAD_PARK,36047048600,77.0,ETIHAD_PARK,future,Etihad Park
ETIHAD_PARK,36047052500,55.0,ETIHAD_PARK,future,Etihad Park
ETIHAD_PARK,36059411400,84.0,ETIHAD_PARK,future,Etihad Park
ETIHAD_PARK,36059411500,100.0,ETIHAD_PARK,future,Etihad Park
ETIHAD_PARK,36059411600,,ETIHAD_PARK,future,Etihad Park
ETIHAD_PARK,36059411700,91.0,ETIHAD_PARK,future,Etihad Park
ETIHAD_PARK,36059411800,85.0,ETIHAD_PARK,future,Etihad Park
ETIHAD_PARK,36059411901,79.0,ETIHAD_PARK,future,Etihad Park
ETIHAD_PARK,36059411902,86.0,ETIHAD_PARK,future,Etihad Park
ETIHAD_PARK,36047052800,83.0,ETIHAD_PARK,future,Etihad Park
ETIHAD_PARK,36047053800,84.0,ETIHAD_PARK,future,Etihad Park
ETIHAD_PARK,36047054200,90.0,ETIHAD_PARK,future,Etihad Park
ETIHAD_PARK,36047059300,51.0,ETIHAD_PARK,future,Etihad Park
ETIHAD_PARK,36047064600,101.0,ETIHAD_PARK,future,Etihad Park
ETIHAD_PARK,36047075200,88.0,ETIHAD_PARK,future,Etihad Park
ETIHAD_PARK,36047081800,81.0,ETIHAD_PARK,future,Etihad Park
ETIHAD_PARK,36047102200,91.0,ETIHAD_PARK,future,Etihad Park
ETIHAD_PARK,36047113400,69.0,ETIHAD_PARK,future,Etihad Park
ETIHAD_PARK,36047115800,77.0,ETIHAD_PARK,future,Etihad Park
ETIHAD_PARK,36047116600,73.0,ETIHAD_PARK,future,Etihad Park
ETIHAD_PARK,36085029106,96.0,ETIHAD_PARK,future,Etihad Park
ETIHAD_PARK,36085004001,87.0,ETIHAD_PARK,future,Etihad Park
ETIHAD_PARK,36085005902,104.0,ETIHAD_PARK,future,Etihad Park
ETIHAD_PARK,36059301101,,ETIHAD_PARK,future,Etihad Park
ETIHAD_PARK,36059416202,118.0,ETIHAD_PARK,future,Etihad Park
ETIHAD_PARK,36059300400,,ETIHAD_PARK,future,Etihad Park
ETIHAD_PARK,36059300500,,ETIHAD_PARK,future,Etihad Park
ETIHAD_PARK,36059300600,44.0,ETIHAD_PARK,future,Etihad Park
ETIHAD_PARK,36059300700,36.0,ETIHAD_PARK,future,Etihad Park
ETIHAD_PARK,36059300800,51.0,ETIHAD_PARK,future,Etihad Park
ETIHAD_PARK,36059301000,,ETIHAD_PARK,future,Etihad Park
ETIHAD_PARK,36059412000,88.0,ETIHAD_PARK,future,Etihad Park
ETIHAD_PARK,36059412100,94.0,ETIHAD_PARK,future,Etihad Park
ETIHAD_PARK,36059412200,,ETIHAD_PARK,future,Etihad Park
ETIHAD_PARK,36059412302,,ETIHAD_PARK,future,Etihad Park
ETIHAD_PARK,36059412400,97.0,ETIHAD_PARK,future,Etihad Park
ETIHAD_PARK,36081099703,49.0,ETIHAD_PARK,future,Etihad Park
ETIHAD_PARK,36081099704,46.0,ETIHAD_PARK,future,Etihad Park
ETIHAD_PARK,36081099705,58.0,ETIHAD_PARK,future,Etihad Park
ETIHAD_PARK,36081099801,98.0,ETIHAD_PARK,future,Etihad Park
ETIHAD_PARK,36059301102,,ETIHAD_PARK,future,Etihad Park
ETIHAD_PARK,36059301200,66.0,ETIHAD_PARK,future,Etihad Park
ETIHAD_PARK,36059301300,50.0,ETIHAD_PARK,future,Etihad Park
ETIHAD_PARK,36059301500,47.0,ETIHAD_PARK,future,Etihad Park
ETIHAD_PARK,36059301600,66.0,ETIHAD_PARK,future,Etihad Park
ETIHAD_PARK,36059301700,60.0,ETIHAD_PARK,future,Etihad Park
ETIHAD_PARK,36081075702,35.0,ETIHAD_PARK,future,Etihad Park
ETIHAD_PARK,36081079701,25.0,ETIHAD_PARK,future,Etihad Park
ETIHAD_PARK,36081044302,27.0,ETIHAD_PARK,future,Etihad Park
ETIHAD_PARK,36059301800,60.0,ETIHAD_PARK,future,Etihad Park
ETIHAD_PARK,36059413002,113.0,ETIHAD_PARK,future,Etihad Park
ETIHAD_PARK,36059413200,,ETIHAD_PARK,future,Etihad Park
ETIHAD_PARK,36081129103,61.0,ETIHAD_PARK,future,Etihad Park
ETIHAD_PARK,36081129104,53.0,ETIHAD_PARK,future,Etihad Park
ETIHAD_PARK,36081071303,35.0,ETIHAD_PARK,future,Etihad Park
ETIHAD_PARK,36081071304,37.0,ETIHAD_PARK,future,Etihad Park
ETIHAD_PARK,36081071305,35.0,ETIHAD_PARK,future,Etihad Park
ETIHAD_PARK,36081071701,33.0,ETIHAD_PARK,future,Etihad Park
ETIHAD_PARK,36081071702,36.0,ETIHAD_PARK,future,Etihad Park
ETIHAD_PARK,36081075701,34.0,ETIHAD_PARK,future,Etihad Park
ETIHAD_PARK,36081038301,11.0,ETIHAD_PARK,future,Etihad Park
ETIHAD_PARK,36059301900,,ETIHAD_PARK,future,Etihad Park
ETIHAD_PARK,36059302000,,ETIHAD_PARK,future,Etihad Park
ETIHAD_PARK,36059302200,,ETIHAD_PARK,future,Etihad Park
ETIHAD_PARK,36059302300,,ETIHAD_PARK,future,Etihad Park
ETIHAD_PARK,36061021303,60.0,ETIHAD_PARK,future,Etihad Park
ETIHAD_PARK,36061023100,60.0,ETIHAD_PARK,future,Etihad Park
ETIHAD_PARK,36061023802,48.0,ETIHAD_PARK,future,Etihad Park
ETIHAD_PARK,36061031704,64.0,ETIHAD_PARK,future,Etihad Park
ETIHAD_PARK,36005018102,67.0,ETIHAD_PARK,future,Etihad Park
ETIHAD_PARK,36005020502,77.0,ETIHAD_PARK,future,Etihad Park
ETIHAD_PARK,36005022101,65.0,ETIHAD_PARK,future,Etihad Park
ETIHAD_PARK,36005024501,74.0,ETIHAD_PARK,future,Etihad Park
ETIHAD_PARK,36005027401,69.0,ETIHAD_PARK,future,Etihad Park
ETIHAD_PARK,36005029302,93.0,ETIHAD_PARK,future,Etihad Park
ETIHAD_PARK,36005038301,73.0,ETIHAD_PARK,future,Etihad Park
ETIHAD_PARK,36005040501,77.0,ETIHAD_PARK,future,Etihad Park
ETIHAD_PARK,36005032600,81.0,ETIHAD_PARK,future,Etihad Park
ETIHAD_PARK,36005005002,67.0,ETIHAD_PARK,future,Etihad Park
ETIHAD_PARK,36005012901,67.0,ETIHAD_PARK,future,Etihad Park
ETIHAD_PARK,36005015200,63.0,ETIHAD_PARK,future,Etihad Park
ETIHAD_PARK,36005014702,79.0,ETIHAD_PARK,future,Etihad Park
ETIHAD_PARK,36005017701,72.0,ETIHAD_PARK,future,Etihad Park
ETIHAD_PARK,36005017702,72.0,ETIHAD_PARK,future,Etihad Park
ETIHAD_PARK,36005017902,68.0,ETIHAD_PARK,future,Etihad Park
ETIHAD_PARK,36005018101,68.0,ETIHAD_PARK,future,Etihad Park
ETIHAD_PARK,36005018302,66.0,ETIHAD_PARK,future,Etihad Park
ETIHAD_PARK,36005020501,78.0,ETIHAD_PARK,future,Etihad Park
ETIHAD_PARK,36005021001,66.0,ETIHAD_PARK,future,Etihad Park
ETIHAD_PARK,36005021002,65.0,ETIHAD_PARK,future,Etihad Park
ETIHAD_PARK,36005022403,75.0,ETIHAD_PARK,future,Etihad Park
ETIHAD_PARK,36005024502,73.0,ETIHAD_PARK,future,Etihad Park
ETIHAD_PARK,36005026701,75.0,ETIHAD_PARK,future,Etihad Park
ETIHAD_PARK,36005027402,76.0,ETIHAD_PARK,future,Etihad Park
ETIHAD_PARK,36005029301,105.0,ETIHAD_PARK,future,Etihad Park
ETIHAD_PARK,36005030900,111.0,ETIHAD_PARK,future,Etihad Park
ETIHAD_PARK,36005033202,79.0,ETIHAD_PARK,future,Etihad Park
ETIHAD_PARK,36005040502,79.0,ETIHAD_PARK,future,Etihad Park
ETIHAD_PARK,36005020000,70.0,ETIHAD_PARK,future,Etihad Park
ETIHAD_PARK,36005033500,93.0,ETIHAD_PARK,future,Etihad Park
ETIHAD_PARK,36005033700,96.0,ETIHAD_PARK,future,Etihad Park
ETIHAD_PARK,36005034800,88.0,ETIHAD_PARK,future,Etihad Park
ETIHAD_PARK,36005036000,83.0,ETIHAD_PARK,future,Etihad Park
ETIHAD_PARK,36005039500,78.0,ETIHAD_PARK,future,Etihad Park
ETIHAD_PARK,36005043400,86.0,ETIHAD_PARK,future,Etihad Park
ETIHAD_PARK,36005044400,94.0,ETIHAD_PARK,future,Etihad Park
ETIHAD_PARK,36005004200,69.0,ETIHAD_PARK,future,Etihad Park
ETIHAD_PARK,36005005100,56.0,ETIHAD_PARK,future,Etihad Park
ETIHAD_PARK,36005009600,60.0,ETIHAD_PARK,future,Etihad Park
ETIHAD_PARK,36005020900,65.0,ETIHAD_PARK,future,Etihad Park
ETIHAD_PARK,36005022200,61.0,ETIHAD_PARK,future,Etihad Park
ETIHAD_PARK,36005023800,74.0,ETIHAD_PARK,future,Etihad Park
ETIHAD_PARK,36005037504,76.0,ETIHAD_PARK,future,Etihad Park
ETIHAD_PARK,36005045600,96.0,ETIHAD_PARK,future,Etihad Park
ETIHAD_PARK,36005005300,80.0,ETIHAD_PARK,future,Etihad Park
ETIHAD_PARK,36061012602,44.0,ETIHAD_PARK,future,Etihad Park
ETIHAD_PARK,36061015301,50.0,ETIHAD_PARK,future,Etihad Park
ETIHAD_PARK,36061012601,45.0,ETIHAD_PARK,future,Etihad Park
ETIHAD_PARK,36061010801,37.0,ETIHAD_PARK,future,Etihad Park
ETIHAD_PARK,36061009903,50.0,ETIHAD_PARK,future,Etihad Park
ETIHAD_PARK,36061023804,41.0,ETIHAD_PARK,future,Etihad Park
ETIHAD_PARK,36061023803,40.0,ETIHAD_PARK,future,Etihad Park
ETIHAD_PARK,36061015102,59.0,ETIHAD_PARK,future,Etihad Park
ETIHAD_PARK,36061015502,59.0,ETIHAD_PARK,future,Etihad Park
ETIHAD_PARK,36061015401,49.0,ETIHAD_PARK,future,Etihad Park
ETIHAD_PARK,36061004002,51.0,ETIHAD_PARK,future,Etihad Park
ETIHAD_PARK,36061002902,57.0,ETIHAD_PARK,future,Etihad Park
ETIHAD_PARK,36061013603,52.0,ETIHAD_PARK,future,Etihad Park
ETIHAD_PARK,36061013201,54.0,ETIHAD_PARK,future,Etihad Park
ETIHAD_PARK,36061013202,53.0,ETIHAD_PARK,future,Etihad Park
ETIHAD_PARK,36061013601,57.0,ETIHAD_PARK,future,Etihad Park
ETIHAD_PARK,36061013501,56.0,ETIHAD_PARK,future,Etihad Park
ETIHAD_PARK,36061015101,52.0,ETIHAD_PARK,future,Etihad Park
ETIHAD_PARK,36061012901,54.0,ETIHAD_PARK,future,Etihad Park
ETIHAD_PARK,36061009901,59.0,ETIHAD_PARK,future,Etihad Park
ETIHAD_PARK,36061013502,56.0,ETIHAD_PARK,future,Etihad Park
ETIHAD_PARK,36061009902,55.0,ETIHAD_PARK,future,Etihad Park
ETIHAD_PARK,36061012902,55.0,ETIHAD_PARK,future,Etihad Park
ETIHAD_PARK,36061007001,51.0,ETIHAD_PARK,future,Etihad Park
ETIHAD_PARK,36061015302,48.0,ETIHAD_PARK,future,Etihad Park
ETIHAD_PARK,36061002901,53.0,ETIHAD_PARK,future,Etihad Park
ETIHAD_PARK,36061007002,48.0,ETIHAD_PARK,future,Etihad Park
ETIHAD_PARK,36061012102,48.0,ETIHAD_PARK,future,Etihad Park
ETIHAD_PARK,36061015501,50.0,ETIHAD_PARK,future,Etihad Park
ETIHAD_PARK,36085025100,101.0,ETIHAD_PARK,future,Etihad Park
ETIHAD_PARK,36085027301,108.0,ETIHAD_PARK,future,Etihad Park
ETIHAD_PARK,36085029102,119.0,ETIHAD_PARK,future,Etihad Park
ETIHAD_PARK,36085030301,90.0,ETIHAD_PARK,future,Etihad Park
ETIHAD_PARK,36085031901,111.0,ETIHAD_PARK,future,Etihad Park
ETIHAD_PARK,36085032300,,ETIHAD_PARK,future,Etihad Park
ETIHAD_PARK,36085001800,98.0,ETIHAD_PARK,future,Etihad Park
ETIHAD_PARK,36085014100,108.0,ETIHAD_PARK,future,Etihad Park
ETIHAD_PARK,36119005704,,ETIHAD_PARK,future,Etihad Park
ETIHAD_PARK,36119005703,,ETIHAD_PARK,future,Etihad Park
ETIHAD_PARK,36085017702,100.0,ETIHAD_PARK,future,Etihad Park
ETIHAD_PARK,36085017701,108.0,ETIHAD_PARK,future,Etihad Park
ETIHAD_PARK,36085018704,96.0,ETIHAD_PARK,future,Etihad Park
ETIHAD_PARK,36061001501,60.0,ETIHAD_PARK,future,Etihad Park
ETIHAD_PARK,36061001600,57.0,ETIHAD_PARK,future,Etihad Park
ETIHAD_PARK,36061001800,55.0,ETIHAD_PARK,future,Etihad Park
ETIHAD_PARK,36061002000,69.0,ETIHAD_PARK,future,Etihad Park
ETIHAD_PARK,36061002201,61.0,ETIHAD_PARK,future,Etihad Park
ETIHAD_PARK,36061002202,61.0,ETIHAD_PARK,future,Etihad Park
ETIHAD_PARK,36061002400,69.0,ETIHAD_PARK,future,Etihad Park
ETIHAD_PARK,36061002601,62.0,ETIHAD_PARK,future,Etihad Park
ETIHAD_PARK,36061002602,62.0,ETIHAD_PARK,future,Etihad Park
ETIHAD_PARK,36061002700,58.0,ETIHAD_PARK,future,Etihad Park
ETIHAD_PARK,36061002800,60.0,ETIHAD_PARK,future,Etihad Park
ETIHAD_PARK,36061003001,56.0,ETIHAD_PARK,future,Etihad Park
ETIHAD_PARK,36061003100,54.0,ETIHAD_PARK,future,Etihad Park
ETIHAD_PARK,36061003300,54.0,ETIHAD_PARK,future,Etihad Park
ETIHAD_PARK,36061003601,53.0,ETIHAD_PARK,future,Etihad Park
ETIHAD_PARK,36061003800,52.0,ETIHAD_PARK,future,Etihad Park
ETIHAD_PARK,36061003900,62.0,ETIHAD_PARK,future,Etihad Park
ETIHAD_PARK,36061004200,50.0,ETIHAD_PARK,future,Etihad Park
ETIHAD_PARK,36061004300,51.0,ETIHAD_PARK,future,Etihad Park
ETIHAD_PARK,36061008602,52.0,ETIHAD_PARK,future,Etihad Park
ETIHAD_PARK,36061004500,54.0,ETIHAD_PARK,future,Etihad Park
ETIHAD_PARK,36061004700,55.0,ETIHAD_PARK,future,Etihad Park
ETIHAD_PARK,36061004900,53.0,ETIHAD_PARK,future,Etihad Park
ETIHAD_PARK,36061005400,49.0,ETIHAD_PARK,future,Etihad Park
ETIHAD_PARK,36061005501,51.0,ETIHAD_PARK,future,Etihad Park
ETIHAD_PARK,36061005600,47.0,ETIHAD_PARK,future,Etihad Park
ETIHAD_PARK,36061005700,49.0,ETIHAD_PARK,future,Etihad Park
ETIHAD_PARK,36061005800,47.0,ETIHAD_PARK,future,Etihad Park
ETIHAD_PARK,36061006000,64.0,ETIHAD_PARK,future,Etihad Park
ETIHAD_PARK,36061006100,50.0,ETIHAD_PARK,future,Etihad Park
ETIHAD_PARK,36061006200,64.0,ETIHAD_PARK,future,Etihad Park
ETIHAD_PARK,36061006400,51.0,ETIHAD_PARK,future,Etihad Park
ETIHAD_PARK,36061006500,50.0,ETIHAD_PARK,future,Etihad Park
ETIHAD_PARK,36061006700,50.0,ETIHAD_PARK,future,Etihad Park
ETIHAD_PARK,36061006800,48.0,ETIHAD_PARK,future,Etihad Park
ETIHAD_PARK,36061006900,60.0,ETIHAD_PARK,future,Etihad Park
ETIHAD_PARK,36061007100,49.0,ETIHAD_PARK,future,Etihad Park
ETIHAD_PARK,36061007300,50.0,ETIHAD_PARK,future,Etihad Park
ETIHAD_PARK,36047043700,69.0,ETIHAD_PARK,future,Etihad Park
ETIHAD_PARK,36061007500,59.0,ETIHAD_PARK,future,Etihad Park
ETIHAD_PARK,36061007600,45.0,ETIHAD_PARK,future,Etihad Park
ETIHAD_PARK,36061007800,47.0,ETIHAD_PARK,future,Etihad Park
ETIHAD_PARK,36061007900,58.0,ETIHAD_PARK,future,Etihad Park
ETIHAD_PARK,36061008100,47.0,ETIHAD_PARK,future,Etihad Park
ETIHAD_PARK,36061008400,44.0,ETIHAD_PARK,future,Etihad Park
ETIHAD_PARK,36061008700,48.0,ETIHAD_PARK,future,Etihad Park
ETIHAD_PARK,36061008800,42.0,ETIHAD_PARK,future,Etihad Park
ETIHAD_PARK,36061009000,39.0,ETIHAD_PARK,future,Etihad Park
ETIHAD_PARK,36061009200,39.0,ETIHAD_PARK,future,Etihad Park
ETIHAD_PARK,36061009300,48.0,ETIHAD_PARK,future,Etihad Park
ETIHAD_PARK,36061009400,39.0,ETIHAD_PARK,future,Etihad Park
ETIHAD_PARK,36061009600,43.0,ETIHAD_PARK,future,Etihad Park
ETIHAD_PARK,36061009800,37.0,ETIHAD_PARK,future,Etihad Park
ETIHAD_PARK,36061010000,36.0,ETIHAD_PARK,future,Etihad Park
ETIHAD_PARK,36061010200,36.0,ETIHAD_PARK,future,Etihad Park
ETIHAD_PARK,36061010300,48.0,ETIHAD_PARK,future,Etihad Park
ETIHAD_PARK,36061010400,40.0,ETIHAD_PARK,future,Etihad Park
ETIHAD_PARK,36059990100,,ETIHAD_PARK,future,Etihad Park
ETIHAD_PARK,36061011401,40.0,ETIHAD_PARK,future,Etihad Park
ETIHAD_PARK,36061011402,36.0,ETIHAD_PARK,future,Etihad Park
ETIHAD_PARK,36061011500,46.0,ETIHAD_PARK,future,Etihad Park
ETIHAD_PARK,36061011700,54.0,ETIHAD_PARK,future,Etihad Park
ETIHAD_PARK,36061011900,43.0,ETIHAD_PARK,future,Etihad Park
ETIHAD_PARK,36061012000,39.0,ETIHAD_PARK,future,Etihad Park
ETIHAD_PARK,36061012400,50.0,ETIHAD_PARK,future,Etihad Park
ETIHAD_PARK,36085018703,98.0,ETIHAD_PARK,future,Etihad Park
ETIHAD_PARK,36085020701,106.0,ETIHAD_PARK,future,Etihad Park
ETIHAD_PARK,36085020702,113.0,ETIHAD_PARK,future,Etihad Park
ETIHAD_PARK,36085009701,117.0,ETIHAD_PARK,future,Etihad Park
ETIHAD_PARK,36085009702,116.0,ETIHAD_PARK,future,Etihad Park
ETIHAD_PARK,36085005901,111.0,ETIHAD_PARK,future,Etihad Park
ETIHAD_PARK,36085029105,93.0,ETIHAD_PARK,future,Etihad Park
ETIHAD_PARK,36085004004,84.0,ETIHAD_PARK,future,Etihad Park
ETIHAD_PARK,36085004003,90.0,ETIHAD_PARK,future,Etihad Park
ETIHAD_PARK,36085004002,100.0,ETIHAD_PARK,future,Etihad Park
ETIHAD_PARK,36061012700,43.0,ETIHAD_PARK,future,Etihad Park
ETIHAD_PARK,36061012800,43.0,ETIHAD_PARK,future,Etihad Park
ETIHAD_PARK,36061013000,47.0,ETIHAD_PARK,future,Etihad Park
ETIHAD_PARK,36061013300,43.0,ETIHAD_PARK,future,Etihad Park
ETIHAD_PARK,36061013400,46.0,ETIHAD_PARK,future,Etihad Park
ETIHAD_PARK,36061013700,39.0,ETIHAD_PARK,future,Etihad Park
ETIHAD_PARK,36061014000,46.0,ETIHAD_PARK,future,Etihad Park
ETIHAD_PARK,36061014300,55.0,ETIHAD_PARK,future,Etihad Park
ETIHAD_PARK,36061014401,51.0,ETIHAD_PARK,future,Etihad Park
ETIHAD_PARK,36061014500,47.0,ETIHAD_PARK,future,Etihad Park
ETIHAD_PARK,36061014601,46.0,ETIHAD_PARK,future,Etihad Park
ETIHAD_PARK,36061014801,45.0,ETIHAD_PARK,future,Etihad Park
ETIHAD_PARK,36061014802,46.0,ETIHAD_PARK,future,Etihad Park
ETIHAD_PARK,36061014900,46.0,ETIHAD_PARK,future,Etihad Park
ETIHAD_PARK,36061015700,49.0,ETIHAD_PARK,future,Etihad Park
ETIHAD_PARK,36061015801,48.0,ETIHAD_PARK,future,Etihad Park
ETIHAD_PARK,36061015900,51.0,ETIHAD_PARK,future,Etihad Park
ETIHAD_PARK,36061016001,52.0,ETIHAD_PARK,future,Etihad Park
ETIHAD_PARK,36061016100,52.0,ETIHAD_PARK,future,Etihad Park
ETIHAD_PARK,36061016200,64.0,ETIHAD_PARK,future,Etihad Park
ETIHAD_PARK,36061016600,49.0,ETIHAD_PARK,future,Etihad Park
ETIHAD_PARK,36061016700,57.0,ETIHAD_PARK,future,Etihad Park
ETIHAD_PARK,36061016800,53.0,ETIHAD_PARK,future,Etihad Park
ETIHAD_PARK,36061017000,54.0,ETIHAD_PARK,future,Etihad Park
ETIHAD_PARK,36061017100,58.0,ETIHAD_PARK,future,Etihad Park
ETIHAD_PARK,36061017300,53.0,ETIHAD_PARK,future,Etihad Park
ETIHAD_PARK,36061017402,53.0,ETIHAD_PARK,future,Etihad Park
ETIHAD_PARK,36061017500,59.0,ETIHAD_PARK,future,Etihad Park
ETIHAD_PARK,36061017700,55.0,ETIHAD_PARK,future,Etihad Park
ETIHAD_PARK,36061017800,61.0,ETIHAD_PARK,future,Etihad Park
ETIHAD_PARK,36061018100,53.0,ETIHAD_PARK,future,Etihad Park
ETIHAD_PARK,36061018200,50.0,ETIHAD_PARK,future,Etihad Park
ETIHAD_PARK,36061018300,61.0,ETIHAD_PARK,future,Etihad Park
ETIHAD_PARK,36061018400,54.0,ETIHAD_PARK,future,Etihad Park
ETIHAD_PARK,36061018500,56.0,ETIHAD_PARK,future,Etihad Park
ETIHAD_PARK,36061018600,56.0,ETIHAD_PARK,future,Etihad Park
ETIHAD_PARK,36061018800,55.0,ETIHAD_PARK,future,Etihad Park
ETIHAD_PARK,36061019200,68.0,ETIHAD_PARK,future,Etihad Park
ETIHAD_PARK,36061019300,58.0,ETIHAD_PARK,future,Etihad Park
ETIHAD_PARK,36061019400,57.0,ETIHAD_PARK,future,Etihad Park
ETIHAD_PARK,36061019500,63.0,ETIHAD_PARK,future,Etihad Park
ETIHAD_PARK,36061019600,52.0,ETIHAD_PARK,future,Etihad Park
ETIHAD_PARK,36061019701,61.0,ETIHAD_PARK,future,Etihad Park
ETIHAD_PARK,36061019702,56.0,ETIHAD_PARK,future,Etihad Park
ETIHAD_PARK,36061020000,58.0,ETIHAD_PARK,future,Etihad Park
ETIHAD_PARK,36061020102,56.0,ETIHAD_PARK,future,Etihad Park
ETIHAD_PARK,36061020300,59.0,ETIHAD_PARK,future,Etihad Park
ETIHAD_PARK,36061022700,64.0,ETIHAD_PARK,future,Etihad Park
ETIHAD_PARK,36061020600,57.0,ETIHAD_PARK,future,Etihad Park
ETIHAD_PARK,36061020901,58.0,ETIHAD_PARK,future,Etihad Park
ETIHAD_PARK,36061021000,58.0,ETIHAD_PARK,future,Etihad Park
ETIHAD_PARK,36061021100,66.0,ETIHAD_PARK,future,Etihad Park
ETIHAD_PARK,36061021200,61.0,ETIHAD_PARK,future,Etihad Park
ETIHAD_PARK,36061021400,64.0,ETIHAD_PARK,future,Etihad Park
ETIHAD_PARK,36061021703,64.0,ETIHAD_PARK,future,Etihad Park
ETIHAD_PARK,36061021800,56.0,ETIHAD_PARK,future,Etihad Park
ETIHAD_PARK,36061021900,62.0,ETIHAD_PARK,future,Etihad Park
ETIHAD_PARK,36061022102,60.0,ETIHAD_PARK,future,Etihad Park
ETIHAD_PARK,36061022302,68.0,ETIHAD_PARK,future,Etihad Park
ETIHAD_PARK,36061022400,61.0,ETIHAD_PARK,future,Etihad Park
ETIHAD_PARK,36061022600,62.0,ETIHAD_PARK,future,Etihad Park
ETIHAD_PARK,36061022800,60.0,ETIHAD_PARK,future,Etihad Park
ETIHAD_PARK,36061022900,65.0,ETIHAD_PARK,future,Etihad Park
ETIHAD_PARK,36061023000,64.0,ETIHAD_PARK,future,Etihad Park
ETIHAD_PARK,36047152200,78.0,ETIHAD_PARK,future,Etihad Park
ETIHAD_PARK,36005009302,82.0,ETIHAD_PARK,future,Etihad Park
ETIHAD_PARK,36005009301,72.0,ETIHAD_PARK,future,Etihad Park
ETIHAD_PARK,36005011701,73.0,ETIHAD_PARK,future,Etihad Park
ETIHAD_PARK,36005051601,108.0,ETIHAD_PARK,future,Etihad Park
ETIHAD_PARK,36005001902,60.0,ETIHAD_PARK,future,Etihad Park
ETIHAD_PARK,36047150200,76.0,ETIHAD_PARK,future,Etihad Park
ETIHAD_PARK,36005002001,82.0,ETIHAD_PARK,future,Etihad Park
ETIHAD_PARK,36005002002,79.0,ETIHAD_PARK,future,Etihad Park
ETIHAD_PARK,36005018501,73.0,ETIHAD_PARK,future,Etihad Park
ETIHAD_PARK,36005001903,63.0,ETIHAD_PARK,future,Etihad Park
ETIHAD_PARK,36005051602,,ETIHAD_PARK,future,Etihad Park
ETIHAD_PARK,36005046208,85.0,ETIHAD_PARK,future,Etihad Park
ETIHAD_PARK,36005046207,90.0,ETIHAD_PARK,future,Etihad Park
ETIHAD_PARK,36005043101,78.0,ETIHAD_PARK,future,Etihad Park
ETIHAD_PARK,36005046203,91.0,ETIHAD_PARK,future,Etihad Park
ETIHAD_PARK,36005046209,90.0,ETIHAD_PARK,future,Etihad Park
ETIHAD_PARK,36005048402,93.0,ETIHAD_PARK,future,Etihad Park
ETIHAD_PARK,36005048401,88.0,ETIHAD_PARK,future,Etihad Park
ETIHAD_PARK,36005001904,,ETIHAD_PARK,future,Etihad Park
ETIHAD_PARK,36005046205,81.0,ETIHAD_PARK,future,Etihad Park
ETIHAD_PARK,36005006301,61.0,ETIHAD_PARK,future,Etihad Park
ETIHAD_PARK,36005030202,82.0,ETIHAD_PARK,future,Etihad Park
ETIHAD_PARK,36005043102,86.0,ETIHAD_PARK,future,Etihad Park
ETIHAD_PARK,36005030201,77.0,ETIHAD_PARK,future,Etihad Park
ETIHAD_PARK,36005038303,76.0,ETIHAD_PARK,future,Etihad Park
ETIHAD_PARK,36005011702,79.0,ETIHAD_PARK,future,Etihad Park
ETIHAD_PARK,36005018502,71.0,ETIHAD_PARK,future,Etihad Park
ETIHAD_PARK,36005006302,64.0,ETIHAD_PARK,future,Etihad Park
ETIHAD_PARK,36005046204,86.0,ETIHAD_PARK,future,Etihad Park
ETIHAD_PARK,36005046206,88.0,ETIHAD_PARK,future,Etihad Park
ETIHAD_PARK,36005038304,80.0,ETIHAD_PARK,future,Etihad Park
ETIHAD_PARK,36005001901,61.0,ETIHAD_PARK,future,Etihad Park
ETIHAD_PARK,36085990100,,ETIHAD_PARK,future,Etihad Park
ETIHAD_PARK,36005006100,64.0,ETIHAD_PARK,future,Etihad Park
ETIHAD_PARK,36005006400,66.0,ETIHAD_PARK,future,Etihad Park
ETIHAD_PARK,36005006700,64.0,ETIHAD_PARK,future,Etihad Park
ETIHAD_PARK,36005006800,67.0,ETIHAD_PARK,future,Etihad Park
ETIHAD_PARK,36005007000,64.0,ETIHAD_PARK,future,Etihad Park
ETIHAD_PARK,36005007100,64.0,ETIHAD_PARK,future,Etihad Park
ETIHAD_PARK,36005007300,63.0,ETIHAD_PARK,future,Etihad Park
ETIHAD_PARK,36005007500,65.0,ETIHAD_PARK,future,Etihad Park
ETIHAD_PARK,36005007700,65.0,ETIHAD_PARK,future,Etihad Park
ETIHAD_PARK,36005007800,57.0,ETIHAD_PARK,future,Etihad Park
ETIHAD_PARK,36005007900,64.0,ETIHAD_PARK,future,Etihad Park
ETIHAD_PARK,36005008400,68.0,ETIHAD_PARK,future,Etihad Park
ETIHAD_PARK,36005019700,61.0,ETIHAD_PARK,future,Etihad Park
ETIHAD_PARK,36047114400,67.0,ETIHAD_PARK,future,Etihad Park
ETIHAD_PARK,36005019900,65.0,ETIHAD_PARK,future,Etihad Park
ETIHAD_PARK,36005020100,72.0,ETIHAD_PARK,future,Etihad Park
ETIHAD_PARK,36047015200,99.0,ETIHAD_PARK,future,Etihad Park
ETIHAD_PARK,36005021200,61.0,ETIHAD_PARK,future,Etihad Park
ETIHAD_PARK,36005021301,71.0,ETIHAD_PARK,future,Etihad Park
ETIHAD_PARK,36005021302,70.0,ETIHAD_PARK,future,Etihad Park
ETIHAD_PARK,36005021501,71.0,ETIHAD_PARK,future,Etihad Park
ETIHAD_PARK,36005021502,70.0,ETIHAD_PARK,future,Etihad Park
ETIHAD_PARK,36005021602,61.0,ETIHAD_PARK,future,Etihad Park
ETIHAD_PARK,36005021800,60.0,ETIHAD_PARK,future,Etihad Park
ETIHAD_PARK,36005021900,64.0,ETIHAD_PARK,future,Etihad Park
ETIHAD_PARK,36005022000,68.0,ETIHAD_PARK,future,Etihad Park
ETIHAD_PARK,36047056100,49.0,ETIHAD_PARK,future,Etihad Park
ETIHAD_PARK,36005022300,65.0,ETIHAD_PARK,future,Etihad Park
ETIHAD_PARK,36005022401,76.0,ETIHAD_PARK,future,Etihad Park
ETIHAD_PARK,36005022500,71.0,ETIHAD_PARK,future,Etihad Park
ETIHAD_PARK,36005022702,65.0,ETIHAD_PARK,future,Etihad Park
ETIHAD_PARK,36047092400,76.0,ETIHAD_PARK,future,Etihad Park
ETIHAD_PARK,36005036901,76.0,ETIHAD_PARK,future,Etihad Park
ETIHAD_PARK,36047000501,64.0,ETIHAD_PARK,future,Etihad Park
ETIHAD_PARK,36005036400,86.0,ETIHAD_PARK,future,Etihad Park
ETIHAD_PARK,36005007200,60.0,ETIHAD_PARK,future,Etihad Park
ETIHAD_PARK,36005012101,69.0,ETIHAD_PARK,future,Etihad Park
ETIHAD_PARK,36005000200,86.0,ETIHAD_PARK,future,Etihad Park
ETIHAD_PARK,36005005400,67.0,ETIHAD_PARK,future,Etihad Park
ETIHAD_PARK,36047050801,78.0,ETIHAD_PARK,future,Etihad Park
ETIHAD_PARK,36005002701,60.0,ETIHAD_PARK,future,Etihad Park
ETIHAD_PARK,36005006200,67.0,ETIHAD_PARK,future,Etihad Park
ETIHAD_PARK,36005028700,81.0,ETIHAD_PARK,future,Etihad Park
ETIHAD_PARK,36047051001,82.0,ETIHAD_PARK,future,Etihad Park
ETIHAD_PARK,36005023100,77.0,ETIHAD_PARK,future,Etihad Park
ETIHAD_PARK,36005024100,67.0,ETIHAD_PARK,future,Etihad Park
ETIHAD_PARK,36047051602,84.0,ETIHAD_PARK,future,Etihad Park
ETIHAD_PARK,36047079601,76.0,ETIHAD_PARK,future,Etihad Park
ETIHAD_PARK,36047079602,79.0,ETIHAD_PARK,future,Etihad Park
ETIHAD_PARK,36005038200,91.0,ETIHAD_PARK,future,Etihad Park
ETIHAD_PARK,36005039600,84.0,ETIHAD_PARK,future,Etihad Park
ETIHAD_PARK,36005041500,84.0,ETIHAD_PARK,future,Etihad Park
ETIHAD_PARK,36005042901,86.0,ETIHAD_PARK,future,Etihad Park
ETIHAD_PARK,36005044901,86.0,ETIHAD_PARK,future,Etihad Park
ETIHAD_PARK,36005000100,95.0,ETIHAD_PARK,future,Etihad Park
ETIHAD_PARK,36005000400,81.0,ETIHAD_PARK,future,Etihad Park
ETIHAD_PARK,36005001600,72.0,ETIHAD_PARK,future,Etihad Park
ETIHAD_PARK,36005008500,67.0,ETIHAD_PARK,future,Etihad Park
ETIHAD_PARK,36005013000,79.0,ETIHAD_PARK,future,Etihad Park
ETIHAD_PARK,36005013200,87.0,ETIHAD_PARK,future,Etihad Park
ETIHAD_PARK,36005013500,75.0,ETIHAD_PARK,future,Etihad Park
ETIHAD_PARK,36005013800,98.0,ETIHAD_PARK,future,Etihad Park
ETIHAD_PARK,36005014300,72.0,ETIHAD_PARK,future,Etihad Park
ETIHAD_PARK,36005014400,68.0,ETIHAD_PARK,future,Etihad Park
ETIHAD_PARK,36005014900,77.0,ETIHAD_PARK,future,Etihad Park
ETIHAD_PARK,36005015100,73.0,ETIHAD_PARK,future,Etihad Park
ETIHAD_PARK,36005015500,70.0,ETIHAD_PARK,future,Etihad Park
ETIHAD_PARK,36005016000,95.0,ETIHAD_PARK,future,Etihad Park
ETIHAD_PARK,36005016100,69.0,ETIHAD_PARK,future,Etihad Park
ETIHAD_PARK,36005016200,66.0,ETIHAD_PARK,future,Etihad Park
ETIHAD_PARK,36005016300,78.0,ETIHAD_PARK,future,Etihad Park
ETIHAD_PARK,36005016500,79.0,ETIHAD_PARK,future,Etihad Park
ETIHAD_PARK,36005008900,66.0,ETIHAD_PARK,future,Etihad Park
ETIHAD_PARK,36047093200,96.0,ETIHAD_PARK,future,Etihad Park
ETIHAD_PARK,36005009200,57.0,ETIHAD_PARK,future,Etihad Park
ETIHAD_PARK,36047110400,81.0,ETIHAD_PARK,future,Etihad Park
ETIHAD_PARK,36005009800,60.0,ETIHAD_PARK,future,Etihad Park
ETIHAD_PARK,36047016600,92.0,ETIHAD_PARK,future,Etihad Park
ETIHAD_PARK,36005008600,66.0,ETIHAD_PARK,future,Etihad Park
ETIHAD_PARK,36005008700,66.0,ETIHAD_PARK,future,Etihad Park
ETIHAD_PARK,36005011000,,ETIHAD_PARK,future,Etihad Park
ETIHAD_PARK,36005011502,72.0,ETIHAD_PARK,future,Etihad Park
ETIHAD_PARK,36047111600,82.0,ETIHAD_PARK,future,Etihad Park
ETIHAD_PARK,36047004400,96.0,ETIHAD_PARK,future,Etihad Park
ETIHAD_PARK,36047030500,67.0,ETIHAD_PARK,future,Etihad Park
ETIHAD_PARK,36005002300,57.0,ETIHAD_PARK,future,Etihad Park
ETIHAD_PARK,36005002400,86.0,ETIHAD_PARK,future,Etihad Park
ETIHAD_PARK,36005002500,59.0,ETIHAD_PARK,future,Etihad Park
ETIHAD_PARK,36005002702,59.0,ETIHAD_PARK,future,Etihad Park
ETIHAD_PARK,36005002800,75.0,ETIHAD_PARK,future,Etihad Park
ETIHAD_PARK,36005003500,64.0,ETIHAD_PARK,future,Etihad Park
ETIHAD_PARK,36005003700,66.0,ETIHAD_PARK,future,Etihad Park
ETIHAD_PARK,36005003900,61.0,ETIHAD_PARK,future,Etihad Park
ETIHAD_PARK,36005004300,63.0,ETIHAD_PARK,future,Etihad Park
ETIHAD_PARK,36005004400,71.0,ETIHAD_PARK,future,Etihad Park
ETIHAD_PARK,36005004800,68.0,ETIHAD_PARK,future,Etihad Park
ETIHAD_PARK,36005016700,79.0,ETIHAD_PARK,future,Etihad Park
ETIHAD_PARK,36005016900,78.0,ETIHAD_PARK,future,Etihad Park
ETIHAD_PARK,36005017300,68.0,ETIHAD_PARK,future,Etihad Park
ETIHAD_PARK,36005016600,61.0,ETIHAD_PARK,future,Etihad Park
ETIHAD_PARK,36005017500,71.0,ETIHAD_PARK,future,Etihad Park
ETIHAD_PARK,36005018400,68.0,ETIHAD_PARK,future,Etihad Park
ETIHAD_PARK,36005018900,66.0,ETIHAD_PARK,future,Etihad Park
ETIHAD_PARK,36005019300,70.0,ETIHAD_PARK,future,Etihad Park
ETIHAD_PARK,36005019400,66.0,ETIHAD_PARK,future,Etihad Park
ETIHAD_PARK,36005011800,88.0,ETIHAD_PARK,future,Etihad Park
ETIHAD_PARK,36005012102,67.0,ETIHAD_PARK,future,Etihad Park
ETIHAD_PARK,36005012300,69.0,ETIHAD_PARK,future,Etihad Park
ETIHAD_PARK,36005012500,69.0,ETIHAD_PARK,future,Etihad Park
ETIHAD_PARK,36005012701,66.0,ETIHAD_PARK,future,Etihad Park
ETIHAD_PARK,36047076800,85.0,ETIHAD_PARK,future,Etihad Park
ETIHAD_PARK,36047094600,92.0,ETIHAD_PARK,future,Etihad Park
ETIHAD_PARK,36047119800,69.0,ETIHAD_PARK,future,Etihad Park
ETIHAD_PARK,36005040900,82.0,ETIHAD_PARK,future,Etihad Park
ETIHAD_PARK,36005041100,79.0,ETIHAD_PARK,future,Etihad Park
ETIHAD_PARK,36005041300,81.0,ETIHAD_PARK,future,Etihad Park
ETIHAD_PARK,36005041400,92.0,ETIHAD_PARK,future,Etihad Park
ETIHAD_PARK,36005041800,89.0,ETIHAD_PARK,future,Etihad Park
ETIHAD_PARK,36005040800,84.0,ETIHAD_PARK,future,Etihad Park
ETIHAD_PARK,36005041900,78.0,ETIHAD_PARK,future,Etihad Park
ETIHAD_PARK,36005042100,77.0,ETIHAD_PARK,future,Etihad Park
ETIHAD_PARK,36005042200,86.0,ETIHAD_PARK,future,Etihad Park
ETIHAD_PARK,36005042300,84.0,ETIHAD_PARK,future,Etihad Park
ETIHAD_PARK,36005042400,92.0,ETIHAD_PARK,future,Etihad Park
ETIHAD_PARK,36005042500,86.0,ETIHAD_PARK,future,Etihad Park
ETIHAD_PARK,36005042600,96.0,ETIHAD_PARK,future,Etihad Park
ETIHAD_PARK,36005042902,86.0,ETIHAD_PARK,future,Etihad Park
ETIHAD_PARK,36005043000,90.0,ETIHAD_PARK,future,Etihad Park
ETIHAD_PARK,36005035100,91.0,ETIHAD_PARK,future,Etihad Park
ETIHAD_PARK,36005035600,83.0,ETIHAD_PARK,future,Etihad Park
ETIHAD_PARK,36005035800,90.0,ETIHAD_PARK,future,Etihad Park
ETIHAD_PARK,36005035900,68.0,ETIHAD_PARK,future,Etihad Park
ETIHAD_PARK,36005036100,65.0,ETIHAD_PARK,future,Etihad Park
ETIHAD_PARK,36005036300,69.0,ETIHAD_PARK,future,Etihad Park
ETIHAD_PARK,36005036502,73.0,ETIHAD_PARK,future,Etihad Park
ETIHAD_PARK,36005036700,72.0,ETIHAD_PARK,future,Etihad Park
ETIHAD_PARK,36005036902,76.0,ETIHAD_PARK,future,Etihad Park
ETIHAD_PARK,36005043600,89.0,ETIHAD_PARK,future,Etihad Park
ETIHAD_PARK,36005044800,101.0,ETIHAD_PARK,future,Etihad Park
ETIHAD_PARK,36005045102,93.0,ETIHAD_PARK,future,Etihad Park
ETIHAD_PARK,36005045800,96.0,ETIHAD_PARK,future,Etihad Park
ETIHAD_PARK,36005037200,83.0,ETIHAD_PARK,future,Etihad Park
ETIHAD_PARK,36005037000,86.0,ETIHAD_PARK,future,Etihad Park
ETIHAD_PARK,36005037300,74.0,ETIHAD_PARK,future,Etihad Park
ETIHAD_PARK,36005037400,80.0,ETIHAD_PARK,future,Etihad Park
ETIHAD_PARK,36005050400,91.0,ETIHAD_PARK,future,Etihad Park
ETIHAD_PARK,36005004100,63.0,ETIHAD_PARK,future,Etihad Park
ETIHAD_PARK,36005011900,69.0,ETIHAD_PARK,future,Etihad Park
ETIHAD_PARK,36005024400,76.0,ETIHAD_PARK,future,Etihad Park
ETIHAD_PARK,36005031200,84.0,ETIHAD_PARK,future,Etihad Park
ETIHAD_PARK,36005031400,84.0,ETIHAD_PARK,future,Etihad Park
ETIHAD_PARK,36005032800,83.0,ETIHAD_PARK,future,Etihad Park
ETIHAD_PARK,36005039800,90.0,ETIHAD_PARK,future,Etihad Park
ETIHAD_PARK,36047088400,82.0,ETIHAD_PARK,future,Etihad Park
ETIHAD_PARK,36047088600,85.0,ETIHAD_PARK,future,Etihad Park
ETIHAD_PARK,36047089000,84.0,ETIHAD_PARK,future,Etihad Park
ETIHAD_PARK,36047089200,81.0,ETIHAD_PARK,future,Etihad Park
ETIHAD_PARK,36047089400,77.0,ETIHAD_PARK,future,Etihad Park
ETIHAD_PARK,36047089600,83.0,ETIHAD_PARK,future,Etihad Park
ETIHAD_PARK,36047004500,65.0,ETIHAD_PARK,future,Etihad Park
ETIHAD_PARK,36047004700,73.0,ETIHAD_PARK,future,Etihad Park
ETIHAD_PARK,36047004900,68.0,ETIHAD_PARK,future,Etihad Park
ETIHAD_PARK,36047005000,101.0,ETIHAD_PARK,future,Etihad Park
ETIHAD_PARK,36047005201,96.0,ETIHAD_PARK,future,Etihad Park
ETIHAD_PARK,36047005400,94.0,ETIHAD_PARK,future,Etihad Park
ETIHAD_PARK,36047005602,101.0,ETIHAD_PARK,future,Etihad Park
ETIHAD_PARK,36047005900,75.0,ETIHAD_PARK,future,Etihad Park
ETIHAD_PARK,36047006000,90.0,ETIHAD_PARK,future,Etihad Park
ETIHAD_PARK,36047006300,68.0,ETIHAD_PARK,future,Etihad Park
ETIHAD_PARK,36047006400,88.0,ETIHAD_PARK,future,Etihad Park
ETIHAD_PARK,36047006500,67.0,ETIHAD_PARK,future,Etihad Park
ETIHAD_PARK,36047006600,88.0,ETIHAD_PARK,future,Etihad Park
ETIHAD_PARK,36047006700,68.0,ETIHAD_PARK,future,Etihad Park
ETIHAD_PARK,36047006800,85.0,ETIHAD_PARK,future,Etihad Park
ETIHAD_PARK,36047007000,83.0,ETIHAD_PARK,future,Etihad Park
ETIHAD_PARK,36047007100,65.0,ETIHAD_PARK,future,Etihad Park
ETIHAD_PARK,36047007200,80.0,ETIHAD_PARK,future,Etihad Park
ETIHAD_PARK,36047007500,65.0,ETIHAD_PARK,future,Etihad Park
ETIHAD_PARK,36047008400,73.0,ETIHAD_PARK,future,Etihad Park
ETIHAD_PARK,36081038302,25.0,ETIHAD_PARK,future,Etihad Park
ETIHAD_PARK,36047008500,75.0,ETIHAD_PARK,future,Etihad Park
ETIHAD_PARK,36047008600,83.0,ETIHAD_PARK,future,Etihad Park
ETIHAD_PARK,36047008800,81.0,ETIHAD_PARK,future,Etihad Park
ETIHAD_PARK,36047009600,83.0,ETIHAD_PARK,future,Etihad Park
ETIHAD_PARK,36047009800,87.0,ETIHAD_PARK,future,Etihad Park
ETIHAD_PARK,36047010000,84.0,ETIHAD_PARK,future,Etihad Park
ETIHAD_PARK,36047010100,74.0,ETIHAD_PARK,future,Etihad Park
ETIHAD_PARK,36047011000,79.0,ETIHAD_PARK,future,Etihad Park
ETIHAD_PARK,36047011200,82.0,ETIHAD_PARK,future,Etihad Park
ETIHAD_PARK,36047011400,86.0,ETIHAD_PARK,future,Etihad Park
ETIHAD_PARK,36047011600,90.0,ETIHAD_PARK,future,Etihad Park
ETIHAD_PARK,36047011700,69.0,ETIHAD_PARK,future,Etihad Park
ETIHAD_PARK,36047012000,86.0,ETIHAD_PARK,future,Etihad Park
ETIHAD_PARK,36047012100,66.0,ETIHAD_PARK,future,Etihad Park
ETIHAD_PARK,36047012700,66.0,ETIHAD_PARK,future,Etihad Park
ETIHAD_PARK,36047012901,66.0,ETIHAD_PARK,future,Etihad Park
ETIHAD_PARK,36047012902,64.0,ETIHAD_PARK,future,Etihad Park
ETIHAD_PARK,36047013100,69.0,ETIHAD_PARK,future,Etihad Park
ETIHAD_PARK,36047013200,92.0,ETIHAD_PARK,future,Etihad Park
ETIHAD_PARK,36047013400,90.0,ETIHAD_PARK,future,Etihad Park
ETIHAD_PARK,36047013600,89.0,ETIHAD_PARK,future,Etihad Park
ETIHAD_PARK,36047013700,70.0,ETIHAD_PARK,future,Etihad Park
ETIHAD_PARK,36047013800,91.0,ETIHAD_PARK,future,Etihad Park
ETIHAD_PARK,36119007100,,ETIHAD_PARK,future,Etihad Park
ETIHAD_PARK,36081044400,58.0,ETIHAD_PARK,future,Etihad Park
ETIHAD_PARK,36081058200,67.0,ETIHAD_PARK,future,Etihad Park
ETIHAD_PARK,36081108500,42.0,ETIHAD_PARK,future,Etihad Park
ETIHAD_PARK,36081109300,47.0,ETIHAD_PARK,future,Etihad Park
ETIHAD_PARK,36081141700,47.0,ETIHAD_PARK,future,Etihad Park
ETIHAD_PARK,36081006202,71.0,ETIHAD_PARK,future,Etihad Park
ETIHAD_PARK,36061016900,54.0,ETIHAD_PARK,future,Etihad Park
ETIHAD_PARK,36061016400,51.0,ETIHAD_PARK,future,Etihad Park
ETIHAD_PARK,34031246300,110.0,ETIHAD_PARK,future,Etihad Park
ETIHAD_PARK,34031223900,114.0,ETIHAD_PARK,future,Etihad Park
ETIHAD_PARK,34031124900,110.0,ETIHAD_PARK,future,Etihad Park
ETIHAD_PARK,34031124402,93.0,ETIHAD_PARK,future,Etihad Park
ETIHAD_PARK,34039030704,107.0,ETIHAD_PARK,future,Etihad Park
ETIHAD_PARK,34017012800,102.0,ETIHAD_PARK,future,Etihad Park
ETIHAD_PARK,34017012900,97.0,ETIHAD_PARK,future,Etihad Park
ETIHAD_PARK,34039032004,104.0,ETIHAD_PARK,future,Etihad Park
ETIHAD_PARK,34039032401,91.0,ETIHAD_PARK,future,Etihad Park
ETIHAD_PARK,34039032102,,ETIHAD_PARK,future,Etihad Park
ETIHAD_PARK,34039032101,115.0,ETIHAD_PARK,future,Etihad Park
ETIHAD_PARK,34039032003,103.0,ETIHAD_PARK,future,Etihad Park
ETIHAD_PARK,34013021200,,ETIHAD_PARK,future,Etihad Park
ETIHAD_PARK,34013021602,,ETIHAD_PARK,future,Etihad Park
ETIHAD_PARK,34031175900,100.0,ETIHAD_PARK,future,Etihad Park
ETIHAD_PARK,34031124311,109.0,ETIHAD_PARK,future,Etihad Park
ETIHAD_PARK,34031124312,109.0,ETIHAD_PARK,future,Etihad Park
ETIHAD_PARK,34031124321,114.0,ETIHAD_PARK,future,Etihad Park
ETIHAD_PARK,34031124322,92.0,ETIHAD_PARK,future,Etihad Park
ETIHAD_PARK,34031124323,94.0,ETIHAD_PARK,future,Etihad Park
ETIHAD_PARK,34031124500,112.0,ETIHAD_PARK,future,Etihad Park
ETIHAD_PARK,34031125000,112.0,ETIHAD_PARK,future,Etihad Park
ETIHAD_PARK,34031125100,114.0,ETIHAD_PARK,future,Etihad Park
ETIHAD_PARK,34031124601,,ETIHAD_PARK,future,Etihad Park
ETIHAD_PARK,34031175200,103.0,ETIHAD_PARK,future,Etihad Park
ETIHAD_PARK,34013020902,,ETIHAD_PARK,future,Etihad Park
ETIHAD_PARK,34013021000,,ETIHAD_PARK,future,Etihad Park
ETIHAD_PARK,34013021100,,ETIHAD_PARK,future,Etihad Park
ETIHAD_PARK,34031182100,,ETIHAD_PARK,future,Etihad Park
ETIHAD_PARK,34031182600,107.0,ETIHAD_PARK,future,Etihad Park
ETIHAD_PARK,34031182800,,ETIHAD_PARK,future,Etihad Park
ETIHAD_PARK,34031182900,,ETIHAD_PARK,future,Etihad Park
ETIHAD_PARK,34013021801,,ETIHAD_PARK,future,Etihad Park
ETIHAD_PARK,34013008900,100.0,ETIHAD_PARK,future,Etihad Park
ETIHAD_PARK,34013000300,106.0,ETIHAD_PARK,future,Etihad Park
ETIHAD_PARK,34013020800,,ETIHAD_PARK,future,Etihad Park
ETIHAD_PARK,34013001600,104.0,ETIHAD_PARK,future,Etihad Park
ETIHAD_PARK,34013009400,107.0,ETIHAD_PARK,future,Etihad Park
ETIHAD_PARK,34013000700,102.0,ETIHAD_PARK,future,Etihad Park
ETIHAD_PARK,34013020700,,ETIHAD_PARK,future,Etihad Park
ETIHAD_PARK,34013002202,105.0,ETIHAD_PARK,future,Etihad Park
ETIHAD_PARK,34013012500,102.0,ETIHAD_PARK,future,Etihad Park
ETIHAD_PARK,34013016600,,ETIHAD_PARK,future,Etihad Park
ETIHAD_PARK,34003031200,91.0,ETIHAD_PARK,future,Etihad Park
ETIHAD_PARK,34003051100,86.0,ETIHAD_PARK,future,Etihad Park
ETIHAD_PARK,34013022800,94.0,ETIHAD_PARK,future,Etihad Park
ETIHAD_PARK,34013007800,88.0,ETIHAD_PARK,future,Etihad Park
ETIHAD_PARK,34013010600,96.0,ETIHAD_PARK,future,Etihad Park
ETIHAD_PARK,34013005100,88.0,ETIHAD_PARK,future,Etihad Park
ETIHAD_PARK,34017002400,77.0,ETIHAD_PARK,future,Etihad Park
ETIHAD_PARK,34017000902,83.0,ETIHAD_PARK,future,Etihad Park
ETIHAD_PARK,34013015300,,ETIHAD_PARK,future,Etihad Park
ETIHAD_PARK,34013001500,104.0,ETIHAD_PARK,future,Etihad Park
ETIHAD_PARK,34017011600,,ETIHAD_PARK,future,Etihad Park
ETIHAD_PARK,34017014700,71.0,ETIHAD_PARK,future,Etihad Park
ETIHAD_PARK,34017005600,100.0,ETIHAD_PARK,future,Etihad Park
ETIHAD_PARK,34017004300,88.0,ETIHAD_PARK,future,Etihad Park
ETIHAD_PARK,34017013000,99.0,ETIHAD_PARK,future,Etihad Park
ETIHAD_PARK,34017015300,73.0,ETIHAD_PARK,future,Etihad Park
ETIHAD_PARK,34017016800,62.0,ETIHAD_PARK,future,Etihad Park
ETIHAD_PARK,34017019400,72.0,ETIHAD_PARK,future,Etihad Park
ETIHAD_PARK,34017014000,87.0,ETIHAD_PARK,future,Etihad Park
ETIHAD_PARK,34017001400,78.0,ETIHAD_PARK,future,Etihad Park
ETIHAD_PARK,34017013200,104.0,ETIHAD_PARK,future,Etihad Park
ETIHAD_PARK,34017016200,68.0,ETIHAD_PARK,future,Etihad Park
ETIHAD_PARK,34017016600,65.0,ETIHAD_PARK,future,Etihad Park
ETIHAD_PARK,34017018000,63.0,ETIHAD_PARK,future,Etihad Park
ETIHAD_PARK,34017000400,84.0,ETIHAD_PARK,future,Etihad Park
ETIHAD_PARK,34017000500,75.0,ETIHAD_PARK,future,Etihad Park
ETIHAD_PARK,34017000700,74.0,ETIHAD_PARK,future,Etihad Park
ETIHAD_PARK,34017000800,73.0,ETIHAD_PARK,future,Etihad Park
ETIHAD_PARK,34017001100,79.0,ETIHAD_PARK,future,Etihad Park
ETIHAD_PARK,34017001202,79.0,ETIHAD_PARK,future,Etihad Park
ETIHAD_PARK,34017001300,76.0,ETIHAD_PARK,future,Etihad Park
ETIHAD_PARK,34013003900,100.0,ETIHAD_PARK,future,Etihad Park
ETIHAD_PARK,34017001800,84.0,ETIHAD_PARK,future,Etihad Park
ETIHAD_PARK,34017001900,76.0,ETIHAD_PARK,future,Etihad Park
ETIHAD_PARK,34013002100,110.0,ETIHAD_PARK,future,Etihad Park
ETIHAD_PARK,34013002500,106.0,ETIHAD_PARK,future,Etihad Park
ETIHAD_PARK,34013002000,111.0,ETIHAD_PARK,future,Etihad Park
ETIHAD_PARK,34013002600,102.0,ETIHAD_PARK,future,Etihad Park
ETIHAD_PARK,34013002800,98.0,ETIHAD_PARK,future,Etihad Park
ETIHAD_PARK,34013004100,102.0,ETIHAD_PARK,future,Etihad Park
ETIHAD_PARK,34013013800,114.0,ETIHAD_PARK,future,Etihad Park
ETIHAD_PARK,34013012800,91.0,ETIHAD_PARK,future,Etihad Park
ETIHAD_PARK,34013013400,106.0,ETIHAD_PARK,future,Etihad Park
ETIHAD_PARK,34013013500,104.0,ETIHAD_PARK,future,Etihad Park
ETIHAD_PARK,34013007200,94.0,ETIHAD_PARK,future,Etihad Park
ETIHAD_PARK,34013014100,117.0,ETIHAD_PARK,future,Etihad Park
ETIHAD_PARK,34013014200,,ETIHAD_PARK,future,Etihad Park
ETIHAD_PARK,34013016000,,ETIHAD_PARK,future,Etihad Park
ETIHAD_PARK,34013004802,90.0,ETIHAD_PARK,future,Etihad Park
ETIHAD_PARK,34013005200,94.0,ETIHAD_PARK,future,Etihad Park
ETIHAD_PARK,34013007300,88.0,ETIHAD_PARK,future,Etihad Park
ETIHAD_PARK,34013008200,102.0,ETIHAD_PARK,future,Etihad Park
ETIHAD_PARK,34013007501,88.0,ETIHAD_PARK,future,Etihad Park
ETIHAD_PARK,34031124602,,ETIHAD_PARK,future,Etihad Park
ETIHAD_PARK,34031124700,111.0,ETIHAD_PARK,future,Etihad Park
ETIHAD_PARK,34031124800,112.0,ETIHAD_PARK,future,Etihad Park
ETIHAD_PARK,34013008100,91.0,ETIHAD_PARK,future,Etihad Park
ETIHAD_PARK,34013008700,99.0,ETIHAD_PARK,future,Etihad Park
ETIHAD_PARK,34013017200,,ETIHAD_PARK,future,Etihad Park
ETIHAD_PARK,34013016100,,ETIHAD_PARK,future,Etihad Park
ETIHAD_PARK,34013016200,,ETIHAD_PARK,future,Etihad Park
ETIHAD_PARK,34013016400,,ETIHAD_PARK,future,Etihad Park
ETIHAD_PARK,34013016500,,ETIHAD_PARK,future,Etihad Park
ETIHAD_PARK,34013017100,,ETIHAD_PARK,future,Etihad Park
ETIHAD_PARK,34013017700,112.0,ETIHAD_PARK,future,Etihad Park
ETIHAD_PARK,34013018000,,ETIHAD_PARK,future,Etihad Park
ETIHAD_PARK,34013018800,114.0,ETIHAD_PARK,future,Etihad Park
ETIHAD_PARK,34013019000,,ETIHAD_PARK,future,Etihad Park
ETIHAD_PARK,34013019100,,ETIHAD_PARK,future,Etihad Park
ETIHAD_PARK,34013019600,109.0,ETIHAD_PARK,future,Etihad Park
ETIHAD_PARK,34013020100,,ETIHAD_PARK,future,Etihad Park
ETIHAD_PARK,34013020300,,ETIHAD_PARK,future,Etihad Park
ETIHAD_PARK,34003019202,85.0,ETIHAD_PARK,future,Etihad Park
ETIHAD_PARK,34003021600,98.0,ETIHAD_PARK,future,Etihad Park
ETIHAD_PARK,34013020500,,ETIHAD_PARK,future,Etihad Park
ETIHAD_PARK,34013020600,,ETIHAD_PARK,future,Etihad Park
ETIHAD_PARK,34017004500,90.0,ETIHAD_PARK,future,Etihad Park
ETIHAD_PARK,34013009200,105.0,ETIHAD_PARK,future,Etihad Park
ETIHAD_PARK,34013009300,105.0,ETIHAD_PARK,future,Etihad Park
ETIHAD_PARK,34013009600,110.0,ETIHAD_PARK,future,Etihad Park
ETIHAD_PARK,34017002900,83.0,ETIHAD_PARK,future,Etihad Park
ETIHAD_PARK,34017003000,83.0,ETIHAD_PARK,future,Etihad Park
ETIHAD_PARK,34017004200,92.0,ETIHAD_PARK,future,Etihad Park
ETIHAD_PARK,34017004400,89.0,ETIHAD_PARK,future,Etihad Park
ETIHAD_PARK,34017005300,95.0,ETIHAD_PARK,future,Etihad Park
ETIHAD_PARK,34017005400,110.0,ETIHAD_PARK,future,Etihad Park
ETIHAD_PARK,34017005801,96.0,ETIHAD_PARK,future,Etihad Park
ETIHAD_PARK,34017006000,99.0,ETIHAD_PARK,future,Etihad Park
ETIHAD_PARK,34013011200,99.0,ETIHAD_PARK,future,Etihad Park
ETIHAD_PARK,34013010200,114.0,ETIHAD_PARK,future,Etihad Park
ETIHAD_PARK,34013010300,110.0,ETIHAD_PARK,future,Etihad Park
ETIHAD_PARK,34013010700,101.0,ETIHAD_PARK,future,Etihad Park
ETIHAD_PARK,34013010900,106.0,ETIHAD_PARK,future,Etihad Park
ETIHAD_PARK,34013011100,98.0,ETIHAD_PARK,future,Etihad Park
ETIHAD_PARK,34013011300,96.0,ETIHAD_PARK,future,Etihad Park
ETIHAD_PARK,34013011800,109.0,ETIHAD_PARK,future,Etihad Park
ETIHAD_PARK,34013012100,108.0,ETIHAD_PARK,future,Etihad Park
ETIHAD_PARK,34017010400,,ETIHAD_PARK,future,Etihad Park
ETIHAD_PARK,34013012200,100.0,ETIHAD_PARK,future,Etihad Park
ETIHAD_PARK,34017006300,102.0,ETIHAD_PARK,future,Etihad Park
ETIHAD_PARK,34017010100,118.0,ETIHAD_PARK,future,Etihad Park
ETIHAD_PARK,34017010200,106.0,ETIHAD_PARK,future,Etihad Park
ETIHAD_PARK,34017010300,,ETIHAD_PARK,future,Etihad Park
ETIHAD_PARK,34017011000,112.0,ETIHAD_PARK,future,Etihad Park
ETIHAD_PARK,34017010500,114.0,ETIHAD_PARK,future,Etihad Park
ETIHAD_PARK,34017010800,,ETIHAD_PARK,future,Etihad Park
ETIHAD_PARK,34017010900,108.0,ETIHAD_PARK,future,Etihad Park
ETIHAD_PARK,34017011100,119.0,ETIHAD_PARK,future,Etihad Park
ETIHAD_PARK,34017012600,103.0,ETIHAD_PARK,future,Etihad Park
ETIHAD_PARK,34017011500,,ETIHAD_PARK,future,Etihad Park
ETIHAD_PARK,34017012400,112.0,ETIHAD_PARK,future,Etihad Park
ETIHAD_PARK,34017012500,108.0,ETIHAD_PARK,future,Etihad Park
ETIHAD_PARK,34003021500,99.0,ETIHAD_PARK,future,Etihad Park
ETIHAD_PARK,34031154006,103.0,ETIHAD_PARK,future,Etihad Park
ETIHAD_PARK,34003021200,114.0,ETIHAD_PARK,future,Etihad Park
ETIHAD_PARK,34003021400,103.0,ETIHAD_PARK,future,Etihad Park
ETIHAD_PARK,34031154003,104.0,ETIHAD_PARK,future,Etihad Park
ETIHAD_PARK,34031154004,113.0,ETIHAD_PARK,future,Etihad Park
ETIHAD_PARK,34031154005,105.0,ETIHAD_PARK,future,Etihad Park
ETIHAD_PARK,34031124202,,ETIHAD_PARK,future,Etihad Park
ETIHAD_PARK,34031175804,103.0,ETIHAD_PARK,future,Etihad Park
ETIHAD_PARK,34031124404,111.0,ETIHAD_PARK,future,Etihad Park
ETIHAD_PARK,34031175604,107.0,ETIHAD_PARK,future,Etihad Park
ETIHAD_PARK,34031124403,103.0,ETIHAD_PARK,future,Etihad Park
ETIHAD_PARK,34031175803,104.0,ETIHAD_PARK,future,Etihad Park
ETIHAD_PARK,34031183002,,ETIHAD_PARK,future,Etihad Park
ETIHAD_PARK,34031175603,109.0,ETIHAD_PARK,future,Etihad Park
ETIHAD_PARK,34031175502,111.0,ETIHAD_PARK,future,Etihad Park
ETIHAD_PARK,34031183001,,ETIHAD_PARK,future,Etihad Park
ETIHAD_PARK,34031175501,109.0,ETIHAD_PARK,future,Etihad Park
ETIHAD_PARK,34031124201,,ETIHAD_PARK,future,Etihad Park
ETIHAD_PARK,34003018101,86.0,ETIHAD_PARK,future,Etihad Park
ETIHAD_PARK,34023980000,,ETIHAD_PARK,future,Etihad Park
ETIHAD_PARK,34003006302,86.0,ETIHAD_PARK,future,Etihad Park
ETIHAD_PARK,34003013004,85.0,ETIHAD_PARK,future,Etihad Park
ETIHAD_PARK,34003006101,94.0,ETIHAD_PARK,future,Etihad Park
ETIHAD_PARK,34003054601,80.0,ETIHAD_PARK,future,Etihad Park
ETIHAD_PARK,34003021101,102.0,ETIHAD_PARK,future,Etihad Park
ETIHAD_PARK,34003030201,103.0,ETIHAD_PARK,future,Etihad Park
ETIHAD_PARK,34003021102,105.0,ETIHAD_PARK,future,Etihad Park
ETIHAD_PARK,34003006102,94.0,ETIHAD_PARK,future,Etihad Park
ETIHAD_PARK,34003023201,96.0,ETIHAD_PARK,future,Etihad Park
ETIHAD_PARK,34003015401,95.0,ETIHAD_PARK,future,Etihad Park
ETIHAD_PARK,34003045101,95.0,ETIHAD_PARK,future,Etihad Park
ETIHAD_PARK,34003060002,90.0,ETIHAD_PARK,future,Etihad Park
ETIHAD_PARK,34003023202,98.0,ETIHAD_PARK,future,Etihad Park
ETIHAD_PARK,34003054102,82.0,ETIHAD_PARK,future,Etihad Park
ETIHAD_PARK,34003054602,74.0,ETIHAD_PARK,future,Etihad Park
ETIHAD_PARK,34003030402,90.0,ETIHAD_PARK,future,Etihad Park
ETIHAD_PARK,34003030401,88.0,ETIHAD_PARK,future,Etihad Park
ETIHAD_PARK,34003030202,92.0,ETIHAD_PARK,future,Etihad Park
ETIHAD_PARK,34003054101,82.0,ETIHAD_PARK,future,Etihad Park
ETIHAD_PARK,34003045102,98.0,ETIHAD_PARK,future,Etihad Park
ETIHAD_PARK,34003015402,103.0,ETIHAD_PARK,future,Etihad Park
ETIHAD_PARK,34003060001,81.0,ETIHAD_PARK,future,Etihad Park
ETIHAD_PARK,34003023304,89.0,ETIHAD_PARK,future,Etihad Park
ETIHAD_PARK,34003006301,89.0,ETIHAD_PARK,future,Etihad Park
ETIHAD_PARK,34003018102,93.0,ETIHAD_PARK,future,Etihad Park
ETIHAD_PARK,34003023303,92.0,ETIHAD_PARK,future,Etihad Park
ETIHAD_PARK,34003013003,83.0,ETIHAD_PARK,future,Etihad Park
ETIHAD_PARK,34017000102,78.0,ETIHAD_PARK,future,Etihad Park
ETIHAD_PARK,34017018502,72.0,ETIHAD_PARK,future,Etihad Park
ETIHAD_PARK,34017018401,65.0,ETIHAD_PARK,future,Etihad Park
ETIHAD_PARK,34017007001,74.0,ETIHAD_PARK,future,Etihad Park
ETIHAD_PARK,34017007002,71.0,ETIHAD_PARK,future,Etihad Park
ETIHAD_PARK,34017010602,111.0,ETIHAD_PARK,future,Etihad Park
ETIHAD_PARK,34017010701,112.0,ETIHAD_PARK,future,Etihad Park
ETIHAD_PARK,34017010702,115.0,ETIHAD_PARK,future,Etihad Park
ETIHAD_PARK,34017003101,85.0,ETIHAD_PARK,future,Etihad Park
ETIHAD_PARK,34039031903,101.0,ETIHAD_PARK,future,Etihad Park
ETIHAD_PARK,34039030701,,ETIHAD_PARK,future,Etihad Park
ETIHAD_PARK,34039037700,,ETIHAD_PARK,future,Etihad Park
ETIHAD_PARK,34039030200,111.0,ETIHAD_PARK,future,Etihad Park
ETIHAD_PARK,34039030400,,ETIHAD_PARK,future,Etihad Park
ETIHAD_PARK,34039030600,,ETIHAD_PARK,future,Etihad Park
ETIHAD_PARK,34017018501,72.0,ETIHAD_PARK,future,Etihad Park
ETIHAD_PARK,34039038300,,ETIHAD_PARK,future,Etihad Park
ETIHAD_PARK,34039030802,112.0,ETIHAD_PARK,future,Etihad Park
ETIHAD_PARK,34039031100,106.0,ETIHAD_PARK,future,Etihad Park
ETIHAD_PARK,34039031500,83.0,ETIHAD_PARK,future,Etihad Park
ETIHAD_PARK,34039032500,100.0,ETIHAD_PARK,future,Etihad Park
ETIHAD_PARK,34013002204,105.0,ETIHAD_PARK,future,Etihad Park
ETIHAD_PARK,34013002203,111.0,ETIHAD_PARK,future,Etihad Park
ETIHAD_PARK,34039032200,85.0,ETIHAD_PARK,future,Etihad Park
ETIHAD_PARK,34039032300,84.0,ETIHAD_PARK,future,Etihad Park
ETIHAD_PARK,34039032600,113.0,ETIHAD_PARK,future,Etihad Park
ETIHAD_PARK,34039033502,105.0,ETIHAD_PARK,future,Etihad Park
ETIHAD_PARK,34039032402,87.0,ETIHAD_PARK,future,Etihad Park
ETIHAD_PARK,34039031301,83.0,ETIHAD_PARK,future,Etihad Park
ETIHAD_PARK,34039980000,112.0,ETIHAD_PARK,future,Etihad Park
ETIHAD_PARK,34039031302,91.0,ETIHAD_PARK,future,Etihad Park
ETIHAD_PARK,34039039801,,ETIHAD_PARK,future,Etihad Park
ETIHAD_PARK,34039032701,110.0,ETIHAD_PARK,future,Etihad Park
ETIHAD_PARK,34039030703,114.0,ETIHAD_PARK,future,Etihad Park
ETIHAD_PARK,34017006101,107.0,ETIHAD_PARK,future,Etihad Park
ETIHAD_PARK,34017005901,103.0,ETIHAD_PARK,future,Etihad Park
ETIHAD_PARK,34017006102,102.0,ETIHAD_PARK,future,Etihad Park
ETIHAD_PARK,34017007701,69.0,ETIHAD_PARK,future,Etihad Park
ETIHAD_PARK,34017007702,73.0,ETIHAD_PARK,future,Etihad Park
ETIHAD_PARK,34017005902,102.0,ETIHAD_PARK,future,Etihad Park
ETIHAD_PARK,34039032702,,ETIHAD_PARK,future,Etihad Park
ETIHAD_PARK,34039033501,91.0,ETIHAD_PARK,future,Etihad Park
ETIHAD_PARK,34017018402,63.0,ETIHAD_PARK,future,Etihad Park
ETIHAD_PARK,34017014801,76.0,ETIHAD_PARK,future,Etihad Park
ETIHAD_PARK,34017014802,75.0,ETIHAD_PARK,future,Etihad Park
ETIHAD_PARK,34017014401,87.0,ETIHAD_PARK,future,Etihad Park
ETIHAD_PARK,34017014402,86.0,ETIHAD_PARK,future,Etihad Park
ETIHAD_PARK,34017002002,78.0,ETIHAD_PARK,future,Etihad Park
ETIHAD_PARK,34017007602,77.0,ETIHAD_PARK,future,Etihad Park
ETIHAD_PARK,34017007601,73.0,ETIHAD_PARK,future,Etihad Park
ETIHAD_PARK,34017007703,72.0,ETIHAD_PARK,future,Etihad Park
ETIHAD_PARK,34017010601,,ETIHAD_PARK,future,Etihad Park
ETIHAD_PARK,34017015003,78.0,ETIHAD_PARK,future,Etihad Park
ETIHAD_PARK,34017000101,83.0,ETIHAD_PARK,future,Etihad Park
ETIHAD_PARK,34017002001,80.0,ETIHAD_PARK,future,Etihad Park
ETIHAD_PARK,34017004104,88.0,ETIHAD_PARK,future,Etihad Park
ETIHAD_PARK,34017004103,91.0,ETIHAD_PARK,future,Etihad Park
ETIHAD_PARK,34017003102,84.0,ETIHAD_PARK,future,Etihad Park
ETIHAD_PARK,34017015004,73.0,ETIHAD_PARK,future,Etihad Park
ETIHAD_PARK,34003015100,107.0,ETIHAD_PARK,future,Etihad Park
ETIHAD_PARK,34003025200,80.0,ETIHAD_PARK,future,Etihad Park
ETIHAD_PARK,34003046200,90.0,ETIHAD_PARK,future,Etihad Park
ETIHAD_PARK,34003038200,106.0,ETIHAD_PARK,future,Etihad Park
ETIHAD_PARK,34003033200,97.0,ETIHAD_PARK,future,Etihad Park
ETIHAD_PARK,34003023301,103.0,ETIHAD_PARK,future,Etihad Park
ETIHAD_PARK,34017013500,94.0,ETIHAD_PARK,future,Etihad Park
ETIHAD_PARK,34017013600,92.0,ETIHAD_PARK,future,Etihad Park
ETIHAD_PARK,34017013700,98.0,ETIHAD_PARK,future,Etihad Park
ETIHAD_PARK,34017013900,102.0,ETIHAD_PARK,future,Etihad Park
ETIHAD_PARK,34017014200,77.0,ETIHAD_PARK,future,Etihad Park
ETIHAD_PARK,34017014600,87.0,ETIHAD_PARK,future,Etihad Park
ETIHAD_PARK,34017014900,78.0,ETIHAD_PARK,future,Etihad Park
ETIHAD_PARK,34017015100,80.0,ETIHAD_PARK,future,Etihad Park
ETIHAD_PARK,34017015500,77.0,ETIHAD_PARK,future,Etihad Park
ETIHAD_PARK,34003054500,80.0,ETIHAD_PARK,future,Etihad Park
ETIHAD_PARK,34003019104,86.0,ETIHAD_PARK,future,Etihad Park
ETIHAD_PARK,34003019203,88.0,ETIHAD_PARK,future,Etihad Park
ETIHAD_PARK,34003019303,97.0,ETIHAD_PARK,future,Etihad Park
ETIHAD_PARK,34003019304,95.0,ETIHAD_PARK,future,Etihad Park
ETIHAD_PARK,34017014300,84.0,ETIHAD_PARK,future,Etihad Park
ETIHAD_PARK,34017015600,71.0,ETIHAD_PARK,future,Etihad Park
ETIHAD_PARK,34017015700,70.0,ETIHAD_PARK,future,Etihad Park
ETIHAD_PARK,34013015200,,ETIHAD_PARK,future,Etihad Park
ETIHAD_PARK,34013003700,103.0,ETIHAD_PARK,future,Etihad Park
ETIHAD_PARK,34013004300,94.0,ETIHAD_PARK,future,Etihad Park
ETIHAD_PARK,34013007600,86.0,ETIHAD_PARK,future,Etihad Park
ETIHAD_PARK,34013010800,107.0,ETIHAD_PARK,future,Etihad Park
ETIHAD_PARK,34013013200,99.0,ETIHAD_PARK,future,Etihad Park
ETIHAD_PARK,34013015900,111.0,ETIHAD_PARK,future,Etihad Park
ETIHAD_PARK,34013020000,,ETIHAD_PARK,future,Etihad Park
ETIHAD_PARK,34013000100,110.0,ETIHAD_PARK,future,Etihad Park
ETIHAD_PARK,34013000200,101.0,ETIHAD_PARK,future,Etihad Park
ETIHAD_PARK,34013000400,104.0,ETIHAD_PARK,future,Etihad Park
ETIHAD_PARK,34013000600,106.0,ETIHAD_PARK,future,Etihad Park
ETIHAD_PARK,34013001000,98.0,ETIHAD_PARK,future,Etihad Park
ETIHAD_PARK,34013001100,93.0,ETIHAD_PARK,future,Etihad Park
ETIHAD_PARK,34013001300,100.0,ETIHAD_PARK,future,Etihad Park
ETIHAD_PARK,34013009500,111.0,ETIHAD_PARK,future,Etihad Park
ETIHAD_PARK,34013000500,102.0,ETIHAD_PARK,future,Etihad Park
ETIHAD_PARK,34013018100,,ETIHAD_PARK,future,Etihad Park
ETIHAD_PARK,34013006900,93.0,ETIHAD_PARK,future,Etihad Park
ETIHAD_PARK,34013007700,87.0,ETIHAD_PARK,future,Etihad Park
ETIHAD_PARK,34013015600,116.0,ETIHAD_PARK,future,Etihad Park
ETIHAD_PARK,34013018900,106.0,ETIHAD_PARK,future,Etihad Park
ETIHAD_PARK,34013022700,89.0,ETIHAD_PARK,future,Etihad Park
ETIHAD_PARK,34013012900,92.0,ETIHAD_PARK,future,Etihad Park
ETIHAD_PARK,34013014300,,ETIHAD_PARK,future,Etihad Park
ETIHAD_PARK,34013004801,80.0,ETIHAD_PARK,future,Etihad Park
ETIHAD_PARK,34013017400,,ETIHAD_PARK,future,Etihad Park
ETIHAD_PARK,34003041200,96.0,ETIHAD_PARK,future,Etihad Park
ETIHAD_PARK,34017019200,75.0,ETIHAD_PARK,future,Etihad Park
ETIHAD_PARK,34017000200,74.0,ETIHAD_PARK,future,Etihad Park
ETIHAD_PARK,34017000300,69.0,ETIHAD_PARK,future,Etihad Park
ETIHAD_PARK,34017000600,77.0,ETIHAD_PARK,future,Etihad Park
ETIHAD_PARK,34017002200,80.0,ETIHAD_PARK,future,Etihad Park
ETIHAD_PARK,34003023401,87.0,ETIHAD_PARK,future,Etihad Park
ETIHAD_PARK,34003023402,83.0,ETIHAD_PARK,future,Etihad Park
ETIHAD_PARK,34003031100,,ETIHAD_PARK,future,Etihad Park
ETIHAD_PARK,34003025100,87.0,ETIHAD_PARK,future,Etihad Park
ETIHAD_PARK,34003055100,,ETIHAD_PARK,future,Etihad Park
ETIHAD_PARK,34003028001,82.0,ETIHAD_PARK,future,Etihad Park
ETIHAD_PARK,34003031300,106.0,ETIHAD_PARK,future,Etihad Park
ETIHAD_PARK,34003031400,100.0,ETIHAD_PARK,future,Etihad Park
ETIHAD_PARK,34003036100,83.0,ETIHAD_PARK,future,Etihad Park
ETIHAD_PARK,34003036200,86.0,ETIHAD_PARK,future,Etihad Park
ETIHAD_PARK,34013021601,,ETIHAD_PARK,future,Etihad Park
ETIHAD_PARK,34003030300,99.0,ETIHAD_PARK,future,Etihad Park
ETIHAD_PARK,34017017100,72.0,ETIHAD_PARK,future,Etihad Park
ETIHAD_PARK,34017017500,70.0,ETIHAD_PARK,future,Etihad Park
ETIHAD_PARK,34017002700,97.0,ETIHAD_PARK,future,Etihad Park
ETIHAD_PARK,34003023100,91.0,ETIHAD_PARK,future,Etihad Park
ETIHAD_PARK,34003028002,92.0,ETIHAD_PARK,future,Etihad Park
ETIHAD_PARK,34003029100,77.0,ETIHAD_PARK,future,Etihad Park
ETIHAD_PARK,34003029200,81.0,ETIHAD_PARK,future,Etihad Park
ETIHAD_PARK,34003030100,98.0,ETIHAD_PARK,future,Etihad Park
ETIHAD_PARK,34003033300,89.0,ETIHAD_PARK,future,Etihad Park
ETIHAD_PARK,34013021300,116.0,ETIHAD_PARK,future,Etihad Park
ETIHAD_PARK,34013021400,,ETIHAD_PARK,future,Etihad Park
ETIHAD_PARK,34013017301,,ETIHAD_PARK,future,Etihad Park
ETIHAD_PARK,34013017302,,ETIHAD_PARK,future,Etihad Park
ETIHAD_PARK,34013017500,,ETIHAD_PARK,future,Etihad Park
ETIHAD_PARK,34013017600,115.0,ETIHAD_PARK,future,Etihad Park
ETIHAD_PARK,34013017800,111.0,ETIHAD_PARK,future,Etihad Park
ETIHAD_PARK,34017017300,67.0,ETIHAD_PARK,future,Etihad Park
ETIHAD_PARK,34013015400,,ETIHAD_PARK,future,Etihad Park
ETIHAD_PARK,34013015500,,ETIHAD_PARK,future,Etihad Park
ETIHAD_PARK,34013015700,111.0,ETIHAD_PARK,future,Etihad Park
ETIHAD_PARK,34013015800,114.0,ETIHAD_PARK,future,Etihad Park
ETIHAD_PARK,34013016300,,ETIHAD_PARK,future,Etihad Park
ETIHAD_PARK,34013016700,,ETIHAD_PARK,future,Etihad Park
ETIHAD_PARK,34013016800,,ETIHAD_PARK,future,Etihad Park
ETIHAD_PARK,34013021802,,ETIHAD_PARK,future,Etihad Park
ETIHAD_PARK,34013021803,,ETIHAD_PARK,future,Etihad Park
ETIHAD_PARK,34013010400,105.0,ETIHAD_PARK,future,Etihad Park
ETIHAD_PARK,34013016900,,ETIHAD_PARK,future,Etihad Park
ETIHAD_PARK,34013017900,112.0,ETIHAD_PARK,future,Etihad Park
ETIHAD_PARK,34013018200,111.0,ETIHAD_PARK,future,Etihad Park
ETIHAD_PARK,34017016000,73.0,ETIHAD_PARK,future,Etihad Park
ETIHAD_PARK,34017016300,66.0,ETIHAD_PARK,future,Etihad Park
ETIHAD_PARK,34017016400,64.0,ETIHAD_PARK,future,Etihad Park
ETIHAD_PARK,34017016500,59.0,ETIHAD_PARK,future,Etihad Park
ETIHAD_PARK,34017016700,62.0,ETIHAD_PARK,future,Etihad Park
ETIHAD_PARK,34017016900,64.0,ETIHAD_PARK,future,Etihad Park
ETIHAD_PARK,34017017400,67.0,ETIHAD_PARK,future,Etihad Park
ETIHAD_PARK,34017017600,73.0,ETIHAD_PARK,future,Etihad Park
ETIHAD_PARK,34017017700,76.0,ETIHAD_PARK,future,Etihad Park
ETIHAD_PARK,34013018300,105.0,ETIHAD_PARK,future,Etihad Park
ETIHAD_PARK,34013018400,103.0,ETIHAD_PARK,future,Etihad Park
ETIHAD_PARK,34013018600,102.0,ETIHAD_PARK,future,Etihad Park
ETIHAD_PARK,34013018700,113.0,ETIHAD_PARK,future,Etihad Park
ETIHAD_PARK,34017019000,78.0,ETIHAD_PARK,future,Etihad Park
ETIHAD_PARK,34017017000,68.0,ETIHAD_PARK,future,Etihad Park
ETIHAD_PARK,34017014501,84.0,ETIHAD_PARK,future,Etihad Park
ETIHAD_PARK,34017014502,83.0,ETIHAD_PARK,future,Etihad Park
ETIHAD_PARK,34017001701,93.0,ETIHAD_PARK,future,Etihad Park
ETIHAD_PARK,34017003500,75.0,ETIHAD_PARK,future,Etihad Park
ETIHAD_PARK,34017004000,101.0,ETIHAD_PARK,future,Etihad Park
ETIHAD_PARK,34017004102,86.0,ETIHAD_PARK,future,Etihad Park
ETIHAD_PARK,34017004600,96.0,ETIHAD_PARK,future,Etihad Park
ETIHAD_PARK,34017017800,70.0,ETIHAD_PARK,future,Etihad Park
ETIHAD_PARK,34017017900,69.0,ETIHAD_PARK,future,Etihad Park
ETIHAD_PARK,34017018100,62.0,ETIHAD_PARK,future,Etihad Park
ETIHAD_PARK,34017018200,64.0,ETIHAD_PARK,future,Etihad Park
ETIHAD_PARK,34013019200,110.0,ETIHAD_PARK,future,Etihad Park
ETIHAD_PARK,34013019300,110.0,ETIHAD_PARK,future,Etihad Park
ETIHAD_PARK,34013019400,,ETIHAD_PARK,future,Etihad Park
ETIHAD_PARK,34013019500,,ETIHAD_PARK,future,Etihad Park
ETIHAD_PARK,34013019700,,ETIHAD_PARK,future,Etihad Park
ETIHAD_PARK,34013019800,118.0,ETIHAD_PARK,future,Etihad Park
ETIHAD_PARK,34013019900,113.0,ETIHAD_PARK,future,Etihad Park
ETIHAD_PARK,34013020200,,ETIHAD_PARK,future,Etihad Park
ETIHAD_PARK,34013020400,,ETIHAD_PARK,future,Etihad Park
ETIHAD_PARK,34013020901,,ETIHAD_PARK,future,Etihad Park
ETIHAD_PARK,34003019306,98.0,ETIHAD_PARK,future,Etihad Park
ETIHAD_PARK,34003023601,77.0,ETIHAD_PARK,future,Etihad Park
ETIHAD_PARK,34003023501,93.0,ETIHAD_PARK,future,Etihad Park
ETIHAD_PARK,34013006200,97.0,ETIHAD_PARK,future,Etihad Park
ETIHAD_PARK,34013017000,,ETIHAD_PARK,future,Etihad Park
ETIHAD_PARK,34013006600,96.0,ETIHAD_PARK,future,Etihad Park
ETIHAD_PARK,34013000900,99.0,ETIHAD_PARK,future,Etihad Park
ETIHAD_PARK,34039031601,86.0,ETIHAD_PARK,future,Etihad Park
ETIHAD_PARK,34003023602,83.0,ETIHAD_PARK,future,Etihad Park
ETIHAD_PARK,34003004001,85.0,ETIHAD_PARK,future,Etihad Park
ETIHAD_PARK,34039031801,106.0,ETIHAD_PARK,future,Etihad Park
ETIHAD_PARK,34039031904,97.0,ETIHAD_PARK,future,Etihad Park
ETIHAD_PARK,34039039900,95.0,ETIHAD_PARK,future,Etihad Park
ETIHAD_PARK,34039031802,102.0,ETIHAD_PARK,future,Etihad Park
ETIHAD_PARK,34017019100,76.0,ETIHAD_PARK,future,Etihad Park
ETIHAD_PARK,34017019300,71.0,ETIHAD_PARK,future,Etihad Park
ETIHAD_PARK,34017032400,77.0,ETIHAD_PARK,future,Etihad Park
ETIHAD_PARK,34017001201,79.0,ETIHAD_PARK,future,Etihad Park
ETIHAD_PARK,34017004800,104.0,ETIHAD_PARK,future,Etihad Park
ETIHAD_PARK,34017012700,,ETIHAD_PARK,future,Etihad Park
ETIHAD_PARK,34017016100,67.0,ETIHAD_PARK,future,Etihad Park
ETIHAD_PARK,34017004700,90.0,ETIHAD_PARK,future,Etihad Park
ETIHAD_PARK,34017004900,97.0,ETIHAD_PARK,future,Etihad Park
ETIHAD_PARK,34017005200,96.0,ETIHAD_PARK,future,Etihad Park
ETIHAD_PARK,34017013100,108.0,ETIHAD_PARK,future,Etihad Park
ETIHAD_PARK,34017013300,110.0,ETIHAD_PARK,future,Etihad Park
ETIHAD_PARK,34017013400,101.0,ETIHAD_PARK,future,Etihad Park
ETIHAD_PARK,34039031602,92.0,ETIHAD_PARK,future,Etihad Park
ETIHAD_PARK,34013002300,104.0,ETIHAD_PARK,future,Etihad Park
ETIHAD_PARK,34027041803,,ETIHAD_PARK,future,Etihad Park
ETIHAD_PARK,34023003500,,ETIHAD_PARK,future,Etihad Park
ETIHAD_PARK,34027041901,,ETIHAD_PARK,future,Etihad Park
ETIHAD_PARK,34027040803,,ETIHAD_PARK,future,Etihad Park
ETIHAD_PARK,34027041704,,ETIHAD_PARK,future,Etihad Park
ETIHAD_PARK,34027041902,,ETIHAD_PARK,future,Etihad Park
ETIHAD_PARK,34027040805,,ETIHAD_PARK,future,Etihad Park
ETIHAD_PARK,34003018200,93.0,ETIHAD_PARK,future,Etihad Park
ETIHAD_PARK,34003015500,92.0,ETIHAD_PARK,future,Etihad Park
ETIHAD_PARK,34003016000,,ETIHAD_PARK,future,Etihad Park
ETIHAD_PARK,34003005000,75.0,ETIHAD_PARK,future,Etihad Park
ETIHAD_PARK,34003019102,97.0,ETIHAD_PARK,future,Etihad Park
ETIHAD_PARK,34003011300,98.0,ETIHAD_PARK,future,Etihad Park
ETIHAD_PARK,34003011400,108.0,ETIHAD_PARK,future,Etihad Park
ETIHAD_PARK,34003015200,110.0,ETIHAD_PARK,future,Etihad Park
ETIHAD_PARK,34003015300,91.0,ETIHAD_PARK,future,Etihad Park
ETIHAD_PARK,34017002800,86.0,ETIHAD_PARK,future,Etihad Park
ETIHAD_PARK,34023001411,,ETIHAD_PARK,future,Etihad Park
ETIHAD_PARK,34031175704,97.0,ETIHAD_PARK,future,Etihad Park
ETIHAD_PARK,34031223802,118.0,ETIHAD_PARK,future,Etihad Park
ETIHAD_PARK,34023009000,,ETIHAD_PARK,future,Etihad Park
ETIHAD_PARK,34023002301,,ETIHAD_PARK,future,Etihad Park
ETIHAD_PARK,34003041302,100.0,ETIHAD_PARK,future,Etihad Park
ETIHAD_PARK,34003006202,99.0,ETIHAD_PARK,future,Etihad Park
ETIHAD_PARK,34031223801,,ETIHAD_PARK,future,Etihad Park
ETIHAD_PARK,34023002401,,ETIHAD_PARK,future,Etihad Park
ETIHAD_PARK,34013021701,,ETIHAD_PARK,future,Etihad Park
ETIHAD_PARK,34013023100,98.0,ETIHAD_PARK,future,Etihad Park
ETIHAD_PARK,34013023200,94.0,ETIHAD_PARK,future,Etihad Park
ETIHAD_PARK,34013980100,113.0,ETIHAD_PARK,future,Etihad Park
ETIHAD_PARK,34013021702,,ETIHAD_PARK,future,Etihad Park
ETIHAD_PARK,34013022900,92.0,ETIHAD_PARK,future,Etihad Park
ETIHAD_PARK,34013980200,108.0,ETIHAD_PARK,future,Etihad Park
ETIHAD_PARK,34031175801,100.0,ETIHAD_PARK,future,Etihad Park
ETIHAD_PARK,34013023000,96.0,ETIHAD_PARK,future,Etihad Park
ETIHAD_PARK,34031183102,113.0,ETIHAD_PARK,future,Etihad Park
ETIHAD_PARK,34017006800,91.0,ETIHAD_PARK,future,Etihad Park
ETIHAD_PARK,34031175301,108.0,ETIHAD_PARK,future,Etihad Park
ETIHAD_PARK,34031175401,105.0,ETIHAD_PARK,future,Etihad Park
ETIHAD_PARK,34031175601,103.0,ETIHAD_PARK,future,Etihad Park
ETIHAD_PARK,34031175701,96.0,ETIHAD_PARK,future,Etihad Park
ETIHAD_PARK,34031175703,101.0,ETIHAD_PARK,future,Etihad Park
ETIHAD_PARK,34031183101,110.0,ETIHAD_PARK,future,Etihad Park
ETIHAD_PARK,34017015001,75.0,ETIHAD_PARK,future,Etihad Park
ETIHAD_PARK,34017018302,70.0,ETIHAD_PARK,future,Etihad Park
ETIHAD_PARK,34017007400,76.0,ETIHAD_PARK,future,Etihad Park
ETIHAD_PARK,34017007800,79.0,ETIHAD_PARK,future,Etihad Park
ETIHAD_PARK,34017014101,77.0,ETIHAD_PARK,future,Etihad Park
ETIHAD_PARK,34017018301,77.0,ETIHAD_PARK,future,Etihad Park
ETIHAD_PARK,34031264101,118.0,ETIHAD_PARK,future,Etihad Park
ETIHAD_PARK,34031175302,112.0,ETIHAD_PARK,future,Etihad Park
ETIHAD_PARK,34017015801,72.0,ETIHAD_PARK,future,Etihad Park
ETIHAD_PARK,34017018702,68.0,ETIHAD_PARK,future,Etihad Park
ETIHAD_PARK,34017006600,87.0,ETIHAD_PARK,future,Etihad Park
ETIHAD_PARK,34017015201,73.0,ETIHAD_PARK,future,Etihad Park
ETIHAD_PARK,34017015202,70.0,ETIHAD_PARK,future,Etihad Park
ETIHAD_PARK,34031175402,102.0,ETIHAD_PARK,future,Etihad Park
ETIHAD_PARK,34017020100,80.0,ETIHAD_PARK,future,Etihad Park
ETIHAD_PARK,34017980100,,ETIHAD_PARK,future,Etihad Park
ETIHAD_PARK,34017006400,72.0,ETIHAD_PARK,future,Etihad Park
ETIHAD_PARK,34017006500,77.0,ETIHAD_PARK,future,Etihad Park
ETIHAD_PARK,34017020000,75.0,ETIHAD_PARK,future,Etihad Park
ETIHAD_PARK,34031264102,,ETIHAD_PARK,future,Etihad Park
ETIHAD_PARK,34017006700,87.0,ETIHAD_PARK,future,Etihad Park
ETIHAD_PARK,34017007500,74.0,ETIHAD_PARK,future,Etihad Park
ETIHAD_PARK,34017014102,83.0,ETIHAD_PARK,future,Etihad Park
ETIHAD_PARK,34017018701,73.0,ETIHAD_PARK,future,Etihad Park
ETIHAD_PARK,34017006900,91.0,ETIHAD_PARK,future,Etihad Park
ETIHAD_PARK,34017015802,67.0,ETIHAD_PARK,future,Etihad Park
ETIHAD_PARK,34017007100,79.0,ETIHAD_PARK,future,Etihad Park
ETIHAD_PARK,34017007200,80.0,ETIHAD_PARK,future,Etihad Park
ETIHAD_PARK,34017007300,85.0,ETIHAD_PARK,future,Etihad Park
ETIHAD_PARK,34017019800,84.0,ETIHAD_PARK,future,Etihad Park
ETIHAD_PARK,34017019900,85.0,ETIHAD_PARK,future,Etihad Park
ETIHAD_PARK,34027040102,,ETIHAD_PARK,future,Etihad Park
ETIHAD_PARK,34039032800,109.0,ETIHAD_PARK,future,Etihad Park
ETIHAD_PARK,34039034200,112.0,ETIHAD_PARK,future,Etihad Park
ETIHAD_PARK,34003012001,79.0,ETIHAD_PARK,future,Etihad Park
ETIHAD_PARK,34039032901,107.0,ETIHAD_PARK,future,Etihad Park
ETIHAD_PARK,34039033000,,ETIHAD_PARK,future,Etihad Park
ETIHAD_PARK,34039033100,99.0,ETIHAD_PARK,future,Etihad Park
ETIHAD_PARK,34039033200,101.0,ETIHAD_PARK,future,Etihad Park
ETIHAD_PARK,34039033300,105.0,ETIHAD_PARK,future,Etihad Park
ETIHAD_PARK,34039031000,113.0,ETIHAD_PARK,future,Etihad Park
ETIHAD_PARK,34039036100,,ETIHAD_PARK,future,Etihad Park
ETIHAD_PARK,34039031400,92.0,ETIHAD_PARK,future,Etihad Park
ETIHAD_PARK,34039033900,102.0,ETIHAD_PARK,future,Etihad Park
ETIHAD_PARK,34039035400,,ETIHAD_PARK,future,Etihad Park
ETIHAD_PARK,34039032002,110.0,ETIHAD_PARK,future,Etihad Park
ETIHAD_PARK,34039038601,,ETIHAD_PARK,future,Etihad Park
ETIHAD_PARK,34039034100,112.0,ETIHAD_PARK,future,Etihad Park
ETIHAD_PARK,34039033400,97.0,ETIHAD_PARK,future,Etihad Park
ETIHAD_PARK,34039033600,,ETIHAD_PARK,future,Etihad Park
ETIHAD_PARK,34039033700,109.0,ETIHAD_PARK,future,Etihad Park
ETIHAD_PARK,34039033800,109.0,ETIHAD_PARK,future,Etihad Park
ETIHAD_PARK,34039034000,104.0,ETIHAD_PARK,future,Etihad Park
ETIHAD_PARK,34039034300,,ETIHAD_PARK,future,Etihad Park
ETIHAD_PARK,34039034400,,ETIHAD_PARK,future,Etihad Park
ETIHAD_PARK,34039037200,111.0,ETIHAD_PARK,future,Etihad Park
ETIHAD_PARK,34039032902,109.0,ETIHAD_PARK,future,Etihad Park
ETIHAD_PARK,34039037602,,ETIHAD_PARK,future,Etihad Park
ETIHAD_PARK,34039035200,,ETIHAD_PARK,future,Etihad Park
ETIHAD_PARK,34039031700,93.0,ETIHAD_PARK,future,Etihad Park
ETIHAD_PARK,34039031200,102.0,ETIHAD_PARK,future,Etihad Park
ETIHAD_PARK,34039030900,117.0,ETIHAD_PARK,future,Etihad Park
ETIHAD_PARK,34039034500,,ETIHAD_PARK,future,Etihad Park
ETIHAD_PARK,34039034600,,ETIHAD_PARK,future,Etihad Park
ETIHAD_PARK,34039034700,114.0,ETIHAD_PARK,future,Etihad Park
ETIHAD_PARK,34017012300,102.0,ETIHAD_PARK,future,Etihad Park
ETIHAD_PARK,34039030500,,ETIHAD_PARK,future,Etihad Park
ETIHAD_PARK,34039034800,,ETIHAD_PARK,future,Etihad Park
ETIHAD_PARK,34039034900,,ETIHAD_PARK,future,Etihad Park
ETIHAD_PARK,34039035000,,ETIHAD_PARK,future,Etihad Park
ETIHAD_PARK,34039035100,110.0,ETIHAD_PARK,future,Etihad Park
ETIHAD_PARK,34039035300,113.0,ETIHAD_PARK,future,Etihad Park
ETIHAD_PARK,34039035500,119.0,ETIHAD_PARK,future,Etihad Park
ETIHAD_PARK,34039035600,,ETIHAD_PARK,future,Etihad Park
ETIHAD_PARK,34039035800,117.0,ETIHAD_PARK,future,Etihad Park
ETIHAD_PARK,34039035900,106.0,ETIHAD_PARK,future,Etihad Park
ETIHAD_PARK,34039036000,117.0,ETIHAD_PARK,future,Etihad Park
ETIHAD_PARK,34039036200,,ETIHAD_PARK,future,Etihad Park
ETIHAD_PARK,34039036301,,ETIHAD_PARK,future,Etihad Park
ETIHAD_PARK,34039036302,,ETIHAD_PARK,future,Etihad Park
ETIHAD_PARK,34039035700,116.0,ETIHAD_PARK,future,Etihad Park
ETIHAD_PARK,34017017200,67.0,ETIHAD_PARK,future,Etihad Park
ETIHAD_PARK,34017002300,76.0,ETIHAD_PARK,future,Etihad Park
ETIHAD_PARK,34017001000,84.0,ETIHAD_PARK,future,Etihad Park
ETIHAD_PARK,34017015900,70.0,ETIHAD_PARK,future,Etihad Park
ETIHAD_PARK,34017013800,90.0,ETIHAD_PARK,future,Etihad Park
ETIHAD_PARK,34017018800,73.0,ETIHAD_PARK,future,Etihad Park
ETIHAD_PARK,34017006200,99.0,ETIHAD_PARK,future,Etihad Park
ETIHAD_PARK,34017005500,95.0,ETIHAD_PARK,future,Etihad Park
ETIHAD_PARK,34039036900,113.0,ETIHAD_PARK,future,Etihad Park
ETIHAD_PARK,34039036400,,ETIHAD_PARK,future,Etihad Park
ETIHAD_PARK,34039036500,,ETIHAD_PARK,future,Etihad Park
ETIHAD_PARK,34039036600,115.0,ETIHAD_PARK,future,Etihad Park
ETIHAD_PARK,34039036700,,ETIHAD_PARK,future,Etihad Park
ETIHAD_PARK,34039036800,,ETIHAD_PARK,future,Etihad Park
ETIHAD_PARK,34039037100,,ETIHAD_PARK,future,Etihad Park
ETIHAD_PARK,34039037000,,ETIHAD_PARK,future,Etihad Park
ETIHAD_PARK,34039037300,,ETIHAD_PARK,future,Etihad Park
ETIHAD_PARK,34039037400,,ETIHAD_PARK,future,Etihad Park
ETIHAD_PARK,34039037500,110.0,ETIHAD_PARK,future,Etihad Park
ETIHAD_PARK,34039037601,,ETIHAD_PARK,future,Etihad Park
ETIHAD_PARK,34039038000,,ETIHAD_PARK,future,Etihad Park
ETIHAD_PARK,34003038100,119.0,ETIHAD_PARK,future,Etihad Park
ETIHAD_PARK,34003038300,116.0,ETIHAD_PARK,future,Etihad Park
ETIHAD_PARK,34003054400,86.0,ETIHAD_PARK,future,Etihad Park
ETIHAD_PARK,34003050000,105.0,ETIHAD_PARK,future,Etihad Park
ETIHAD_PARK,34003051200,93.0,ETIHAD_PARK,future,Etihad Park
ETIHAD_PARK,34003051300,82.0,ETIHAD_PARK,future,Etihad Park
ETIHAD_PARK,34003054200,81.0,ETIHAD_PARK,future,Etihad Park
ETIHAD_PARK,34003054300,103.0,ETIHAD_PARK,future,Etihad Park
ETIHAD_PARK,34003041100,97.0,ETIHAD_PARK,future,Etihad Park
ETIHAD_PARK,34003051400,89.0,ETIHAD_PARK,future,Etihad Park
ETIHAD_PARK,34003019204,92.0,ETIHAD_PARK,future,Etihad Park
ETIHAD_PARK,34003045200,103.0,ETIHAD_PARK,future,Etihad Park
ETIHAD_PARK,34003004002,91.0,ETIHAD_PARK,future,Etihad Park
ETIHAD_PARK,34003052200,104.0,ETIHAD_PARK,future,Etihad Park
ETIHAD_PARK,34003046100,80.0,ETIHAD_PARK,future,Etihad Park
ETIHAD_PARK,34003023502,89.0,ETIHAD_PARK,future,Etihad Park
ETIHAD_PARK,34003013002,90.0,ETIHAD_PARK,future,Etihad Park
ETIHAD_PARK,34003006201,91.0,ETIHAD_PARK,future,Etihad Park
ETIHAD_PARK,34003012002,87.0,ETIHAD_PARK,future,Etihad Park
ETIHAD_PARK,34003019103,92.0,ETIHAD_PARK,future,Etihad Park
ETIHAD_PARK,34003019305,94.0,ETIHAD_PARK,future,Etihad Park
ETIHAD_PARK,34003041301,93.0,ETIHAD_PARK,future,Etihad Park
ETIHAD_PARK,34003021300,107.0,ETIHAD_PARK,future,Etihad Park
ETIHAD_PARK,34003046300,75.0,ETIHAD_PARK,future,Etihad Park
ETIHAD_PARK,34013006400,97.0,ETIHAD_PARK,future,Etihad Park
ETIHAD_PARK,34003057101,94.0,ETIHAD_PARK,future,Etihad Park
ETIHAD_PARK,34003057102,92.0,ETIHAD_PARK,future,Etihad Park
ETIHAD_PARK,34003057200,93.0,ETIHAD_PARK,future,Etihad Park
ETIHAD_PARK,34013001700,109.0,ETIHAD_PARK,future,Etihad Park
ETIHAD_PARK,34013001800,105.0,ETIHAD_PARK,future,Etihad Park
ETIHAD_PARK,34013001900,103.0,ETIHAD_PARK,future,Etihad Park
ETIHAD_PARK,34013002400,108.0,ETIHAD_PARK,future,Etihad Park
ETIHAD_PARK,34013003100,97.0,ETIHAD_PARK,future,Etihad Park
ETIHAD_PARK,34013003500,102.0,ETIHAD_PARK,future,Etihad Park
ETIHAD_PARK,34013003800,100.0,ETIHAD_PARK,future,Etihad Park
ETIHAD_PARK,34013004200,101.0,ETIHAD_PARK,future,Etihad Park
ETIHAD_PARK,34013004400,85.0,ETIHAD_PARK,future,Etihad Park
ETIHAD_PARK,34013004500,86.0,ETIHAD_PARK,future,Etihad Park
ETIHAD_PARK,34013004600,83.0,ETIHAD_PARK,future,Etihad Park
ETIHAD_PARK,34013004700,84.0,ETIHAD_PARK,future,Etihad Park
ETIHAD_PARK,34013004900,81.0,ETIHAD_PARK,future,Etihad Park
ETIHAD_PARK,34013005000,87.0,ETIHAD_PARK,future,Etihad Park
ETIHAD_PARK,34013005300,95.0,ETIHAD_PARK,future,Etihad Park
ETIHAD_PARK,34013005400,94.0,ETIHAD_PARK,future,Etihad Park
ETIHAD_PARK,34013005700,86.0,ETIHAD_PARK,future,Etihad Park
ETIHAD_PARK,34013006700,90.0,ETIHAD_PARK,future,Etihad Park
ETIHAD_PARK,34013006800,95.0,ETIHAD_PARK,future,Etihad Park
ETIHAD_PARK,34013007000,97.0,ETIHAD_PARK,future,Etihad Park
ETIHAD_PARK,34013007100,99.0,ETIHAD_PARK,future,Etihad Park
ETIHAD_PARK,34013008000,83.0,ETIHAD_PARK,future,Etihad Park
ETIHAD_PARK,34013008800,93.0,ETIHAD_PARK,future,Etihad Park
ETIHAD_PARK,34013009000,101.0,ETIHAD_PARK,future,Etihad Park
ETIHAD_PARK,34013009100,101.0,ETIHAD_PARK,future,Etihad Park
ETIHAD_PARK,34017005802,,ETIHAD_PARK,future,Etihad Park
ETIHAD_PARK,34013007400,109.0,ETIHAD_PARK,future,Etihad Park
ETIHAD_PARK,34013007502,101.0,ETIHAD_PARK,future,Etihad Park
ETIHAD_PARK,34013007900,80.0,ETIHAD_PARK,future,Etihad Park
ETIHAD_PARK,34013009700,114.0,ETIHAD_PARK,future,Etihad Park
ETIHAD_PARK,34013009900,118.0,ETIHAD_PARK,future,Etihad Park
ETIHAD_PARK,34013010000,114.0,ETIHAD_PARK,future,Etihad Park
ETIHAD_PARK,34013000800,98.0,ETIHAD_PARK,future,Etihad Park
ETIHAD_PARK,34013001400,101.0,ETIHAD_PARK,future,Etihad Park
ETIHAD_PARK,34013010100,105.0,ETIHAD_PARK,future,Etihad Park
ETIHAD_PARK,34013010500,103.0,ETIHAD_PARK,future,Etihad Park
ETIHAD_PARK,34013011400,115.0,ETIHAD_PARK,future,Etihad Park
ETIHAD_PARK,34013011500,110.0,ETIHAD_PARK,future,Etihad Park
ETIHAD_PARK,34013011600,107.0,ETIHAD_PARK,future,Etihad Park
ETIHAD_PARK,34013011700,108.0,ETIHAD_PARK,future,Etihad Park
ETIHAD_PARK,34013011900,95.0,ETIHAD_PARK,future,Etihad Park
ETIHAD_PARK,34013012000,107.0,ETIHAD_PARK,future,Etihad Park
ETIHAD_PARK,34013012300,100.0,ETIHAD_PARK,future,Etihad Park
ETIHAD_PARK,34013012400,99.0,ETIHAD_PARK,future,Etihad Park
ETIHAD_PARK,34013012600,101.0,ETIHAD_PARK,future,Etihad Park
ETIHAD_PARK,34013012700,94.0,ETIHAD_PARK,future,Etihad Park
ETIHAD_PARK,34013013000,96.0,ETIHAD_PARK,future,Etihad Park
ETIHAD_PARK,34013013100,91.0,ETIHAD_PARK,future,Etihad Park
ETIHAD_PARK,34017011200,,ETIHAD_PARK,future,Etihad Park
ETIHAD_PARK,34017018900,75.0,ETIHAD_PARK,future,Etihad Park
ETIHAD_PARK,34017018600,70.0,ETIHAD_PARK,future,Etihad Park
ETIHAD_PARK,34017011300,116.0,ETIHAD_PARK,future,Etihad Park
ETIHAD_PARK,34017011400,,ETIHAD_PARK,future,Etihad Park
ETIHAD_PARK,34013013300,99.0,ETIHAD_PARK,future,Etihad Park
ETIHAD_PARK,34013014500,,ETIHAD_PARK,future,Etihad Park
ETIHAD_PARK,34013014600,,ETIHAD_PARK,future,Etihad Park
ETIHAD_PARK,34013014700,112.0,ETIHAD_PARK,future,Etihad Park
ETIHAD_PARK,34013014800,,ETIHAD_PARK,future,Etihad Park
ETIHAD_PARK,34013014900,107.0,ETIHAD_PARK,future,Etihad Park
ETIHAD_PARK,34013015000,,ETIHAD_PARK,future,Etihad Park
ETIHAD_PARK,34013015100,,ETIHAD_PARK,future,Etihad Park
ETIHAD_PARK,34013013900,117.0,ETIHAD_PARK,future,Etihad Park
ETIHAD_PARK,34013014000,114.0,ETIHAD_PARK,future,Etihad Park
ETIHAD_PARK,34013014400,119.0,ETIHAD_PARK,future,Etihad Park
ETIHAD_PARK,34013013600,112.0,ETIHAD_PARK,future,Etihad Park
ETIHAD_PARK,34013013700,114.0,ETIHAD_PARK,future,Etihad Park
