from_id,GEOID,travel_time_minutes,site_label,site_name
NWMW84L5lz,36093033102,,current,Red Bull Arena
NWMW84L5lz,36093020102,,current,Red Bull Arena
NWMW84L5lz,36093032504,,current,Red Bull Arena
NWMW84L5lz,36081003400,102.0,current,Red Bull Arena
NWMW84L5lz,36081003900,99.0,current,Red Bull Arena
NWMW84L5lz,36065026502,,current,Red Bull Arena
NWMW84L5lz,36065026501,,current,Red Bull Arena
NWMW84L5lz,36065021104,,current,Red Bull Arena
NWMW84L5lz,36081003600,101.0,current,Red Bull Arena
NWMW84L5lz,36081003700,100.0,current,Red Bull Arena
NWMW84L5lz,36081003800,99.0,current,Red Bull Arena
NWMW84L5lz,36081004001,98.0,current,Red Bull Arena
NWMW84L5lz,36081004200,95.0,current,Red Bull Arena
NWMW84L5lz,36081004300,95.0,current,Red Bull Arena
NWMW84L5lz,36081077907,,current,Red Bull Arena
NWMW84L5lz,36081024000,108.0,current,Red Bull Arena
NWMW84L5lz,36081024300,108.0,current,Red Bull Arena
NWMW84L5lz,36081077908,,current,Red Bull Arena
NWMW84L5lz,36081024500,102.0,current,Red Bull Arena
NWMW84L5lz,36081024900,97.0,current,Red Bull Arena
NWMW84L5lz,36081025100,96.0,current,Red Bull Arena
NWMW84L5lz,36081025500,102.0,current,Red Bull Arena
NWMW84L5lz,36081025700,101.0,current,Red Bull Arena
NWMW84L5lz,36081097204,,current,Red Bull Arena
NWMW84L5lz,36081100801,,current,Red Bull Arena
NWMW84L5lz,36007012701,,current,Red Bull Arena
NWMW84L5lz,36029980500,,current,Red Bull Arena
NWMW84L5lz,36029004601,,current,Red Bull Arena
NWMW84L5lz,36081102900,,current,Red Bull Arena
NWMW84L5lz,36047021100,88.0,current,Red Bull Arena
NWMW84L5lz,36081025800,119.0,current,Red Bull Arena
NWMW84L5lz,36081026000,,current,Red Bull Arena
NWMW84L5lz,36081026200,,current,Red Bull Arena
NWMW84L5lz,36081026300,92.0,current,Red Bull Arena
NWMW84L5lz,36081026600,,current,Red Bull Arena
NWMW84L5lz,36047048500,81.0,current,Red Bull Arena
NWMW84L5lz,36081107202,,current,Red Bull Arena
NWMW84L5lz,36081103201,,current,Red Bull Arena
NWMW84L5lz,36081103202,,current,Red Bull Arena
NWMW84L5lz,36081103900,,current,Red Bull Arena
NWMW84L5lz,36081104700,,current,Red Bull Arena
NWMW84L5lz,36081105900,,current,Red Bull Arena
NWMW84L5lz,36081027000,119.0,current,Red Bull Arena
NWMW84L5lz,36081027200,116.0,current,Red Bull Arena
NWMW84L5lz,36081027400,,current,Red Bull Arena
NWMW84L5lz,36081027800,,current,Red Bull Arena
NWMW84L5lz,36081027900,100.0,current,Red Bull Arena
NWMW84L5lz,36081028000,,current,Red Bull Arena
NWMW84L5lz,36081028100,98.0,current,Red Bull Arena
NWMW84L5lz,36081028200,,current,Red Bull Arena
NWMW84L5lz,36081028400,,current,Red Bull Arena
NWMW84L5lz,36081094500,,current,Red Bull Arena
NWMW84L5lz,36081094700,119.0,current,Red Bull Arena
NWMW84L5lz,36081096400,118.0,current,Red Bull Arena
NWMW84L5lz,36047062000,115.0,current,Red Bull Arena
NWMW84L5lz,36081097300,,current,Red Bull Arena
NWMW84L5lz,36081098100,,current,Red Bull Arena
NWMW84L5lz,36081098700,,current,Red Bull Arena
NWMW84L5lz,36081099100,,current,Red Bull Arena
NWMW84L5lz,36055013300,,current,Red Bull Arena
NWMW84L5lz,36065026700,,current,Red Bull Arena
NWMW84L5lz,36055009605,,current,Red Bull Arena
NWMW84L5lz,36055001600,,current,Red Bull Arena
NWMW84L5lz,36055011712,,current,Red Bull Arena
NWMW84L5lz,36055011711,,current,Red Bull Arena
NWMW84L5lz,36081099200,,current,Red Bull Arena
NWMW84L5lz,36047080800,100.0,current,Red Bull Arena
NWMW84L5lz,36081099900,,current,Red Bull Arena
NWMW84L5lz,36047123700,92.0,current,Red Bull Arena
NWMW84L5lz,36081112300,,current,Red Bull Arena
NWMW84L5lz,36081109700,,current,Red Bull Arena
NWMW84L5lz,36081109900,,current,Red Bull Arena
NWMW84L5lz,36081112900,,current,Red Bull Arena
NWMW84L5lz,36081113900,118.0,current,Red Bull Arena
NWMW84L5lz,36081114100,,current,Red Bull Arena
NWMW84L5lz,36033950601,,current,Red Bull Arena
NWMW84L5lz,36033951400,,current,Red Bull Arena
NWMW84L5lz,36033950301,,current,Red Bull Arena
NWMW84L5lz,36033951300,,current,Red Bull Arena
NWMW84L5lz,36033952000,,current,Red Bull Arena
NWMW84L5lz,36033950701,,current,Red Bull Arena
NWMW84L5lz,36081029100,97.0,current,Red Bull Arena
NWMW84L5lz,36081029300,98.0,current,Red Bull Arena
NWMW84L5lz,36081029500,101.0,current,Red Bull Arena
NWMW84L5lz,36081029700,109.0,current,Red Bull Arena
NWMW84L5lz,36081028700,95.0,current,Red Bull Arena
NWMW84L5lz,36081028900,92.0,current,Red Bull Arena
NWMW84L5lz,36081029900,114.0,current,Red Bull Arena
NWMW84L5lz,36081031700,112.0,current,Red Bull Arena
NWMW84L5lz,36081032000,,current,Red Bull Arena
NWMW84L5lz,36081032800,,current,Red Bull Arena
NWMW84L5lz,36081032900,107.0,current,Red Bull Arena
NWMW84L5lz,36081033000,,current,Red Bull Arena
NWMW84L5lz,36081033100,116.0,current,Red Bull Arena
NWMW84L5lz,36081033900,108.0,current,Red Bull Arena
NWMW84L5lz,36081039400,,current,Red Bull Arena
NWMW84L5lz,36081039800,,current,Red Bull Arena
NWMW84L5lz,36081040200,,current,Red Bull Arena
NWMW84L5lz,36081040400,,current,Red Bull Arena
NWMW84L5lz,36081041100,107.0,current,Red Bull Arena
NWMW84L5lz,36081041400,,current,Red Bull Arena
NWMW84L5lz,36081041500,105.0,current,Red Bull Arena
NWMW84L5lz,36081042700,110.0,current,Red Bull Arena
NWMW84L5lz,36081043400,,current,Red Bull Arena
NWMW84L5lz,36007012702,,current,Red Bull Arena
NWMW84L5lz,36007012800,,current,Red Bull Arena
NWMW84L5lz,36007012900,,current,Red Bull Arena
NWMW84L5lz,36007013000,,current,Red Bull Arena
NWMW84L5lz,36007013202,,current,Red Bull Arena
NWMW84L5lz,36081045000,113.0,current,Red Bull Arena
NWMW84L5lz,36081045400,111.0,current,Red Bull Arena
NWMW84L5lz,36081045500,113.0,current,Red Bull Arena
NWMW84L5lz,36081045600,119.0,current,Red Bull Arena
NWMW84L5lz,36081044602,104.0,current,Red Bull Arena
NWMW84L5lz,36011040201,,current,Red Bull Arena
NWMW84L5lz,36011040101,,current,Red Bull Arena
NWMW84L5lz,36011040202,,current,Red Bull Arena
NWMW84L5lz,36011040102,,current,Red Bull Arena
NWMW84L5lz,36011041202,,current,Red Bull Arena
NWMW84L5lz,36011041201,,current,Red Bull Arena
NWMW84L5lz,36011041101,,current,Red Bull Arena
NWMW84L5lz,36011041001,,current,Red Bull Arena
NWMW84L5lz,36081044800,108.0,current,Red Bull Arena
NWMW84L5lz,36081045800,116.0,current,Red Bull Arena
NWMW84L5lz,36081046200,116.0,current,Red Bull Arena
NWMW84L5lz,36081046300,102.0,current,Red Bull Arena
NWMW84L5lz,36081046400,,current,Red Bull Arena
NWMW84L5lz,36081046500,96.0,current,Red Bull Arena
NWMW84L5lz,36081046600,118.0,current,Red Bull Arena
NWMW84L5lz,36081046700,97.0,current,Red Bull Arena
NWMW84L5lz,36081046800,116.0,current,Red Bull Arena
NWMW84L5lz,36081047000,,current,Red Bull Arena
NWMW84L5lz,36081047100,103.0,current,Red Bull Arena
NWMW84L5lz,36081047200,,current,Red Bull Arena
NWMW84L5lz,36081047300,97.0,current,Red Bull Arena
NWMW84L5lz,36081047500,103.0,current,Red Bull Arena
NWMW84L5lz,36081004500,97.0,current,Red Bull Arena
NWMW84L5lz,36081004700,93.0,current,Red Bull Arena
NWMW84L5lz,36081005000,98.0,current,Red Bull Arena
NWMW84L5lz,36081005300,96.0,current,Red Bull Arena
NWMW84L5lz,36081005400,96.0,current,Red Bull Arena
NWMW84L5lz,36081005800,103.0,current,Red Bull Arena
NWMW84L5lz,36081006100,95.0,current,Red Bull Arena
NWMW84L5lz,36081030904,103.0,current,Red Bull Arena
NWMW84L5lz,36081043702,111.0,current,Red Bull Arena
NWMW84L5lz,36081044301,107.0,current,Red Bull Arena
NWMW84L5lz,36081036500,108.0,current,Red Bull Arena
NWMW84L5lz,36081036600,,current,Red Bull Arena
NWMW84L5lz,36081035800,,current,Red Bull Arena
NWMW84L5lz,36081036700,115.0,current,Red Bull Arena
NWMW84L5lz,36081036800,,current,Red Bull Arena
NWMW84L5lz,36107020500,,current,Red Bull Arena
NWMW84L5lz,36107020701,,current,Red Bull Arena
NWMW84L5lz,36081065401,,current,Red Bull Arena
NWMW84L5lz,36117021200,,current,Red Bull Arena
NWMW84L5lz,36117020401,,current,Red Bull Arena
NWMW84L5lz,36117021000,,current,Red Bull Arena
NWMW84L5lz,36117021502,,current,Red Bull Arena
NWMW84L5lz,36117021100,,current,Red Bull Arena
NWMW84L5lz,36117990100,,current,Red Bull Arena
NWMW84L5lz,36117021700,,current,Red Bull Arena
NWMW84L5lz,36081065402,,current,Red Bull Arena
NWMW84L5lz,36081037100,112.0,current,Red Bull Arena
NWMW84L5lz,36081037300,110.0,current,Red Bull Arena
NWMW84L5lz,36081037600,,current,Red Bull Arena
NWMW84L5lz,36081038100,102.0,current,Red Bull Arena
NWMW84L5lz,36117020800,,current,Red Bull Arena
NWMW84L5lz,36117021600,,current,Red Bull Arena
NWMW84L5lz,36117021400,,current,Red Bull Arena
NWMW84L5lz,36117020700,,current,Red Bull Arena
NWMW84L5lz,36081007700,95.0,current,Red Bull Arena
NWMW84L5lz,36081008600,100.0,current,Red Bull Arena
NWMW84L5lz,36081008700,101.0,current,Red Bull Arena
NWMW84L5lz,36081008800,106.0,current,Red Bull Arena
NWMW84L5lz,36081007900,100.0,current,Red Bull Arena
NWMW84L5lz,36081008100,103.0,current,Red Bull Arena
NWMW84L5lz,36081008300,101.0,current,Red Bull Arena
NWMW84L5lz,36081009100,107.0,current,Red Bull Arena
NWMW84L5lz,36081009400,103.0,current,Red Bull Arena
NWMW84L5lz,36081009500,102.0,current,Red Bull Arena
NWMW84L5lz,36081009600,110.0,current,Red Bull Arena
NWMW84L5lz,36081009800,108.0,current,Red Bull Arena
NWMW84L5lz,36081009900,106.0,current,Red Bull Arena
NWMW84L5lz,36029010902,,current,Red Bull Arena
NWMW84L5lz,36117020402,,current,Red Bull Arena
NWMW84L5lz,36117020500,,current,Red Bull Arena
NWMW84L5lz,36007013301,,current,Red Bull Arena
NWMW84L5lz,36007013303,,current,Red Bull Arena
NWMW84L5lz,36007013400,,current,Red Bull Arena
NWMW84L5lz,36007013500,,current,Red Bull Arena
NWMW84L5lz,36007013600,,current,Red Bull Arena
NWMW84L5lz,36007013700,,current,Red Bull Arena
NWMW84L5lz,36081034700,106.0,current,Red Bull Arena
NWMW84L5lz,36081035200,,current,Red Bull Arena
NWMW84L5lz,36081035300,111.0,current,Red Bull Arena
NWMW84L5lz,36093020600,,current,Red Bull Arena
NWMW84L5lz,36093020101,,current,Red Bull Arena
NWMW84L5lz,36093021002,,current,Red Bull Arena
NWMW84L5lz,36093020500,,current,Red Bull Arena
NWMW84L5lz,36093020800,,current,Red Bull Arena
NWMW84L5lz,36093020700,,current,Red Bull Arena
NWMW84L5lz,36093020900,,current,Red Bull Arena
NWMW84L5lz,36093033003,,current,Red Bull Arena
NWMW84L5lz,36093032403,,current,Red Bull Arena
NWMW84L5lz,36093032502,,current,Red Bull Arena
NWMW84L5lz,36093032602,,current,Red Bull Arena
NWMW84L5lz,36093020200,,current,Red Bull Arena
NWMW84L5lz,36093021001,,current,Red Bull Arena
NWMW84L5lz,36105951701,,current,Red Bull Arena
NWMW84L5lz,36105951801,,current,Red Bull Arena
NWMW84L5lz,36105951302,,current,Red Bull Arena
NWMW84L5lz,36105951802,,current,Red Bull Arena
NWMW84L5lz,36105950801,,current,Red Bull Arena
NWMW84L5lz,36105951702,,current,Red Bull Arena
NWMW84L5lz,36105950202,,current,Red Bull Arena
NWMW84L5lz,36081026501,88.0,current,Red Bull Arena
NWMW84L5lz,36105950802,,current,Red Bull Arena
NWMW84L5lz,36081037502,100.0,current,Red Bull Arena
NWMW84L5lz,36105951201,,current,Red Bull Arena
NWMW84L5lz,36081089202,,current,Red Bull Arena
NWMW84L5lz,36081027301,96.0,current,Red Bull Arena
NWMW84L5lz,36081000104,86.0,current,Red Bull Arena
NWMW84L5lz,36081027101,97.0,current,Red Bull Arena
NWMW84L5lz,36105951202,,current,Red Bull Arena
NWMW84L5lz,36081040702,103.0,current,Red Bull Arena
NWMW84L5lz,36081040302,97.0,current,Red Bull Arena
NWMW84L5lz,36081040102,98.0,current,Red Bull Arena
NWMW84L5lz,36081027302,101.0,current,Red Bull Arena
NWMW84L5lz,36081040902,96.0,current,Red Bull Arena
NWMW84L5lz,36105950201,,current,Red Bull Arena
NWMW84L5lz,36081043900,113.0,current,Red Bull Arena
NWMW84L5lz,36081044000,,current,Red Bull Arena
NWMW84L5lz,36081044601,109.0,current,Red Bull Arena
NWMW84L5lz,36081007500,96.0,current,Red Bull Arena
NWMW84L5lz,36081006300,96.0,current,Red Bull Arena
NWMW84L5lz,36081007100,97.0,current,Red Bull Arena
NWMW84L5lz,36081010000,111.0,current,Red Bull Arena
NWMW84L5lz,36081010300,104.0,current,Red Bull Arena
NWMW84L5lz,36081010500,107.0,current,Red Bull Arena
NWMW84L5lz,36081010600,112.0,current,Red Bull Arena
NWMW84L5lz,36081010701,,current,Red Bull Arena
NWMW84L5lz,36081011000,111.0,current,Red Bull Arena
NWMW84L5lz,36081011200,104.0,current,Red Bull Arena
NWMW84L5lz,36081011300,100.0,current,Red Bull Arena
NWMW84L5lz,36081010200,116.0,current,Red Bull Arena
NWMW84L5lz,36081011500,95.0,current,Red Bull Arena
NWMW84L5lz,36081011700,100.0,current,Red Bull Arena
NWMW84L5lz,36081011800,115.0,current,Red Bull Arena
NWMW84L5lz,36081012200,111.0,current,Red Bull Arena
NWMW84L5lz,36081012301,110.0,current,Red Bull Arena
NWMW84L5lz,36081012400,113.0,current,Red Bull Arena
NWMW84L5lz,36081012602,113.0,current,Red Bull Arena
NWMW84L5lz,36081013200,109.0,current,Red Bull Arena
NWMW84L5lz,36081013400,107.0,current,Red Bull Arena
NWMW84L5lz,36081013500,111.0,current,Red Bull Arena
NWMW84L5lz,36081013600,102.0,current,Red Bull Arena
NWMW84L5lz,36081013700,105.0,current,Red Bull Arena
NWMW84L5lz,36081013800,106.0,current,Red Bull Arena
NWMW84L5lz,36081014000,106.0,current,Red Bull Arena
NWMW84L5lz,36081014202,114.0,current,Red Bull Arena
NWMW84L5lz,36081014500,106.0,current,Red Bull Arena
NWMW84L5lz,36081015000,116.0,current,Red Bull Arena
NWMW84L5lz,36081015200,109.0,current,Red Bull Arena
NWMW84L5lz,36081015400,114.0,current,Red Bull Arena
NWMW84L5lz,36081015500,96.0,current,Red Bull Arena
NWMW84L5lz,36081015600,113.0,current,Red Bull Arena
NWMW84L5lz,36081015700,95.0,current,Red Bull Arena
NWMW84L5lz,36081014700,104.0,current,Red Bull Arena
NWMW84L5lz,36081014800,114.0,current,Red Bull Arena
NWMW84L5lz,36081014900,100.0,current,Red Bull Arena
NWMW84L5lz,36081018502,94.0,current,Red Bull Arena
NWMW84L5lz,36081016300,99.0,current,Red Bull Arena
NWMW84L5lz,36081016600,113.0,current,Red Bull Arena
NWMW84L5lz,36081016800,119.0,current,Red Bull Arena
NWMW84L5lz,36081016900,101.0,current,Red Bull Arena
NWMW84L5lz,36081017000,116.0,current,Red Bull Arena
NWMW84L5lz,36081066402,,current,Red Bull Arena
NWMW84L5lz,36081017200,,current,Red Bull Arena
NWMW84L5lz,36081017400,,current,Red Bull Arena
NWMW84L5lz,36081017600,,current,Red Bull Arena
NWMW84L5lz,36081018000,,current,Red Bull Arena
NWMW84L5lz,36081025301,91.0,current,Red Bull Arena
NWMW84L5lz,36081018200,,current,Red Bull Arena
NWMW84L5lz,36081025302,94.0,current,Red Bull Arena
NWMW84L5lz,36081097205,,current,Red Bull Arena
NWMW84L5lz,36081066404,,current,Red Bull Arena
NWMW84L5lz,36081033403,,current,Red Bull Arena
NWMW84L5lz,36081033404,,current,Red Bull Arena
NWMW84L5lz,36081000102,89.0,current,Red Bull Arena
NWMW84L5lz,36081053501,97.0,current,Red Bull Arena
NWMW84L5lz,36081026502,94.0,current,Red Bull Arena
NWMW84L5lz,36081048301,95.0,current,Red Bull Arena
NWMW84L5lz,36081039902,99.0,current,Red Bull Arena
NWMW84L5lz,36093021200,,current,Red Bull Arena
NWMW84L5lz,36093021400,,current,Red Bull Arena
NWMW84L5lz,36093021500,,current,Red Bull Arena
NWMW84L5lz,36117020103,,current,Red Bull Arena
NWMW84L5lz,36117020105,,current,Red Bull Arena
NWMW84L5lz,36117020104,,current,Red Bull Arena
NWMW84L5lz,36117020303,,current,Red Bull Arena
NWMW84L5lz,36117020601,,current,Red Bull Arena
NWMW84L5lz,36117020106,,current,Red Bull Arena
NWMW84L5lz,36117020602,,current,Red Bull Arena
NWMW84L5lz,36043011503,,current,Red Bull Arena
NWMW84L5lz,36043011504,,current,Red Bull Arena
NWMW84L5lz,36117020302,,current,Red Bull Arena
NWMW84L5lz,36093033200,,current,Red Bull Arena
NWMW84L5lz,36093033300,,current,Red Bull Arena
NWMW84L5lz,36093033400,,current,Red Bull Arena
NWMW84L5lz,36047070601,,current,Red Bull Arena
NWMW84L5lz,36047088002,90.0,current,Red Bull Arena
NWMW84L5lz,36047070602,,current,Red Bull Arena
NWMW84L5lz,36047006901,73.0,current,Red Bull Arena
NWMW84L5lz,36047006902,76.0,current,Red Bull Arena
NWMW84L5lz,36047033701,78.0,current,Red Bull Arena
NWMW84L5lz,36047033702,79.0,current,Red Bull Arena
NWMW84L5lz,36047088001,89.0,current,Red Bull Arena
NWMW84L5lz,36081018401,119.0,current,Red Bull Arena
NWMW84L5lz,36081018700,100.0,current,Red Bull Arena
NWMW84L5lz,36081018402,119.0,current,Red Bull Arena
NWMW84L5lz,36081018600,,current,Red Bull Arena
NWMW84L5lz,36093021600,,current,Red Bull Arena
NWMW84L5lz,36093021700,,current,Red Bull Arena
NWMW84L5lz,36013036802,,current,Red Bull Arena
NWMW84L5lz,36013036801,,current,Red Bull Arena
NWMW84L5lz,36093032000,,current,Red Bull Arena
NWMW84L5lz,36093032101,,current,Red Bull Arena
NWMW84L5lz,36093032102,,current,Red Bull Arena
NWMW84L5lz,36093032200,,current,Red Bull Arena
NWMW84L5lz,36081018800,,current,Red Bull Arena
NWMW84L5lz,36081026902,95.0,current,Red Bull Arena
NWMW84L5lz,36081019200,118.0,current,Red Bull Arena
NWMW84L5lz,36081030903,109.0,current,Red Bull Arena
NWMW84L5lz,36081019600,115.0,current,Red Bull Arena
NWMW84L5lz,36081018900,97.0,current,Red Bull Arena
NWMW84L5lz,36081019000,114.0,current,Red Bull Arena
NWMW84L5lz,36081020400,107.0,current,Red Bull Arena
NWMW84L5lz,36081020600,107.0,current,Red Bull Arena
NWMW84L5lz,36081020800,100.0,current,Red Bull Arena
NWMW84L5lz,36081021200,106.0,current,Red Bull Arena
NWMW84L5lz,36081021400,106.0,current,Red Bull Arena
NWMW84L5lz,36081021900,103.0,current,Red Bull Arena
NWMW84L5lz,36081022001,110.0,current,Red Bull Arena
NWMW84L5lz,36081022900,115.0,current,Red Bull Arena
NWMW84L5lz,36081023000,112.0,current,Red Bull Arena
NWMW84L5lz,36081043701,114.0,current,Red Bull Arena
NWMW84L5lz,36081061302,115.0,current,Red Bull Arena
NWMW84L5lz,36081071306,105.0,current,Red Bull Arena
NWMW84L5lz,36081077906,118.0,current,Red Bull Arena
NWMW84L5lz,36105951000,,current,Red Bull Arena
NWMW84L5lz,36105951900,,current,Red Bull Arena
NWMW84L5lz,36105952200,,current,Red Bull Arena
NWMW84L5lz,36105952500,,current,Red Bull Arena
NWMW84L5lz,36105950400,,current,Red Bull Arena
NWMW84L5lz,36029009008,,current,Red Bull Arena
NWMW84L5lz,36121970202,,current,Red Bull Arena
NWMW84L5lz,36121970201,,current,Red Bull Arena
NWMW84L5lz,36029009501,,current,Red Bull Arena
NWMW84L5lz,36087010503,,current,Red Bull Arena
NWMW84L5lz,36093032300,,current,Red Bull Arena
NWMW84L5lz,36093032402,,current,Red Bull Arena
NWMW84L5lz,36081057900,111.0,current,Red Bull Arena
NWMW84L5lz,36081058000,,current,Red Bull Arena
NWMW84L5lz,36081058100,106.0,current,Red Bull Arena
NWMW84L5lz,36081058900,96.0,current,Red Bull Arena
NWMW84L5lz,36093032404,,current,Red Bull Arena
NWMW84L5lz,36093032503,,current,Red Bull Arena
NWMW84L5lz,36093032601,,current,Red Bull Arena
NWMW84L5lz,36093032700,,current,Red Bull Arena
NWMW84L5lz,36081090700,116.0,current,Red Bull Arena
NWMW84L5lz,36081092800,,current,Red Bull Arena
NWMW84L5lz,36081092900,,current,Red Bull Arena
NWMW84L5lz,36081091602,,current,Red Bull Arena
NWMW84L5lz,36081091800,,current,Red Bull Arena
NWMW84L5lz,36081092200,,current,Red Bull Arena
NWMW84L5lz,36081093800,,current,Red Bull Arena
NWMW84L5lz,36059517202,,current,Red Bull Arena
NWMW84L5lz,36059517201,,current,Red Bull Arena
NWMW84L5lz,36059300902,,current,Red Bull Arena
NWMW84L5lz,36059300901,,current,Red Bull Arena
NWMW84L5lz,36059303204,,current,Red Bull Arena
NWMW84L5lz,36059303203,,current,Red Bull Arena
NWMW84L5lz,36081049301,107.0,current,Red Bull Arena
NWMW84L5lz,36081049302,99.0,current,Red Bull Arena
NWMW84L5lz,36081049500,108.0,current,Red Bull Arena
NWMW84L5lz,36081049600,,current,Red Bull Arena
NWMW84L5lz,36081049700,104.0,current,Red Bull Arena
NWMW84L5lz,36081049900,106.0,current,Red Bull Arena
NWMW84L5lz,36081060100,107.0,current,Red Bull Arena
NWMW84L5lz,36081059100,97.0,current,Red Bull Arena
NWMW84L5lz,36081059200,,current,Red Bull Arena
NWMW84L5lz,36081059300,104.0,current,Red Bull Arena
NWMW84L5lz,36081059400,,current,Red Bull Arena
NWMW84L5lz,36081059800,,current,Red Bull Arena
NWMW84L5lz,36081059900,104.0,current,Red Bull Arena
NWMW84L5lz,36081060000,,current,Red Bull Arena
NWMW84L5lz,36081060600,,current,Red Bull Arena
NWMW84L5lz,36081060701,113.0,current,Red Bull Arena
NWMW84L5lz,36081060800,,current,Red Bull Arena
NWMW84L5lz,36081061400,,current,Red Bull Arena
NWMW84L5lz,36081061602,,current,Red Bull Arena
NWMW84L5lz,36087010701,,current,Red Bull Arena
NWMW84L5lz,36053030502,,current,Red Bull Arena
NWMW84L5lz,36053030102,,current,Red Bull Arena
NWMW84L5lz,36053030101,,current,Red Bull Arena
NWMW84L5lz,36053030200,,current,Red Bull Arena
NWMW84L5lz,36053030103,,current,Red Bull Arena
NWMW84L5lz,36075021101,,current,Red Bull Arena
NWMW84L5lz,36081051500,112.0,current,Red Bull Arena
NWMW84L5lz,36081051600,,current,Red Bull Arena
NWMW84L5lz,36081051700,100.0,current,Red Bull Arena
NWMW84L5lz,36081050000,,current,Red Bull Arena
NWMW84L5lz,36081051800,,current,Red Bull Arena
NWMW84L5lz,36081052100,100.0,current,Red Bull Arena
NWMW84L5lz,36081052200,,current,Red Bull Arena
NWMW84L5lz,36081050201,,current,Red Bull Arena
NWMW84L5lz,36053030402,,current,Red Bull Arena
NWMW84L5lz,36053031000,,current,Red Bull Arena
NWMW84L5lz,36053031100,,current,Red Bull Arena
NWMW84L5lz,36053030401,,current,Red Bull Arena
NWMW84L5lz,36053030300,,current,Red Bull Arena
NWMW84L5lz,36053030501,,current,Red Bull Arena
NWMW84L5lz,36081050500,109.0,current,Red Bull Arena
NWMW84L5lz,36081050700,111.0,current,Red Bull Arena
NWMW84L5lz,36081050800,,current,Red Bull Arena
NWMW84L5lz,36081051000,,current,Red Bull Arena
NWMW84L5lz,36081051100,103.0,current,Red Bull Arena
NWMW84L5lz,36081051300,109.0,current,Red Bull Arena
NWMW84L5lz,36081080301,119.0,current,Red Bull Arena
NWMW84L5lz,36081080302,116.0,current,Red Bull Arena
NWMW84L5lz,36081080900,119.0,current,Red Bull Arena
NWMW84L5lz,36081081400,,current,Red Bull Arena
NWMW84L5lz,36081081800,,current,Red Bull Arena
NWMW84L5lz,36081052400,,current,Red Bull Arena
NWMW84L5lz,36081052800,,current,Red Bull Arena
NWMW84L5lz,36081053000,,current,Red Bull Arena
NWMW84L5lz,36081061800,,current,Red Bull Arena
NWMW84L5lz,36081061900,,current,Red Bull Arena
NWMW84L5lz,36081062000,,current,Red Bull Arena
NWMW84L5lz,36081062100,118.0,current,Red Bull Arena
NWMW84L5lz,36081062400,,current,Red Bull Arena
NWMW84L5lz,36081062600,,current,Red Bull Arena
NWMW84L5lz,36081062700,113.0,current,Red Bull Arena
NWMW84L5lz,36053030800,,current,Red Bull Arena
NWMW84L5lz,36053030900,,current,Red Bull Arena
NWMW84L5lz,36061030900,103.0,current,Red Bull Arena
NWMW84L5lz,36061004400,85.0,current,Red Bull Arena
NWMW84L5lz,36061012101,73.0,current,Red Bull Arena
NWMW84L5lz,36061010803,79.0,current,Red Bull Arena
NWMW84L5lz,36061010802,83.0,current,Red Bull Arena
NWMW84L5lz,36061015403,87.0,current,Red Bull Arena
NWMW84L5lz,36061015402,89.0,current,Red Bull Arena
NWMW84L5lz,36061004001,72.0,current,Red Bull Arena
NWMW84L5lz,36061013604,88.0,current,Red Bull Arena
NWMW84L5lz,36061013203,91.0,current,Red Bull Arena
NWMW84L5lz,36061013602,93.0,current,Red Bull Arena
NWMW84L5lz,36081062900,111.0,current,Red Bull Arena
NWMW84L5lz,36081083700,,current,Red Bull Arena
NWMW84L5lz,36081083800,,current,Red Bull Arena
NWMW84L5lz,36081084000,,current,Red Bull Arena
NWMW84L5lz,36081084500,114.0,current,Red Bull Arena
NWMW84L5lz,36081084601,117.0,current,Red Bull Arena
NWMW84L5lz,36081053401,,current,Red Bull Arena
NWMW84L5lz,36081000701,78.0,current,Red Bull Arena
NWMW84L5lz,36081053601,,current,Red Bull Arena
NWMW84L5lz,36081054000,,current,Red Bull Arena
NWMW84L5lz,36081040701,96.0,current,Red Bull Arena
NWMW84L5lz,36081001901,85.0,current,Red Bull Arena
NWMW84L5lz,36081017902,84.0,current,Red Bull Arena
NWMW84L5lz,36081023502,91.0,current,Red Bull Arena
NWMW84L5lz,36081049201,,current,Red Bull Arena
NWMW84L5lz,36081097207,,current,Red Bull Arena
NWMW84L5lz,36081047802,,current,Red Bull Arena
NWMW84L5lz,36081049202,,current,Red Bull Arena
NWMW84L5lz,36007013201,,current,Red Bull Arena
NWMW84L5lz,36007012300,,current,Red Bull Arena
NWMW84L5lz,36007000200,,current,Red Bull Arena
NWMW84L5lz,36007000300,,current,Red Bull Arena
NWMW84L5lz,36081063700,115.0,current,Red Bull Arena
NWMW84L5lz,36081063800,,current,Red Bull Arena
NWMW84L5lz,36081063900,106.0,current,Red Bull Arena
NWMW84L5lz,36081064101,108.0,current,Red Bull Arena
NWMW84L5lz,36081064102,106.0,current,Red Bull Arena
NWMW84L5lz,36081063301,118.0,current,Red Bull Arena
NWMW84L5lz,36081063302,,current,Red Bull Arena
NWMW84L5lz,36081063500,119.0,current,Red Bull Arena
NWMW84L5lz,36081064500,114.0,current,Red Bull Arena
NWMW84L5lz,36007013100,,current,Red Bull Arena
NWMW84L5lz,36007013900,,current,Red Bull Arena
NWMW84L5lz,36007000100,,current,Red Bull Arena
NWMW84L5lz,36007014301,,current,Red Bull Arena
NWMW84L5lz,36007000500,,current,Red Bull Arena
NWMW84L5lz,36007014500,,current,Red Bull Arena
NWMW84L5lz,36007014400,,current,Red Bull Arena
NWMW84L5lz,36007012101,,current,Red Bull Arena
NWMW84L5lz,36081064600,,current,Red Bull Arena
NWMW84L5lz,36081065000,,current,Red Bull Arena
NWMW84L5lz,36081084602,,current,Red Bull Arena
NWMW84L5lz,36081086100,113.0,current,Red Bull Arena
NWMW84L5lz,36081086300,113.0,current,Red Bull Arena
NWMW84L5lz,36081086400,,current,Red Bull Arena
NWMW84L5lz,36081086500,110.0,current,Red Bull Arena
NWMW84L5lz,36081087100,105.0,current,Red Bull Arena
NWMW84L5lz,36081088400,113.0,current,Red Bull Arena
NWMW84L5lz,36075021300,,current,Red Bull Arena
NWMW84L5lz,36081054500,92.0,current,Red Bull Arena
NWMW84L5lz,36081054200,,current,Red Bull Arena
NWMW84L5lz,36081054700,92.0,current,Red Bull Arena
NWMW84L5lz,36081054800,,current,Red Bull Arena
NWMW84L5lz,36001013505,,current,Red Bull Arena
NWMW84L5lz,36001013602,,current,Red Bull Arena
NWMW84L5lz,36081065600,,current,Red Bull Arena
NWMW84L5lz,36081065702,114.0,current,Red Bull Arena
NWMW84L5lz,36081065900,118.0,current,Red Bull Arena
NWMW84L5lz,36001013706,,current,Red Bull Arena
NWMW84L5lz,36011041002,,current,Red Bull Arena
NWMW84L5lz,36011041102,,current,Red Bull Arena
NWMW84L5lz,36081066000,,current,Red Bull Arena
NWMW84L5lz,36001013707,,current,Red Bull Arena
NWMW84L5lz,36001013802,,current,Red Bull Arena
NWMW84L5lz,36001013901,,current,Red Bull Arena
NWMW84L5lz,36001014001,,current,Red Bull Arena
NWMW84L5lz,36001014002,,current,Red Bull Arena
NWMW84L5lz,36001014202,,current,Red Bull Arena
NWMW84L5lz,36001014401,,current,Red Bull Arena
NWMW84L5lz,36001014402,,current,Red Bull Arena
NWMW84L5lz,36081047600,,current,Red Bull Arena
NWMW84L5lz,36081047900,108.0,current,Red Bull Arena
NWMW84L5lz,36081048500,105.0,current,Red Bull Arena
NWMW84L5lz,36081048900,115.0,current,Red Bull Arena
NWMW84L5lz,36007000400,,current,Red Bull Arena
NWMW84L5lz,36007000600,,current,Red Bull Arena
NWMW84L5lz,36007000700,,current,Red Bull Arena
NWMW84L5lz,36007000900,,current,Red Bull Arena
NWMW84L5lz,36007001100,,current,Red Bull Arena
NWMW84L5lz,36007001200,,current,Red Bull Arena
NWMW84L5lz,36007001300,,current,Red Bull Arena
NWMW84L5lz,36081055900,88.0,current,Red Bull Arena
NWMW84L5lz,36081056100,112.0,current,Red Bull Arena
NWMW84L5lz,36081056500,95.0,current,Red Bull Arena
NWMW84L5lz,36081056700,106.0,current,Red Bull Arena
NWMW84L5lz,36081055200,,current,Red Bull Arena
NWMW84L5lz,36007001500,,current,Red Bull Arena
NWMW84L5lz,36105950900,,current,Red Bull Arena
NWMW84L5lz,36105950300,,current,Red Bull Arena
NWMW84L5lz,36105952100,,current,Red Bull Arena
NWMW84L5lz,36081055300,92.0,current,Red Bull Arena
NWMW84L5lz,36081055400,,current,Red Bull Arena
NWMW84L5lz,36081055500,88.0,current,Red Bull Arena
NWMW84L5lz,36081055700,96.0,current,Red Bull Arena
NWMW84L5lz,36081055800,,current,Red Bull Arena
NWMW84L5lz,36081056800,,current,Red Bull Arena
NWMW84L5lz,36081057700,108.0,current,Red Bull Arena
NWMW84L5lz,36081066501,118.0,current,Red Bull Arena
NWMW84L5lz,36081067700,117.0,current,Red Bull Arena
NWMW84L5lz,36081068000,,current,Red Bull Arena
NWMW84L5lz,36081068200,,current,Red Bull Arena
NWMW84L5lz,36081068700,103.0,current,Red Bull Arena
NWMW84L5lz,36081069000,,current,Red Bull Arena
NWMW84L5lz,36105950100,,current,Red Bull Arena
NWMW84L5lz,36105951100,,current,Red Bull Arena
NWMW84L5lz,36081116302,113.0,current,Red Bull Arena
NWMW84L5lz,36081003302,90.0,current,Red Bull Arena
NWMW84L5lz,36105952300,,current,Red Bull Arena
NWMW84L5lz,36105950600,,current,Red Bull Arena
NWMW84L5lz,36105952000,,current,Red Bull Arena
NWMW84L5lz,36105951500,,current,Red Bull Arena
NWMW84L5lz,36105950500,,current,Red Bull Arena
NWMW84L5lz,36105951600,,current,Red Bull Arena
NWMW84L5lz,36081000103,94.0,current,Red Bull Arena
NWMW84L5lz,36105952400,,current,Red Bull Arena
NWMW84L5lz,36081116301,117.0,current,Red Bull Arena
NWMW84L5lz,36081047801,,current,Red Bull Arena
NWMW84L5lz,36081021603,105.0,current,Red Bull Arena
NWMW84L5lz,36081000702,87.0,current,Red Bull Arena
NWMW84L5lz,36081019902,104.0,current,Red Bull Arena
NWMW84L5lz,36081001902,86.0,current,Red Bull Arena
NWMW84L5lz,36081120702,,current,Red Bull Arena
NWMW84L5lz,36081019901,97.0,current,Red Bull Arena
NWMW84L5lz,36081053502,98.0,current,Red Bull Arena
NWMW84L5lz,36081017901,89.0,current,Red Bull Arena
NWMW84L5lz,36081023501,98.0,current,Red Bull Arena
NWMW84L5lz,36081030906,105.0,current,Red Bull Arena
NWMW84L5lz,36081030905,111.0,current,Red Bull Arena
NWMW84L5lz,36081027702,100.0,current,Red Bull Arena
NWMW84L5lz,36081101004,,current,Red Bull Arena
NWMW84L5lz,36081101003,,current,Red Bull Arena
NWMW84L5lz,36081097206,,current,Red Bull Arena
NWMW84L5lz,36081100803,,current,Red Bull Arena
NWMW84L5lz,36081100804,,current,Red Bull Arena
NWMW84L5lz,36081155103,,current,Red Bull Arena
NWMW84L5lz,36081066401,,current,Red Bull Arena
NWMW84L5lz,36081033405,,current,Red Bull Arena
NWMW84L5lz,36081155104,,current,Red Bull Arena
NWMW84L5lz,36081025402,,current,Red Bull Arena
NWMW84L5lz,36081025401,114.0,current,Red Bull Arena
NWMW84L5lz,36081028803,,current,Red Bull Arena
NWMW84L5lz,36081028802,,current,Red Bull Arena
NWMW84L5lz,36081069300,101.0,current,Red Bull Arena
NWMW84L5lz,36081069400,,current,Red Bull Arena
NWMW84L5lz,36081069500,111.0,current,Red Bull Arena
NWMW84L5lz,36081069701,105.0,current,Red Bull Arena
NWMW84L5lz,36081138501,,current,Red Bull Arena
NWMW84L5lz,36081138502,,current,Red Bull Arena
NWMW84L5lz,36081143500,,current,Red Bull Arena
NWMW84L5lz,36081144100,,current,Red Bull Arena
NWMW84L5lz,36081144700,,current,Red Bull Arena
NWMW84L5lz,36081145101,,current,Red Bull Arena
NWMW84L5lz,36081145102,,current,Red Bull Arena
NWMW84L5lz,36081139900,,current,Red Bull Arena
NWMW84L5lz,36081140901,,current,Red Bull Arena
NWMW84L5lz,36081140902,,current,Red Bull Arena
NWMW84L5lz,36081142900,,current,Red Bull Arena
NWMW84L5lz,36081146300,,current,Red Bull Arena
NWMW84L5lz,36081146700,,current,Red Bull Arena
NWMW84L5lz,36081147100,,current,Red Bull Arena
NWMW84L5lz,36081147900,,current,Red Bull Arena
NWMW84L5lz,36081148300,,current,Red Bull Arena
NWMW84L5lz,36081150701,,current,Red Bull Arena
NWMW84L5lz,36007001600,,current,Red Bull Arena
NWMW84L5lz,36007001700,,current,Red Bull Arena
NWMW84L5lz,36077591100,,current,Red Bull Arena
NWMW84L5lz,36017970802,,current,Red Bull Arena
NWMW84L5lz,36017970801,,current,Red Bull Arena
NWMW84L5lz,36077591700,,current,Red Bull Arena
NWMW84L5lz,36077590600,,current,Red Bull Arena
NWMW84L5lz,36081071600,,current,Red Bull Arena
NWMW84L5lz,36029012501,,current,Red Bull Arena
NWMW84L5lz,36029007903,,current,Red Bull Arena
NWMW84L5lz,36081069702,116.0,current,Red Bull Arena
NWMW84L5lz,36081070700,112.0,current,Red Bull Arena
NWMW84L5lz,36081071100,104.0,current,Red Bull Arena
NWMW84L5lz,36029014400,,current,Red Bull Arena
NWMW84L5lz,36029003700,,current,Red Bull Arena
NWMW84L5lz,36029010101,,current,Red Bull Arena
NWMW84L5lz,36029006301,,current,Red Bull Arena
NWMW84L5lz,36029014901,,current,Red Bull Arena
NWMW84L5lz,36029005000,,current,Red Bull Arena
NWMW84L5lz,36029015402,,current,Red Bull Arena
NWMW84L5lz,36029006602,,current,Red Bull Arena
NWMW84L5lz,36029009112,,current,Red Bull Arena
NWMW84L5lz,36065025601,,current,Red Bull Arena
NWMW84L5lz,36087012107,,current,Red Bull Arena
NWMW84L5lz,36087012109,,current,Red Bull Arena
NWMW84L5lz,36087011509,,current,Red Bull Arena
NWMW84L5lz,36087011510,,current,Red Bull Arena
NWMW84L5lz,36087011511,,current,Red Bull Arena
NWMW84L5lz,36087012205,,current,Red Bull Arena
NWMW84L5lz,36087012110,,current,Red Bull Arena
NWMW84L5lz,36087012301,,current,Red Bull Arena
NWMW84L5lz,36087012206,,current,Red Bull Arena
NWMW84L5lz,36087012302,,current,Red Bull Arena
NWMW84L5lz,36087012404,,current,Red Bull Arena
NWMW84L5lz,36087013101,,current,Red Bull Arena
NWMW84L5lz,36065025602,,current,Red Bull Arena
NWMW84L5lz,36081072900,110.0,current,Red Bull Arena
NWMW84L5lz,36081073900,97.0,current,Red Bull Arena
NWMW84L5lz,36081074300,111.0,current,Red Bull Arena
NWMW84L5lz,36081074500,111.0,current,Red Bull Arena
NWMW84L5lz,36081076902,101.0,current,Red Bull Arena
NWMW84L5lz,36081073100,112.0,current,Red Bull Arena
NWMW84L5lz,36081073700,97.0,current,Red Bull Arena
NWMW84L5lz,36081077300,103.0,current,Red Bull Arena
NWMW84L5lz,36081077500,99.0,current,Red Bull Arena
NWMW84L5lz,36081077902,,current,Red Bull Arena
NWMW84L5lz,36081077903,114.0,current,Red Bull Arena
NWMW84L5lz,36081077905,113.0,current,Red Bull Arena
NWMW84L5lz,36081078800,,current,Red Bull Arena
NWMW84L5lz,36081079200,,current,Red Bull Arena
NWMW84L5lz,36081079300,,current,Red Bull Arena
NWMW84L5lz,36081079900,112.0,current,Red Bull Arena
NWMW84L5lz,36081150702,,current,Red Bull Arena
NWMW84L5lz,36081152901,,current,Red Bull Arena
NWMW84L5lz,36081152902,,current,Red Bull Arena
NWMW84L5lz,36081155101,,current,Red Bull Arena
NWMW84L5lz,36081156700,,current,Red Bull Arena
NWMW84L5lz,36081157101,,current,Red Bull Arena
NWMW84L5lz,36081157901,,current,Red Bull Arena
NWMW84L5lz,36081157902,,current,Red Bull Arena
NWMW84L5lz,36081157903,,current,Red Bull Arena
NWMW84L5lz,36081161700,,current,Red Bull Arena
NWMW84L5lz,36081162100,,current,Red Bull Arena
NWMW84L5lz,36081037900,103.0,current,Red Bull Arena
NWMW84L5lz,36081048200,,current,Red Bull Arena
NWMW84L5lz,36081048400,,current,Red Bull Arena
NWMW84L5lz,36081037501,96.0,current,Red Bull Arena
NWMW84L5lz,36081040901,97.0,current,Red Bull Arena
NWMW84L5lz,36081120701,,current,Red Bull Arena
NWMW84L5lz,36105951301,,current,Red Bull Arena
NWMW84L5lz,36081066301,116.0,current,Red Bull Arena
NWMW84L5lz,36105950702,,current,Red Bull Arena
NWMW84L5lz,36081088902,116.0,current,Red Bull Arena
NWMW84L5lz,36081088903,,current,Red Bull Arena
NWMW84L5lz,36105950701,,current,Red Bull Arena
NWMW84L5lz,36081040502,95.0,current,Red Bull Arena
NWMW84L5lz,36081040501,95.0,current,Red Bull Arena
NWMW84L5lz,36081040301,98.0,current,Red Bull Arena
NWMW84L5lz,36081039901,98.0,current,Red Bull Arena
NWMW84L5lz,36081040101,98.0,current,Red Bull Arena
NWMW84L5lz,36081134701,,current,Red Bull Arena
NWMW84L5lz,36081134702,,current,Red Bull Arena
NWMW84L5lz,36081028801,,current,Red Bull Arena
NWMW84L5lz,36081084902,107.0,current,Red Bull Arena
NWMW84L5lz,36081066302,,current,Red Bull Arena
NWMW84L5lz,36081122703,,current,Red Bull Arena
NWMW84L5lz,36081122704,,current,Red Bull Arena
NWMW84L5lz,36081021602,108.0,current,Red Bull Arena
NWMW84L5lz,36081027102,93.0,current,Red Bull Arena
NWMW84L5lz,36081046902,92.0,current,Red Bull Arena
NWMW84L5lz,36081046901,100.0,current,Red Bull Arena
NWMW84L5lz,36015000700,,current,Red Bull Arena
NWMW84L5lz,36033950900,,current,Red Bull Arena
NWMW84L5lz,36033951000,,current,Red Bull Arena
NWMW84L5lz,36033950200,,current,Red Bull Arena
NWMW84L5lz,36011042100,,current,Red Bull Arena
NWMW84L5lz,36011990200,,current,Red Bull Arena
NWMW84L5lz,36009962200,,current,Red Bull Arena
NWMW84L5lz,36029004500,,current,Red Bull Arena
NWMW84L5lz,36029004800,,current,Red Bull Arena
NWMW84L5lz,36029005100,,current,Red Bull Arena
NWMW84L5lz,36029005201,,current,Red Bull Arena
NWMW84L5lz,36029005300,,current,Red Bull Arena
NWMW84L5lz,36029005400,,current,Red Bull Arena
NWMW84L5lz,36029005500,,current,Red Bull Arena
NWMW84L5lz,36029005600,,current,Red Bull Arena
NWMW84L5lz,36081119300,,current,Red Bull Arena
NWMW84L5lz,36081119900,,current,Red Bull Arena
NWMW84L5lz,36081120500,117.0,current,Red Bull Arena
NWMW84L5lz,36081121500,,current,Red Bull Arena
NWMW84L5lz,36081122300,,current,Red Bull Arena
NWMW84L5lz,36081119500,,current,Red Bull Arena
NWMW84L5lz,36081122702,,current,Red Bull Arena
NWMW84L5lz,36081124100,119.0,current,Red Bull Arena
NWMW84L5lz,36081125700,117.0,current,Red Bull Arena
NWMW84L5lz,36081126500,111.0,current,Red Bull Arena
NWMW84L5lz,36081126700,,current,Red Bull Arena
NWMW84L5lz,36081128300,,current,Red Bull Arena
NWMW84L5lz,36081130100,,current,Red Bull Arena
NWMW84L5lz,36091060504,,current,Red Bull Arena
NWMW84L5lz,36091061904,,current,Red Bull Arena
NWMW84L5lz,36091061304,,current,Red Bull Arena
NWMW84L5lz,36091061001,,current,Red Bull Arena
NWMW84L5lz,36091060301,,current,Red Bull Arena
NWMW84L5lz,36091060104,,current,Red Bull Arena
NWMW84L5lz,36091060705,,current,Red Bull Arena
NWMW84L5lz,36091061201,,current,Red Bull Arena
NWMW84L5lz,36091061102,,current,Red Bull Arena
NWMW84L5lz,36091062407,,current,Red Bull Arena
NWMW84L5lz,36091061101,,current,Red Bull Arena
NWMW84L5lz,36091061907,,current,Red Bull Arena
NWMW84L5lz,36091062001,,current,Red Bull Arena
NWMW84L5lz,36091061305,,current,Red Bull Arena
NWMW84L5lz,36091061905,,current,Red Bull Arena
NWMW84L5lz,36081056600,,current,Red Bull Arena
NWMW84L5lz,36081115100,,current,Red Bull Arena
NWMW84L5lz,36081120300,,current,Red Bull Arena
NWMW84L5lz,36081066100,,current,Red Bull Arena
NWMW84L5lz,36081079000,,current,Red Bull Arena
NWMW84L5lz,36081103300,,current,Red Bull Arena
NWMW84L5lz,36091062410,,current,Red Bull Arena
NWMW84L5lz,36091060505,,current,Red Bull Arena
NWMW84L5lz,36091060704,,current,Red Bull Arena
NWMW84L5lz,36091062409,,current,Red Bull Arena
NWMW84L5lz,36091060703,,current,Red Bull Arena
NWMW84L5lz,36091060103,,current,Red Bull Arena
NWMW84L5lz,36091061202,,current,Red Bull Arena
NWMW84L5lz,36091061906,,current,Red Bull Arena
NWMW84L5lz,36091062408,,current,Red Bull Arena
NWMW84L5lz,36091062002,,current,Red Bull Arena
NWMW84L5lz,36091060506,,current,Red Bull Arena
NWMW84L5lz,36091060507,,current,Red Bull Arena
NWMW84L5lz,36091062900,,current,Red Bull Arena
NWMW84L5lz,36091060706,,current,Red Bull Arena
NWMW84L5lz,36091061002,,current,Red Bull Arena
NWMW84L5lz,36081133300,,current,Red Bull Arena
NWMW84L5lz,36081134100,,current,Red Bull Arena
NWMW84L5lz,36029001500,,current,Red Bull Arena
NWMW84L5lz,36029004200,,current,Red Bull Arena
NWMW84L5lz,36029007600,,current,Red Bull Arena
NWMW84L5lz,36029013002,,current,Red Bull Arena
NWMW84L5lz,36029014300,,current,Red Bull Arena
NWMW84L5lz,36029000600,,current,Red Bull Arena
NWMW84L5lz,36029008800,,current,Red Bull Arena
NWMW84L5lz,36029010400,,current,Red Bull Arena
NWMW84L5lz,36029009302,,current,Red Bull Arena
NWMW84L5lz,36081136700,,current,Red Bull Arena
NWMW84L5lz,36081101002,,current,Red Bull Arena
NWMW84L5lz,36081101700,,current,Red Bull Arena
NWMW84L5lz,36029015800,,current,Red Bull Arena
NWMW84L5lz,36029015102,,current,Red Bull Arena
NWMW84L5lz,36029015401,,current,Red Bull Arena
NWMW84L5lz,36029005202,,current,Red Bull Arena
NWMW84L5lz,36029011100,,current,Red Bull Arena
NWMW84L5lz,36017970901,,current,Red Bull Arena
NWMW84L5lz,36017970502,,current,Red Bull Arena
NWMW84L5lz,36017970501,,current,Red Bull Arena
NWMW84L5lz,36017970202,,current,Red Bull Arena
NWMW84L5lz,36017970201,,current,Red Bull Arena
NWMW84L5lz,36017970902,,current,Red Bull Arena
NWMW84L5lz,36017970101,,current,Red Bull Arena
NWMW84L5lz,36017970102,,current,Red Bull Arena
NWMW84L5lz,36033950800,,current,Red Bull Arena
NWMW84L5lz,36033951200,,current,Red Bull Arena
NWMW84L5lz,36033951100,,current,Red Bull Arena
NWMW84L5lz,36081115500,,current,Red Bull Arena
NWMW84L5lz,36035970601,,current,Red Bull Arena
NWMW84L5lz,36035971502,,current,Red Bull Arena
NWMW84L5lz,36035970602,,current,Red Bull Arena
NWMW84L5lz,36035971501,,current,Red Bull Arena
NWMW84L5lz,36055980000,,current,Red Bull Arena
NWMW84L5lz,36081093900,,current,Red Bull Arena
NWMW84L5lz,36081094201,,current,Red Bull Arena
NWMW84L5lz,36081094202,,current,Red Bull Arena
NWMW84L5lz,36081094203,,current,Red Bull Arena
NWMW84L5lz,36081001903,87.0,current,Red Bull Arena
NWMW84L5lz,36081053901,90.0,current,Red Bull Arena
NWMW84L5lz,36069050502,,current,Red Bull Arena
NWMW84L5lz,36069050501,,current,Red Bull Arena
NWMW84L5lz,36069050104,,current,Red Bull Arena
NWMW84L5lz,36069050303,,current,Red Bull Arena
NWMW84L5lz,36069050401,,current,Red Bull Arena
NWMW84L5lz,36069050304,,current,Red Bull Arena
NWMW84L5lz,36069050402,,current,Red Bull Arena
NWMW84L5lz,36069050105,,current,Red Bull Arena
NWMW84L5lz,36069050204,,current,Red Bull Arena
NWMW84L5lz,36069052102,,current,Red Bull Arena
NWMW84L5lz,36069052101,,current,Red Bull Arena
NWMW84L5lz,36069051501,,current,Red Bull Arena
NWMW84L5lz,36069052002,,current,Red Bull Arena
NWMW84L5lz,36069052003,,current,Red Bull Arena
NWMW84L5lz,36069051102,,current,Red Bull Arena
NWMW84L5lz,36069050604,,current,Red Bull Arena
NWMW84L5lz,36069051301,,current,Red Bull Arena
NWMW84L5lz,36069052001,,current,Red Bull Arena
NWMW84L5lz,36069050205,,current,Red Bull Arena
NWMW84L5lz,36069050106,,current,Red Bull Arena
NWMW84L5lz,36081117100,116.0,current,Red Bull Arena
NWMW84L5lz,36081116100,115.0,current,Red Bull Arena
NWMW84L5lz,36081116700,112.0,current,Red Bull Arena
NWMW84L5lz,36081117500,118.0,current,Red Bull Arena
NWMW84L5lz,36081118100,119.0,current,Red Bull Arena
NWMW84L5lz,36081119100,,current,Red Bull Arena
NWMW84L5lz,36029000500,,current,Red Bull Arena
NWMW84L5lz,36029000700,,current,Red Bull Arena
NWMW84L5lz,36081017102,99.0,current,Red Bull Arena
NWMW84L5lz,36081017101,94.0,current,Red Bull Arena
NWMW84L5lz,36081027701,94.0,current,Red Bull Arena
NWMW84L5lz,36081003301,83.0,current,Red Bull Arena
NWMW84L5lz,36081091603,,current,Red Bull Arena
NWMW84L5lz,36081091604,,current,Red Bull Arena
NWMW84L5lz,36081000101,88.0,current,Red Bull Arena
NWMW84L5lz,36081021601,103.0,current,Red Bull Arena
NWMW84L5lz,36029000900,,current,Red Bull Arena
NWMW84L5lz,36029001000,,current,Red Bull Arena
NWMW84L5lz,36029001100,,current,Red Bull Arena
NWMW84L5lz,36029001700,,current,Red Bull Arena
NWMW84L5lz,36023970600,,current,Red Bull Arena
NWMW84L5lz,36023970700,,current,Red Bull Arena
NWMW84L5lz,36023970800,,current,Red Bull Arena
NWMW84L5lz,36023970900,,current,Red Bull Arena
NWMW84L5lz,36023971000,,current,Red Bull Arena
NWMW84L5lz,36023971100,,current,Red Bull Arena
NWMW84L5lz,36111954100,,current,Red Bull Arena
NWMW84L5lz,36111950900,,current,Red Bull Arena
NWMW84L5lz,36111950100,,current,Red Bull Arena
NWMW84L5lz,36111953000,,current,Red Bull Arena
NWMW84L5lz,36111954500,,current,Red Bull Arena
NWMW84L5lz,36111950400,,current,Red Bull Arena
NWMW84L5lz,36111953300,,current,Red Bull Arena
NWMW84L5lz,36111954800,,current,Red Bull Arena
NWMW84L5lz,36111954900,,current,Red Bull Arena
NWMW84L5lz,36109001901,,current,Red Bull Arena
NWMW84L5lz,36109001902,,current,Red Bull Arena
NWMW84L5lz,36109001301,,current,Red Bull Arena
NWMW84L5lz,36109001302,,current,Red Bull Arena
NWMW84L5lz,36109000201,,current,Red Bull Arena
NWMW84L5lz,36109000202,,current,Red Bull Arena
NWMW84L5lz,36069050103,,current,Red Bull Arena
NWMW84L5lz,36069050203,,current,Red Bull Arena
NWMW84L5lz,36069051502,,current,Red Bull Arena
NWMW84L5lz,36069051801,,current,Red Bull Arena
NWMW84L5lz,36069051001,,current,Red Bull Arena
NWMW84L5lz,36069050603,,current,Red Bull Arena
NWMW84L5lz,36069051101,,current,Red Bull Arena
NWMW84L5lz,36069051302,,current,Red Bull Arena
NWMW84L5lz,36069050206,,current,Red Bull Arena
NWMW84L5lz,36087013002,,current,Red Bull Arena
NWMW84L5lz,36053030701,,current,Red Bull Arena
NWMW84L5lz,36053030601,,current,Red Bull Arena
NWMW84L5lz,36053030602,,current,Red Bull Arena
NWMW84L5lz,36053030702,,current,Red Bull Arena
NWMW84L5lz,36053030403,,current,Red Bull Arena
NWMW84L5lz,36053030404,,current,Red Bull Arena
NWMW84L5lz,36087010102,,current,Red Bull Arena
NWMW84L5lz,36087010101,,current,Red Bull Arena
NWMW84L5lz,36087013200,,current,Red Bull Arena
NWMW84L5lz,36087010200,,current,Red Bull Arena
NWMW84L5lz,36087010901,,current,Red Bull Arena
NWMW84L5lz,36087011000,,current,Red Bull Arena
NWMW84L5lz,36087010802,,current,Red Bull Arena
NWMW84L5lz,36087011601,,current,Red Bull Arena
NWMW84L5lz,36085014605,,current,Red Bull Arena
NWMW84L5lz,36085014606,,current,Red Bull Arena
NWMW84L5lz,36085015100,,current,Red Bull Arena
NWMW84L5lz,36085015601,,current,Red Bull Arena
NWMW84L5lz,36085015602,,current,Red Bull Arena
NWMW84L5lz,36085015603,,current,Red Bull Arena
NWMW84L5lz,36085016901,119.0,current,Red Bull Arena
NWMW84L5lz,36059416802,,current,Red Bull Arena
NWMW84L5lz,36059980100,,current,Red Bull Arena
NWMW84L5lz,36059990200,,current,Red Bull Arena
NWMW84L5lz,36087010501,,current,Red Bull Arena
NWMW84L5lz,36085014700,118.0,current,Red Bull Arena
NWMW84L5lz,36085020100,,current,Red Bull Arena
NWMW84L5lz,36085031902,,current,Red Bull Arena
NWMW84L5lz,36085000300,,current,Red Bull Arena
NWMW84L5lz,36085000600,119.0,current,Red Bull Arena
NWMW84L5lz,36085000800,103.0,current,Red Bull Arena
NWMW84L5lz,36085001100,,current,Red Bull Arena
NWMW84L5lz,36085001700,,current,Red Bull Arena
NWMW84L5lz,36085002002,95.0,current,Red Bull Arena
NWMW84L5lz,36085002100,,current,Red Bull Arena
NWMW84L5lz,36085002900,119.0,current,Red Bull Arena
NWMW84L5lz,36085003300,,current,Red Bull Arena
NWMW84L5lz,36085017005,,current,Red Bull Arena
NWMW84L5lz,36085017007,,current,Red Bull Arena
NWMW84L5lz,36085017300,,current,Red Bull Arena
NWMW84L5lz,36085017600,,current,Red Bull Arena
NWMW84L5lz,36061023400,96.0,current,Red Bull Arena
NWMW84L5lz,36061023501,93.0,current,Red Bull Arena
NWMW84L5lz,36061023502,95.0,current,Red Bull Arena
NWMW84L5lz,36061023600,99.0,current,Red Bull Arena
NWMW84L5lz,36061023700,99.0,current,Red Bull Arena
NWMW84L5lz,36061023900,92.0,current,Red Bull Arena
NWMW84L5lz,36061024000,98.0,current,Red Bull Arena
NWMW84L5lz,36061024301,96.0,current,Red Bull Arena
NWMW84L5lz,36061024302,96.0,current,Red Bull Arena
NWMW84L5lz,36061024500,92.0,current,Red Bull Arena
NWMW84L5lz,36061024900,93.0,current,Red Bull Arena
NWMW84L5lz,36061025500,115.0,current,Red Bull Arena
NWMW84L5lz,36061026300,95.0,current,Red Bull Arena
NWMW84L5lz,36061026500,97.0,current,Red Bull Arena
NWMW84L5lz,36061026700,99.0,current,Red Bull Arena
NWMW84L5lz,36061026900,95.0,current,Red Bull Arena
NWMW84L5lz,36061027500,,current,Red Bull Arena
NWMW84L5lz,36061027700,95.0,current,Red Bull Arena
NWMW84L5lz,36061027900,95.0,current,Red Bull Arena
NWMW84L5lz,36061028500,97.0,current,Red Bull Arena
NWMW84L5lz,36087010602,,current,Red Bull Arena
NWMW84L5lz,36087010702,,current,Red Bull Arena
NWMW84L5lz,36087010703,,current,Red Bull Arena
NWMW84L5lz,36087010801,,current,Red Bull Arena
NWMW84L5lz,36087010803,,current,Red Bull Arena
NWMW84L5lz,36061028700,119.0,current,Red Bull Arena
NWMW84L5lz,36061008601,88.0,current,Red Bull Arena
NWMW84L5lz,36061029100,101.0,current,Red Bull Arena
NWMW84L5lz,36061029300,97.0,current,Red Bull Arena
NWMW84L5lz,36061029500,105.0,current,Red Bull Arena
NWMW84L5lz,36061029700,119.0,current,Red Bull Arena
NWMW84L5lz,36061030300,101.0,current,Red Bull Arena
NWMW84L5lz,36061016300,84.0,current,Red Bull Arena
NWMW84L5lz,36061029900,98.0,current,Red Bull Arena
NWMW84L5lz,36029005802,,current,Red Bull Arena
NWMW84L5lz,36029009010,,current,Red Bull Arena
NWMW84L5lz,36049950800,,current,Red Bull Arena
NWMW84L5lz,36049950601,,current,Red Bull Arena
NWMW84L5lz,36049950302,,current,Red Bull Arena
NWMW84L5lz,36049950101,,current,Red Bull Arena
NWMW84L5lz,36049950301,,current,Red Bull Arena
NWMW84L5lz,36049950401,,current,Red Bull Arena
NWMW84L5lz,36085003900,,current,Red Bull Arena
NWMW84L5lz,36085004700,,current,Red Bull Arena
NWMW84L5lz,36085005000,107.0,current,Red Bull Arena
NWMW84L5lz,36085006400,98.0,current,Red Bull Arena
NWMW84L5lz,36085007400,114.0,current,Red Bull Arena
NWMW84L5lz,36085007500,,current,Red Bull Arena
NWMW84L5lz,36085008100,,current,Red Bull Arena
NWMW84L5lz,36085009601,100.0,current,Red Bull Arena
NWMW84L5lz,36085009602,105.0,current,Red Bull Arena
NWMW84L5lz,36061010602,88.0,current,Red Bull Arena
NWMW84L5lz,36061010900,68.0,current,Red Bull Arena
NWMW84L5lz,36061011000,80.0,current,Red Bull Arena
NWMW84L5lz,36061011202,79.0,current,Red Bull Arena
NWMW84L5lz,36061011203,74.0,current,Red Bull Arena
NWMW84L5lz,36027140202,,current,Red Bull Arena
NWMW84L5lz,36027140201,,current,Red Bull Arena
NWMW84L5lz,36027220102,,current,Red Bull Arena
NWMW84L5lz,36027140301,,current,Red Bull Arena
NWMW84L5lz,36027140302,,current,Red Bull Arena
NWMW84L5lz,36027220101,,current,Red Bull Arena
NWMW84L5lz,36061031100,99.0,current,Red Bull Arena
NWMW84L5lz,36061003700,73.0,current,Red Bull Arena
NWMW84L5lz,36071013201,,current,Red Bull Arena
NWMW84L5lz,36071011702,,current,Red Bull Arena
NWMW84L5lz,36061005200,69.0,current,Red Bull Arena
NWMW84L5lz,36061010100,65.0,current,Red Bull Arena
NWMW84L5lz,36061014700,84.0,current,Red Bull Arena
NWMW84L5lz,36061015001,81.0,current,Red Bull Arena
NWMW84L5lz,36085018901,116.0,current,Red Bull Arena
NWMW84L5lz,36085019700,116.0,current,Red Bull Arena
NWMW84L5lz,36085020803,,current,Red Bull Arena
NWMW84L5lz,36085020804,,current,Red Bull Arena
NWMW84L5lz,36085022300,,current,Red Bull Arena
NWMW84L5lz,36085023100,,current,Red Bull Arena
NWMW84L5lz,36085023900,112.0,current,Red Bull Arena
NWMW84L5lz,36061015002,83.0,current,Red Bull Arena
NWMW84L5lz,36061015200,94.0,current,Red Bull Arena
NWMW84L5lz,36061019100,88.0,current,Red Bull Arena
NWMW84L5lz,36061022301,93.0,current,Red Bull Arena
NWMW84L5lz,36061031900,66.0,current,Red Bull Arena
NWMW84L5lz,36087010804,,current,Red Bull Arena
NWMW84L5lz,36087010902,,current,Red Bull Arena
NWMW84L5lz,36087011101,,current,Red Bull Arena
NWMW84L5lz,36087011102,,current,Red Bull Arena
NWMW84L5lz,36075020400,,current,Red Bull Arena
NWMW84L5lz,36075020800,,current,Red Bull Arena
NWMW84L5lz,36085011401,105.0,current,Red Bull Arena
NWMW84L5lz,36085011402,108.0,current,Red Bull Arena
NWMW84L5lz,36085012100,,current,Red Bull Arena
NWMW84L5lz,36085012500,,current,Red Bull Arena
NWMW84L5lz,36085012804,,current,Red Bull Arena
NWMW84L5lz,36085013203,,current,Red Bull Arena
NWMW84L5lz,36085013204,119.0,current,Red Bull Arena
NWMW84L5lz,36085013302,,current,Red Bull Arena
NWMW84L5lz,36085013400,111.0,current,Red Bull Arena
NWMW84L5lz,36085013800,,current,Red Bull Arena
NWMW84L5lz,36087011200,,current,Red Bull Arena
NWMW84L5lz,36087011302,,current,Red Bull Arena
NWMW84L5lz,36087011303,,current,Red Bull Arena
NWMW84L5lz,36087011401,,current,Red Bull Arena
NWMW84L5lz,36091061404,,current,Red Bull Arena
NWMW84L5lz,36071015005,,current,Red Bull Arena
NWMW84L5lz,36013035100,,current,Red Bull Arena
NWMW84L5lz,36073040603,,current,Red Bull Arena
NWMW84L5lz,36073040601,,current,Red Bull Arena
NWMW84L5lz,36073040702,,current,Red Bull Arena
NWMW84L5lz,36073040701,,current,Red Bull Arena
NWMW84L5lz,36073040602,,current,Red Bull Arena
NWMW84L5lz,36087011403,,current,Red Bull Arena
NWMW84L5lz,36013036300,,current,Red Bull Arena
NWMW84L5lz,36087011602,,current,Red Bull Arena
NWMW84L5lz,36087011603,,current,Red Bull Arena
NWMW84L5lz,36087011700,,current,Red Bull Arena
NWMW84L5lz,36085007700,,current,Red Bull Arena
NWMW84L5lz,36085002700,,current,Red Bull Arena
NWMW84L5lz,36085003600,103.0,current,Red Bull Arena
NWMW84L5lz,36085018701,112.0,current,Red Bull Arena
NWMW84L5lz,36085015400,,current,Red Bull Arena
NWMW84L5lz,36085000900,,current,Red Bull Arena
NWMW84L5lz,36085012200,113.0,current,Red Bull Arena
NWMW84L5lz,36085011201,117.0,current,Red Bull Arena
NWMW84L5lz,36085030302,,current,Red Bull Arena
NWMW84L5lz,36085024700,115.0,current,Red Bull Arena
NWMW84L5lz,36061019900,89.0,current,Red Bull Arena
NWMW84L5lz,36085006700,,current,Red Bull Arena
NWMW84L5lz,36085014608,,current,Red Bull Arena
NWMW84L5lz,36085017011,,current,Red Bull Arena
NWMW84L5lz,36013035300,,current,Red Bull Arena
NWMW84L5lz,36061009700,74.0,current,Red Bull Arena
NWMW84L5lz,36061001502,69.0,current,Red Bull Arena
NWMW84L5lz,36061013900,80.0,current,Red Bull Arena
NWMW84L5lz,36061008300,69.0,current,Red Bull Arena
NWMW84L5lz,36061024700,101.0,current,Red Bull Arena
NWMW84L5lz,36061003602,77.0,current,Red Bull Arena
NWMW84L5lz,36061005502,72.0,current,Red Bull Arena
NWMW84L5lz,36061019800,86.0,current,Red Bull Arena
NWMW84L5lz,36061018700,87.0,current,Red Bull Arena
NWMW84L5lz,36061016500,82.0,current,Red Bull Arena
NWMW84L5lz,36061012500,70.0,current,Red Bull Arena
NWMW84L5lz,36061023300,99.0,current,Red Bull Arena
NWMW84L5lz,36061020800,86.0,current,Red Bull Arena
NWMW84L5lz,36109000900,,current,Red Bull Arena
NWMW84L5lz,36109001200,,current,Red Bull Arena
NWMW84L5lz,36109001600,,current,Red Bull Arena
NWMW84L5lz,36109002300,,current,Red Bull Arena
NWMW84L5lz,36109000400,,current,Red Bull Arena
NWMW84L5lz,36109002000,,current,Red Bull Arena
NWMW84L5lz,36087012000,,current,Red Bull Arena
NWMW84L5lz,36087011800,,current,Red Bull Arena
NWMW84L5lz,36025970401,,current,Red Bull Arena
NWMW84L5lz,36025970501,,current,Red Bull Arena
NWMW84L5lz,36025970601,,current,Red Bull Arena
NWMW84L5lz,36025970602,,current,Red Bull Arena
NWMW84L5lz,36025970101,,current,Red Bull Arena
NWMW84L5lz,36025970502,,current,Red Bull Arena
NWMW84L5lz,36025970102,,current,Red Bull Arena
NWMW84L5lz,36025970402,,current,Red Bull Arena
NWMW84L5lz,36085013201,114.0,current,Red Bull Arena
NWMW84L5lz,36085027704,,current,Red Bull Arena
NWMW84L5lz,36085027302,,current,Red Bull Arena
NWMW84L5lz,36085029104,103.0,current,Red Bull Arena
NWMW84L5lz,36085017009,,current,Red Bull Arena
NWMW84L5lz,36085018902,,current,Red Bull Arena
NWMW84L5lz,36085021300,115.0,current,Red Bull Arena
NWMW84L5lz,36085010500,,current,Red Bull Arena
NWMW84L5lz,36085000700,,current,Red Bull Arena
NWMW84L5lz,36085002001,99.0,current,Red Bull Arena
NWMW84L5lz,36055014601,,current,Red Bull Arena
NWMW84L5lz,36055015303,,current,Red Bull Arena
NWMW84L5lz,36055015304,,current,Red Bull Arena
NWMW84L5lz,36061011600,92.0,current,Red Bull Arena
NWMW84L5lz,36061016002,87.0,current,Red Bull Arena
NWMW84L5lz,36061030700,102.0,current,Red Bull Arena
NWMW84L5lz,36061004800,70.0,current,Red Bull Arena
NWMW84L5lz,36061023200,94.0,current,Red Bull Arena
NWMW84L5lz,36061009100,64.0,current,Red Bull Arena
NWMW84L5lz,36061006600,79.0,current,Red Bull Arena
NWMW84L5lz,36061001001,96.0,current,Red Bull Arena
NWMW84L5lz,36061007700,67.0,current,Red Bull Arena
NWMW84L5lz,36061011201,77.0,current,Red Bull Arena
NWMW84L5lz,36061017401,85.0,current,Red Bull Arena
NWMW84L5lz,36061015602,85.0,current,Red Bull Arena
NWMW84L5lz,36061018000,92.0,current,Red Bull Arena
NWMW84L5lz,36061008000,73.0,current,Red Bull Arena
NWMW84L5lz,36061020101,84.0,current,Red Bull Arena
NWMW84L5lz,36061022200,84.0,current,Red Bull Arena
NWMW84L5lz,36061013800,86.0,current,Red Bull Arena
NWMW84L5lz,36061007400,69.0,current,Red Bull Arena
NWMW84L5lz,36061003200,78.0,current,Red Bull Arena
NWMW84L5lz,36061026100,98.0,current,Red Bull Arena
NWMW84L5lz,36061022500,92.0,current,Red Bull Arena
NWMW84L5lz,36061004100,73.0,current,Red Bull Arena
NWMW84L5lz,36061002100,56.0,current,Red Bull Arena
NWMW84L5lz,36061001402,72.0,current,Red Bull Arena
NWMW84L5lz,36061028100,101.0,current,Red Bull Arena
NWMW84L5lz,36011041400,,current,Red Bull Arena
NWMW84L5lz,36011040900,,current,Red Bull Arena
NWMW84L5lz,36011040800,,current,Red Bull Arena
NWMW84L5lz,36011040300,,current,Red Bull Arena
NWMW84L5lz,36001014803,,current,Red Bull Arena
NWMW84L5lz,36001013703,,current,Red Bull Arena
NWMW84L5lz,36001014502,,current,Red Bull Arena
NWMW84L5lz,36089490300,,current,Red Bull Arena
NWMW84L5lz,36029009107,,current,Red Bull Arena
NWMW84L5lz,36055014906,,current,Red Bull Arena
NWMW84L5lz,36087013102,,current,Red Bull Arena
NWMW84L5lz,36087012503,,current,Red Bull Arena
NWMW84L5lz,36087012114,,current,Red Bull Arena
NWMW84L5lz,36087012504,,current,Red Bull Arena
NWMW84L5lz,36087012403,,current,Red Bull Arena
NWMW84L5lz,36087012108,,current,Red Bull Arena
NWMW84L5lz,36087012506,,current,Red Bull Arena
NWMW84L5lz,36087012116,,current,Red Bull Arena
NWMW84L5lz,36087011512,,current,Red Bull Arena
NWMW84L5lz,36087011304,,current,Red Bull Arena
NWMW84L5lz,36087012505,,current,Red Bull Arena
NWMW84L5lz,36087012115,,current,Red Bull Arena
NWMW84L5lz,36087010504,,current,Red Bull Arena
NWMW84L5lz,36087011507,,current,Red Bull Arena
NWMW84L5lz,36087011305,,current,Red Bull Arena
NWMW84L5lz,36087011508,,current,Red Bull Arena
NWMW84L5lz,36087012112,,current,Red Bull Arena
NWMW84L5lz,36087012113,,current,Red Bull Arena
NWMW84L5lz,36087012111,,current,Red Bull Arena
NWMW84L5lz,36085017012,,current,Red Bull Arena
NWMW84L5lz,36061024100,97.0,current,Red Bull Arena
NWMW84L5lz,36061017200,87.0,current,Red Bull Arena
NWMW84L5lz,36087012600,,current,Red Bull Arena
NWMW84L5lz,36087012700,,current,Red Bull Arena
NWMW84L5lz,36087012800,,current,Red Bull Arena
NWMW84L5lz,36061011300,66.0,current,Red Bull Arena
NWMW84L5lz,36061019000,80.0,current,Red Bull Arena
NWMW84L5lz,36061009500,65.0,current,Red Bull Arena
NWMW84L5lz,36061027300,98.0,current,Red Bull Arena
NWMW84L5lz,36061010601,88.0,current,Red Bull Arena
NWMW84L5lz,36061005900,68.0,current,Red Bull Arena
NWMW84L5lz,36061014602,82.0,current,Red Bull Arena
NWMW84L5lz,36061006300,63.0,current,Red Bull Arena
NWMW84L5lz,36061025100,88.0,current,Red Bull Arena
NWMW84L5lz,36061017900,84.0,current,Red Bull Arena
NWMW84L5lz,36061011800,85.0,current,Red Bull Arena
NWMW84L5lz,36061003400,70.0,current,Red Bull Arena
NWMW84L5lz,36061020500,103.0,current,Red Bull Arena
NWMW84L5lz,36061018900,83.0,current,Red Bull Arena
NWMW84L5lz,36061003002,80.0,current,Red Bull Arena
NWMW84L5lz,36061013100,73.0,current,Red Bull Arena
NWMW84L5lz,36089491600,,current,Red Bull Arena
NWMW84L5lz,36089492100,,current,Red Bull Arena
NWMW84L5lz,36089490500,,current,Red Bull Arena
NWMW84L5lz,36089492700,,current,Red Bull Arena
NWMW84L5lz,36089492800,,current,Red Bull Arena
NWMW84L5lz,36095740100,,current,Red Bull Arena
NWMW84L5lz,36095740600,,current,Red Bull Arena
NWMW84L5lz,36087013001,,current,Red Bull Arena
NWMW84L5lz,36087013003,,current,Red Bull Arena
NWMW84L5lz,36061008200,75.0,current,Red Bull Arena
NWMW84L5lz,36061020701,88.0,current,Red Bull Arena
NWMW84L5lz,36061008900,72.0,current,Red Bull Arena
NWMW84L5lz,36061002500,76.0,current,Red Bull Arena
NWMW84L5lz,36061011100,74.0,current,Red Bull Arena
NWMW84L5lz,36061005000,71.0,current,Red Bull Arena
NWMW84L5lz,36061000800,80.0,current,Red Bull Arena
NWMW84L5lz,36061015802,84.0,current,Red Bull Arena
NWMW84L5lz,36061014200,86.0,current,Red Bull Arena
NWMW84L5lz,36061007200,73.0,current,Red Bull Arena
NWMW84L5lz,36001001600,,current,Red Bull Arena
NWMW84L5lz,36061021500,88.0,current,Red Bull Arena
NWMW84L5lz,36061025900,89.0,current,Red Bull Arena
NWMW84L5lz,36061031703,62.0,current,Red Bull Arena
NWMW84L5lz,36085013301,,current,Red Bull Arena
NWMW84L5lz,36011040400,,current,Red Bull Arena
NWMW84L5lz,36011040600,,current,Red Bull Arena
NWMW84L5lz,36011040700,,current,Red Bull Arena
NWMW84L5lz,36101960100,,current,Red Bull Arena
NWMW84L5lz,36101960700,,current,Red Bull Arena
NWMW84L5lz,36087013300,,current,Red Bull Arena
NWMW84L5lz,36101960800,,current,Red Bull Arena
NWMW84L5lz,36101960900,,current,Red Bull Arena
NWMW84L5lz,36101961000,,current,Red Bull Arena
NWMW84L5lz,36061012200,84.0,current,Red Bull Arena
NWMW84L5lz,36061014402,85.0,current,Red Bull Arena
NWMW84L5lz,36061015601,84.0,current,Red Bull Arena
NWMW84L5lz,36061021600,81.0,current,Red Bull Arena
NWMW84L5lz,36061022000,86.0,current,Red Bull Arena
NWMW84L5lz,36061025300,91.0,current,Red Bull Arena
NWMW84L5lz,36061027100,96.0,current,Red Bull Arena
NWMW84L5lz,36061028300,99.0,current,Red Bull Arena
NWMW84L5lz,36061000100,,current,Red Bull Arena
NWMW84L5lz,36061000201,89.0,current,Red Bull Arena
NWMW84L5lz,36061000202,92.0,current,Red Bull Arena
NWMW84L5lz,36061000500,,current,Red Bull Arena
NWMW84L5lz,36061000600,83.0,current,Red Bull Arena
NWMW84L5lz,36061000700,71.0,current,Red Bull Arena
NWMW84L5lz,36061000900,67.0,current,Red Bull Arena
NWMW84L5lz,36061001002,94.0,current,Red Bull Arena
NWMW84L5lz,36061001200,79.0,current,Red Bull Arena
NWMW84L5lz,36061001300,56.0,current,Red Bull Arena
NWMW84L5lz,36061001401,77.0,current,Red Bull Arena
NWMW84L5lz,36103158320,,current,Red Bull Arena
NWMW84L5lz,36103146608,,current,Red Bull Arena
NWMW84L5lz,36103158403,,current,Red Bull Arena
NWMW84L5lz,36103158407,,current,Red Bull Arena
NWMW84L5lz,36103158408,,current,Red Bull Arena
NWMW84L5lz,36103111804,,current,Red Bull Arena
NWMW84L5lz,36103111900,,current,Red Bull Arena
NWMW84L5lz,36103112001,,current,Red Bull Arena
NWMW84L5lz,36103112002,,current,Red Bull Arena
NWMW84L5lz,36103112102,,current,Red Bull Arena
NWMW84L5lz,36103112103,,current,Red Bull Arena
NWMW84L5lz,36103146402,,current,Red Bull Arena
NWMW84L5lz,36103146403,,current,Red Bull Arena
NWMW84L5lz,36103146404,,current,Red Bull Arena
NWMW84L5lz,36103146500,,current,Red Bull Arena
NWMW84L5lz,36103147503,,current,Red Bull Arena
NWMW84L5lz,36103147601,,current,Red Bull Arena
NWMW84L5lz,36103147602,,current,Red Bull Arena
NWMW84L5lz,36103147702,,current,Red Bull Arena
NWMW84L5lz,36103147802,,current,Red Bull Arena
NWMW84L5lz,36103147803,,current,Red Bull Arena
NWMW84L5lz,36103147804,,current,Red Bull Arena
NWMW84L5lz,36103147901,,current,Red Bull Arena
NWMW84L5lz,36103158306,,current,Red Bull Arena
NWMW84L5lz,36015011200,,current,Red Bull Arena
NWMW84L5lz,36015000600,,current,Red Bull Arena
NWMW84L5lz,36071011102,,current,Red Bull Arena
NWMW84L5lz,36103158502,,current,Red Bull Arena
NWMW84L5lz,36103158505,,current,Red Bull Arena
NWMW84L5lz,36103158506,,current,Red Bull Arena
NWMW84L5lz,36103158509,,current,Red Bull Arena
NWMW84L5lz,36103158510,,current,Red Bull Arena
NWMW84L5lz,36103112104,,current,Red Bull Arena
NWMW84L5lz,36103112204,,current,Red Bull Arena
NWMW84L5lz,36103112211,,current,Red Bull Arena
NWMW84L5lz,36103112212,,current,Red Bull Arena
NWMW84L5lz,36103112213,,current,Red Bull Arena
NWMW84L5lz,36015010100,,current,Red Bull Arena
NWMW84L5lz,36005006500,90.0,current,Red Bull Arena
NWMW84L5lz,36005020200,111.0,current,Red Bull Arena
NWMW84L5lz,36005015700,104.0,current,Red Bull Arena
NWMW84L5lz,36005005200,108.0,current,Red Bull Arena
NWMW84L5lz,36015001100,,current,Red Bull Arena
NWMW84L5lz,36015000500,,current,Red Bull Arena
NWMW84L5lz,36015000200,,current,Red Bull Arena
NWMW84L5lz,36015000300,,current,Red Bull Arena
NWMW84L5lz,36015011000,,current,Red Bull Arena
NWMW84L5lz,36015000400,,current,Red Bull Arena
NWMW84L5lz,36015010600,,current,Red Bull Arena
NWMW84L5lz,36015000100,,current,Red Bull Arena
NWMW84L5lz,36015000900,,current,Red Bull Arena
NWMW84L5lz,36015001000,,current,Red Bull Arena
NWMW84L5lz,36091060800,,current,Red Bull Arena
NWMW84L5lz,36123150301,,current,Red Bull Arena
NWMW84L5lz,36123150302,,current,Red Bull Arena
NWMW84L5lz,36123150501,,current,Red Bull Arena
NWMW84L5lz,36123150502,,current,Red Bull Arena
NWMW84L5lz,36123150102,,current,Red Bull Arena
NWMW84L5lz,36123150101,,current,Red Bull Arena
NWMW84L5lz,36083051601,,current,Red Bull Arena
NWMW84L5lz,36083051602,,current,Red Bull Arena
NWMW84L5lz,36083052406,,current,Red Bull Arena
NWMW84L5lz,36083052408,,current,Red Bull Arena
NWMW84L5lz,36083052407,,current,Red Bull Arena
NWMW84L5lz,36083040701,,current,Red Bull Arena
NWMW84L5lz,36083052306,,current,Red Bull Arena
NWMW84L5lz,36083052305,,current,Red Bull Arena
NWMW84L5lz,36083052405,,current,Red Bull Arena
NWMW84L5lz,36083040702,,current,Red Bull Arena
NWMW84L5lz,36083041101,,current,Red Bull Arena
NWMW84L5lz,36083041102,,current,Red Bull Arena
NWMW84L5lz,36119982000,,current,Red Bull Arena
NWMW84L5lz,36119014901,,current,Red Bull Arena
NWMW84L5lz,36065980002,,current,Red Bull Arena
NWMW84L5lz,36065026400,,current,Red Bull Arena
NWMW84L5lz,36001001902,,current,Red Bull Arena
NWMW84L5lz,36001002100,,current,Red Bull Arena
NWMW84L5lz,36001002500,,current,Red Bull Arena
NWMW84L5lz,36001002600,,current,Red Bull Arena
NWMW84L5lz,36001012700,,current,Red Bull Arena
NWMW84L5lz,36001012800,,current,Red Bull Arena
NWMW84L5lz,36001012900,,current,Red Bull Arena
NWMW84L5lz,36001013000,,current,Red Bull Arena
NWMW84L5lz,36015010200,,current,Red Bull Arena
NWMW84L5lz,36065980003,,current,Red Bull Arena
NWMW84L5lz,36065024102,,current,Red Bull Arena
NWMW84L5lz,36065024101,,current,Red Bull Arena
NWMW84L5lz,36065026100,,current,Red Bull Arena
NWMW84L5lz,36015010400,,current,Red Bull Arena
NWMW84L5lz,36015010500,,current,Red Bull Arena
NWMW84L5lz,36009960704,,current,Red Bull Arena
NWMW84L5lz,36009960703,,current,Red Bull Arena
NWMW84L5lz,36009940301,,current,Red Bull Arena
NWMW84L5lz,36009940302,,current,Red Bull Arena
NWMW84L5lz,36009961301,,current,Red Bull Arena
NWMW84L5lz,36009961302,,current,Red Bull Arena
NWMW84L5lz,36001000502,,current,Red Bull Arena
NWMW84L5lz,36045060102,,current,Red Bull Arena
NWMW84L5lz,36045060401,,current,Red Bull Arena
NWMW84L5lz,36045060203,,current,Red Bull Arena
NWMW84L5lz,36045061802,,current,Red Bull Arena
NWMW84L5lz,36045060101,,current,Red Bull Arena
NWMW84L5lz,36045060201,,current,Red Bull Arena
NWMW84L5lz,36045061101,,current,Red Bull Arena
NWMW84L5lz,36045061801,,current,Red Bull Arena
NWMW84L5lz,36045060402,,current,Red Bull Arena
NWMW84L5lz,36045060301,,current,Red Bull Arena
NWMW84L5lz,36045060902,,current,Red Bull Arena
NWMW84L5lz,36045060302,,current,Red Bull Arena
NWMW84L5lz,36045060602,,current,Red Bull Arena
NWMW84L5lz,36045060901,,current,Red Bull Arena
NWMW84L5lz,36045060805,,current,Red Bull Arena
NWMW84L5lz,36045061102,,current,Red Bull Arena
NWMW84L5lz,36045060601,,current,Red Bull Arena
NWMW84L5lz,36045060806,,current,Red Bull Arena
NWMW84L5lz,36045060202,,current,Red Bull Arena
NWMW84L5lz,36107020703,,current,Red Bull Arena
NWMW84L5lz,36117021800,,current,Red Bull Arena
NWMW84L5lz,36025971100,,current,Red Bull Arena
NWMW84L5lz,36025971200,,current,Red Bull Arena
NWMW84L5lz,36001013100,,current,Red Bull Arena
NWMW84L5lz,36015010800,,current,Red Bull Arena
NWMW84L5lz,36001013200,,current,Red Bull Arena
NWMW84L5lz,36015010900,,current,Red Bull Arena
NWMW84L5lz,36041950500,,current,Red Bull Arena
NWMW84L5lz,36041950400,,current,Red Bull Arena
NWMW84L5lz,36041950300,,current,Red Bull Arena
NWMW84L5lz,36041950100,,current,Red Bull Arena
NWMW84L5lz,36123150400,,current,Red Bull Arena
NWMW84L5lz,36123150200,,current,Red Bull Arena
NWMW84L5lz,36107020300,,current,Red Bull Arena
NWMW84L5lz,36107020200,,current,Red Bull Arena
NWMW84L5lz,36107020401,,current,Red Bull Arena
NWMW84L5lz,36107020702,,current,Red Bull Arena
NWMW84L5lz,36029009004,,current,Red Bull Arena
NWMW84L5lz,36107020402,,current,Red Bull Arena
NWMW84L5lz,36025971300,,current,Red Bull Arena
NWMW84L5lz,36065020102,,current,Red Bull Arena
NWMW84L5lz,36103159512,,current,Red Bull Arena
NWMW84L5lz,36103190504,,current,Red Bull Arena
NWMW84L5lz,36001000401,,current,Red Bull Arena
NWMW84L5lz,36103990100,,current,Red Bull Arena
NWMW84L5lz,36103135209,,current,Red Bull Arena
NWMW84L5lz,36047012600,94.0,current,Red Bull Arena
NWMW84L5lz,36047027100,84.0,current,Red Bull Arena
NWMW84L5lz,36065026600,,current,Red Bull Arena
NWMW84L5lz,36047034800,114.0,current,Red Bull Arena
NWMW84L5lz,36047046000,97.0,current,Red Bull Arena
NWMW84L5lz,36047105804,118.0,current,Red Bull Arena
NWMW84L5lz,36065020705,,current,Red Bull Arena
NWMW84L5lz,36005043503,,current,Red Bull Arena
NWMW84L5lz,36005043501,119.0,current,Red Bull Arena
NWMW84L5lz,36005033602,110.0,current,Red Bull Arena
NWMW84L5lz,36085011203,110.0,current,Red Bull Arena
NWMW84L5lz,36005033601,110.0,current,Red Bull Arena
NWMW84L5lz,36085022802,,current,Red Bull Arena
NWMW84L5lz,36085022801,,current,Red Bull Arena
NWMW84L5lz,36005033802,108.0,current,Red Bull Arena
NWMW84L5lz,36117020900,,current,Red Bull Arena
NWMW84L5lz,36117021501,,current,Red Bull Arena
NWMW84L5lz,36001013902,,current,Red Bull Arena
NWMW84L5lz,36001000100,,current,Red Bull Arena
NWMW84L5lz,36001014100,,current,Red Bull Arena
NWMW84L5lz,36001014501,,current,Red Bull Arena
NWMW84L5lz,36001014203,,current,Red Bull Arena
NWMW84L5lz,36001014613,,current,Red Bull Arena
NWMW84L5lz,36001001802,,current,Red Bull Arena
NWMW84L5lz,36001000800,,current,Red Bull Arena
NWMW84L5lz,36001014611,,current,Red Bull Arena
NWMW84L5lz,36001000501,,current,Red Bull Arena
NWMW84L5lz,36001014700,,current,Red Bull Arena
NWMW84L5lz,36001014301,,current,Red Bull Arena
NWMW84L5lz,36001002000,,current,Red Bull Arena
NWMW84L5lz,36001002200,,current,Red Bull Arena
NWMW84L5lz,36001000403,,current,Red Bull Arena
NWMW84L5lz,36001000404,,current,Red Bull Arena
NWMW84L5lz,36001000600,,current,Red Bull Arena
NWMW84L5lz,36001000700,,current,Red Bull Arena
NWMW84L5lz,36005033801,109.0,current,Red Bull Arena
NWMW84L5lz,36005043502,117.0,current,Red Bull Arena
NWMW84L5lz,36085011204,,current,Red Bull Arena
NWMW84L5lz,36001001100,,current,Red Bull Arena
NWMW84L5lz,36001013300,,current,Red Bull Arena
NWMW84L5lz,36001013400,,current,Red Bull Arena
NWMW84L5lz,36037950900,,current,Red Bull Arena
NWMW84L5lz,36037950600,,current,Red Bull Arena
NWMW84L5lz,36037950502,,current,Red Bull Arena
NWMW84L5lz,36037950501,,current,Red Bull Arena
NWMW84L5lz,36037950800,,current,Red Bull Arena
NWMW84L5lz,36001001400,,current,Red Bull Arena
NWMW84L5lz,36001001500,,current,Red Bull Arena
NWMW84L5lz,36001001700,,current,Red Bull Arena
NWMW84L5lz,36001001901,,current,Red Bull Arena
NWMW84L5lz,36001014201,,current,Red Bull Arena
NWMW84L5lz,36001013503,,current,Red Bull Arena
NWMW84L5lz,36001002300,,current,Red Bull Arena
NWMW84L5lz,36049950700,,current,Red Bull Arena
NWMW84L5lz,36049950500,,current,Red Bull Arena
NWMW84L5lz,36049950200,,current,Red Bull Arena
NWMW84L5lz,36101962302,,current,Red Bull Arena
NWMW84L5lz,36101962301,,current,Red Bull Arena
NWMW84L5lz,36045990001,,current,Red Bull Arena
NWMW84L5lz,36063023404,,current,Red Bull Arena
NWMW84L5lz,36063023405,,current,Red Bull Arena
NWMW84L5lz,36119011300,,current,Red Bull Arena
NWMW84L5lz,36071011802,,current,Red Bull Arena
NWMW84L5lz,36071011801,,current,Red Bull Arena
NWMW84L5lz,36071010101,,current,Red Bull Arena
NWMW84L5lz,36071010902,,current,Red Bull Arena
NWMW84L5lz,36071011701,,current,Red Bull Arena
NWMW84L5lz,36071014502,,current,Red Bull Arena
NWMW84L5lz,36071014501,,current,Red Bull Arena
NWMW84L5lz,36071011601,,current,Red Bull Arena
NWMW84L5lz,36071010901,,current,Red Bull Arena
NWMW84L5lz,36033950501,,current,Red Bull Arena
NWMW84L5lz,36045980000,,current,Red Bull Arena
NWMW84L5lz,36075020703,,current,Red Bull Arena
NWMW84L5lz,36075020901,,current,Red Bull Arena
NWMW84L5lz,36075021601,,current,Red Bull Arena
NWMW84L5lz,36013036902,,current,Red Bull Arena
NWMW84L5lz,36013036402,,current,Red Bull Arena
NWMW84L5lz,36013036901,,current,Red Bull Arena
NWMW84L5lz,36013036401,,current,Red Bull Arena
NWMW84L5lz,36013037600,,current,Red Bull Arena
NWMW84L5lz,36075021401,,current,Red Bull Arena
NWMW84L5lz,36075020600,,current,Red Bull Arena
NWMW84L5lz,36047051601,100.0,current,Red Bull Arena
NWMW84L5lz,36029015003,,current,Red Bull Arena
NWMW84L5lz,36029015101,,current,Red Bull Arena
NWMW84L5lz,36029015301,,current,Red Bull Arena
NWMW84L5lz,36119010200,,current,Red Bull Arena
NWMW84L5lz,36119010300,,current,Red Bull Arena
NWMW84L5lz,36119010400,,current,Red Bull Arena
NWMW84L5lz,36119010500,,current,Red Bull Arena
NWMW84L5lz,36029015302,,current,Red Bull Arena
NWMW84L5lz,36029015600,,current,Red Bull Arena
NWMW84L5lz,36029015700,,current,Red Bull Arena
NWMW84L5lz,36029015900,,current,Red Bull Arena
NWMW84L5lz,36029940100,,current,Red Bull Arena
NWMW84L5lz,36029013202,,current,Red Bull Arena
NWMW84L5lz,36029940000,,current,Red Bull Arena
NWMW84L5lz,36081059502,105.0,current,Red Bull Arena
NWMW84L5lz,36081059501,103.0,current,Red Bull Arena
NWMW84L5lz,36081084901,113.0,current,Red Bull Arena
NWMW84L5lz,36081048302,99.0,current,Red Bull Arena
NWMW84L5lz,36081066403,,current,Red Bull Arena
NWMW84L5lz,36081019903,110.0,current,Red Bull Arena
NWMW84L5lz,36081089201,116.0,current,Red Bull Arena
NWMW84L5lz,36081053902,102.0,current,Red Bull Arena
NWMW84L5lz,36117020202,,current,Red Bull Arena
NWMW84L5lz,36117020201,,current,Red Bull Arena
NWMW84L5lz,36039080404,,current,Red Bull Arena
NWMW84L5lz,36039081001,,current,Red Bull Arena
NWMW84L5lz,36039080403,,current,Red Bull Arena
NWMW84L5lz,36039081002,,current,Red Bull Arena
NWMW84L5lz,36039080302,,current,Red Bull Arena
NWMW84L5lz,36039080301,,current,Red Bull Arena
NWMW84L5lz,36075990000,,current,Red Bull Arena
NWMW84L5lz,36099950802,,current,Red Bull Arena
NWMW84L5lz,36099950801,,current,Red Bull Arena
NWMW84L5lz,36075020301,,current,Red Bull Arena
NWMW84L5lz,36029006601,,current,Red Bull Arena
NWMW84L5lz,36029006701,,current,Red Bull Arena
NWMW84L5lz,36047061003,113.0,current,Red Bull Arena
NWMW84L5lz,36047061004,111.0,current,Red Bull Arena
NWMW84L5lz,36029006100,,current,Red Bull Arena
NWMW84L5lz,36029006302,,current,Red Bull Arena
NWMW84L5lz,36029006501,,current,Red Bull Arena
NWMW84L5lz,36079010901,,current,Red Bull Arena
NWMW84L5lz,36079011202,,current,Red Bull Arena
NWMW84L5lz,36079010902,,current,Red Bull Arena
NWMW84L5lz,36079011502,,current,Red Bull Arena
NWMW84L5lz,36079011501,,current,Red Bull Arena
NWMW84L5lz,36079010202,,current,Red Bull Arena
NWMW84L5lz,36079011801,,current,Red Bull Arena
NWMW84L5lz,36079010201,,current,Red Bull Arena
NWMW84L5lz,36079011201,,current,Red Bull Arena
NWMW84L5lz,36079011802,,current,Red Bull Arena
NWMW84L5lz,36115080200,,current,Red Bull Arena
NWMW84L5lz,36115092000,,current,Red Bull Arena
NWMW84L5lz,36115094000,,current,Red Bull Arena
NWMW84L5lz,36115080100,,current,Red Bull Arena
NWMW84L5lz,36115090000,,current,Red Bull Arena
NWMW84L5lz,36115091000,,current,Red Bull Arena
NWMW84L5lz,36115089000,,current,Red Bull Arena
NWMW84L5lz,36119010600,,current,Red Bull Arena
NWMW84L5lz,36119010702,,current,Red Bull Arena
NWMW84L5lz,36007012400,,current,Red Bull Arena
NWMW84L5lz,36115085000,,current,Red Bull Arena
NWMW84L5lz,36115086000,,current,Red Bull Arena
NWMW84L5lz,36115087000,,current,Red Bull Arena
NWMW84L5lz,36115093000,,current,Red Bull Arena
NWMW84L5lz,36029013400,,current,Red Bull Arena
NWMW84L5lz,36029013501,,current,Red Bull Arena
NWMW84L5lz,36029013502,,current,Red Bull Arena
NWMW84L5lz,36029013600,,current,Red Bull Arena
NWMW84L5lz,36029013701,,current,Red Bull Arena
NWMW84L5lz,36029013702,,current,Red Bull Arena
NWMW84L5lz,36029013900,,current,Red Bull Arena
NWMW84L5lz,36029014000,,current,Red Bull Arena
NWMW84L5lz,36029014101,,current,Red Bull Arena
NWMW84L5lz,36029014102,,current,Red Bull Arena
NWMW84L5lz,36029014204,,current,Red Bull Arena
NWMW84L5lz,36029014501,,current,Red Bull Arena
NWMW84L5lz,36029014502,,current,Red Bull Arena
NWMW84L5lz,36029014601,,current,Red Bull Arena
NWMW84L5lz,36029014801,,current,Red Bull Arena
NWMW84L5lz,36029014903,,current,Red Bull Arena
NWMW84L5lz,36029015001,,current,Red Bull Arena
NWMW84L5lz,36029015002,,current,Red Bull Arena
NWMW84L5lz,36047069601,,current,Red Bull Arena
NWMW84L5lz,36047069602,,current,Red Bull Arena
NWMW84L5lz,36047079801,87.0,current,Red Bull Arena
NWMW84L5lz,36047079802,89.0,current,Red Bull Arena
NWMW84L5lz,36047105801,115.0,current,Red Bull Arena
NWMW84L5lz,36047990100,,current,Red Bull Arena
NWMW84L5lz,36119007200,,current,Red Bull Arena
NWMW84L5lz,36119007300,,current,Red Bull Arena
NWMW84L5lz,36119007401,,current,Red Bull Arena
NWMW84L5lz,36119007402,,current,Red Bull Arena
NWMW84L5lz,36119007500,,current,Red Bull Arena
NWMW84L5lz,36119007600,,current,Red Bull Arena
NWMW84L5lz,36119007700,,current,Red Bull Arena
NWMW84L5lz,36119007800,,current,Red Bull Arena
NWMW84L5lz,36119008000,,current,Red Bull Arena
NWMW84L5lz,36119008100,,current,Red Bull Arena
NWMW84L5lz,36067015702,,current,Red Bull Arena
NWMW84L5lz,36067015701,,current,Red Bull Arena
NWMW84L5lz,36067004401,,current,Red Bull Arena
NWMW84L5lz,36067015602,,current,Red Bull Arena
NWMW84L5lz,36027080104,,current,Red Bull Arena
NWMW84L5lz,36119005002,,current,Red Bull Arena
NWMW84L5lz,36119005100,,current,Red Bull Arena
NWMW84L5lz,36119005300,,current,Red Bull Arena
NWMW84L5lz,36119008200,,current,Red Bull Arena
NWMW84L5lz,36119008301,,current,Red Bull Arena
NWMW84L5lz,36021000402,,current,Red Bull Arena
NWMW84L5lz,36119008401,,current,Red Bull Arena
NWMW84L5lz,36119008404,,current,Red Bull Arena
NWMW84L5lz,36119008700,,current,Red Bull Arena
NWMW84L5lz,36119008901,,current,Red Bull Arena
NWMW84L5lz,36115084001,,current,Red Bull Arena
NWMW84L5lz,36115080301,,current,Red Bull Arena
NWMW84L5lz,36115084002,,current,Red Bull Arena
NWMW84L5lz,36115081001,,current,Red Bull Arena
NWMW84L5lz,36115081002,,current,Red Bull Arena
NWMW84L5lz,36115080302,,current,Red Bull Arena
NWMW84L5lz,36115088002,,current,Red Bull Arena
NWMW84L5lz,36115088001,,current,Red Bull Arena
NWMW84L5lz,36119005400,,current,Red Bull Arena
NWMW84L5lz,36119005500,,current,Red Bull Arena
NWMW84L5lz,36119005702,,current,Red Bull Arena
NWMW84L5lz,36119005901,,current,Red Bull Arena
NWMW84L5lz,36119005902,,current,Red Bull Arena
NWMW84L5lz,36119006000,,current,Red Bull Arena
NWMW84L5lz,36119006100,,current,Red Bull Arena
NWMW84L5lz,36119006200,,current,Red Bull Arena
NWMW84L5lz,36015011101,,current,Red Bull Arena
NWMW84L5lz,36015011102,,current,Red Bull Arena
NWMW84L5lz,36015010702,,current,Red Bull Arena
NWMW84L5lz,36015010302,,current,Red Bull Arena
NWMW84L5lz,36015010301,,current,Red Bull Arena
NWMW84L5lz,36015010701,,current,Red Bull Arena
NWMW84L5lz,36067002101,,current,Red Bull Arena
NWMW84L5lz,36055013205,,current,Red Bull Arena
NWMW84L5lz,36067000501,,current,Red Bull Arena
NWMW84L5lz,36071014101,,current,Red Bull Arena
NWMW84L5lz,36071015003,,current,Red Bull Arena
NWMW84L5lz,36071000501,,current,Red Bull Arena
NWMW84L5lz,36003951302,,current,Red Bull Arena
NWMW84L5lz,36003951202,,current,Red Bull Arena
NWMW84L5lz,36003950402,,current,Red Bull Arena
NWMW84L5lz,36003950401,,current,Red Bull Arena
NWMW84L5lz,36003951201,,current,Red Bull Arena
NWMW84L5lz,36003951301,,current,Red Bull Arena
NWMW84L5lz,36029009113,,current,Red Bull Arena
NWMW84L5lz,36029009114,,current,Red Bull Arena
NWMW84L5lz,36077590101,,current,Red Bull Arena
NWMW84L5lz,36077590102,,current,Red Bull Arena
NWMW84L5lz,36077590701,,current,Red Bull Arena
NWMW84L5lz,36077590702,,current,Red Bull Arena
NWMW84L5lz,36077591401,,current,Red Bull Arena
NWMW84L5lz,36077591402,,current,Red Bull Arena
NWMW84L5lz,36077590402,,current,Red Bull Arena
NWMW84L5lz,36077590301,,current,Red Bull Arena
NWMW84L5lz,36077590401,,current,Red Bull Arena
NWMW84L5lz,36077591601,,current,Red Bull Arena
NWMW84L5lz,36077590302,,current,Red Bull Arena
NWMW84L5lz,36077591602,,current,Red Bull Arena
NWMW84L5lz,36101960600,,current,Red Bull Arena
NWMW84L5lz,36101962800,,current,Red Bull Arena
NWMW84L5lz,36101960400,,current,Red Bull Arena
NWMW84L5lz,36101960500,,current,Red Bull Arena
NWMW84L5lz,36101961300,,current,Red Bull Arena
NWMW84L5lz,36101962600,,current,Red Bull Arena
NWMW84L5lz,36101961700,,current,Red Bull Arena
NWMW84L5lz,36101960200,,current,Red Bull Arena
NWMW84L5lz,36101960300,,current,Red Bull Arena
NWMW84L5lz,36003950700,,current,Red Bull Arena
NWMW84L5lz,36003950300,,current,Red Bull Arena
NWMW84L5lz,36003950800,,current,Red Bull Arena
NWMW84L5lz,36003950100,,current,Red Bull Arena
NWMW84L5lz,36003950600,,current,Red Bull Arena
NWMW84L5lz,36003950500,,current,Red Bull Arena
NWMW84L5lz,36003951100,,current,Red Bull Arena
NWMW84L5lz,36063023500,,current,Red Bull Arena
NWMW84L5lz,36091061303,,current,Red Bull Arena
NWMW84L5lz,36091061401,,current,Red Bull Arena
NWMW84L5lz,36091061500,,current,Red Bull Arena
NWMW84L5lz,36091061600,,current,Red Bull Arena
NWMW84L5lz,36091061701,,current,Red Bull Arena
NWMW84L5lz,36091061800,,current,Red Bull Arena
NWMW84L5lz,36091062100,,current,Red Bull Arena
NWMW84L5lz,36029010808,,current,Red Bull Arena
NWMW84L5lz,36029010809,,current,Red Bull Arena
NWMW84L5lz,36063023401,,current,Red Bull Arena
NWMW84L5lz,36063023600,,current,Red Bull Arena
NWMW84L5lz,36063021300,,current,Red Bull Arena
NWMW84L5lz,36063022702,,current,Red Bull Arena
NWMW84L5lz,36063023402,,current,Red Bull Arena
NWMW84L5lz,36063024202,,current,Red Bull Arena
NWMW84L5lz,36063024404,,current,Red Bull Arena
NWMW84L5lz,36063024001,,current,Red Bull Arena
NWMW84L5lz,36063024002,,current,Red Bull Arena
NWMW84L5lz,36063990000,,current,Red Bull Arena
NWMW84L5lz,36063024406,,current,Red Bull Arena
NWMW84L5lz,36047079202,97.0,current,Red Bull Arena
NWMW84L5lz,36047079001,103.0,current,Red Bull Arena
NWMW84L5lz,36047079002,100.0,current,Red Bull Arena
NWMW84L5lz,36047003101,78.0,current,Red Bull Arena
NWMW84L5lz,36047078801,100.0,current,Red Bull Arena
NWMW84L5lz,36047078601,97.0,current,Red Bull Arena
NWMW84L5lz,36047078602,100.0,current,Red Bull Arena
NWMW84L5lz,36047014102,88.0,current,Red Bull Arena
NWMW84L5lz,36047014101,88.0,current,Red Bull Arena
NWMW84L5lz,36047014901,87.0,current,Red Bull Arena
NWMW84L5lz,36047014902,91.0,current,Red Bull Arena
NWMW84L5lz,36047059403,109.0,current,Red Bull Arena
NWMW84L5lz,36047059404,116.0,current,Red Bull Arena
NWMW84L5lz,36047102801,116.0,current,Red Bull Arena
NWMW84L5lz,36047078802,99.0,current,Red Bull Arena
NWMW84L5lz,36047005301,114.0,current,Red Bull Arena
NWMW84L5lz,36047005302,,current,Red Bull Arena
NWMW84L5lz,36047009402,102.0,current,Red Bull Arena
NWMW84L5lz,36047009202,99.0,current,Red Bull Arena
NWMW84L5lz,36047009201,101.0,current,Red Bull Arena
NWMW84L5lz,36047009002,94.0,current,Red Bull Arena
NWMW84L5lz,36047044902,97.0,current,Red Bull Arena
NWMW84L5lz,36047079201,99.0,current,Red Bull Arena
NWMW84L5lz,36047001501,81.0,current,Red Bull Arena
NWMW84L5lz,36047044901,88.0,current,Red Bull Arena
NWMW84L5lz,36047049301,80.0,current,Red Bull Arena
NWMW84L5lz,36047049302,78.0,current,Red Bull Arena
NWMW84L5lz,36047035301,83.0,current,Red Bull Arena
NWMW84L5lz,36047035302,83.0,current,Red Bull Arena
NWMW84L5lz,36047035101,84.0,current,Red Bull Arena
NWMW84L5lz,36047035102,83.0,current,Red Bull Arena
NWMW84L5lz,36047034901,84.0,current,Red Bull Arena
NWMW84L5lz,36047034902,84.0,current,Red Bull Arena
NWMW84L5lz,36047056302,96.0,current,Red Bull Arena
NWMW84L5lz,36047056301,90.0,current,Red Bull Arena
NWMW84L5lz,36047120802,102.0,current,Red Bull Arena
NWMW84L5lz,36047103402,,current,Red Bull Arena
NWMW84L5lz,36047103401,,current,Red Bull Arena
NWMW84L5lz,36047031402,,current,Red Bull Arena
NWMW84L5lz,36047031401,,current,Red Bull Arena
NWMW84L5lz,36047003102,82.0,current,Red Bull Arena
NWMW84L5lz,36047050001,91.0,current,Red Bull Arena
NWMW84L5lz,36047001802,107.0,current,Red Bull Arena
NWMW84L5lz,36047001801,101.0,current,Red Bull Arena
NWMW84L5lz,36047001804,,current,Red Bull Arena
NWMW84L5lz,36047058902,100.0,current,Red Bull Arena
NWMW84L5lz,36047010601,102.0,current,Red Bull Arena
NWMW84L5lz,36047053102,86.0,current,Red Bull Arena
NWMW84L5lz,36047050402,96.0,current,Red Bull Arena
NWMW84L5lz,36047009001,97.0,current,Red Bull Arena
NWMW84L5lz,36047005303,99.0,current,Red Bull Arena
NWMW84L5lz,36047102802,,current,Red Bull Arena
NWMW84L5lz,36047107003,116.0,current,Red Bull Arena
NWMW84L5lz,36047011902,78.0,current,Red Bull Arena
NWMW84L5lz,36047001502,73.0,current,Red Bull Arena
NWMW84L5lz,36047011901,87.0,current,Red Bull Arena
NWMW84L5lz,36047001803,,current,Red Bull Arena
NWMW84L5lz,36047035702,88.0,current,Red Bull Arena
NWMW84L5lz,36047107001,110.0,current,Red Bull Arena
NWMW84L5lz,36047050401,90.0,current,Red Bull Arena
NWMW84L5lz,36047057902,102.0,current,Red Bull Arena
NWMW84L5lz,36047010401,97.0,current,Red Bull Arena
NWMW84L5lz,36047009401,102.0,current,Red Bull Arena
NWMW84L5lz,36047120803,100.0,current,Red Bull Arena
NWMW84L5lz,36047057901,87.0,current,Red Bull Arena
NWMW84L5lz,36047050002,94.0,current,Red Bull Arena
NWMW84L5lz,36047035701,88.0,current,Red Bull Arena
NWMW84L5lz,36047010402,98.0,current,Red Bull Arena
NWMW84L5lz,36047010801,104.0,current,Red Bull Arena
NWMW84L5lz,36047010602,103.0,current,Red Bull Arena
NWMW84L5lz,36047010802,104.0,current,Red Bull Arena
NWMW84L5lz,36047058901,94.0,current,Red Bull Arena
NWMW84L5lz,36047120801,97.0,current,Red Bull Arena
NWMW84L5lz,36047107002,,current,Red Bull Arena
NWMW84L5lz,36047053101,88.0,current,Red Bull Arena
NWMW84L5lz,36091062501,,current,Red Bull Arena
NWMW84L5lz,36091062503,,current,Red Bull Arena
NWMW84L5lz,36063020300,,current,Red Bull Arena
NWMW84L5lz,36063020400,,current,Red Bull Arena
NWMW84L5lz,36063020500,,current,Red Bull Arena
NWMW84L5lz,36063020600,,current,Red Bull Arena
NWMW84L5lz,36063020700,,current,Red Bull Arena
NWMW84L5lz,36063020900,,current,Red Bull Arena
NWMW84L5lz,36063021100,,current,Red Bull Arena
NWMW84L5lz,36063021000,,current,Red Bull Arena
NWMW84L5lz,36063021400,,current,Red Bull Arena
NWMW84L5lz,36063024201,,current,Red Bull Arena
NWMW84L5lz,36063024405,,current,Red Bull Arena
NWMW84L5lz,36091062601,,current,Red Bull Arena
NWMW84L5lz,36091062700,,current,Red Bull Arena
NWMW84L5lz,36033940000,,current,Red Bull Arena
NWMW84L5lz,36063020100,,current,Red Bull Arena
NWMW84L5lz,36071014102,,current,Red Bull Arena
NWMW84L5lz,36093032901,,current,Red Bull Arena
NWMW84L5lz,36093032902,,current,Red Bull Arena
NWMW84L5lz,36093033002,,current,Red Bull Arena
NWMW84L5lz,36093033004,,current,Red Bull Arena
NWMW84L5lz,36093033101,,current,Red Bull Arena
NWMW84L5lz,36093020300,,current,Red Bull Arena
NWMW84L5lz,36063020200,,current,Red Bull Arena
NWMW84L5lz,36007001800,,current,Red Bull Arena
NWMW84L5lz,36007010200,,current,Red Bull Arena
NWMW84L5lz,36007011901,,current,Red Bull Arena
NWMW84L5lz,36007011902,,current,Red Bull Arena
NWMW84L5lz,36007011903,,current,Red Bull Arena
NWMW84L5lz,36007012000,,current,Red Bull Arena
NWMW84L5lz,36029000800,,current,Red Bull Arena
NWMW84L5lz,36055012305,,current,Red Bull Arena
NWMW84L5lz,36055011207,,current,Red Bull Arena
NWMW84L5lz,36029017501,,current,Red Bull Arena
NWMW84L5lz,36007012102,,current,Red Bull Arena
NWMW84L5lz,36007012103,,current,Red Bull Arena
NWMW84L5lz,36007012201,,current,Red Bull Arena
NWMW84L5lz,36007012600,,current,Red Bull Arena
NWMW84L5lz,36113070400,,current,Red Bull Arena
NWMW84L5lz,36113070500,,current,Red Bull Arena
NWMW84L5lz,36113078000,,current,Red Bull Arena
NWMW84L5lz,36113073000,,current,Red Bull Arena
NWMW84L5lz,36113070200,,current,Red Bull Arena
NWMW84L5lz,36113073500,,current,Red Bull Arena
NWMW84L5lz,36113070900,,current,Red Bull Arena
NWMW84L5lz,36113070300,,current,Red Bull Arena
NWMW84L5lz,36113074000,,current,Red Bull Arena
NWMW84L5lz,36113071000,,current,Red Bull Arena
NWMW84L5lz,36113070100,,current,Red Bull Arena
NWMW84L5lz,36113076000,,current,Red Bull Arena
NWMW84L5lz,36113070602,,current,Red Bull Arena
NWMW84L5lz,36005022703,101.0,current,Red Bull Arena
NWMW84L5lz,36005022901,104.0,current,Red Bull Arena
NWMW84L5lz,36005023000,104.0,current,Red Bull Arena
NWMW84L5lz,36005023200,111.0,current,Red Bull Arena
NWMW84L5lz,36005023302,105.0,current,Red Bull Arena
NWMW84L5lz,36005023502,104.0,current,Red Bull Arena
NWMW84L5lz,36005023600,108.0,current,Red Bull Arena
NWMW84L5lz,36005023900,100.0,current,Red Bull Arena
NWMW84L5lz,36005024000,108.0,current,Red Bull Arena
NWMW84L5lz,36005024300,105.0,current,Red Bull Arena
NWMW84L5lz,36005024600,113.0,current,Red Bull Arena
NWMW84L5lz,36005024700,118.0,current,Red Bull Arena
NWMW84L5lz,36005024800,110.0,current,Red Bull Arena
NWMW84L5lz,36005024900,111.0,current,Red Bull Arena
NWMW84L5lz,36005025000,117.0,current,Red Bull Arena
NWMW84L5lz,36005025300,104.0,current,Red Bull Arena
NWMW84L5lz,36005025400,,current,Red Bull Arena
NWMW84L5lz,36005025500,107.0,current,Red Bull Arena
NWMW84L5lz,36005025600,,current,Red Bull Arena
NWMW84L5lz,36005025700,105.0,current,Red Bull Arena
NWMW84L5lz,36005026100,114.0,current,Red Bull Arena
NWMW84L5lz,36005026400,119.0,current,Red Bull Arena
NWMW84L5lz,36005026500,106.0,current,Red Bull Arena
NWMW84L5lz,36005026601,112.0,current,Red Bull Arena
NWMW84L5lz,36005026602,114.0,current,Red Bull Arena
NWMW84L5lz,36005026900,110.0,current,Red Bull Arena
NWMW84L5lz,36005027300,108.0,current,Red Bull Arena
NWMW84L5lz,36005027600,,current,Red Bull Arena
NWMW84L5lz,36005027700,103.0,current,Red Bull Arena
NWMW84L5lz,36021001600,,current,Red Bull Arena
NWMW84L5lz,36021001700,,current,Red Bull Arena
NWMW84L5lz,36021001900,,current,Red Bull Arena
NWMW84L5lz,36005027900,108.0,current,Red Bull Arena
NWMW84L5lz,36005028300,103.0,current,Red Bull Arena
NWMW84L5lz,36005028400,,current,Red Bull Arena
NWMW84L5lz,36005028500,104.0,current,Red Bull Arena
NWMW84L5lz,36005028900,102.0,current,Red Bull Arena
NWMW84L5lz,36005029500,114.0,current,Red Bull Arena
NWMW84L5lz,36005029600,116.0,current,Red Bull Arena
NWMW84L5lz,36005030000,117.0,current,Red Bull Arena
NWMW84L5lz,36005030100,,current,Red Bull Arena
NWMW84L5lz,36005030701,119.0,current,Red Bull Arena
NWMW84L5lz,36005031000,,current,Red Bull Arena
NWMW84L5lz,36005031800,116.0,current,Red Bull Arena
NWMW84L5lz,36005031900,,current,Red Bull Arena
NWMW84L5lz,36005032300,,current,Red Bull Arena
NWMW84L5lz,36005032400,118.0,current,Red Bull Arena
NWMW84L5lz,36005033400,118.0,current,Red Bull Arena
NWMW84L5lz,36063024102,,current,Red Bull Arena
NWMW84L5lz,36005034000,115.0,current,Red Bull Arena
NWMW84L5lz,36005034200,117.0,current,Red Bull Arena
NWMW84L5lz,36005034300,,current,Red Bull Arena
NWMW84L5lz,36005034400,,current,Red Bull Arena
NWMW84L5lz,36005037800,112.0,current,Red Bull Arena
NWMW84L5lz,36005037900,109.0,current,Red Bull Arena
NWMW84L5lz,36005038000,114.0,current,Red Bull Arena
NWMW84L5lz,36005038100,107.0,current,Red Bull Arena
NWMW84L5lz,36005038500,118.0,current,Red Bull Arena
NWMW84L5lz,36005038600,,current,Red Bull Arena
NWMW84L5lz,36005038700,114.0,current,Red Bull Arena
NWMW84L5lz,36005038900,116.0,current,Red Bull Arena
NWMW84L5lz,36005039100,116.0,current,Red Bull Arena
NWMW84L5lz,36005039200,113.0,current,Red Bull Arena
NWMW84L5lz,36005039300,111.0,current,Red Bull Arena
NWMW84L5lz,36005039400,115.0,current,Red Bull Arena
NWMW84L5lz,36005039700,116.0,current,Red Bull Arena
NWMW84L5lz,36005039902,109.0,current,Red Bull Arena
NWMW84L5lz,36005040100,107.0,current,Red Bull Arena
NWMW84L5lz,36005040600,115.0,current,Red Bull Arena
NWMW84L5lz,36005040701,107.0,current,Red Bull Arena
NWMW84L5lz,36005040702,115.0,current,Red Bull Arena
NWMW84L5lz,36005034500,,current,Red Bull Arena
NWMW84L5lz,36005035000,119.0,current,Red Bull Arena
NWMW84L5lz,36071012602,,current,Red Bull Arena
NWMW84L5lz,36081018300,92.0,current,Red Bull Arena
NWMW84L5lz,36081070900,109.0,current,Red Bull Arena
NWMW84L5lz,36081006900,98.0,current,Red Bull Arena
NWMW84L5lz,36081015900,95.0,current,Red Bull Arena
NWMW84L5lz,36081011600,112.0,current,Red Bull Arena
NWMW84L5lz,36081055100,93.0,current,Red Bull Arena
NWMW84L5lz,36081048100,98.0,current,Red Bull Arena
NWMW84L5lz,36081046100,108.0,current,Red Bull Arena
NWMW84L5lz,36081058500,100.0,current,Red Bull Arena
NWMW84L5lz,36081023600,102.0,current,Red Bull Arena
NWMW84L5lz,36081074700,115.0,current,Red Bull Arena
NWMW84L5lz,36081012100,107.0,current,Red Bull Arena
NWMW84L5lz,36081014400,110.0,current,Red Bull Arena
NWMW84L5lz,36081032700,105.0,current,Red Bull Arena
NWMW84L5lz,36081053800,,current,Red Bull Arena
NWMW84L5lz,36081050600,,current,Red Bull Arena
NWMW84L5lz,36081061000,,current,Red Bull Arena
NWMW84L5lz,36081129102,,current,Red Bull Arena
NWMW84L5lz,36081027500,97.0,current,Red Bull Arena
NWMW84L5lz,36081026100,94.0,current,Red Bull Arena
NWMW84L5lz,36055008600,,current,Red Bull Arena
NWMW84L5lz,36055008702,,current,Red Bull Arena
NWMW84L5lz,36081002000,101.0,current,Red Bull Arena
NWMW84L5lz,36081120100,119.0,current,Red Bull Arena
NWMW84L5lz,36081107201,,current,Red Bull Arena
NWMW84L5lz,36081058700,102.0,current,Red Bull Arena
NWMW84L5lz,36081010100,105.0,current,Red Bull Arena
NWMW84L5lz,36081056200,,current,Red Bull Arena
NWMW84L5lz,36081024600,113.0,current,Red Bull Arena
NWMW84L5lz,36081016400,116.0,current,Red Bull Arena
NWMW84L5lz,36081020200,115.0,current,Red Bull Arena
NWMW84L5lz,36081050202,,current,Red Bull Arena
NWMW84L5lz,36081059600,,current,Red Bull Arena
NWMW84L5lz,36081063000,,current,Red Bull Arena
NWMW84L5lz,36081022002,112.0,current,Red Bull Arena
NWMW84L5lz,36081085500,109.0,current,Red Bull Arena
NWMW84L5lz,36081011100,102.0,current,Red Bull Arena
NWMW84L5lz,36081067900,111.0,current,Red Bull Arena
NWMW84L5lz,36081012000,112.0,current,Red Bull Arena
NWMW84L5lz,36081005700,94.0,current,Red Bull Arena
NWMW84L5lz,36081033700,108.0,current,Red Bull Arena
NWMW84L5lz,36119002107,,current,Red Bull Arena
NWMW84L5lz,36119002201,,current,Red Bull Arena
NWMW84L5lz,36119002202,,current,Red Bull Arena
NWMW84L5lz,36119002204,,current,Red Bull Arena
NWMW84L5lz,36055009200,,current,Red Bull Arena
NWMW84L5lz,36055011707,,current,Red Bull Arena
NWMW84L5lz,36055011800,,current,Red Bull Arena
NWMW84L5lz,36055003600,,current,Red Bull Arena
NWMW84L5lz,36055003700,,current,Red Bull Arena
NWMW84L5lz,36055003900,,current,Red Bull Arena
NWMW84L5lz,36055004000,,current,Red Bull Arena
NWMW84L5lz,36055004100,,current,Red Bull Arena
NWMW84L5lz,36055004602,,current,Red Bull Arena
NWMW84L5lz,36055004701,,current,Red Bull Arena
NWMW84L5lz,36055004900,,current,Red Bull Arena
NWMW84L5lz,36055005000,,current,Red Bull Arena
NWMW84L5lz,36055005100,,current,Red Bull Arena
NWMW84L5lz,36055005200,,current,Red Bull Arena
NWMW84L5lz,36055009301,,current,Red Bull Arena
NWMW84L5lz,36055009302,,current,Red Bull Arena
NWMW84L5lz,36055009601,,current,Red Bull Arena
NWMW84L5lz,36055009602,,current,Red Bull Arena
NWMW84L5lz,36029015504,,current,Red Bull Arena
NWMW84L5lz,36029014603,,current,Red Bull Arena
NWMW84L5lz,36059407402,,current,Red Bull Arena
NWMW84L5lz,36055005500,,current,Red Bull Arena
NWMW84L5lz,36055005600,,current,Red Bull Arena
NWMW84L5lz,36055005700,,current,Red Bull Arena
NWMW84L5lz,36055005800,,current,Red Bull Arena
NWMW84L5lz,36055005900,,current,Red Bull Arena
NWMW84L5lz,36055006000,,current,Red Bull Arena
NWMW84L5lz,36055006200,,current,Red Bull Arena
NWMW84L5lz,36055006300,,current,Red Bull Arena
NWMW84L5lz,36055006400,,current,Red Bull Arena
NWMW84L5lz,36055006500,,current,Red Bull Arena
NWMW84L5lz,36119013104,,current,Red Bull Arena
NWMW84L5lz,36119013202,,current,Red Bull Arena
NWMW84L5lz,36119014704,,current,Red Bull Arena
NWMW84L5lz,36119008602,,current,Red Bull Arena
NWMW84L5lz,36055006600,,current,Red Bull Arena
NWMW84L5lz,36055006700,,current,Red Bull Arena
NWMW84L5lz,36055006800,,current,Red Bull Arena
NWMW84L5lz,36055011503,,current,Red Bull Arena
NWMW84L5lz,36055011504,,current,Red Bull Arena
NWMW84L5lz,36055011505,,current,Red Bull Arena
NWMW84L5lz,36119002300,,current,Red Bull Arena
NWMW84L5lz,36119002403,,current,Red Bull Arena
NWMW84L5lz,36119002401,,current,Red Bull Arena
NWMW84L5lz,36119002402,,current,Red Bull Arena
NWMW84L5lz,36119002404,,current,Red Bull Arena
NWMW84L5lz,36119002405,,current,Red Bull Arena
NWMW84L5lz,36055011601,,current,Red Bull Arena
NWMW84L5lz,36055011708,,current,Red Bull Arena
NWMW84L5lz,36071013800,,current,Red Bull Arena
NWMW84L5lz,36071013600,,current,Red Bull Arena
NWMW84L5lz,36071012200,,current,Red Bull Arena
NWMW84L5lz,36071010200,,current,Red Bull Arena
NWMW84L5lz,36071014700,,current,Red Bull Arena
NWMW84L5lz,36119002600,,current,Red Bull Arena
NWMW84L5lz,36119003000,,current,Red Bull Arena
NWMW84L5lz,36055007000,,current,Red Bull Arena
NWMW84L5lz,36055007600,,current,Red Bull Arena
NWMW84L5lz,36055007700,,current,Red Bull Arena
NWMW84L5lz,36055007802,,current,Red Bull Arena
NWMW84L5lz,36055007900,,current,Red Bull Arena
NWMW84L5lz,36055006900,,current,Red Bull Arena
NWMW84L5lz,36055008000,,current,Red Bull Arena
NWMW84L5lz,36055008100,,current,Red Bull Arena
NWMW84L5lz,36055008200,,current,Red Bull Arena
NWMW84L5lz,36029014208,,current,Red Bull Arena
NWMW84L5lz,36055008301,,current,Red Bull Arena
NWMW84L5lz,36055008400,,current,Red Bull Arena
NWMW84L5lz,36055008500,,current,Red Bull Arena
NWMW84L5lz,36055011901,,current,Red Bull Arena
NWMW84L5lz,36055012000,,current,Red Bull Arena
NWMW84L5lz,36055012202,,current,Red Bull Arena
NWMW84L5lz,36055012301,,current,Red Bull Arena
NWMW84L5lz,36029014207,,current,Red Bull Arena
NWMW84L5lz,36081085700,111.0,current,Red Bull Arena
NWMW84L5lz,36081062300,116.0,current,Red Bull Arena
NWMW84L5lz,36081045900,106.0,current,Red Bull Arena
NWMW84L5lz,36081111300,,current,Red Bull Arena
NWMW84L5lz,36081140300,,current,Red Bull Arena
NWMW84L5lz,36081005200,96.0,current,Red Bull Arena
NWMW84L5lz,36081019800,112.0,current,Red Bull Arena
NWMW84L5lz,36081071900,113.0,current,Red Bull Arena
NWMW84L5lz,36081026400,,current,Red Bull Arena
NWMW84L5lz,36081014100,104.0,current,Red Bull Arena
NWMW84L5lz,36081001400,106.0,current,Red Bull Arena
NWMW84L5lz,36081052600,,current,Red Bull Arena
NWMW84L5lz,36081009700,104.0,current,Red Bull Arena
NWMW84L5lz,36081115900,,current,Red Bull Arena
NWMW84L5lz,36029014206,,current,Red Bull Arena
NWMW84L5lz,36071012601,,current,Red Bull Arena
NWMW84L5lz,36071011602,,current,Red Bull Arena
NWMW84L5lz,36055010100,,current,Red Bull Arena
NWMW84L5lz,36055010200,,current,Red Bull Arena
NWMW84L5lz,36071013202,,current,Red Bull Arena
NWMW84L5lz,36055010300,,current,Red Bull Arena
NWMW84L5lz,36055010400,,current,Red Bull Arena
NWMW84L5lz,36055010500,,current,Red Bull Arena
NWMW84L5lz,36055010601,,current,Red Bull Arena
NWMW84L5lz,36055010602,,current,Red Bull Arena
NWMW84L5lz,36055010700,,current,Red Bull Arena
NWMW84L5lz,36055010800,,current,Red Bull Arena
NWMW84L5lz,36055010901,,current,Red Bull Arena
NWMW84L5lz,36119000803,,current,Red Bull Arena
NWMW84L5lz,36119011101,,current,Red Bull Arena
NWMW84L5lz,36119012700,,current,Red Bull Arena
NWMW84L5lz,36119002900,,current,Red Bull Arena
NWMW84L5lz,36119003100,,current,Red Bull Arena
NWMW84L5lz,36119008403,,current,Red Bull Arena
NWMW84L5lz,36119014809,,current,Red Bull Arena
NWMW84L5lz,36119011800,,current,Red Bull Arena
NWMW84L5lz,36119014604,,current,Red Bull Arena
NWMW84L5lz,36119006900,,current,Red Bull Arena
NWMW84L5lz,36055011603,,current,Red Bull Arena
NWMW84L5lz,36055011605,,current,Red Bull Arena
NWMW84L5lz,36055011705,,current,Red Bull Arena
NWMW84L5lz,36119005800,,current,Red Bull Arena
NWMW84L5lz,36119014805,,current,Red Bull Arena
NWMW84L5lz,36081026700,90.0,current,Red Bull Arena
NWMW84L5lz,36081010400,112.0,current,Red Bull Arena
NWMW84L5lz,36081012601,116.0,current,Red Bull Arena
NWMW84L5lz,36081036100,112.0,current,Red Bull Arena
NWMW84L5lz,36081040000,,current,Red Bull Arena
NWMW84L5lz,36081045200,115.0,current,Red Bull Arena
NWMW84L5lz,36081048000,,current,Red Bull Arena
NWMW84L5lz,36081051200,,current,Red Bull Arena
NWMW84L5lz,36081053200,,current,Red Bull Arena
NWMW84L5lz,36081059000,,current,Red Bull Arena
NWMW84L5lz,36081060300,108.0,current,Red Bull Arena
NWMW84L5lz,36081063200,,current,Red Bull Arena
NWMW84L5lz,36081066701,109.0,current,Red Bull Arena
NWMW84L5lz,36081070300,110.0,current,Red Bull Arena
NWMW84L5lz,36081076901,99.0,current,Red Bull Arena
NWMW84L5lz,36081085300,104.0,current,Red Bull Arena
NWMW84L5lz,36081097202,,current,Red Bull Arena
NWMW84L5lz,36119003200,,current,Red Bull Arena
NWMW84L5lz,36119005001,,current,Red Bull Arena
NWMW84L5lz,36081041300,101.0,current,Red Bull Arena
NWMW84L5lz,36081065501,,current,Red Bull Arena
NWMW84L5lz,36081077904,115.0,current,Red Bull Arena
NWMW84L5lz,36081114700,,current,Red Bull Arena
NWMW84L5lz,36081001600,106.0,current,Red Bull Arena
NWMW84L5lz,36081014201,108.0,current,Red Bull Arena
NWMW84L5lz,36081113300,,current,Red Bull Arena
NWMW84L5lz,36081115700,116.0,current,Red Bull Arena
NWMW84L5lz,36081118500,116.0,current,Red Bull Arena
NWMW84L5lz,36021000300,,current,Red Bull Arena
NWMW84L5lz,36021001800,,current,Red Bull Arena
NWMW84L5lz,36021000500,,current,Red Bull Arena
NWMW84L5lz,36021002000,,current,Red Bull Arena
NWMW84L5lz,36021001200,,current,Red Bull Arena
NWMW84L5lz,36021001400,,current,Red Bull Arena
NWMW84L5lz,36021001100,,current,Red Bull Arena
NWMW84L5lz,36021000100,,current,Red Bull Arena
NWMW84L5lz,36081118700,114.0,current,Red Bull Arena
NWMW84L5lz,36081121100,,current,Red Bull Arena
NWMW84L5lz,36081137700,,current,Red Bull Arena
NWMW84L5lz,36081145900,,current,Red Bull Arena
NWMW84L5lz,36081157102,,current,Red Bull Arena
NWMW84L5lz,36027200001,,current,Red Bull Arena
NWMW84L5lz,36055011100,,current,Red Bull Arena
NWMW84L5lz,36055011201,,current,Red Bull Arena
NWMW84L5lz,36055011203,,current,Red Bull Arena
NWMW84L5lz,36055011205,,current,Red Bull Arena
NWMW84L5lz,36055011302,,current,Red Bull Arena
NWMW84L5lz,36081000400,109.0,current,Red Bull Arena
NWMW84L5lz,36021000200,,current,Red Bull Arena
NWMW84L5lz,36021000600,,current,Red Bull Arena
NWMW84L5lz,36021000800,,current,Red Bull Arena
NWMW84L5lz,36021000900,,current,Red Bull Arena
NWMW84L5lz,36081000600,105.0,current,Red Bull Arena
NWMW84L5lz,36081000800,108.0,current,Red Bull Arena
NWMW84L5lz,36081001000,109.0,current,Red Bull Arena
NWMW84L5lz,36081001200,110.0,current,Red Bull Arena
NWMW84L5lz,36081001800,102.0,current,Red Bull Arena
NWMW84L5lz,36081002200,105.0,current,Red Bull Arena
NWMW84L5lz,36081002400,110.0,current,Red Bull Arena
NWMW84L5lz,36081002500,84.0,current,Red Bull Arena
NWMW84L5lz,36081002600,111.0,current,Red Bull Arena
NWMW84L5lz,36081002800,109.0,current,Red Bull Arena
NWMW84L5lz,36081003000,105.0,current,Red Bull Arena
NWMW84L5lz,36081003100,87.0,current,Red Bull Arena
NWMW84L5lz,36081003200,102.0,current,Red Bull Arena
NWMW84L5lz,36021001300,,current,Red Bull Arena
NWMW84L5lz,36021001500,,current,Red Bull Arena
NWMW84L5lz,36081056400,,current,Red Bull Arena
NWMW84L5lz,36081052000,,current,Red Bull Arena
NWMW84L5lz,36081027600,,current,Red Bull Arena
NWMW84L5lz,36081046000,110.0,current,Red Bull Arena
NWMW84L5lz,36081010800,112.0,current,Red Bull Arena
NWMW84L5lz,36081092500,,current,Red Bull Arena
NWMW84L5lz,36081066900,115.0,current,Red Bull Arena
NWMW84L5lz,36081023200,110.0,current,Red Bull Arena
NWMW84L5lz,36081085900,115.0,current,Red Bull Arena
NWMW84L5lz,36081005100,92.0,current,Red Bull Arena
NWMW84L5lz,36081124700,,current,Red Bull Arena
NWMW84L5lz,36081015300,96.0,current,Red Bull Arena
NWMW84L5lz,36081015100,102.0,current,Red Bull Arena
NWMW84L5lz,36081011400,108.0,current,Red Bull Arena
NWMW84L5lz,36081042600,,current,Red Bull Arena
NWMW84L5lz,36081038400,,current,Red Bull Arena
NWMW84L5lz,36081061601,,current,Red Bull Arena
NWMW84L5lz,36081005500,92.0,current,Red Bull Arena
NWMW84L5lz,36081028300,95.0,current,Red Bull Arena
NWMW84L5lz,36081054900,91.0,current,Red Bull Arena
NWMW84L5lz,36081024700,99.0,current,Red Bull Arena
NWMW84L5lz,36081016100,96.0,current,Red Bull Arena
NWMW84L5lz,36081017800,,current,Red Bull Arena
NWMW84L5lz,36081004002,96.0,current,Red Bull Arena
NWMW84L5lz,36081052500,99.0,current,Red Bull Arena
NWMW84L5lz,36081045700,107.0,current,Red Bull Arena
NWMW84L5lz,36081062500,115.0,current,Red Bull Arena
NWMW84L5lz,36081012800,113.0,current,Red Bull Arena
NWMW84L5lz,36081000200,108.0,current,Red Bull Arena
NWMW84L5lz,36081005900,94.0,current,Red Bull Arena
NWMW84L5lz,36081014300,101.0,current,Red Bull Arena
NWMW84L5lz,36081056000,,current,Red Bull Arena
NWMW84L5lz,36081058300,100.0,current,Red Bull Arena
NWMW84L5lz,36081072100,109.0,current,Red Bull Arena
NWMW84L5lz,36081007300,98.0,current,Red Bull Arena
NWMW84L5lz,36081004401,94.0,current,Red Bull Arena
NWMW84L5lz,36081033401,,current,Red Bull Arena
NWMW84L5lz,36081061200,,current,Red Bull Arena
NWMW84L5lz,36081028500,98.0,current,Red Bull Arena
NWMW84L5lz,36081133900,,current,Red Bull Arena
NWMW84L5lz,36081023800,100.0,current,Red Bull Arena
NWMW84L5lz,36081074100,106.0,current,Red Bull Arena
NWMW84L5lz,36081118900,118.0,current,Red Bull Arena
NWMW84L5lz,36081013000,109.0,current,Red Bull Arena
NWMW84L5lz,36081099701,,current,Red Bull Arena
NWMW84L5lz,36081011900,104.0,current,Red Bull Arena
NWMW84L5lz,36081035100,109.0,current,Red Bull Arena
NWMW84L5lz,36081050400,,current,Red Bull Arena
NWMW84L5lz,36081043200,,current,Red Bull Arena
NWMW84L5lz,36081055600,,current,Red Bull Arena
NWMW84L5lz,36081025900,98.0,current,Red Bull Arena
NWMW84L5lz,36081091900,,current,Red Bull Arena
NWMW84L5lz,36081036300,112.0,current,Red Bull Arena
NWMW84L5lz,36081037700,104.0,current,Red Bull Arena
NWMW84L5lz,36081068300,102.0,current,Red Bull Arena
NWMW84L5lz,36119005200,,current,Red Bull Arena
NWMW84L5lz,36119010701,,current,Red Bull Arena
NWMW84L5lz,36119002101,,current,Red Bull Arena
NWMW84L5lz,36119014606,,current,Red Bull Arena
NWMW84L5lz,36119013201,,current,Red Bull Arena
NWMW84L5lz,36119002800,,current,Red Bull Arena
NWMW84L5lz,36119012101,,current,Red Bull Arena
NWMW84L5lz,36119001101,,current,Red Bull Arena
NWMW84L5lz,36119012502,,current,Red Bull Arena
NWMW84L5lz,36119011902,,current,Red Bull Arena
NWMW84L5lz,36119006802,,current,Red Bull Arena
NWMW84L5lz,36119007000,,current,Red Bull Arena
NWMW84L5lz,36119013102,,current,Red Bull Arena
NWMW84L5lz,36119013700,,current,Red Bull Arena
NWMW84L5lz,36119011700,,current,Red Bull Arena
NWMW84L5lz,36119014808,,current,Red Bull Arena
NWMW84L5lz,36119012600,,current,Red Bull Arena
NWMW84L5lz,36119002700,,current,Red Bull Arena
NWMW84L5lz,36119014703,,current,Red Bull Arena
NWMW84L5lz,36119013000,,current,Red Bull Arena
NWMW84L5lz,36119008302,,current,Red Bull Arena
NWMW84L5lz,36119002203,,current,Red Bull Arena
NWMW84L5lz,36119005600,,current,Red Bull Arena
NWMW84L5lz,36061025700,87.0,current,Red Bull Arena
NWMW84L5lz,36061024200,89.0,current,Red Bull Arena
NWMW84L5lz,36061008603,87.0,current,Red Bull Arena
NWMW84L5lz,36119003300,,current,Red Bull Arena
NWMW84L5lz,36119003400,,current,Red Bull Arena
NWMW84L5lz,36089491900,,current,Red Bull Arena
NWMW84L5lz,36089490700,,current,Red Bull Arena
NWMW84L5lz,36089490100,,current,Red Bull Arena
NWMW84L5lz,36089491700,,current,Red Bull Arena
NWMW84L5lz,36089491300,,current,Red Bull Arena
NWMW84L5lz,36089491000,,current,Red Bull Arena
NWMW84L5lz,36043010702,,current,Red Bull Arena
NWMW84L5lz,36071000502,,current,Red Bull Arena
NWMW84L5lz,36071010802,,current,Red Bull Arena
NWMW84L5lz,36023970300,,current,Red Bull Arena
NWMW84L5lz,36047000502,71.0,current,Red Bull Arena
NWMW84L5lz,36119003500,,current,Red Bull Arena
NWMW84L5lz,36119003600,,current,Red Bull Arena
NWMW84L5lz,36119003700,,current,Red Bull Arena
NWMW84L5lz,36119003800,,current,Red Bull Arena
NWMW84L5lz,36119003900,,current,Red Bull Arena
NWMW84L5lz,36119004100,,current,Red Bull Arena
NWMW84L5lz,36047035602,110.0,current,Red Bull Arena
NWMW84L5lz,36047037401,117.0,current,Red Bull Arena
NWMW84L5lz,36047037402,113.0,current,Red Bull Arena
NWMW84L5lz,36047050803,88.0,current,Red Bull Arena
NWMW84L5lz,36047050804,90.0,current,Red Bull Arena
NWMW84L5lz,36047051002,93.0,current,Red Bull Arena
NWMW84L5lz,36119012303,,current,Red Bull Arena
NWMW84L5lz,36119004200,,current,Red Bull Arena
NWMW84L5lz,36119004500,,current,Red Bull Arena
NWMW84L5lz,36119004600,,current,Red Bull Arena
NWMW84L5lz,36119004700,,current,Red Bull Arena
NWMW84L5lz,36119013304,,current,Red Bull Arena
NWMW84L5lz,36119014100,,current,Red Bull Arena
NWMW84L5lz,36119014605,,current,Red Bull Arena
NWMW84L5lz,36119012400,,current,Red Bull Arena
NWMW84L5lz,36119000101,,current,Red Bull Arena
NWMW84L5lz,36119000103,,current,Red Bull Arena
NWMW84L5lz,36119000104,,current,Red Bull Arena
NWMW84L5lz,36119000202,,current,Red Bull Arena
NWMW84L5lz,36119000203,,current,Red Bull Arena
NWMW84L5lz,36119000300,,current,Red Bull Arena
NWMW84L5lz,36119000401,,current,Red Bull Arena
NWMW84L5lz,36083052002,,current,Red Bull Arena
NWMW84L5lz,36083051901,,current,Red Bull Arena
NWMW84L5lz,36083052601,,current,Red Bull Arena
NWMW84L5lz,36083040300,,current,Red Bull Arena
NWMW84L5lz,36083051701,,current,Red Bull Arena
NWMW84L5lz,36083040200,,current,Red Bull Arena
NWMW84L5lz,36083051500,,current,Red Bull Arena
NWMW84L5lz,36083040100,,current,Red Bull Arena
NWMW84L5lz,36083052501,,current,Red Bull Arena
NWMW84L5lz,36083052502,,current,Red Bull Arena
NWMW84L5lz,36083052301,,current,Red Bull Arena
NWMW84L5lz,36083052004,,current,Red Bull Arena
NWMW84L5lz,36047065200,110.0,current,Red Bull Arena
NWMW84L5lz,36047068800,,current,Red Bull Arena
NWMW84L5lz,36047069200,119.0,current,Red Bull Arena
NWMW84L5lz,36047069800,,current,Red Bull Arena
NWMW84L5lz,36047065800,,current,Red Bull Arena
NWMW84L5lz,36047066000,116.0,current,Red Bull Arena
NWMW84L5lz,36047066200,115.0,current,Red Bull Arena
NWMW84L5lz,36047066600,,current,Red Bull Arena
NWMW84L5lz,36047067200,109.0,current,Red Bull Arena
NWMW84L5lz,36047067400,112.0,current,Red Bull Arena
NWMW84L5lz,36047067600,107.0,current,Red Bull Arena
NWMW84L5lz,36047068000,112.0,current,Red Bull Arena
NWMW84L5lz,36047068200,114.0,current,Red Bull Arena
NWMW84L5lz,36047070000,,current,Red Bull Arena
NWMW84L5lz,36047070201,,current,Red Bull Arena
NWMW84L5lz,36047070202,,current,Red Bull Arena
NWMW84L5lz,36047070203,,current,Red Bull Arena
NWMW84L5lz,36047072000,116.0,current,Red Bull Arena
NWMW84L5lz,36047072200,109.0,current,Red Bull Arena
NWMW84L5lz,36047072400,106.0,current,Red Bull Arena
NWMW84L5lz,36047072600,109.0,current,Red Bull Arena
NWMW84L5lz,36047073200,112.0,current,Red Bull Arena
NWMW84L5lz,36029015202,,current,Red Bull Arena
NWMW84L5lz,36029015501,,current,Red Bull Arena
NWMW84L5lz,36029008500,,current,Red Bull Arena
NWMW84L5lz,36029011400,,current,Red Bull Arena
NWMW84L5lz,36047022000,98.0,current,Red Bull Arena
NWMW84L5lz,36047022400,101.0,current,Red Bull Arena
NWMW84L5lz,36047022600,98.0,current,Red Bull Arena
NWMW84L5lz,36047022700,74.0,current,Red Bull Arena
NWMW84L5lz,36047022800,95.0,current,Red Bull Arena
NWMW84L5lz,36047023000,98.0,current,Red Bull Arena
NWMW84L5lz,36047023100,83.0,current,Red Bull Arena
NWMW84L5lz,36047023300,84.0,current,Red Bull Arena
NWMW84L5lz,36047023400,107.0,current,Red Bull Arena
NWMW84L5lz,36047023500,89.0,current,Red Bull Arena
NWMW84L5lz,36047023600,108.0,current,Red Bull Arena
NWMW84L5lz,36047022100,86.0,current,Red Bull Arena
NWMW84L5lz,36047024000,105.0,current,Red Bull Arena
NWMW84L5lz,36047024200,103.0,current,Red Bull Arena
NWMW84L5lz,36047024400,103.0,current,Red Bull Arena
NWMW84L5lz,36047024500,83.0,current,Red Bull Arena
NWMW84L5lz,36047024600,101.0,current,Red Bull Arena
NWMW84L5lz,36047024800,99.0,current,Red Bull Arena
NWMW84L5lz,36047024900,83.0,current,Red Bull Arena
NWMW84L5lz,36047025000,97.0,current,Red Bull Arena
NWMW84L5lz,36047025100,89.0,current,Red Bull Arena
NWMW84L5lz,36047025200,99.0,current,Red Bull Arena
NWMW84L5lz,36047025300,88.0,current,Red Bull Arena
NWMW84L5lz,36047025600,101.0,current,Red Bull Arena
NWMW84L5lz,36047025700,90.0,current,Red Bull Arena
NWMW84L5lz,36047025901,86.0,current,Red Bull Arena
NWMW84L5lz,36047026000,103.0,current,Red Bull Arena
NWMW84L5lz,36083041400,,current,Red Bull Arena
NWMW84L5lz,36083051702,,current,Red Bull Arena
NWMW84L5lz,36083051800,,current,Red Bull Arena
NWMW84L5lz,36047035000,115.0,current,Red Bull Arena
NWMW84L5lz,36047035200,118.0,current,Red Bull Arena
NWMW84L5lz,36047035400,115.0,current,Red Bull Arena
NWMW84L5lz,36047035500,87.0,current,Red Bull Arena
NWMW84L5lz,36047035900,92.0,current,Red Bull Arena
NWMW84L5lz,36047073400,107.0,current,Red Bull Arena
NWMW84L5lz,36047075600,111.0,current,Red Bull Arena
NWMW84L5lz,36047073600,107.0,current,Red Bull Arena
NWMW84L5lz,36047074000,101.0,current,Red Bull Arena
NWMW84L5lz,36047074400,108.0,current,Red Bull Arena
NWMW84L5lz,36047074600,111.0,current,Red Bull Arena
NWMW84L5lz,36047074800,105.0,current,Red Bull Arena
NWMW84L5lz,36047075800,106.0,current,Red Bull Arena
NWMW84L5lz,36047076000,106.0,current,Red Bull Arena
NWMW84L5lz,36047076200,97.0,current,Red Bull Arena
NWMW84L5lz,36047076600,102.0,current,Red Bull Arena
NWMW84L5lz,36047077000,106.0,current,Red Bull Arena
NWMW84L5lz,36047095800,110.0,current,Red Bull Arena
NWMW84L5lz,36047096000,104.0,current,Red Bull Arena
NWMW84L5lz,36047096200,103.0,current,Red Bull Arena
NWMW84L5lz,36047096400,105.0,current,Red Bull Arena
NWMW84L5lz,36047096800,108.0,current,Red Bull Arena
NWMW84L5lz,36047097000,106.0,current,Red Bull Arena
NWMW84L5lz,36047097400,105.0,current,Red Bull Arena
NWMW84L5lz,36047098400,112.0,current,Red Bull Arena
NWMW84L5lz,36047098600,110.0,current,Red Bull Arena
NWMW84L5lz,36047099000,114.0,current,Red Bull Arena
NWMW84L5lz,36047099400,112.0,current,Red Bull Arena
NWMW84L5lz,36047099800,,current,Red Bull Arena
NWMW84L5lz,36047100400,119.0,current,Red Bull Arena
NWMW84L5lz,36047100800,111.0,current,Red Bull Arena
NWMW84L5lz,36047101000,116.0,current,Red Bull Arena
NWMW84L5lz,36047101200,117.0,current,Red Bull Arena
NWMW84L5lz,36047101400,118.0,current,Red Bull Arena
NWMW84L5lz,36047101600,,current,Red Bull Arena
NWMW84L5lz,36085027706,111.0,current,Red Bull Arena
NWMW84L5lz,36085018100,,current,Red Bull Arena
NWMW84L5lz,36047026200,104.0,current,Red Bull Arena
NWMW84L5lz,36047026300,94.0,current,Red Bull Arena
NWMW84L5lz,36047026400,111.0,current,Red Bull Arena
NWMW84L5lz,36047026600,107.0,current,Red Bull Arena
NWMW84L5lz,36047026700,87.0,current,Red Bull Arena
NWMW84L5lz,36047027000,104.0,current,Red Bull Arena
NWMW84L5lz,36047027200,110.0,current,Red Bull Arena
NWMW84L5lz,36047027400,113.0,current,Red Bull Arena
NWMW84L5lz,36047027500,88.0,current,Red Bull Arena
NWMW84L5lz,36047027600,109.0,current,Red Bull Arena
NWMW84L5lz,36047027700,94.0,current,Red Bull Arena
NWMW84L5lz,36047027800,107.0,current,Red Bull Arena
NWMW84L5lz,36047028100,91.0,current,Red Bull Arena
NWMW84L5lz,36047028400,110.0,current,Red Bull Arena
NWMW84L5lz,36047028502,88.0,current,Red Bull Arena
NWMW84L5lz,36047028600,117.0,current,Red Bull Arena
NWMW84L5lz,36047028700,89.0,current,Red Bull Arena
NWMW84L5lz,36047028800,109.0,current,Red Bull Arena
NWMW84L5lz,36047029000,109.0,current,Red Bull Arena
NWMW84L5lz,36047029100,97.0,current,Red Bull Arena
NWMW84L5lz,36047029200,114.0,current,Red Bull Arena
NWMW84L5lz,36047029300,94.0,current,Red Bull Arena
NWMW84L5lz,36047029700,82.0,current,Red Bull Arena
NWMW84L5lz,36047029800,114.0,current,Red Bull Arena
NWMW84L5lz,36047029900,87.0,current,Red Bull Arena
NWMW84L5lz,36047030000,114.0,current,Red Bull Arena
NWMW84L5lz,36047037000,113.0,current,Red Bull Arena
NWMW84L5lz,36047037100,87.0,current,Red Bull Arena
NWMW84L5lz,36047037300,95.0,current,Red Bull Arena
NWMW84L5lz,36047036001,110.0,current,Red Bull Arena
NWMW84L5lz,36047037500,93.0,current,Red Bull Arena
NWMW84L5lz,36047037700,92.0,current,Red Bull Arena
NWMW84L5lz,36047037900,86.0,current,Red Bull Arena
NWMW84L5lz,36047036200,108.0,current,Red Bull Arena
NWMW84L5lz,36047036400,110.0,current,Red Bull Arena
NWMW84L5lz,36047036501,90.0,current,Red Bull Arena
NWMW84L5lz,36047036502,93.0,current,Red Bull Arena
NWMW84L5lz,36047036600,114.0,current,Red Bull Arena
NWMW84L5lz,36047036900,88.0,current,Red Bull Arena
NWMW84L5lz,36047038200,111.0,current,Red Bull Arena
NWMW84L5lz,36047038600,107.0,current,Red Bull Arena
NWMW84L5lz,36047038700,91.0,current,Red Bull Arena
NWMW84L5lz,36047038800,112.0,current,Red Bull Arena
NWMW84L5lz,36047038900,90.0,current,Red Bull Arena
NWMW84L5lz,36047039000,114.0,current,Red Bull Arena
NWMW84L5lz,36047039100,91.0,current,Red Bull Arena
NWMW84L5lz,36047039300,92.0,current,Red Bull Arena
NWMW84L5lz,36047077200,105.0,current,Red Bull Arena
NWMW84L5lz,36047077400,98.0,current,Red Bull Arena
NWMW84L5lz,36047077600,107.0,current,Red Bull Arena
NWMW84L5lz,36047078200,106.0,current,Red Bull Arena
NWMW84L5lz,36047058400,105.0,current,Red Bull Arena
NWMW84L5lz,36047007700,82.0,current,Red Bull Arena
NWMW84L5lz,36047046201,97.0,current,Red Bull Arena
NWMW84L5lz,36047036700,87.0,current,Red Bull Arena
NWMW84L5lz,36047003000,87.0,current,Red Bull Arena
NWMW84L5lz,36047030400,,current,Red Bull Arena
NWMW84L5lz,36047030600,117.0,current,Red Bull Arena
NWMW84L5lz,36047030700,91.0,current,Red Bull Arena
NWMW84L5lz,36047030100,88.0,current,Red Bull Arena
NWMW84L5lz,36047030800,,current,Red Bull Arena
NWMW84L5lz,36047031100,85.0,current,Red Bull Arena
NWMW84L5lz,36047031500,82.0,current,Red Bull Arena
NWMW84L5lz,36047031701,83.0,current,Red Bull Arena
NWMW84L5lz,36047030200,118.0,current,Red Bull Arena
NWMW84L5lz,36047031900,83.0,current,Red Bull Arena
NWMW84L5lz,36047032300,86.0,current,Red Bull Arena
NWMW84L5lz,36047032700,86.0,current,Red Bull Arena
NWMW84L5lz,36047032800,,current,Red Bull Arena
NWMW84L5lz,36047033000,,current,Red Bull Arena
NWMW84L5lz,36047033100,88.0,current,Red Bull Arena
NWMW84L5lz,36047033500,81.0,current,Red Bull Arena
NWMW84L5lz,36047033600,,current,Red Bull Arena
NWMW84L5lz,36047033900,81.0,current,Red Bull Arena
NWMW84L5lz,36047034100,89.0,current,Red Bull Arena
NWMW84L5lz,36047034200,,current,Red Bull Arena
NWMW84L5lz,36047034300,89.0,current,Red Bull Arena
NWMW84L5lz,36047034500,86.0,current,Red Bull Arena
NWMW84L5lz,36083040400,,current,Red Bull Arena
NWMW84L5lz,36083040500,,current,Red Bull Arena
NWMW84L5lz,36083040600,,current,Red Bull Arena
NWMW84L5lz,36083040800,,current,Red Bull Arena
NWMW84L5lz,36047040300,94.0,current,Red Bull Arena
NWMW84L5lz,36047040500,90.0,current,Red Bull Arena
NWMW84L5lz,36047041100,95.0,current,Red Bull Arena
NWMW84L5lz,36047041200,100.0,current,Red Bull Arena
NWMW84L5lz,36047039500,94.0,current,Red Bull Arena
NWMW84L5lz,36047041300,99.0,current,Red Bull Arena
NWMW84L5lz,36047039600,108.0,current,Red Bull Arena
NWMW84L5lz,36047039700,93.0,current,Red Bull Arena
NWMW84L5lz,36047039800,106.0,current,Red Bull Arena
NWMW84L5lz,36047039900,97.0,current,Red Bull Arena
NWMW84L5lz,36047040000,108.0,current,Red Bull Arena
NWMW84L5lz,36047040200,109.0,current,Red Bull Arena
NWMW84L5lz,36047041401,100.0,current,Red Bull Arena
NWMW84L5lz,36047041500,97.0,current,Red Bull Arena
NWMW84L5lz,36047041600,111.0,current,Red Bull Arena
NWMW84L5lz,36047041800,108.0,current,Red Bull Arena
NWMW84L5lz,36047041900,97.0,current,Red Bull Arena
NWMW84L5lz,36047042100,93.0,current,Red Bull Arena
NWMW84L5lz,36047042300,93.0,current,Red Bull Arena
NWMW84L5lz,36047042500,88.0,current,Red Bull Arena
NWMW84L5lz,36047042600,102.0,current,Red Bull Arena
NWMW84L5lz,36047042700,88.0,current,Red Bull Arena
NWMW84L5lz,36047042800,107.0,current,Red Bull Arena
NWMW84L5lz,36047042900,89.0,current,Red Bull Arena
NWMW84L5lz,36047043000,104.0,current,Red Bull Arena
NWMW84L5lz,36047043100,91.0,current,Red Bull Arena
NWMW84L5lz,36029009104,,current,Red Bull Arena
NWMW84L5lz,36039080202,,current,Red Bull Arena
NWMW84L5lz,36039080502,,current,Red Bull Arena
NWMW84L5lz,36039080402,,current,Red Bull Arena
NWMW84L5lz,36039081102,,current,Red Bull Arena
NWMW84L5lz,36039081101,,current,Red Bull Arena
NWMW84L5lz,36039080201,,current,Red Bull Arena
NWMW84L5lz,36039080501,,current,Red Bull Arena
NWMW84L5lz,36047039200,110.0,current,Red Bull Arena
NWMW84L5lz,36047041402,104.0,current,Red Bull Arena
NWMW84L5lz,36047021200,96.0,current,Red Bull Arena
NWMW84L5lz,36047019400,101.0,current,Red Bull Arena
NWMW84L5lz,36047117602,105.0,current,Red Bull Arena
NWMW84L5lz,36047041700,92.0,current,Red Bull Arena
NWMW84L5lz,36047089800,93.0,current,Red Bull Arena
NWMW84L5lz,36047072800,107.0,current,Red Bull Arena
NWMW84L5lz,36047036002,105.0,current,Red Bull Arena
NWMW84L5lz,36047098800,115.0,current,Red Bull Arena
NWMW84L5lz,36047059600,116.0,current,Red Bull Arena
NWMW84L5lz,36047058200,104.0,current,Red Bull Arena
NWMW84L5lz,36047068600,,current,Red Bull Arena
NWMW84L5lz,36047025400,98.0,current,Red Bull Arena
NWMW84L5lz,36047032100,84.0,current,Red Bull Arena
NWMW84L5lz,36047081600,98.0,current,Red Bull Arena
NWMW84L5lz,36047019500,84.0,current,Red Bull Arena
NWMW84L5lz,36047044800,101.0,current,Red Bull Arena
NWMW84L5lz,36047007400,87.0,current,Red Bull Arena
NWMW84L5lz,36047004600,101.0,current,Red Bull Arena
NWMW84L5lz,36083040900,,current,Red Bull Arena
NWMW84L5lz,36083041000,,current,Red Bull Arena
NWMW84L5lz,36083041200,,current,Red Bull Arena
NWMW84L5lz,36083041300,,current,Red Bull Arena
NWMW84L5lz,36047043200,100.0,current,Red Bull Arena
NWMW84L5lz,36047043300,91.0,current,Red Bull Arena
NWMW84L5lz,36047043400,102.0,current,Red Bull Arena
NWMW84L5lz,36047043500,93.0,current,Red Bull Arena
NWMW84L5lz,36047043900,89.0,current,Red Bull Arena
NWMW84L5lz,36047044000,101.0,current,Red Bull Arena
NWMW84L5lz,36047044100,87.0,current,Red Bull Arena
NWMW84L5lz,36047044200,109.0,current,Red Bull Arena
NWMW84L5lz,36047044300,84.0,current,Red Bull Arena
NWMW84L5lz,36047044400,103.0,current,Red Bull Arena
NWMW84L5lz,36047044500,84.0,current,Red Bull Arena
NWMW84L5lz,36047044600,98.0,current,Red Bull Arena
NWMW84L5lz,36047045000,95.0,current,Red Bull Arena
NWMW84L5lz,36047045200,106.0,current,Red Bull Arena
NWMW84L5lz,36047045300,83.0,current,Red Bull Arena
NWMW84L5lz,36047045400,104.0,current,Red Bull Arena
NWMW84L5lz,36047079400,97.0,current,Red Bull Arena
NWMW84L5lz,36047080400,90.0,current,Red Bull Arena
NWMW84L5lz,36047080600,93.0,current,Red Bull Arena
NWMW84L5lz,36047048200,101.0,current,Red Bull Arena
NWMW84L5lz,36047007800,93.0,current,Red Bull Arena
NWMW84L5lz,36047028501,86.0,current,Red Bull Arena
NWMW84L5lz,36047026100,91.0,current,Red Bull Arena
NWMW84L5lz,36047067800,112.0,current,Red Bull Arena
NWMW84L5lz,36047075400,108.0,current,Red Bull Arena
NWMW84L5lz,36047018100,76.0,current,Red Bull Arena
NWMW84L5lz,36047080200,90.0,current,Red Bull Arena
NWMW84L5lz,36047083800,105.0,current,Red Bull Arena
NWMW84L5lz,36047055100,85.0,current,Red Bull Arena
NWMW84L5lz,36047019300,89.0,current,Red Bull Arena
NWMW84L5lz,36047086800,95.0,current,Red Bull Arena
NWMW84L5lz,36047099600,117.0,current,Red Bull Arena
NWMW84L5lz,36047042000,107.0,current,Red Bull Arena
NWMW84L5lz,36047020200,113.0,current,Red Bull Arena
NWMW84L5lz,36047065400,115.0,current,Red Bull Arena
NWMW84L5lz,36047040400,109.0,current,Red Bull Arena
NWMW84L5lz,36047004100,73.0,current,Red Bull Arena
NWMW84L5lz,36047032900,86.0,current,Red Bull Arena
NWMW84L5lz,36047013900,84.0,current,Red Bull Arena
NWMW84L5lz,36047002300,79.0,current,Red Bull Arena
NWMW84L5lz,36047016000,106.0,current,Red Bull Arena
NWMW84L5lz,36047036300,95.0,current,Red Bull Arena
NWMW84L5lz,36047092800,105.0,current,Red Bull Arena
NWMW84L5lz,36047012801,102.0,current,Red Bull Arena
NWMW84L5lz,36047046800,100.0,current,Red Bull Arena
NWMW84L5lz,36047047000,104.0,current,Red Bull Arena
NWMW84L5lz,36047045800,98.0,current,Red Bull Arena
NWMW84L5lz,36047046202,96.0,current,Red Bull Arena
NWMW84L5lz,36047046400,95.0,current,Red Bull Arena
NWMW84L5lz,36047047400,100.0,current,Red Bull Arena
NWMW84L5lz,36047047600,96.0,current,Red Bull Arena
NWMW84L5lz,36047047700,83.0,current,Red Bull Arena
NWMW84L5lz,36047047800,92.0,current,Red Bull Arena
NWMW84L5lz,36047048000,93.0,current,Red Bull Arena
NWMW84L5lz,36047048100,80.0,current,Red Bull Arena
NWMW84L5lz,36047081400,103.0,current,Red Bull Arena
NWMW84L5lz,36047082000,91.0,current,Red Bull Arena
NWMW84L5lz,36047082200,96.0,current,Red Bull Arena
NWMW84L5lz,36047082600,91.0,current,Red Bull Arena
NWMW84L5lz,36047082800,96.0,current,Red Bull Arena
NWMW84L5lz,36047083000,98.0,current,Red Bull Arena
NWMW84L5lz,36047083200,104.0,current,Red Bull Arena
NWMW84L5lz,36047083400,108.0,current,Red Bull Arena
NWMW84L5lz,36107020600,,current,Red Bull Arena
NWMW84L5lz,36047057400,113.0,current,Red Bull Arena
NWMW84L5lz,36047102400,115.0,current,Red Bull Arena
NWMW84L5lz,36047048400,96.0,current,Red Bull Arena
NWMW84L5lz,36047024100,89.0,current,Red Bull Arena
NWMW84L5lz,36047026500,93.0,current,Red Bull Arena
NWMW84L5lz,36047029500,89.0,current,Red Bull Arena
NWMW84L5lz,36047015100,83.0,current,Red Bull Arena
NWMW84L5lz,36047021700,79.0,current,Red Bull Arena
NWMW84L5lz,36047055800,107.0,current,Red Bull Arena
NWMW84L5lz,36047007600,92.0,current,Red Bull Arena
NWMW84L5lz,36047012200,94.0,current,Red Bull Arena
NWMW84L5lz,36047010200,95.0,current,Red Bull Arena
NWMW84L5lz,36047040900,95.0,current,Red Bull Arena
NWMW84L5lz,36047116800,102.0,current,Red Bull Arena
NWMW84L5lz,36047096600,111.0,current,Red Bull Arena
NWMW84L5lz,36047005202,101.0,current,Red Bull Arena
NWMW84L5lz,36047042200,102.0,current,Red Bull Arena
NWMW84L5lz,36047073800,107.0,current,Red Bull Arena
NWMW84L5lz,36047054600,107.0,current,Red Bull Arena
NWMW84L5lz,36047017600,114.0,current,Red Bull Arena
NWMW84L5lz,36047028200,119.0,current,Red Bull Arena
NWMW84L5lz,36047031300,87.0,current,Red Bull Arena
NWMW84L5lz,36047081000,96.0,current,Red Bull Arena
NWMW84L5lz,36047085800,102.0,current,Red Bull Arena
NWMW84L5lz,36047013500,90.0,current,Red Bull Arena
NWMW84L5lz,36047032500,82.0,current,Red Bull Arena
NWMW84L5lz,36091060902,,current,Red Bull Arena
NWMW84L5lz,36047049400,95.0,current,Red Bull Arena
NWMW84L5lz,36047048800,95.0,current,Red Bull Arena
NWMW84L5lz,36047049000,98.0,current,Red Bull Arena
NWMW84L5lz,36047049200,100.0,current,Red Bull Arena
NWMW84L5lz,36047049600,90.0,current,Red Bull Arena
NWMW84L5lz,36047049700,76.0,current,Red Bull Arena
NWMW84L5lz,36047049800,92.0,current,Red Bull Arena
NWMW84L5lz,36047049900,83.0,current,Red Bull Arena
NWMW84L5lz,36047050100,77.0,current,Red Bull Arena
NWMW84L5lz,36047051300,79.0,current,Red Bull Arena
NWMW84L5lz,36047040700,96.0,current,Red Bull Arena
NWMW84L5lz,36047014300,87.0,current,Red Bull Arena
NWMW84L5lz,36047018400,116.0,current,Red Bull Arena
NWMW84L5lz,36047029600,109.0,current,Red Bull Arena
NWMW84L5lz,36047028300,90.0,current,Red Bull Arena
NWMW84L5lz,36047076400,98.0,current,Red Bull Arena
NWMW84L5lz,36047015500,89.0,current,Red Bull Arena
NWMW84L5lz,36047021300,80.0,current,Red Bull Arena
NWMW84L5lz,36047038100,88.0,current,Red Bull Arena
NWMW84L5lz,36063022803,,current,Red Bull Arena
NWMW84L5lz,36047114202,105.0,current,Red Bull Arena
NWMW84L5lz,36047005601,106.0,current,Red Bull Arena
NWMW84L5lz,36047003600,93.0,current,Red Bull Arena
NWMW84L5lz,36047008000,89.0,current,Red Bull Arena
NWMW84L5lz,36047093800,102.0,current,Red Bull Arena
NWMW84L5lz,36047064800,110.0,current,Red Bull Arena
NWMW84L5lz,36047025902,93.0,current,Red Bull Arena
NWMW84L5lz,36047034000,,current,Red Bull Arena
NWMW84L5lz,36047086600,96.0,current,Red Bull Arena
NWMW84L5lz,36047110600,106.0,current,Red Bull Arena
NWMW84L5lz,36047117601,107.0,current,Red Bull Arena
NWMW84L5lz,36047059402,118.0,current,Red Bull Arena
NWMW84L5lz,36047043600,102.0,current,Red Bull Arena
NWMW84L5lz,36047057200,,current,Red Bull Arena
NWMW84L5lz,36063023100,,current,Red Bull Arena
NWMW84L5lz,36031961002,,current,Red Bull Arena
NWMW84L5lz,36065023901,,current,Red Bull Arena
NWMW84L5lz,36065023902,,current,Red Bull Arena
NWMW84L5lz,36065024200,,current,Red Bull Arena
NWMW84L5lz,36047050202,89.0,current,Red Bull Arena
NWMW84L5lz,36047050500,83.0,current,Red Bull Arena
NWMW84L5lz,36047050600,94.0,current,Red Bull Arena
NWMW84L5lz,36047050700,88.0,current,Red Bull Arena
NWMW84L5lz,36047051100,82.0,current,Red Bull Arena
NWMW84L5lz,36047051200,93.0,current,Red Bull Arena
NWMW84L5lz,36065023000,,current,Red Bull Arena
NWMW84L5lz,36063023200,,current,Red Bull Arena
NWMW84L5lz,36021001000,,current,Red Bull Arena
NWMW84L5lz,36021000700,,current,Red Bull Arena
NWMW84L5lz,36047075000,107.0,current,Red Bull Arena
NWMW84L5lz,36047018800,110.0,current,Red Bull Arena
NWMW84L5lz,36047025800,106.0,current,Red Bull Arena
NWMW84L5lz,36047049500,78.0,current,Red Bull Arena
NWMW84L5lz,36047088800,100.0,current,Red Bull Arena
NWMW84L5lz,36047011800,91.0,current,Red Bull Arena
NWMW84L5lz,36047053200,93.0,current,Red Bull Arena
NWMW84L5lz,36047022900,83.0,current,Red Bull Arena
NWMW84L5lz,36047040100,96.0,current,Red Bull Arena
NWMW84L5lz,36047112000,97.0,current,Red Bull Arena
NWMW84L5lz,36047058600,100.0,current,Red Bull Arena
NWMW84L5lz,36047005800,102.0,current,Red Bull Arena
NWMW84L5lz,36047014000,113.0,current,Red Bull Arena
NWMW84L5lz,36047014800,117.0,current,Red Bull Arena
NWMW84L5lz,36047064200,114.0,current,Red Bull Arena
NWMW84L5lz,36047030900,87.0,current,Red Bull Arena
NWMW84L5lz,36047082400,89.0,current,Red Bull Arena
NWMW84L5lz,36047021500,83.0,current,Red Bull Arena
NWMW84L5lz,36047038500,96.0,current,Red Bull Arena
NWMW84L5lz,36047094402,114.0,current,Red Bull Arena
NWMW84L5lz,36047024300,89.0,current,Red Bull Arena
NWMW84L5lz,36047003800,104.0,current,Red Bull Arena
NWMW84L5lz,36047033300,84.0,current,Red Bull Arena
NWMW84L5lz,36047003500,73.0,current,Red Bull Arena
NWMW84L5lz,36063023700,,current,Red Bull Arena
NWMW84L5lz,36047051400,92.0,current,Red Bull Arena
NWMW84L5lz,36047052600,98.0,current,Red Bull Arena
NWMW84L5lz,36047051500,82.0,current,Red Bull Arena
NWMW84L5lz,36047051700,78.0,current,Red Bull Arena
NWMW84L5lz,36047051800,95.0,current,Red Bull Arena
NWMW84L5lz,36047051900,75.0,current,Red Bull Arena
NWMW84L5lz,36047052000,96.0,current,Red Bull Arena
NWMW84L5lz,36047052300,83.0,current,Red Bull Arena
NWMW84L5lz,36047052700,84.0,current,Red Bull Arena
NWMW84L5lz,36047052900,84.0,current,Red Bull Arena
NWMW84L5lz,36047053000,99.0,current,Red Bull Arena
NWMW84L5lz,36047053300,88.0,current,Red Bull Arena
NWMW84L5lz,36047053400,99.0,current,Red Bull Arena
NWMW84L5lz,36047053500,84.0,current,Red Bull Arena
NWMW84L5lz,36063024401,,current,Red Bull Arena
NWMW84L5lz,36063023800,,current,Red Bull Arena
NWMW84L5lz,36063940001,,current,Red Bull Arena
NWMW84L5lz,36063024501,,current,Red Bull Arena
NWMW84L5lz,36063024502,,current,Red Bull Arena
NWMW84L5lz,36047067000,113.0,current,Red Bull Arena
NWMW84L5lz,36047025500,89.0,current,Red Bull Arena
NWMW84L5lz,36047029400,114.0,current,Red Bull Arena
NWMW84L5lz,36047027900,93.0,current,Red Bull Arena
NWMW84L5lz,36047062600,,current,Red Bull Arena
NWMW84L5lz,36047005100,90.0,current,Red Bull Arena
NWMW84L5lz,36047111800,102.0,current,Red Bull Arena
NWMW84L5lz,36047021600,102.0,current,Red Bull Arena
NWMW84L5lz,36047020500,84.0,current,Red Bull Arena
NWMW84L5lz,36047015700,87.0,current,Red Bull Arena
NWMW84L5lz,36047003300,74.0,current,Red Bull Arena
NWMW84L5lz,36047040800,105.0,current,Red Bull Arena
NWMW84L5lz,36047050900,85.0,current,Red Bull Arena
NWMW84L5lz,36047026900,82.0,current,Red Bull Arena
NWMW84L5lz,36047045600,98.0,current,Red Bull Arena
NWMW84L5lz,36047100600,113.0,current,Red Bull Arena
NWMW84L5lz,36047040600,109.0,current,Red Bull Arena
NWMW84L5lz,36047084800,100.0,current,Red Bull Arena
NWMW84L5lz,36065024301,,current,Red Bull Arena
NWMW84L5lz,36047056000,112.0,current,Red Bull Arena
NWMW84L5lz,36047023200,102.0,current,Red Bull Arena
NWMW84L5lz,36047091600,94.0,current,Red Bull Arena
NWMW84L5lz,36047048900,85.0,current,Red Bull Arena
NWMW84L5lz,36047013300,85.0,current,Red Bull Arena
NWMW84L5lz,36047054500,91.0,current,Red Bull Arena
NWMW84L5lz,36047006200,101.0,current,Red Bull Arena
NWMW84L5lz,36065023300,,current,Red Bull Arena
NWMW84L5lz,36065023501,,current,Red Bull Arena
NWMW84L5lz,36005014701,107.0,current,Red Bull Arena
NWMW84L5lz,36005017901,98.0,current,Red Bull Arena
NWMW84L5lz,36005018301,96.0,current,Red Bull Arena
NWMW84L5lz,36005022102,99.0,current,Red Bull Arena
NWMW84L5lz,36005023703,105.0,current,Red Bull Arena
NWMW84L5lz,36005026702,111.0,current,Red Bull Arena
NWMW84L5lz,36005033201,108.0,current,Red Bull Arena
NWMW84L5lz,36005040303,108.0,current,Red Bull Arena
NWMW84L5lz,36005021700,97.0,current,Red Bull Arena
NWMW84L5lz,36005023702,105.0,current,Red Bull Arena
NWMW84L5lz,36005040302,109.0,current,Red Bull Arena
NWMW84L5lz,36005007600,105.0,current,Red Bull Arena
NWMW84L5lz,36005009000,,current,Red Bull Arena
NWMW84L5lz,36005015900,94.0,current,Red Bull Arena
NWMW84L5lz,36005005001,107.0,current,Red Bull Arena
NWMW84L5lz,36063022804,,current,Red Bull Arena
NWMW84L5lz,36063023901,,current,Red Bull Arena
NWMW84L5lz,36047053700,89.0,current,Red Bull Arena
NWMW84L5lz,36047054700,92.0,current,Red Bull Arena
NWMW84L5lz,36047054800,109.0,current,Red Bull Arena
NWMW84L5lz,36047053900,92.0,current,Red Bull Arena
NWMW84L5lz,36047054300,96.0,current,Red Bull Arena
NWMW84L5lz,36047054400,103.0,current,Red Bull Arena
NWMW84L5lz,36047054900,89.0,current,Red Bull Arena
NWMW84L5lz,36047055000,104.0,current,Red Bull Arena
NWMW84L5lz,36047055300,74.0,current,Red Bull Arena
NWMW84L5lz,36047055400,99.0,current,Red Bull Arena
NWMW84L5lz,36047055500,82.0,current,Red Bull Arena
NWMW84L5lz,36047055600,108.0,current,Red Bull Arena
NWMW84L5lz,36047055700,82.0,current,Red Bull Arena
NWMW84L5lz,36047056200,112.0,current,Red Bull Arena
NWMW84L5lz,36047056400,109.0,current,Red Bull Arena
NWMW84L5lz,36063023902,,current,Red Bull Arena
NWMW84L5lz,36063024101,,current,Red Bull Arena
NWMW84L5lz,36063024301,,current,Red Bull Arena
NWMW84L5lz,36055014003,,current,Red Bull Arena
NWMW84L5lz,36055000200,,current,Red Bull Arena
NWMW84L5lz,36063940100,,current,Red Bull Arena
NWMW84L5lz,36115082002,,current,Red Bull Arena
NWMW84L5lz,36115082001,,current,Red Bull Arena
NWMW84L5lz,36047008200,92.0,current,Red Bull Arena
NWMW84L5lz,36047028900,92.0,current,Red Bull Arena
NWMW84L5lz,36047026800,108.0,current,Red Bull Arena
NWMW84L5lz,36047078400,103.0,current,Red Bull Arena
NWMW84L5lz,36047057100,87.0,current,Red Bull Arena
NWMW84L5lz,36047086200,97.0,current,Red Bull Arena
NWMW84L5lz,36047111000,101.0,current,Red Bull Arena
NWMW84L5lz,36047004300,75.0,current,Red Bull Arena
NWMW84L5lz,36047030300,93.0,current,Red Bull Arena
NWMW84L5lz,36047031702,79.0,current,Red Bull Arena
NWMW84L5lz,36063023001,,current,Red Bull Arena
NWMW84L5lz,36055003300,,current,Red Bull Arena
NWMW84L5lz,36055013902,,current,Red Bull Arena
NWMW84L5lz,36055007100,,current,Red Bull Arena
NWMW84L5lz,36055012100,,current,Red Bull Arena
NWMW84L5lz,36055015301,,current,Red Bull Arena
NWMW84L5lz,36055004800,,current,Red Bull Arena
NWMW84L5lz,36047036100,95.0,current,Red Bull Arena
NWMW84L5lz,36047038300,92.0,current,Red Bull Arena
NWMW84L5lz,36047039400,107.0,current,Red Bull Arena
NWMW84L5lz,36047042400,102.0,current,Red Bull Arena
NWMW84L5lz,36047043800,99.0,current,Red Bull Arena
NWMW84L5lz,36047044700,80.0,current,Red Bull Arena
NWMW84L5lz,36047047200,102.0,current,Red Bull Arena
NWMW84L5lz,36047049100,87.0,current,Red Bull Arena
NWMW84L5lz,36047050300,79.0,current,Red Bull Arena
NWMW84L5lz,36047055200,98.0,current,Red Bull Arena
NWMW84L5lz,36055000700,,current,Red Bull Arena
NWMW84L5lz,36055001300,,current,Red Bull Arena
NWMW84L5lz,36063024303,,current,Red Bull Arena
NWMW84L5lz,36055001800,,current,Red Bull Arena
NWMW84L5lz,36055001900,,current,Red Bull Arena
NWMW84L5lz,36055001000,,current,Red Bull Arena
NWMW84L5lz,36055002000,,current,Red Bull Arena
NWMW84L5lz,36055002200,,current,Red Bull Arena
NWMW84L5lz,36055002300,,current,Red Bull Arena
NWMW84L5lz,36055002400,,current,Red Bull Arena
NWMW84L5lz,36055002700,,current,Red Bull Arena
NWMW84L5lz,36055002900,,current,Red Bull Arena
NWMW84L5lz,36055003200,,current,Red Bull Arena
NWMW84L5lz,36055003400,,current,Red Bull Arena
NWMW84L5lz,36055003500,,current,Red Bull Arena
NWMW84L5lz,36047056500,90.0,current,Red Bull Arena
NWMW84L5lz,36047057500,88.0,current,Red Bull Arena
NWMW84L5lz,36047057600,108.0,current,Red Bull Arena
NWMW84L5lz,36047056600,114.0,current,Red Bull Arena
NWMW84L5lz,36047056800,117.0,current,Red Bull Arena
NWMW84L5lz,36047056900,85.0,current,Red Bull Arena
NWMW84L5lz,36047057000,116.0,current,Red Bull Arena
NWMW84L5lz,36047057300,90.0,current,Red Bull Arena
NWMW84L5lz,36047057800,104.0,current,Red Bull Arena
NWMW84L5lz,36063024302,,current,Red Bull Arena
NWMW84L5lz,36055006100,,current,Red Bull Arena
NWMW84L5lz,36055014102,,current,Red Bull Arena
NWMW84L5lz,36055002100,,current,Red Bull Arena
NWMW84L5lz,36055013401,,current,Red Bull Arena
NWMW84L5lz,36055009500,,current,Red Bull Arena
NWMW84L5lz,36047058000,98.0,current,Red Bull Arena
NWMW84L5lz,36047058800,111.0,current,Red Bull Arena
NWMW84L5lz,36047059000,107.0,current,Red Bull Arena
NWMW84L5lz,36047083600,110.0,current,Red Bull Arena
NWMW84L5lz,36047084000,99.0,current,Red Bull Arena
NWMW84L5lz,36047085000,101.0,current,Red Bull Arena
NWMW84L5lz,36047085200,108.0,current,Red Bull Arena
NWMW84L5lz,36047085400,101.0,current,Red Bull Arena
NWMW84L5lz,36055007500,,current,Red Bull Arena
NWMW84L5lz,36055004702,,current,Red Bull Arena
NWMW84L5lz,36055012201,,current,Red Bull Arena
NWMW84L5lz,36055005400,,current,Red Bull Arena
NWMW84L5lz,36055010902,,current,Red Bull Arena
NWMW84L5lz,36055011604,,current,Red Bull Arena
NWMW84L5lz,36055003000,,current,Red Bull Arena
NWMW84L5lz,36055007801,,current,Red Bull Arena
NWMW84L5lz,36055011000,,current,Red Bull Arena
NWMW84L5lz,36055013203,,current,Red Bull Arena
NWMW84L5lz,36047090000,90.0,current,Red Bull Arena
NWMW84L5lz,36047092000,98.0,current,Red Bull Arena
NWMW84L5lz,36047090200,98.0,current,Red Bull Arena
NWMW84L5lz,36047090600,101.0,current,Red Bull Arena
NWMW84L5lz,36047090800,99.0,current,Red Bull Arena
NWMW84L5lz,36047091000,92.0,current,Red Bull Arena
NWMW84L5lz,36047091800,93.0,current,Red Bull Arena
NWMW84L5lz,36047092200,101.0,current,Red Bull Arena
NWMW84L5lz,36047093000,101.0,current,Red Bull Arena
NWMW84L5lz,36047093400,103.0,current,Red Bull Arena
NWMW84L5lz,36047093600,105.0,current,Red Bull Arena
NWMW84L5lz,36065025700,,current,Red Bull Arena
NWMW84L5lz,36065025800,,current,Red Bull Arena
NWMW84L5lz,36087011405,,current,Red Bull Arena
NWMW84L5lz,36087011505,,current,Red Bull Arena
NWMW84L5lz,36087011506,,current,Red Bull Arena
NWMW84L5lz,36047059200,109.0,current,Red Bull Arena
NWMW84L5lz,36047060600,107.0,current,Red Bull Arena
NWMW84L5lz,36047063200,,current,Red Bull Arena
NWMW84L5lz,36047065600,114.0,current,Red Bull Arena
NWMW84L5lz,36047059100,90.0,current,Red Bull Arena
NWMW84L5lz,36047069000,119.0,current,Red Bull Arena
NWMW84L5lz,36047073000,108.0,current,Red Bull Arena
NWMW84L5lz,36047074200,104.0,current,Red Bull Arena
NWMW84L5lz,36047078000,107.0,current,Red Bull Arena
NWMW84L5lz,36047080000,90.0,current,Red Bull Arena
NWMW84L5lz,36047084600,100.0,current,Red Bull Arena
NWMW84L5lz,36047087200,101.0,current,Red Bull Arena
NWMW84L5lz,36047091200,93.0,current,Red Bull Arena
NWMW84L5lz,36047098200,106.0,current,Red Bull Arena
NWMW84L5lz,36047099200,109.0,current,Red Bull Arena
NWMW84L5lz,36047115000,98.0,current,Red Bull Arena
NWMW84L5lz,36047116200,98.0,current,Red Bull Arena
NWMW84L5lz,36047119000,95.0,current,Red Bull Arena
NWMW84L5lz,36047000100,71.0,current,Red Bull Arena
NWMW84L5lz,36087011902,,current,Red Bull Arena
NWMW84L5lz,36087012204,,current,Red Bull Arena
NWMW84L5lz,36087012203,,current,Red Bull Arena
NWMW84L5lz,36087013402,,current,Red Bull Arena
NWMW84L5lz,36087013401,,current,Red Bull Arena
NWMW84L5lz,36047000200,98.0,current,Red Bull Arena
NWMW84L5lz,36047000301,76.0,current,Red Bull Arena
NWMW84L5lz,36065024900,,current,Red Bull Arena
NWMW84L5lz,36087011404,,current,Red Bull Arena
NWMW84L5lz,36087011901,,current,Red Bull Arena
NWMW84L5lz,36047014200,108.0,current,Red Bull Arena
NWMW84L5lz,36047014500,90.0,current,Red Bull Arena
NWMW84L5lz,36047014700,97.0,current,Red Bull Arena
NWMW84L5lz,36047015000,118.0,current,Red Bull Arena
NWMW84L5lz,36047015300,83.0,current,Red Bull Arena
NWMW84L5lz,36047015400,,current,Red Bull Arena
NWMW84L5lz,36047015900,79.0,current,Red Bull Arena
NWMW84L5lz,36047016100,78.0,current,Red Bull Arena
NWMW84L5lz,36047016200,94.0,current,Red Bull Arena
NWMW84L5lz,36047016300,82.0,current,Red Bull Arena
NWMW84L5lz,36047016400,109.0,current,Red Bull Arena
NWMW84L5lz,36047016500,88.0,current,Red Bull Arena
NWMW84L5lz,36047016700,84.0,current,Red Bull Arena
NWMW84L5lz,36047016800,116.0,current,Red Bull Arena
NWMW84L5lz,36047016900,84.0,current,Red Bull Arena
NWMW84L5lz,36047017100,90.0,current,Red Bull Arena
NWMW84L5lz,36047017200,116.0,current,Red Bull Arena
NWMW84L5lz,36047017400,114.0,current,Red Bull Arena
NWMW84L5lz,36047017500,106.0,current,Red Bull Arena
NWMW84L5lz,36065025001,,current,Red Bull Arena
NWMW84L5lz,36065025003,,current,Red Bull Arena
NWMW84L5lz,36047085600,96.0,current,Red Bull Arena
NWMW84L5lz,36047086000,97.0,current,Red Bull Arena
NWMW84L5lz,36047086400,97.0,current,Red Bull Arena
NWMW84L5lz,36047087000,97.0,current,Red Bull Arena
NWMW84L5lz,36047087401,98.0,current,Red Bull Arena
NWMW84L5lz,36047087600,94.0,current,Red Bull Arena
NWMW84L5lz,36047087800,90.0,current,Red Bull Arena
NWMW84L5lz,36047088200,95.0,current,Red Bull Arena
NWMW84L5lz,36047059800,,current,Red Bull Arena
NWMW84L5lz,36065025100,,current,Red Bull Arena
NWMW84L5lz,36065025200,,current,Red Bull Arena
NWMW84L5lz,36047061002,115.0,current,Red Bull Arena
NWMW84L5lz,36047061200,117.0,current,Red Bull Arena
NWMW84L5lz,36047060000,116.0,current,Red Bull Arena
NWMW84L5lz,36047060800,111.0,current,Red Bull Arena
NWMW84L5lz,36047061600,116.0,current,Red Bull Arena
NWMW84L5lz,36047062200,,current,Red Bull Arena
NWMW84L5lz,36047062800,,current,Red Bull Arena
NWMW84L5lz,36047063600,117.0,current,Red Bull Arena
NWMW84L5lz,36047063800,116.0,current,Red Bull Arena
NWMW84L5lz,36047064000,115.0,current,Red Bull Arena
NWMW84L5lz,36047064400,112.0,current,Red Bull Arena
NWMW84L5lz,36047065000,107.0,current,Red Bull Arena
NWMW84L5lz,36047094401,113.0,current,Red Bull Arena
NWMW84L5lz,36047095000,116.0,current,Red Bull Arena
NWMW84L5lz,36047095400,115.0,current,Red Bull Arena
NWMW84L5lz,36047095600,116.0,current,Red Bull Arena
NWMW84L5lz,36005044902,,current,Red Bull Arena
NWMW84L5lz,36005025100,105.0,current,Red Bull Arena
NWMW84L5lz,36005022404,109.0,current,Red Bull Arena
NWMW84L5lz,36005039901,110.0,current,Red Bull Arena
NWMW84L5lz,36005023704,104.0,current,Red Bull Arena
NWMW84L5lz,36005015300,100.0,current,Red Bull Arena
NWMW84L5lz,36047000700,78.0,current,Red Bull Arena
NWMW84L5lz,36047000900,69.0,current,Red Bull Arena
NWMW84L5lz,36047001100,70.0,current,Red Bull Arena
NWMW84L5lz,36047001300,74.0,current,Red Bull Arena
NWMW84L5lz,36047002000,99.0,current,Red Bull Arena
NWMW84L5lz,36047002100,77.0,current,Red Bull Arena
NWMW84L5lz,36047002200,93.0,current,Red Bull Arena
NWMW84L5lz,36047002901,85.0,current,Red Bull Arena
NWMW84L5lz,36047003400,102.0,current,Red Bull Arena
NWMW84L5lz,36047003700,73.0,current,Red Bull Arena
NWMW84L5lz,36047003900,75.0,current,Red Bull Arena
NWMW84L5lz,36005014100,97.0,current,Red Bull Arena
NWMW84L5lz,36005033000,110.0,current,Red Bull Arena
NWMW84L5lz,36005021100,101.0,current,Red Bull Arena
NWMW84L5lz,36005004600,112.0,current,Red Bull Arena
NWMW84L5lz,36005005902,96.0,current,Red Bull Arena
NWMW84L5lz,36005028100,115.0,current,Red Bull Arena
NWMW84L5lz,36005022701,100.0,current,Red Bull Arena
NWMW84L5lz,36005031600,119.0,current,Red Bull Arena
NWMW84L5lz,36005019500,97.0,current,Red Bull Arena
NWMW84L5lz,36005028600,,current,Red Bull Arena
NWMW84L5lz,36005016400,,current,Red Bull Arena
NWMW84L5lz,36005036800,,current,Red Bull Arena
NWMW84L5lz,36005006000,105.0,current,Red Bull Arena
NWMW84L5lz,36005037600,113.0,current,Red Bull Arena
NWMW84L5lz,36005023301,101.0,current,Red Bull Arena
NWMW84L5lz,36005004001,115.0,current,Red Bull Arena
NWMW84L5lz,36005006900,96.0,current,Red Bull Arena
NWMW84L5lz,36005003100,96.0,current,Red Bull Arena
NWMW84L5lz,36005039000,116.0,current,Red Bull Arena
NWMW84L5lz,36005042800,,current,Red Bull Arena
NWMW84L5lz,36005038800,,current,Red Bull Arena
NWMW84L5lz,36005005600,108.0,current,Red Bull Arena
NWMW84L5lz,36005014500,103.0,current,Red Bull Arena
NWMW84L5lz,36091060602,,current,Red Bull Arena
NWMW84L5lz,36091062507,,current,Red Bull Arena
NWMW84L5lz,36091062509,,current,Red Bull Arena
NWMW84L5lz,36091060601,,current,Red Bull Arena
NWMW84L5lz,36047017700,95.0,current,Red Bull Arena
NWMW84L5lz,36047017800,111.0,current,Red Bull Arena
NWMW84L5lz,36047017900,76.0,current,Red Bull Arena
NWMW84L5lz,36047018000,115.0,current,Red Bull Arena
NWMW84L5lz,36047018200,109.0,current,Red Bull Arena
NWMW84L5lz,36047018300,85.0,current,Red Bull Arena
NWMW84L5lz,36047018501,89.0,current,Red Bull Arena
NWMW84L5lz,36047018600,111.0,current,Red Bull Arena
NWMW84L5lz,36047018700,87.0,current,Red Bull Arena
NWMW84L5lz,36047019000,104.0,current,Red Bull Arena
NWMW84L5lz,36047019100,93.0,current,Red Bull Arena
NWMW84L5lz,36047019200,101.0,current,Red Bull Arena
NWMW84L5lz,36047019600,108.0,current,Red Bull Arena
NWMW84L5lz,36047019700,78.0,current,Red Bull Arena
NWMW84L5lz,36047019800,114.0,current,Red Bull Arena
NWMW84L5lz,36047019900,75.0,current,Red Bull Arena
NWMW84L5lz,36047020000,116.0,current,Red Bull Arena
NWMW84L5lz,36047020300,79.0,current,Red Bull Arena
NWMW84L5lz,36047020400,112.0,current,Red Bull Arena
NWMW84L5lz,36047020600,112.0,current,Red Bull Arena
NWMW84L5lz,36047020700,83.0,current,Red Bull Arena
NWMW84L5lz,36005026300,109.0,current,Red Bull Arena
NWMW84L5lz,36005029700,116.0,current,Red Bull Arena
NWMW84L5lz,36005020601,110.0,current,Red Bull Arena
NWMW84L5lz,36005042000,115.0,current,Red Bull Arena
NWMW84L5lz,36005015800,,current,Red Bull Arena
NWMW84L5lz,36005007400,,current,Red Bull Arena
NWMW84L5lz,36005028800,115.0,current,Red Bull Arena
NWMW84L5lz,36005022902,105.0,current,Red Bull Arena
NWMW84L5lz,36005013300,97.0,current,Red Bull Arena
NWMW84L5lz,36005017100,108.0,current,Red Bull Arena
NWMW84L5lz,36005045101,,current,Red Bull Arena
NWMW84L5lz,36005008300,97.0,current,Red Bull Arena
NWMW84L5lz,36005040400,,current,Red Bull Arena
NWMW84L5lz,36005046000,,current,Red Bull Arena
NWMW84L5lz,36005025200,,current,Red Bull Arena
NWMW84L5lz,36005023501,102.0,current,Red Bull Arena
NWMW84L5lz,36005036501,107.0,current,Red Bull Arena
NWMW84L5lz,36005021601,110.0,current,Red Bull Arena
NWMW84L5lz,36005040304,105.0,current,Red Bull Arena
NWMW84L5lz,36005022800,113.0,current,Red Bull Arena
NWMW84L5lz,36005003800,119.0,current,Red Bull Arena
NWMW84L5lz,36005020400,117.0,current,Red Bull Arena
NWMW84L5lz,36005003300,97.0,current,Red Bull Arena
NWMW84L5lz,36005037100,109.0,current,Red Bull Arena
NWMW84L5lz,36005013100,98.0,current,Red Bull Arena
NWMW84L5lz,36047020800,105.0,current,Red Bull Arena
NWMW84L5lz,36047021000,102.0,current,Red Bull Arena
NWMW84L5lz,36047021400,95.0,current,Red Bull Arena
NWMW84L5lz,36047021800,103.0,current,Red Bull Arena
NWMW84L5lz,36047021900,80.0,current,Red Bull Arena
NWMW84L5lz,36059413500,,current,Red Bull Arena
NWMW84L5lz,36059413600,,current,Red Bull Arena
NWMW84L5lz,36059413700,,current,Red Bull Arena
NWMW84L5lz,36059413803,,current,Red Bull Arena
NWMW84L5lz,36059413804,,current,Red Bull Arena
NWMW84L5lz,36059413900,,current,Red Bull Arena
NWMW84L5lz,36059414002,,current,Red Bull Arena
NWMW84L5lz,36059414201,,current,Red Bull Arena
NWMW84L5lz,36065025300,,current,Red Bull Arena
NWMW84L5lz,36059408800,,current,Red Bull Arena
NWMW84L5lz,36059416600,,current,Red Bull Arena
NWMW84L5lz,36059405800,,current,Red Bull Arena
NWMW84L5lz,36059412500,,current,Red Bull Arena
NWMW84L5lz,36059519602,,current,Red Bull Arena
NWMW84L5lz,36065025400,,current,Red Bull Arena
NWMW84L5lz,36067015800,,current,Red Bull Arena
NWMW84L5lz,36067016001,,current,Red Bull Arena
NWMW84L5lz,36067016002,,current,Red Bull Arena
NWMW84L5lz,36067016100,,current,Red Bull Arena
NWMW84L5lz,36059302400,,current,Red Bull Arena
NWMW84L5lz,36059302501,,current,Red Bull Arena
NWMW84L5lz,36059302502,,current,Red Bull Arena
NWMW84L5lz,36059302900,,current,Red Bull Arena
NWMW84L5lz,36059303000,,current,Red Bull Arena
NWMW84L5lz,36081019400,,current,Red Bull Arena
NWMW84L5lz,36081020500,110.0,current,Red Bull Arena
NWMW84L5lz,36081095400,116.0,current,Red Bull Arena
NWMW84L5lz,36081127700,,current,Red Bull Arena
NWMW84L5lz,36081042400,,current,Red Bull Arena
NWMW84L5lz,36059303101,,current,Red Bull Arena
NWMW84L5lz,36059303102,,current,Red Bull Arena
NWMW84L5lz,36059414202,,current,Red Bull Arena
NWMW84L5lz,36059414301,,current,Red Bull Arena
NWMW84L5lz,36059414400,,current,Red Bull Arena
NWMW84L5lz,36059414501,,current,Red Bull Arena
NWMW84L5lz,36059414502,,current,Red Bull Arena
NWMW84L5lz,36059414600,,current,Red Bull Arena
NWMW84L5lz,36059414700,,current,Red Bull Arena
NWMW84L5lz,36055990000,,current,Red Bull Arena
NWMW84L5lz,36055980100,,current,Red Bull Arena
NWMW84L5lz,36055012401,,current,Red Bull Arena
NWMW84L5lz,36055012402,,current,Red Bull Arena
NWMW84L5lz,36081062200,,current,Red Bull Arena
NWMW84L5lz,36081079702,114.0,current,Red Bull Arena
NWMW84L5lz,36081990100,,current,Red Bull Arena
NWMW84L5lz,36081030600,,current,Red Bull Arena
NWMW84L5lz,36065025500,,current,Red Bull Arena
NWMW84L5lz,36027120000,,current,Red Bull Arena
NWMW84L5lz,36027140500,,current,Red Bull Arena
NWMW84L5lz,36075020102,,current,Red Bull Arena
NWMW84L5lz,36075021202,,current,Red Bull Arena
NWMW84L5lz,36075021003,,current,Red Bull Arena
NWMW84L5lz,36075020503,,current,Red Bull Arena
NWMW84L5lz,36075020303,,current,Red Bull Arena
NWMW84L5lz,36075021001,,current,Red Bull Arena
NWMW84L5lz,36075020501,,current,Red Bull Arena
NWMW84L5lz,36075020903,,current,Red Bull Arena
NWMW84L5lz,36075020101,,current,Red Bull Arena
NWMW84L5lz,36075020904,,current,Red Bull Arena
NWMW84L5lz,36075021203,,current,Red Bull Arena
NWMW84L5lz,36075020905,,current,Red Bull Arena
NWMW84L5lz,36075021201,,current,Red Bull Arena
NWMW84L5lz,36075020201,,current,Red Bull Arena
NWMW84L5lz,36075021002,,current,Red Bull Arena
NWMW84L5lz,36075020304,,current,Red Bull Arena
NWMW84L5lz,36075021503,,current,Red Bull Arena
NWMW84L5lz,36075021504,,current,Red Bull Arena
NWMW84L5lz,36075020707,,current,Red Bull Arena
NWMW84L5lz,36067016801,,current,Red Bull Arena
NWMW84L5lz,36067010100,,current,Red Bull Arena
NWMW84L5lz,36067005300,,current,Red Bull Arena
NWMW84L5lz,36067000300,,current,Red Bull Arena
NWMW84L5lz,36067002300,,current,Red Bull Arena
NWMW84L5lz,36067015000,,current,Red Bull Arena
NWMW84L5lz,36067015400,,current,Red Bull Arena
NWMW84L5lz,36067011402,,current,Red Bull Arena
NWMW84L5lz,36067016802,,current,Red Bull Arena
NWMW84L5lz,36067011011,,current,Red Bull Arena
NWMW84L5lz,36067010400,,current,Red Bull Arena
NWMW84L5lz,36067001400,,current,Red Bull Arena
NWMW84L5lz,36067000100,,current,Red Bull Arena
NWMW84L5lz,36067005602,,current,Red Bull Arena
NWMW84L5lz,36067000600,,current,Red Bull Arena
NWMW84L5lz,36067011300,,current,Red Bull Arena
NWMW84L5lz,36067016200,,current,Red Bull Arena
NWMW84L5lz,36067012700,,current,Red Bull Arena
NWMW84L5lz,36067004302,,current,Red Bull Arena
NWMW84L5lz,36067013701,,current,Red Bull Arena
NWMW84L5lz,36067015601,,current,Red Bull Arena
NWMW84L5lz,36067012900,,current,Red Bull Arena
NWMW84L5lz,36067013000,,current,Red Bull Arena
NWMW84L5lz,36067013100,,current,Red Bull Arena
NWMW84L5lz,36045062200,,current,Red Bull Arena
NWMW84L5lz,36045061400,,current,Red Bull Arena
NWMW84L5lz,36059303301,,current,Red Bull Arena
NWMW84L5lz,36059303302,,current,Red Bull Arena
NWMW84L5lz,36059303400,,current,Red Bull Arena
NWMW84L5lz,36059303500,,current,Red Bull Arena
NWMW84L5lz,36059303600,,current,Red Bull Arena
NWMW84L5lz,36059303700,,current,Red Bull Arena
NWMW84L5lz,36059303800,,current,Red Bull Arena
NWMW84L5lz,36059414800,,current,Red Bull Arena
NWMW84L5lz,36059414900,,current,Red Bull Arena
NWMW84L5lz,36059415000,,current,Red Bull Arena
NWMW84L5lz,36059415101,,current,Red Bull Arena
NWMW84L5lz,36059415102,,current,Red Bull Arena
NWMW84L5lz,36059415201,,current,Red Bull Arena
NWMW84L5lz,36059415202,,current,Red Bull Arena
NWMW84L5lz,36059415300,,current,Red Bull Arena
NWMW84L5lz,36067016502,,current,Red Bull Arena
NWMW84L5lz,36067016600,,current,Red Bull Arena
NWMW84L5lz,36081015802,112.0,current,Red Bull Arena
NWMW84L5lz,36081018102,89.0,current,Red Bull Arena
NWMW84L5lz,36037951300,,current,Red Bull Arena
NWMW84L5lz,36037951100,,current,Red Bull Arena
NWMW84L5lz,36037940100,,current,Red Bull Arena
NWMW84L5lz,36037950100,,current,Red Bull Arena
NWMW84L5lz,36067001900,,current,Red Bull Arena
NWMW84L5lz,36067002000,,current,Red Bull Arena
NWMW84L5lz,36067013200,,current,Red Bull Arena
NWMW84L5lz,36083051902,,current,Red Bull Arena
NWMW84L5lz,36083052003,,current,Red Bull Arena
NWMW84L5lz,36083052101,,current,Red Bull Arena
NWMW84L5lz,36059303900,,current,Red Bull Arena
NWMW84L5lz,36059304001,,current,Red Bull Arena
NWMW84L5lz,36059304002,,current,Red Bull Arena
NWMW84L5lz,36059304100,,current,Red Bull Arena
NWMW84L5lz,36059304202,,current,Red Bull Arena
NWMW84L5lz,36059404400,,current,Red Bull Arena
NWMW84L5lz,36059415401,,current,Red Bull Arena
NWMW84L5lz,36059415402,,current,Red Bull Arena
NWMW84L5lz,36089490400,,current,Red Bull Arena
NWMW84L5lz,36089490600,,current,Red Bull Arena
NWMW84L5lz,36089490900,,current,Red Bull Arena
NWMW84L5lz,36059415500,,current,Red Bull Arena
NWMW84L5lz,36059415600,,current,Red Bull Arena
NWMW84L5lz,36059415700,,current,Red Bull Arena
NWMW84L5lz,36013036600,,current,Red Bull Arena
NWMW84L5lz,36059416000,,current,Red Bull Arena
NWMW84L5lz,36059416100,,current,Red Bull Arena
NWMW84L5lz,36063021200,,current,Red Bull Arena
NWMW84L5lz,36063021700,,current,Red Bull Arena
NWMW84L5lz,36063022000,,current,Red Bull Arena
NWMW84L5lz,36067003500,,current,Red Bull Arena
NWMW84L5lz,36067003602,,current,Red Bull Arena
NWMW84L5lz,36067003800,,current,Red Bull Arena
NWMW84L5lz,36067004200,,current,Red Bull Arena
NWMW84L5lz,36067004500,,current,Red Bull Arena
NWMW84L5lz,36067004600,,current,Red Bull Arena
NWMW84L5lz,36067003601,,current,Red Bull Arena
NWMW84L5lz,36067004800,,current,Red Bull Arena
NWMW84L5lz,36067004900,,current,Red Bull Arena
NWMW84L5lz,36059407000,,current,Red Bull Arena
NWMW84L5lz,36059407101,,current,Red Bull Arena
NWMW84L5lz,36059407102,,current,Red Bull Arena
NWMW84L5lz,36059407201,,current,Red Bull Arena
NWMW84L5lz,36059407301,,current,Red Bull Arena
NWMW84L5lz,36059407302,,current,Red Bull Arena
NWMW84L5lz,36059407401,,current,Red Bull Arena
NWMW84L5lz,36083052102,,current,Red Bull Arena
NWMW84L5lz,36083052103,,current,Red Bull Arena
NWMW84L5lz,36083052201,,current,Red Bull Arena
NWMW84L5lz,36037950200,,current,Red Bull Arena
NWMW84L5lz,36083052303,,current,Red Bull Arena
NWMW84L5lz,36083052402,,current,Red Bull Arena
NWMW84L5lz,36059404500,,current,Red Bull Arena
NWMW84L5lz,36059404700,,current,Red Bull Arena
NWMW84L5lz,36059404800,,current,Red Bull Arena
NWMW84L5lz,36059404902,,current,Red Bull Arena
NWMW84L5lz,36059405000,,current,Red Bull Arena
NWMW84L5lz,36059405100,,current,Red Bull Arena
NWMW84L5lz,36059405200,,current,Red Bull Arena
NWMW84L5lz,36059405301,,current,Red Bull Arena
NWMW84L5lz,36059405302,,current,Red Bull Arena
NWMW84L5lz,36059416201,,current,Red Bull Arena
NWMW84L5lz,36059416500,,current,Red Bull Arena
NWMW84L5lz,36059416701,,current,Red Bull Arena
NWMW84L5lz,36059416900,,current,Red Bull Arena
NWMW84L5lz,36059517000,,current,Red Bull Arena
NWMW84L5lz,36059517101,,current,Red Bull Arena
NWMW84L5lz,36033950502,,current,Red Bull Arena
NWMW84L5lz,36043011502,,current,Red Bull Arena
NWMW84L5lz,36109000500,,current,Red Bull Arena
NWMW84L5lz,36109000800,,current,Red Bull Arena
NWMW84L5lz,36107020102,,current,Red Bull Arena
NWMW84L5lz,36107020101,,current,Red Bull Arena
NWMW84L5lz,36019103512,,current,Red Bull Arena
NWMW84L5lz,36019104200,,current,Red Bull Arena
NWMW84L5lz,36019103800,,current,Red Bull Arena
NWMW84L5lz,36055014602,,current,Red Bull Arena
NWMW84L5lz,36059407501,,current,Red Bull Arena
NWMW84L5lz,36059407502,,current,Red Bull Arena
NWMW84L5lz,36059407600,,current,Red Bull Arena
NWMW84L5lz,36059414001,,current,Red Bull Arena
NWMW84L5lz,36059302800,,current,Red Bull Arena
NWMW84L5lz,36059416702,,current,Red Bull Arena
NWMW84L5lz,36059410100,,current,Red Bull Arena
NWMW84L5lz,36059520402,,current,Red Bull Arena
NWMW84L5lz,36059406300,,current,Red Bull Arena
NWMW84L5lz,36059404600,,current,Red Bull Arena
NWMW84L5lz,36059517801,,current,Red Bull Arena
NWMW84L5lz,36059407802,,current,Red Bull Arena
NWMW84L5lz,36059407700,,current,Red Bull Arena
NWMW84L5lz,36059407801,,current,Red Bull Arena
NWMW84L5lz,36059407900,,current,Red Bull Arena
NWMW84L5lz,36059408000,,current,Red Bull Arena
NWMW84L5lz,36063022100,,current,Red Bull Arena
NWMW84L5lz,36059517901,,current,Red Bull Arena
NWMW84L5lz,36067010301,,current,Red Bull Arena
NWMW84L5lz,36067010321,,current,Red Bull Arena
NWMW84L5lz,36067010322,,current,Red Bull Arena
NWMW84L5lz,36059518300,,current,Red Bull Arena
NWMW84L5lz,36083052503,,current,Red Bull Arena
NWMW84L5lz,36083052602,,current,Red Bull Arena
NWMW84L5lz,36083052603,,current,Red Bull Arena
NWMW84L5lz,36059405400,,current,Red Bull Arena
NWMW84L5lz,36059405500,,current,Red Bull Arena
NWMW84L5lz,36059405600,,current,Red Bull Arena
NWMW84L5lz,36059405700,,current,Red Bull Arena
NWMW84L5lz,36111955300,,current,Red Bull Arena
NWMW84L5lz,36093033500,,current,Red Bull Arena
NWMW84L5lz,36059405900,,current,Red Bull Arena
NWMW84L5lz,36059406001,,current,Red Bull Arena
NWMW84L5lz,36059406002,,current,Red Bull Arena
NWMW84L5lz,36059406100,,current,Red Bull Arena
NWMW84L5lz,36059517102,,current,Red Bull Arena
NWMW84L5lz,36059517301,,current,Red Bull Arena
NWMW84L5lz,36037951200,,current,Red Bull Arena
NWMW84L5lz,36037951400,,current,Red Bull Arena
NWMW84L5lz,36037950700,,current,Red Bull Arena
NWMW84L5lz,36067011900,,current,Red Bull Arena
NWMW84L5lz,36059517302,,current,Red Bull Arena
NWMW84L5lz,36059517400,,current,Red Bull Arena
NWMW84L5lz,36059517500,,current,Red Bull Arena
NWMW84L5lz,36037951000,,current,Red Bull Arena
NWMW84L5lz,36027110003,,current,Red Bull Arena
NWMW84L5lz,36059408100,,current,Red Bull Arena
NWMW84L5lz,36027170000,,current,Red Bull Arena
NWMW84L5lz,36027180001,,current,Red Bull Arena
NWMW84L5lz,36059408200,,current,Red Bull Arena
NWMW84L5lz,36059408300,,current,Red Bull Arena
NWMW84L5lz,36059408400,,current,Red Bull Arena
NWMW84L5lz,36059408500,,current,Red Bull Arena
NWMW84L5lz,36059408600,,current,Red Bull Arena
NWMW84L5lz,36059408700,,current,Red Bull Arena
NWMW84L5lz,36059409000,,current,Red Bull Arena
NWMW84L5lz,36059517902,,current,Red Bull Arena
NWMW84L5lz,36059302600,,current,Red Bull Arena
NWMW84L5lz,36059414100,,current,Red Bull Arena
NWMW84L5lz,36059517701,,current,Red Bull Arena
NWMW84L5lz,36059520900,,current,Red Bull Arena
NWMW84L5lz,36027210101,,current,Red Bull Arena
NWMW84L5lz,36109002100,,current,Red Bull Arena
NWMW84L5lz,36109000300,,current,Red Bull Arena
NWMW84L5lz,36109001100,,current,Red Bull Arena
NWMW84L5lz,36109001800,,current,Red Bull Arena
NWMW84L5lz,36109000700,,current,Red Bull Arena
NWMW84L5lz,36109001400,,current,Red Bull Arena
NWMW84L5lz,36109002200,,current,Red Bull Arena
NWMW84L5lz,36109001700,,current,Red Bull Arena
NWMW84L5lz,36059518000,,current,Red Bull Arena
NWMW84L5lz,36059518100,,current,Red Bull Arena
NWMW84L5lz,36059518203,,current,Red Bull Arena
NWMW84L5lz,36059518204,,current,Red Bull Arena
NWMW84L5lz,36059518400,,current,Red Bull Arena
NWMW84L5lz,36059518501,,current,Red Bull Arena
NWMW84L5lz,36059518502,,current,Red Bull Arena
NWMW84L5lz,36063022200,,current,Red Bull Arena
NWMW84L5lz,36059404901,,current,Red Bull Arena
NWMW84L5lz,36059416300,,current,Red Bull Arena
NWMW84L5lz,36059410600,,current,Red Bull Arena
NWMW84L5lz,36109001000,,current,Red Bull Arena
NWMW84L5lz,36109001500,,current,Red Bull Arena
NWMW84L5lz,36109000100,,current,Red Bull Arena
NWMW84L5lz,36109000600,,current,Red Bull Arena
NWMW84L5lz,36089490800,,current,Red Bull Arena
NWMW84L5lz,36059518600,,current,Red Bull Arena
NWMW84L5lz,36059518700,,current,Red Bull Arena
NWMW84L5lz,36059518800,,current,Red Bull Arena
NWMW84L5lz,36059520600,,current,Red Bull Arena
NWMW84L5lz,36059520700,,current,Red Bull Arena
NWMW84L5lz,36059520800,,current,Red Bull Arena
NWMW84L5lz,36059521000,,current,Red Bull Arena
NWMW84L5lz,36059521100,,current,Red Bull Arena
NWMW84L5lz,36063022300,,current,Red Bull Arena
NWMW84L5lz,36059521301,,current,Red Bull Arena
NWMW84L5lz,36059521302,,current,Red Bull Arena
NWMW84L5lz,36059521500,,current,Red Bull Arena
NWMW84L5lz,36059521602,,current,Red Bull Arena
NWMW84L5lz,36059521700,,current,Red Bull Arena
NWMW84L5lz,36063022500,,current,Red Bull Arena
NWMW84L5lz,36063022401,,current,Red Bull Arena
NWMW84L5lz,36059406201,,current,Red Bull Arena
NWMW84L5lz,36059406202,,current,Red Bull Arena
NWMW84L5lz,36059406400,,current,Red Bull Arena
NWMW84L5lz,36059406501,,current,Red Bull Arena
NWMW84L5lz,36059406600,,current,Red Bull Arena
NWMW84L5lz,36059406900,,current,Red Bull Arena
NWMW84L5lz,36059517600,,current,Red Bull Arena
NWMW84L5lz,36059517705,,current,Red Bull Arena
NWMW84L5lz,36059517802,,current,Red Bull Arena
NWMW84L5lz,36027070201,,current,Red Bull Arena
NWMW84L5lz,36027190204,,current,Red Bull Arena
NWMW84L5lz,36027050102,,current,Red Bull Arena
NWMW84L5lz,36027210201,,current,Red Bull Arena
NWMW84L5lz,36027040001,,current,Red Bull Arena
NWMW84L5lz,36027050205,,current,Red Bull Arena
NWMW84L5lz,36027060100,,current,Red Bull Arena
NWMW84L5lz,36027010000,,current,Red Bull Arena
NWMW84L5lz,36027140801,,current,Red Bull Arena
NWMW84L5lz,36027140700,,current,Red Bull Arena
NWMW84L5lz,36027020005,,current,Red Bull Arena
NWMW84L5lz,36027080103,,current,Red Bull Arena
NWMW84L5lz,36027140400,,current,Red Bull Arena
NWMW84L5lz,36027190203,,current,Red Bull Arena
NWMW84L5lz,36027130003,,current,Red Bull Arena
NWMW84L5lz,36055980200,,current,Red Bull Arena
NWMW84L5lz,36055013511,,current,Red Bull Arena
NWMW84L5lz,36063022602,,current,Red Bull Arena
NWMW84L5lz,36027210301,,current,Red Bull Arena
NWMW84L5lz,36027220300,,current,Red Bull Arena
NWMW84L5lz,36027221100,,current,Red Bull Arena
NWMW84L5lz,36063022601,,current,Red Bull Arena
NWMW84L5lz,36081012500,95.0,current,Red Bull Arena
NWMW84L5lz,36081065703,118.0,current,Red Bull Arena
NWMW84L5lz,36081008500,94.0,current,Red Bull Arena
NWMW84L5lz,36081026901,91.0,current,Red Bull Arena
NWMW84L5lz,36081074900,108.0,current,Red Bull Arena
NWMW84L5lz,36081099802,,current,Red Bull Arena
NWMW84L5lz,36081035700,111.0,current,Red Bull Arena
NWMW84L5lz,36081006502,102.0,current,Red Bull Arena
NWMW84L5lz,36081029400,,current,Red Bull Arena
NWMW84L5lz,36059409100,,current,Red Bull Arena
NWMW84L5lz,36059409200,,current,Red Bull Arena
NWMW84L5lz,36023970202,,current,Red Bull Arena
NWMW84L5lz,36023970201,,current,Red Bull Arena
NWMW84L5lz,36081061301,108.0,current,Red Bull Arena
NWMW84L5lz,36081072300,101.0,current,Red Bull Arena
NWMW84L5lz,36081086900,111.0,current,Red Bull Arena
NWMW84L5lz,36059409300,,current,Red Bull Arena
NWMW84L5lz,36059409400,,current,Red Bull Arena
NWMW84L5lz,36059409500,,current,Red Bull Arena
NWMW84L5lz,36059409600,,current,Red Bull Arena
NWMW84L5lz,36059409700,,current,Red Bull Arena
NWMW84L5lz,36059409800,,current,Red Bull Arena
NWMW84L5lz,36059518900,,current,Red Bull Arena
NWMW84L5lz,36059519100,,current,Red Bull Arena
NWMW84L5lz,36059519200,,current,Red Bull Arena
NWMW84L5lz,36059519300,,current,Red Bull Arena
NWMW84L5lz,36059519400,,current,Red Bull Arena
NWMW84L5lz,36059519500,,current,Red Bull Arena
NWMW84L5lz,36059519601,,current,Red Bull Arena
NWMW84L5lz,36059521801,,current,Red Bull Arena
NWMW84L5lz,36059521802,,current,Red Bull Arena
NWMW84L5lz,36059522000,,current,Red Bull Arena
NWMW84L5lz,36027070401,,current,Red Bull Arena
NWMW84L5lz,36027070102,,current,Red Bull Arena
NWMW84L5lz,36001014303,,current,Red Bull Arena
NWMW84L5lz,36001001803,,current,Red Bull Arena
NWMW84L5lz,36001000302,,current,Red Bull Arena
NWMW84L5lz,36001014617,,current,Red Bull Arena
NWMW84L5lz,36001001804,,current,Red Bull Arena
NWMW84L5lz,36001014616,,current,Red Bull Arena
NWMW84L5lz,36001013509,,current,Red Bull Arena
NWMW84L5lz,36001014304,,current,Red Bull Arena
NWMW84L5lz,36001013603,,current,Red Bull Arena
NWMW84L5lz,36027220700,,current,Red Bull Arena
NWMW84L5lz,36027220901,,current,Red Bull Arena
NWMW84L5lz,36027221001,,current,Red Bull Arena
NWMW84L5lz,36067011202,,current,Red Bull Arena
NWMW84L5lz,36027220801,,current,Red Bull Arena
NWMW84L5lz,36067011231,,current,Red Bull Arena
NWMW84L5lz,36059410000,,current,Red Bull Arena
NWMW84L5lz,36059410200,,current,Red Bull Arena
NWMW84L5lz,36059410300,,current,Red Bull Arena
NWMW84L5lz,36059410400,,current,Red Bull Arena
NWMW84L5lz,36059410500,,current,Red Bull Arena
NWMW84L5lz,36059410700,,current,Red Bull Arena
NWMW84L5lz,36059409900,,current,Red Bull Arena
NWMW84L5lz,36059410800,,current,Red Bull Arena
NWMW84L5lz,36081015801,118.0,current,Red Bull Arena
NWMW84L5lz,36059519702,,current,Red Bull Arena
NWMW84L5lz,36059519703,,current,Red Bull Arena
NWMW84L5lz,36059519704,,current,Red Bull Arena
NWMW84L5lz,36059519801,,current,Red Bull Arena
NWMW84L5lz,36059519802,,current,Red Bull Arena
NWMW84L5lz,36059519900,,current,Red Bull Arena
NWMW84L5lz,36059520001,,current,Red Bull Arena
NWMW84L5lz,36059521601,,current,Red Bull Arena
NWMW84L5lz,36059415802,,current,Red Bull Arena
NWMW84L5lz,36047101800,,current,Red Bull Arena
NWMW84L5lz,36047102000,,current,Red Bull Arena
NWMW84L5lz,36047102600,116.0,current,Red Bull Arena
NWMW84L5lz,36081018501,97.0,current,Red Bull Arena
NWMW84L5lz,36047107800,103.0,current,Red Bull Arena
NWMW84L5lz,36067016700,,current,Red Bull Arena
NWMW84L5lz,36067016901,,current,Red Bull Arena
NWMW84L5lz,36067016902,,current,Red Bull Arena
NWMW84L5lz,36067012600,,current,Red Bull Arena
NWMW84L5lz,36047109800,108.0,current,Red Bull Arena
NWMW84L5lz,36047112200,98.0,current,Red Bull Arena
NWMW84L5lz,36047112400,94.0,current,Red Bull Arena
NWMW84L5lz,36047112600,91.0,current,Red Bull Arena
NWMW84L5lz,36047112800,97.0,current,Red Bull Arena
NWMW84L5lz,36047113000,95.0,current,Red Bull Arena
NWMW84L5lz,36047113200,97.0,current,Red Bull Arena
NWMW84L5lz,36027030000,,current,Red Bull Arena
NWMW84L5lz,36027070101,,current,Red Bull Arena
NWMW84L5lz,36027300000,,current,Red Bull Arena
NWMW84L5lz,36027610000,,current,Red Bull Arena
NWMW84L5lz,36001013708,,current,Red Bull Arena
NWMW84L5lz,36001013804,,current,Red Bull Arena
NWMW84L5lz,36001013604,,current,Red Bull Arena
NWMW84L5lz,36001013803,,current,Red Bull Arena
NWMW84L5lz,36001013511,,current,Red Bull Arena
NWMW84L5lz,36001000202,,current,Red Bull Arena
NWMW84L5lz,36001013512,,current,Red Bull Arena
NWMW84L5lz,36001013709,,current,Red Bull Arena
NWMW84L5lz,36001000301,,current,Red Bull Arena
NWMW84L5lz,36001013510,,current,Red Bull Arena
NWMW84L5lz,36001000201,,current,Red Bull Arena
NWMW84L5lz,36111952901,,current,Red Bull Arena
NWMW84L5lz,36111952902,,current,Red Bull Arena
NWMW84L5lz,36111955001,,current,Red Bull Arena
NWMW84L5lz,36111955002,,current,Red Bull Arena
NWMW84L5lz,36111954402,,current,Red Bull Arena
NWMW84L5lz,36111954401,,current,Red Bull Arena
NWMW84L5lz,36019100102,,current,Red Bull Arena
NWMW84L5lz,36019102800,,current,Red Bull Arena
NWMW84L5lz,36019101901,,current,Red Bull Arena
NWMW84L5lz,36019100101,,current,Red Bull Arena
NWMW84L5lz,36019103200,,current,Red Bull Arena
NWMW84L5lz,36019103900,,current,Red Bull Arena
NWMW84L5lz,36019101902,,current,Red Bull Arena
NWMW84L5lz,36019103100,,current,Red Bull Arena
NWMW84L5lz,36019103000,,current,Red Bull Arena
NWMW84L5lz,36019100902,,current,Red Bull Arena
NWMW84L5lz,36067005000,,current,Red Bull Arena
NWMW84L5lz,36067005100,,current,Red Bull Arena
NWMW84L5lz,36093021802,,current,Red Bull Arena
NWMW84L5lz,36093031902,,current,Red Bull Arena
NWMW84L5lz,36093031901,,current,Red Bull Arena
NWMW84L5lz,36093021801,,current,Red Bull Arena
NWMW84L5lz,36089491100,,current,Red Bull Arena
NWMW84L5lz,36089492900,,current,Red Bull Arena
NWMW84L5lz,36089492000,,current,Red Bull Arena
NWMW84L5lz,36089491800,,current,Red Bull Arena
NWMW84L5lz,36019100901,,current,Red Bull Arena
NWMW84L5lz,36059410900,,current,Red Bull Arena
NWMW84L5lz,36059411000,,current,Red Bull Arena
NWMW84L5lz,36059411100,,current,Red Bull Arena
NWMW84L5lz,36059411200,,current,Red Bull Arena
NWMW84L5lz,36059411301,,current,Red Bull Arena
NWMW84L5lz,36059411302,,current,Red Bull Arena
NWMW84L5lz,36059520002,,current,Red Bull Arena
NWMW84L5lz,36059520100,,current,Red Bull Arena
NWMW84L5lz,36059520200,,current,Red Bull Arena
NWMW84L5lz,36059520300,,current,Red Bull Arena
NWMW84L5lz,36047114201,100.0,current,Red Bull Arena
NWMW84L5lz,36047114600,98.0,current,Red Bull Arena
NWMW84L5lz,36047115200,94.0,current,Red Bull Arena
NWMW84L5lz,36047115600,96.0,current,Red Bull Arena
NWMW84L5lz,36047116000,99.0,current,Red Bull Arena
NWMW84L5lz,36047116400,100.0,current,Red Bull Arena
NWMW84L5lz,36047117000,102.0,current,Red Bull Arena
NWMW84L5lz,36047117201,103.0,current,Red Bull Arena
NWMW84L5lz,36047117202,104.0,current,Red Bull Arena
NWMW84L5lz,36059520401,,current,Red Bull Arena
NWMW84L5lz,36059520501,,current,Red Bull Arena
NWMW84L5lz,36059520502,,current,Red Bull Arena
NWMW84L5lz,36047117400,102.0,current,Red Bull Arena
NWMW84L5lz,36047117800,100.0,current,Red Bull Arena
NWMW84L5lz,36047118000,109.0,current,Red Bull Arena
NWMW84L5lz,36047118201,104.0,current,Red Bull Arena
NWMW84L5lz,36047118202,110.0,current,Red Bull Arena
NWMW84L5lz,36047118400,103.0,current,Red Bull Arena
NWMW84L5lz,36047118600,98.0,current,Red Bull Arena
NWMW84L5lz,36047118800,92.0,current,Red Bull Arena
NWMW84L5lz,36047119200,98.0,current,Red Bull Arena
NWMW84L5lz,36047119400,97.0,current,Red Bull Arena
NWMW84L5lz,36047119600,88.0,current,Red Bull Arena
NWMW84L5lz,36047120000,94.0,current,Red Bull Arena
NWMW84L5lz,36047120200,89.0,current,Red Bull Arena
NWMW84L5lz,36047121000,97.0,current,Red Bull Arena
NWMW84L5lz,36081067100,116.0,current,Red Bull Arena
NWMW84L5lz,36081053100,99.0,current,Red Bull Arena
NWMW84L5lz,36081006201,113.0,current,Red Bull Arena
NWMW84L5lz,36081006501,98.0,current,Red Bull Arena
NWMW84L5lz,36081018101,87.0,current,Red Bull Arena
NWMW84L5lz,36067010500,,current,Red Bull Arena
NWMW84L5lz,36067010600,,current,Red Bull Arena
NWMW84L5lz,36067010700,,current,Red Bull Arena
NWMW84L5lz,36067010800,,current,Red Bull Arena
NWMW84L5lz,36067010900,,current,Red Bull Arena
NWMW84L5lz,36059404300,,current,Red Bull Arena
NWMW84L5lz,36059413001,,current,Red Bull Arena
NWMW84L5lz,36059412301,,current,Red Bull Arena
NWMW84L5lz,36059408900,,current,Red Bull Arena
NWMW84L5lz,36059521400,,current,Red Bull Arena
NWMW84L5lz,36059301400,,current,Red Bull Arena
NWMW84L5lz,36059521200,,current,Red Bull Arena
NWMW84L5lz,36059302700,,current,Red Bull Arena
NWMW84L5lz,36059519000,,current,Red Bull Arena
NWMW84L5lz,36059300100,,current,Red Bull Arena
NWMW84L5lz,36059300300,,current,Red Bull Arena
NWMW84L5lz,36047122000,113.0,current,Red Bull Arena
NWMW84L5lz,36047013000,95.0,current,Red Bull Arena
NWMW84L5lz,36047017000,114.0,current,Red Bull Arena
NWMW84L5lz,36047020100,78.0,current,Red Bull Arena
NWMW84L5lz,36047022200,100.0,current,Red Bull Arena
NWMW84L5lz,36047121400,102.0,current,Red Bull Arena
NWMW84L5lz,36047023800,106.0,current,Red Bull Arena
NWMW84L5lz,36047024700,78.0,current,Red Bull Arena
NWMW84L5lz,36047027300,83.0,current,Red Bull Arena
NWMW84L5lz,36047028000,115.0,current,Red Bull Arena
NWMW84L5lz,36047032600,116.0,current,Red Bull Arena
NWMW84L5lz,36047034700,91.0,current,Red Bull Arena
NWMW84L5lz,36047041000,103.0,current,Red Bull Arena
NWMW84L5lz,36047048600,91.0,current,Red Bull Arena
NWMW84L5lz,36047052500,81.0,current,Red Bull Arena
NWMW84L5lz,36067000200,,current,Red Bull Arena
NWMW84L5lz,36067001600,,current,Red Bull Arena
NWMW84L5lz,36067001701,,current,Red Bull Arena
NWMW84L5lz,36067001702,,current,Red Bull Arena
NWMW84L5lz,36067001800,,current,Red Bull Arena
NWMW84L5lz,36059411400,,current,Red Bull Arena
NWMW84L5lz,36059411500,,current,Red Bull Arena
NWMW84L5lz,36059411600,,current,Red Bull Arena
NWMW84L5lz,36059411700,,current,Red Bull Arena
NWMW84L5lz,36059411800,,current,Red Bull Arena
NWMW84L5lz,36059411901,,current,Red Bull Arena
NWMW84L5lz,36059411902,,current,Red Bull Arena
NWMW84L5lz,36047052800,96.0,current,Red Bull Arena
NWMW84L5lz,36047053800,97.0,current,Red Bull Arena
NWMW84L5lz,36047054200,105.0,current,Red Bull Arena
NWMW84L5lz,36047059300,90.0,current,Red Bull Arena
NWMW84L5lz,36047064600,115.0,current,Red Bull Arena
NWMW84L5lz,36047075200,102.0,current,Red Bull Arena
NWMW84L5lz,36047081800,92.0,current,Red Bull Arena
NWMW84L5lz,36047102200,119.0,current,Red Bull Arena
NWMW84L5lz,36047113400,98.0,current,Red Bull Arena
NWMW84L5lz,36047115800,99.0,current,Red Bull Arena
NWMW84L5lz,36047116600,95.0,current,Red Bull Arena
NWMW84L5lz,36085029106,105.0,current,Red Bull Arena
NWMW84L5lz,36085004001,113.0,current,Red Bull Arena
NWMW84L5lz,36085005902,,current,Red Bull Arena
NWMW84L5lz,36085007001,97.0,current,Red Bull Arena
NWMW84L5lz,36067011232,,current,Red Bull Arena
NWMW84L5lz,36059301101,,current,Red Bull Arena
NWMW84L5lz,36059518201,,current,Red Bull Arena
NWMW84L5lz,36059416202,,current,Red Bull Arena
NWMW84L5lz,36113070604,,current,Red Bull Arena
NWMW84L5lz,36113070802,,current,Red Bull Arena
NWMW84L5lz,36113070801,,current,Red Bull Arena
NWMW84L5lz,36059300400,,current,Red Bull Arena
NWMW84L5lz,36059300500,,current,Red Bull Arena
NWMW84L5lz,36059300600,,current,Red Bull Arena
NWMW84L5lz,36059300700,,current,Red Bull Arena
NWMW84L5lz,36059300800,,current,Red Bull Arena
NWMW84L5lz,36059301000,,current,Red Bull Arena
NWMW84L5lz,36113070603,,current,Red Bull Arena
NWMW84L5lz,36113075002,,current,Red Bull Arena
NWMW84L5lz,36113075001,,current,Red Bull Arena
NWMW84L5lz,36113072002,,current,Red Bull Arena
NWMW84L5lz,36113072001,,current,Red Bull Arena
NWMW84L5lz,36059412000,,current,Red Bull Arena
NWMW84L5lz,36059412100,,current,Red Bull Arena
NWMW84L5lz,36059412200,,current,Red Bull Arena
NWMW84L5lz,36059412302,,current,Red Bull Arena
NWMW84L5lz,36059412400,,current,Red Bull Arena
NWMW84L5lz,36059412600,,current,Red Bull Arena
NWMW84L5lz,36059412700,,current,Red Bull Arena
NWMW84L5lz,36045061900,,current,Red Bull Arena
NWMW84L5lz,36045061600,,current,Red Bull Arena
NWMW84L5lz,36045060700,,current,Red Bull Arena
NWMW84L5lz,36045061500,,current,Red Bull Arena
NWMW84L5lz,36045062500,,current,Red Bull Arena
NWMW84L5lz,36045062400,,current,Red Bull Arena
NWMW84L5lz,36045061000,,current,Red Bull Arena
NWMW84L5lz,36045061700,,current,Red Bull Arena
NWMW84L5lz,36045060500,,current,Red Bull Arena
NWMW84L5lz,36065026200,,current,Red Bull Arena
NWMW84L5lz,36045062100,,current,Red Bull Arena
NWMW84L5lz,36045061200,,current,Red Bull Arena
NWMW84L5lz,36045061300,,current,Red Bull Arena
NWMW84L5lz,36081099703,,current,Red Bull Arena
NWMW84L5lz,36081099704,,current,Red Bull Arena
NWMW84L5lz,36081099705,,current,Red Bull Arena
NWMW84L5lz,36081099801,,current,Red Bull Arena
NWMW84L5lz,36121970300,,current,Red Bull Arena
NWMW84L5lz,36121971000,,current,Red Bull Arena
NWMW84L5lz,36121970100,,current,Red Bull Arena
NWMW84L5lz,36121970600,,current,Red Bull Arena
NWMW84L5lz,36121970700,,current,Red Bull Arena
NWMW84L5lz,36121970800,,current,Red Bull Arena
NWMW84L5lz,36121970500,,current,Red Bull Arena
NWMW84L5lz,36059301102,,current,Red Bull Arena
NWMW84L5lz,36059301200,,current,Red Bull Arena
NWMW84L5lz,36059301300,,current,Red Bull Arena
NWMW84L5lz,36059301500,,current,Red Bull Arena
NWMW84L5lz,36059301600,,current,Red Bull Arena
NWMW84L5lz,36059301700,,current,Red Bull Arena
NWMW84L5lz,36081075702,102.0,current,Red Bull Arena
NWMW84L5lz,36081079701,113.0,current,Red Bull Arena
NWMW84L5lz,36081044302,108.0,current,Red Bull Arena
NWMW84L5lz,36059301800,,current,Red Bull Arena
NWMW84L5lz,36059412800,,current,Red Bull Arena
NWMW84L5lz,36059412900,,current,Red Bull Arena
NWMW84L5lz,36059413002,,current,Red Bull Arena
NWMW84L5lz,36059413100,,current,Red Bull Arena
NWMW84L5lz,36059413200,,current,Red Bull Arena
NWMW84L5lz,36059413300,,current,Red Bull Arena
NWMW84L5lz,36059413400,,current,Red Bull Arena
NWMW84L5lz,36081129103,,current,Red Bull Arena
NWMW84L5lz,36081129104,,current,Red Bull Arena
NWMW84L5lz,36081071303,104.0,current,Red Bull Arena
NWMW84L5lz,36081071304,107.0,current,Red Bull Arena
NWMW84L5lz,36081071305,103.0,current,Red Bull Arena
NWMW84L5lz,36081071701,102.0,current,Red Bull Arena
NWMW84L5lz,36081071702,106.0,current,Red Bull Arena
NWMW84L5lz,36081075701,100.0,current,Red Bull Arena
NWMW84L5lz,36081093401,,current,Red Bull Arena
NWMW84L5lz,36081093402,,current,Red Bull Arena
NWMW84L5lz,36081038301,115.0,current,Red Bull Arena
NWMW84L5lz,36029006702,,current,Red Bull Arena
NWMW84L5lz,36029009106,,current,Red Bull Arena
NWMW84L5lz,36029009109,,current,Red Bull Arena
NWMW84L5lz,36055015101,,current,Red Bull Arena
NWMW84L5lz,36055015102,,current,Red Bull Arena
NWMW84L5lz,36055015200,,current,Red Bull Arena
NWMW84L5lz,36071014201,,current,Red Bull Arena
NWMW84L5lz,36071014202,,current,Red Bull Arena
NWMW84L5lz,36077591000,,current,Red Bull Arena
NWMW84L5lz,36077591500,,current,Red Bull Arena
NWMW84L5lz,36077590500,,current,Red Bull Arena
NWMW84L5lz,36077590800,,current,Red Bull Arena
NWMW84L5lz,36077590900,,current,Red Bull Arena
NWMW84L5lz,36121971100,,current,Red Bull Arena
NWMW84L5lz,36121970400,,current,Red Bull Arena
NWMW84L5lz,36121970900,,current,Red Bull Arena
NWMW84L5lz,36059301900,,current,Red Bull Arena
NWMW84L5lz,36027070301,,current,Red Bull Arena
NWMW84L5lz,36027090000,,current,Red Bull Arena
NWMW84L5lz,36059302000,,current,Red Bull Arena
NWMW84L5lz,36059302101,,current,Red Bull Arena
NWMW84L5lz,36059302102,,current,Red Bull Arena
NWMW84L5lz,36059302200,,current,Red Bull Arena
NWMW84L5lz,36059302300,,current,Red Bull Arena
NWMW84L5lz,36027100000,,current,Red Bull Arena
NWMW84L5lz,36071012700,,current,Red Bull Arena
NWMW84L5lz,36061021303,89.0,current,Red Bull Arena
NWMW84L5lz,36061023100,86.0,current,Red Bull Arena
NWMW84L5lz,36061023802,103.0,current,Red Bull Arena
NWMW84L5lz,36061031704,65.0,current,Red Bull Arena
NWMW84L5lz,36055015400,,current,Red Bull Arena
NWMW84L5lz,36071000200,,current,Red Bull Arena
NWMW84L5lz,36071013900,,current,Red Bull Arena
NWMW84L5lz,36071013100,,current,Red Bull Arena
NWMW84L5lz,36071001100,,current,Red Bull Arena
NWMW84L5lz,36071014400,,current,Red Bull Arena
NWMW84L5lz,36071010300,,current,Red Bull Arena
NWMW84L5lz,36071000400,,current,Red Bull Arena
NWMW84L5lz,36071013400,,current,Red Bull Arena
NWMW84L5lz,36071011000,,current,Red Bull Arena
NWMW84L5lz,36071011900,,current,Red Bull Arena
NWMW84L5lz,36071000100,,current,Red Bull Arena
NWMW84L5lz,36087010601,,current,Red Bull Arena
NWMW84L5lz,36029014209,,current,Red Bull Arena
NWMW84L5lz,36001014614,,current,Red Bull Arena
NWMW84L5lz,36069050101,,current,Red Bull Arena
NWMW84L5lz,36069050601,,current,Red Bull Arena
NWMW84L5lz,36071000600,,current,Red Bull Arena
NWMW84L5lz,36071001200,,current,Red Bull Arena
NWMW84L5lz,36071001300,,current,Red Bull Arena
NWMW84L5lz,36071001500,,current,Red Bull Arena
NWMW84L5lz,36071014301,,current,Red Bull Arena
NWMW84L5lz,36071014900,,current,Red Bull Arena
NWMW84L5lz,36091061301,,current,Red Bull Arena
NWMW84L5lz,36091060901,,current,Red Bull Arena
NWMW84L5lz,36091061702,,current,Red Bull Arena
NWMW84L5lz,36091062505,,current,Red Bull Arena
NWMW84L5lz,36091062800,,current,Red Bull Arena
NWMW84L5lz,36091062602,,current,Red Bull Arena
NWMW84L5lz,36029004002,,current,Red Bull Arena
NWMW84L5lz,36029003502,,current,Red Bull Arena
NWMW84L5lz,36029003501,,current,Red Bull Arena
NWMW84L5lz,36029001404,,current,Red Bull Arena
NWMW84L5lz,36029001403,,current,Red Bull Arena
NWMW84L5lz,36029007305,,current,Red Bull Arena
NWMW84L5lz,36029002704,,current,Red Bull Arena
NWMW84L5lz,36029002802,,current,Red Bull Arena
NWMW84L5lz,36063024600,,current,Red Bull Arena
NWMW84L5lz,36111955400,,current,Red Bull Arena
NWMW84L5lz,36029016300,,current,Red Bull Arena
NWMW84L5lz,36029017400,,current,Red Bull Arena
NWMW84L5lz,36069051700,,current,Red Bull Arena
NWMW84L5lz,36071002100,,current,Red Bull Arena
NWMW84L5lz,36071002200,,current,Red Bull Arena
NWMW84L5lz,36071002300,,current,Red Bull Arena
NWMW84L5lz,36069051900,,current,Red Bull Arena
NWMW84L5lz,36069051400,,current,Red Bull Arena
NWMW84L5lz,36103200901,,current,Red Bull Arena
NWMW84L5lz,36045060803,,current,Red Bull Arena
NWMW84L5lz,36067004301,,current,Red Bull Arena
NWMW84L5lz,36119981000,,current,Red Bull Arena
NWMW84L5lz,36119983000,,current,Red Bull Arena
NWMW84L5lz,36119984000,,current,Red Bull Arena
NWMW84L5lz,36119985000,,current,Red Bull Arena
NWMW84L5lz,36119014903,,current,Red Bull Arena
NWMW84L5lz,36119014909,,current,Red Bull Arena
NWMW84L5lz,36103147004,,current,Red Bull Arena
NWMW84L5lz,36103159509,,current,Red Bull Arena
NWMW84L5lz,36103169703,,current,Red Bull Arena
NWMW84L5lz,36103159510,,current,Red Bull Arena
NWMW84L5lz,36103135208,,current,Red Bull Arena
NWMW84L5lz,36103147003,,current,Red Bull Arena
NWMW84L5lz,36113070702,,current,Red Bull Arena
NWMW84L5lz,36019102200,,current,Red Bull Arena
NWMW84L5lz,36019102100,,current,Red Bull Arena
NWMW84L5lz,36103158011,,current,Red Bull Arena
NWMW84L5lz,36103158010,,current,Red Bull Arena
NWMW84L5lz,36103158410,,current,Red Bull Arena
NWMW84L5lz,36029990000,,current,Red Bull Arena
NWMW84L5lz,36029009115,,current,Red Bull Arena
NWMW84L5lz,36029009009,,current,Red Bull Arena
NWMW84L5lz,36029009116,,current,Red Bull Arena
NWMW84L5lz,36029017502,,current,Red Bull Arena
NWMW84L5lz,36029016200,,current,Red Bull Arena
NWMW84L5lz,36103158409,,current,Red Bull Arena
NWMW84L5lz,36103190503,,current,Red Bull Arena
NWMW84L5lz,36103190604,,current,Red Bull Arena
NWMW84L5lz,36103190603,,current,Red Bull Arena
NWMW84L5lz,36103158322,,current,Red Bull Arena
NWMW84L5lz,36103159411,,current,Red Bull Arena
NWMW84L5lz,36103159511,,current,Red Bull Arena
NWMW84L5lz,36103146106,,current,Red Bull Arena
NWMW84L5lz,36009960500,,current,Red Bull Arena
NWMW84L5lz,36009961100,,current,Red Bull Arena
NWMW84L5lz,36009960100,,current,Red Bull Arena
NWMW84L5lz,36009960600,,current,Red Bull Arena
NWMW84L5lz,36009961400,,current,Red Bull Arena
NWMW84L5lz,36009960400,,current,Red Bull Arena
NWMW84L5lz,36009960200,,current,Red Bull Arena
NWMW84L5lz,36009960800,,current,Red Bull Arena
NWMW84L5lz,36009940200,,current,Red Bull Arena
NWMW84L5lz,36009960300,,current,Red Bull Arena
NWMW84L5lz,36055011304,,current,Red Bull Arena
NWMW84L5lz,36055011904,,current,Red Bull Arena
NWMW84L5lz,36055011903,,current,Red Bull Arena
NWMW84L5lz,36055009403,,current,Red Bull Arena
NWMW84L5lz,36055011507,,current,Red Bull Arena
NWMW84L5lz,36091060400,,current,Red Bull Arena
NWMW84L5lz,36091062406,,current,Red Bull Arena
NWMW84L5lz,36055013003,,current,Red Bull Arena
NWMW84L5lz,36055011709,,current,Red Bull Arena
NWMW84L5lz,36055013510,,current,Red Bull Arena
NWMW84L5lz,36055013509,,current,Red Bull Arena
NWMW84L5lz,36091062508,,current,Red Bull Arena
NWMW84L5lz,36055008801,,current,Red Bull Arena
NWMW84L5lz,36055011401,,current,Red Bull Arena
NWMW84L5lz,36055013005,,current,Red Bull Arena
NWMW84L5lz,36055013208,,current,Red Bull Arena
NWMW84L5lz,36055009404,,current,Red Bull Arena
NWMW84L5lz,36055009401,,current,Red Bull Arena
NWMW84L5lz,36055013004,,current,Red Bull Arena
NWMW84L5lz,36055012308,,current,Red Bull Arena
NWMW84L5lz,36007013800,,current,Red Bull Arena
NWMW84L5lz,36007014000,,current,Red Bull Arena
NWMW84L5lz,36007014100,,current,Red Bull Arena
NWMW84L5lz,36007014200,,current,Red Bull Arena
NWMW84L5lz,36007014302,,current,Red Bull Arena
NWMW84L5lz,36007012202,,current,Red Bull Arena
NWMW84L5lz,36007013304,,current,Red Bull Arena
NWMW84L5lz,36009940000,,current,Red Bull Arena
NWMW84L5lz,36007014600,,current,Red Bull Arena
NWMW84L5lz,36009961200,,current,Red Bull Arena
NWMW84L5lz,36043010502,,current,Red Bull Arena
NWMW84L5lz,36027020004,,current,Red Bull Arena
NWMW84L5lz,36027080202,,current,Red Bull Arena
NWMW84L5lz,36027110004,,current,Red Bull Arena
NWMW84L5lz,36027160005,,current,Red Bull Arena
NWMW84L5lz,36027190402,,current,Red Bull Arena
NWMW84L5lz,36027190401,,current,Red Bull Arena
NWMW84L5lz,36027150005,,current,Red Bull Arena
NWMW84L5lz,36027640001,,current,Red Bull Arena
NWMW84L5lz,36027110005,,current,Red Bull Arena
NWMW84L5lz,36027200002,,current,Red Bull Arena
NWMW84L5lz,36027020003,,current,Red Bull Arena
NWMW84L5lz,36027220201,,current,Red Bull Arena
NWMW84L5lz,36071010102,,current,Red Bull Arena
NWMW84L5lz,36067002901,,current,Red Bull Arena
NWMW84L5lz,36001014615,,current,Red Bull Arena
NWMW84L5lz,36001013507,,current,Red Bull Arena
NWMW84L5lz,36009961500,,current,Red Bull Arena
NWMW84L5lz,36009961600,,current,Red Bull Arena
NWMW84L5lz,36009961700,,current,Red Bull Arena
NWMW84L5lz,36009961800,,current,Red Bull Arena
NWMW84L5lz,36009961000,,current,Red Bull Arena
NWMW84L5lz,36005018102,96.0,current,Red Bull Arena
NWMW84L5lz,36005020502,111.0,current,Red Bull Arena
NWMW84L5lz,36005022101,97.0,current,Red Bull Arena
NWMW84L5lz,36005024501,109.0,current,Red Bull Arena
NWMW84L5lz,36005027401,,current,Red Bull Arena
NWMW84L5lz,36005029302,114.0,current,Red Bull Arena
NWMW84L5lz,36005038301,106.0,current,Red Bull Arena
NWMW84L5lz,36005040501,111.0,current,Red Bull Arena
NWMW84L5lz,36005032600,115.0,current,Red Bull Arena
NWMW84L5lz,36055013207,,current,Red Bull Arena
NWMW84L5lz,36005005002,102.0,current,Red Bull Arena
NWMW84L5lz,36005012901,96.0,current,Red Bull Arena
NWMW84L5lz,36005015200,,current,Red Bull Arena
NWMW84L5lz,36005014702,108.0,current,Red Bull Arena
NWMW84L5lz,36005017701,102.0,current,Red Bull Arena
NWMW84L5lz,36005017702,103.0,current,Red Bull Arena
NWMW84L5lz,36005017902,98.0,current,Red Bull Arena
NWMW84L5lz,36005018101,99.0,current,Red Bull Arena
NWMW84L5lz,36005018302,98.0,current,Red Bull Arena
NWMW84L5lz,36005020501,109.0,current,Red Bull Arena
NWMW84L5lz,36055012307,,current,Red Bull Arena
NWMW84L5lz,36005021001,116.0,current,Red Bull Arena
NWMW84L5lz,36005021002,116.0,current,Red Bull Arena
NWMW84L5lz,36005022403,105.0,current,Red Bull Arena
NWMW84L5lz,36005024502,106.0,current,Red Bull Arena
NWMW84L5lz,36005026701,108.0,current,Red Bull Arena
NWMW84L5lz,36005027402,,current,Red Bull Arena
NWMW84L5lz,36005029301,,current,Red Bull Arena
NWMW84L5lz,36005030900,,current,Red Bull Arena
NWMW84L5lz,36005033202,109.0,current,Red Bull Arena
NWMW84L5lz,36055011209,,current,Red Bull Arena
NWMW84L5lz,36005040502,114.0,current,Red Bull Arena
NWMW84L5lz,36005020000,114.0,current,Red Bull Arena
NWMW84L5lz,36005033500,119.0,current,Red Bull Arena
NWMW84L5lz,36005033700,,current,Red Bull Arena
NWMW84L5lz,36005034800,,current,Red Bull Arena
NWMW84L5lz,36005036000,,current,Red Bull Arena
NWMW84L5lz,36005039500,112.0,current,Red Bull Arena
NWMW84L5lz,36075020704,,current,Red Bull Arena
NWMW84L5lz,36005043400,116.0,current,Red Bull Arena
NWMW84L5lz,36005044400,,current,Red Bull Arena
NWMW84L5lz,36005004200,114.0,current,Red Bull Arena
NWMW84L5lz,36005005100,87.0,current,Red Bull Arena
NWMW84L5lz,36005009600,113.0,current,Red Bull Arena
NWMW84L5lz,36005020900,97.0,current,Red Bull Arena
NWMW84L5lz,36005022200,111.0,current,Red Bull Arena
NWMW84L5lz,36005023800,118.0,current,Red Bull Arena
NWMW84L5lz,36005037504,114.0,current,Red Bull Arena
NWMW84L5lz,36005045600,,current,Red Bull Arena
NWMW84L5lz,36005005300,115.0,current,Red Bull Arena
NWMW84L5lz,36059990400,,current,Red Bull Arena
NWMW84L5lz,36059304203,,current,Red Bull Arena
NWMW84L5lz,36059304204,,current,Red Bull Arena
NWMW84L5lz,36059406701,,current,Red Bull Arena
NWMW84L5lz,36059406702,,current,Red Bull Arena
NWMW84L5lz,36059406802,,current,Red Bull Arena
NWMW84L5lz,36059414303,,current,Red Bull Arena
NWMW84L5lz,36059414304,,current,Red Bull Arena
NWMW84L5lz,36059406801,,current,Red Bull Arena
NWMW84L5lz,36069051200,,current,Red Bull Arena
NWMW84L5lz,36069052200,,current,Red Bull Arena
NWMW84L5lz,36069050800,,current,Red Bull Arena
NWMW84L5lz,36069050302,,current,Red Bull Arena
NWMW84L5lz,36091060200,,current,Red Bull Arena
NWMW84L5lz,36091062404,,current,Red Bull Arena
NWMW84L5lz,36091060501,,current,Red Bull Arena
NWMW84L5lz,36091060102,,current,Red Bull Arena
NWMW84L5lz,36069050900,,current,Red Bull Arena
NWMW84L5lz,36061012602,82.0,current,Red Bull Arena
NWMW84L5lz,36061015301,79.0,current,Red Bull Arena
NWMW84L5lz,36061012601,82.0,current,Red Bull Arena
NWMW84L5lz,36061010801,82.0,current,Red Bull Arena
NWMW84L5lz,36061009903,77.0,current,Red Bull Arena
NWMW84L5lz,36061023804,90.0,current,Red Bull Arena
NWMW84L5lz,36061023803,88.0,current,Red Bull Arena
NWMW84L5lz,36061015102,88.0,current,Red Bull Arena
NWMW84L5lz,36061015502,88.0,current,Red Bull Arena
NWMW84L5lz,36061015401,85.0,current,Red Bull Arena
NWMW84L5lz,36061004002,71.0,current,Red Bull Arena
NWMW84L5lz,36061002902,73.0,current,Red Bull Arena
NWMW84L5lz,36061013603,90.0,current,Red Bull Arena
NWMW84L5lz,36061013201,94.0,current,Red Bull Arena
NWMW84L5lz,36061013202,93.0,current,Red Bull Arena
NWMW84L5lz,36061013601,96.0,current,Red Bull Arena
NWMW84L5lz,36061013501,93.0,current,Red Bull Arena
NWMW84L5lz,36069051600,,current,Red Bull Arena
NWMW84L5lz,36061015101,81.0,current,Red Bull Arena
NWMW84L5lz,36061012901,88.0,current,Red Bull Arena
NWMW84L5lz,36061009901,82.0,current,Red Bull Arena
NWMW84L5lz,36061013502,92.0,current,Red Bull Arena
NWMW84L5lz,36061009902,80.0,current,Red Bull Arena
NWMW84L5lz,36061012902,94.0,current,Red Bull Arena
NWMW84L5lz,36061007001,82.0,current,Red Bull Arena
NWMW84L5lz,36061015302,74.0,current,Red Bull Arena
NWMW84L5lz,36061002901,66.0,current,Red Bull Arena
NWMW84L5lz,36061007002,78.0,current,Red Bull Arena
NWMW84L5lz,36061012102,77.0,current,Red Bull Arena
NWMW84L5lz,36061015501,76.0,current,Red Bull Arena
NWMW84L5lz,36055011506,,current,Red Bull Arena
NWMW84L5lz,36055011402,,current,Red Bull Arena
NWMW84L5lz,36055003807,,current,Red Bull Arena
NWMW84L5lz,36055014805,,current,Red Bull Arena
NWMW84L5lz,36055009402,,current,Red Bull Arena
NWMW84L5lz,36055011710,,current,Red Bull Arena
NWMW84L5lz,36055014205,,current,Red Bull Arena
NWMW84L5lz,36055014206,,current,Red Bull Arena
NWMW84L5lz,36029004702,,current,Red Bull Arena
NWMW84L5lz,36029004701,,current,Red Bull Arena
NWMW84L5lz,36029012904,,current,Red Bull Arena
NWMW84L5lz,36029007103,,current,Red Bull Arena
NWMW84L5lz,36029011202,,current,Red Bull Arena
NWMW84L5lz,36029009504,,current,Red Bull Arena
NWMW84L5lz,36029013104,,current,Red Bull Arena
NWMW84L5lz,36029980300,,current,Red Bull Arena
NWMW84L5lz,36029013103,,current,Red Bull Arena
NWMW84L5lz,36029014606,,current,Red Bull Arena
NWMW84L5lz,36029007306,,current,Red Bull Arena
NWMW84L5lz,36029009503,,current,Red Bull Arena
NWMW84L5lz,36029980000,,current,Red Bull Arena
NWMW84L5lz,36029980400,,current,Red Bull Arena
NWMW84L5lz,36029006904,,current,Red Bull Arena
NWMW84L5lz,36029006903,,current,Red Bull Arena
NWMW84L5lz,36055013006,,current,Red Bull Arena
NWMW84L5lz,36055003806,,current,Red Bull Arena
NWMW84L5lz,36055003102,,current,Red Bull Arena
NWMW84L5lz,36055011303,,current,Red Bull Arena
NWMW84L5lz,36055011403,,current,Red Bull Arena
NWMW84L5lz,36055003101,,current,Red Bull Arena
NWMW84L5lz,36055014806,,current,Red Bull Arena
NWMW84L5lz,36055011210,,current,Red Bull Arena
NWMW84L5lz,36103122406,,current,Red Bull Arena
NWMW84L5lz,36103122501,,current,Red Bull Arena
NWMW84L5lz,36103122502,,current,Red Bull Arena
NWMW84L5lz,36103122603,,current,Red Bull Arena
NWMW84L5lz,36103122704,,current,Red Bull Arena
NWMW84L5lz,36103122705,,current,Red Bull Arena
NWMW84L5lz,36103122707,,current,Red Bull Arena
NWMW84L5lz,36103122801,,current,Red Bull Arena
NWMW84L5lz,36103122802,,current,Red Bull Arena
NWMW84L5lz,36101961100,,current,Red Bull Arena
NWMW84L5lz,36101961200,,current,Red Bull Arena
NWMW84L5lz,36101961400,,current,Red Bull Arena
NWMW84L5lz,36101961500,,current,Red Bull Arena
NWMW84L5lz,36101961600,,current,Red Bull Arena
NWMW84L5lz,36103158711,,current,Red Bull Arena
NWMW84L5lz,36103158712,,current,Red Bull Arena
NWMW84L5lz,36103158802,,current,Red Bull Arena
NWMW84L5lz,36103158803,,current,Red Bull Arena
NWMW84L5lz,36103159000,,current,Red Bull Arena
NWMW84L5lz,36103146800,,current,Red Bull Arena
NWMW84L5lz,36103123801,,current,Red Bull Arena
NWMW84L5lz,36103124401,,current,Red Bull Arena
NWMW84L5lz,36103122706,,current,Red Bull Arena
NWMW84L5lz,36103159107,,current,Red Bull Arena
NWMW84L5lz,36103111803,,current,Red Bull Arena
NWMW84L5lz,36103122405,,current,Red Bull Arena
NWMW84L5lz,36103158001,,current,Red Bull Arena
NWMW84L5lz,36103123001,,current,Red Bull Arena
NWMW84L5lz,36103122901,,current,Red Bull Arena
NWMW84L5lz,36103123002,,current,Red Bull Arena
NWMW84L5lz,36103122902,,current,Red Bull Arena
NWMW84L5lz,36103123101,,current,Red Bull Arena
NWMW84L5lz,36103123102,,current,Red Bull Arena
NWMW84L5lz,36103123201,,current,Red Bull Arena
NWMW84L5lz,36013030100,,current,Red Bull Arena
NWMW84L5lz,36013030200,,current,Red Bull Arena
NWMW84L5lz,36071010601,,current,Red Bull Arena
NWMW84L5lz,36071014801,,current,Red Bull Arena
NWMW84L5lz,36071014601,,current,Red Bull Arena
NWMW84L5lz,36071013302,,current,Red Bull Arena
NWMW84L5lz,36071010702,,current,Red Bull Arena
NWMW84L5lz,36071010701,,current,Red Bull Arena
NWMW84L5lz,36071014802,,current,Red Bull Arena
NWMW84L5lz,36071010502,,current,Red Bull Arena
NWMW84L5lz,36071015201,,current,Red Bull Arena
NWMW84L5lz,36071011301,,current,Red Bull Arena
NWMW84L5lz,36071010501,,current,Red Bull Arena
NWMW84L5lz,36071015203,,current,Red Bull Arena
NWMW84L5lz,36071015009,,current,Red Bull Arena
NWMW84L5lz,36071015007,,current,Red Bull Arena
NWMW84L5lz,36071010602,,current,Red Bull Arena
NWMW84L5lz,36071013301,,current,Red Bull Arena
NWMW84L5lz,36071011302,,current,Red Bull Arena
NWMW84L5lz,36071001601,,current,Red Bull Arena
NWMW84L5lz,36071015202,,current,Red Bull Arena
NWMW84L5lz,36071014602,,current,Red Bull Arena
NWMW84L5lz,36071001602,,current,Red Bull Arena
NWMW84L5lz,36071000302,,current,Red Bull Arena
NWMW84L5lz,36071000301,,current,Red Bull Arena
NWMW84L5lz,36071015008,,current,Red Bull Arena
NWMW84L5lz,36071015010,,current,Red Bull Arena
NWMW84L5lz,36031960100,,current,Red Bull Arena
NWMW84L5lz,36031961400,,current,Red Bull Arena
NWMW84L5lz,36031960300,,current,Red Bull Arena
NWMW84L5lz,36031960200,,current,Red Bull Arena
NWMW84L5lz,36013030300,,current,Red Bull Arena
NWMW84L5lz,36013030400,,current,Red Bull Arena
NWMW84L5lz,36013030500,,current,Red Bull Arena
NWMW84L5lz,36013030700,,current,Red Bull Arena
NWMW84L5lz,36043010100,,current,Red Bull Arena
NWMW84L5lz,36101961800,,current,Red Bull Arena
NWMW84L5lz,36101961900,,current,Red Bull Arena
NWMW84L5lz,36101962000,,current,Red Bull Arena
NWMW84L5lz,36101962100,,current,Red Bull Arena
NWMW84L5lz,36101962200,,current,Red Bull Arena
NWMW84L5lz,36103159103,,current,Red Bull Arena
NWMW84L5lz,36103159106,,current,Red Bull Arena
NWMW84L5lz,36103159108,,current,Red Bull Arena
NWMW84L5lz,36103159201,,current,Red Bull Arena
NWMW84L5lz,36103159203,,current,Red Bull Arena
NWMW84L5lz,36103146703,,current,Red Bull Arena
NWMW84L5lz,36013030800,,current,Red Bull Arena
NWMW84L5lz,36103158609,,current,Red Bull Arena
NWMW84L5lz,36103123802,,current,Red Bull Arena
NWMW84L5lz,36103147701,,current,Red Bull Arena
NWMW84L5lz,36103122602,,current,Red Bull Arena
NWMW84L5lz,36103158710,,current,Red Bull Arena
NWMW84L5lz,36103145807,,current,Red Bull Arena
NWMW84L5lz,36103123401,,current,Red Bull Arena
NWMW84L5lz,36103123500,,current,Red Bull Arena
NWMW84L5lz,36103123701,,current,Red Bull Arena
NWMW84L5lz,36013035600,,current,Red Bull Arena
NWMW84L5lz,36013035700,,current,Red Bull Arena
NWMW84L5lz,36103158103,,current,Red Bull Arena
NWMW84L5lz,36103158107,,current,Red Bull Arena
NWMW84L5lz,36103158108,,current,Red Bull Arena
NWMW84L5lz,36039080700,,current,Red Bull Arena
NWMW84L5lz,36039080600,,current,Red Bull Arena
NWMW84L5lz,36039080900,,current,Red Bull Arena
NWMW84L5lz,36013035400,,current,Red Bull Arena
NWMW84L5lz,36013035500,,current,Red Bull Arena
NWMW84L5lz,36039080800,,current,Red Bull Arena
NWMW84L5lz,36063022902,,current,Red Bull Arena
NWMW84L5lz,36063022901,,current,Red Bull Arena
NWMW84L5lz,36103159204,,current,Red Bull Arena
NWMW84L5lz,36103159300,,current,Red Bull Arena
NWMW84L5lz,36103159406,,current,Red Bull Arena
NWMW84L5lz,36103146002,,current,Red Bull Arena
NWMW84L5lz,36103158318,,current,Red Bull Arena
NWMW84L5lz,36103158708,,current,Red Bull Arena
NWMW84L5lz,36103158607,,current,Red Bull Arena
NWMW84L5lz,36103190706,,current,Red Bull Arena
NWMW84L5lz,36103111801,,current,Red Bull Arena
NWMW84L5lz,36103147402,,current,Red Bull Arena
NWMW84L5lz,36103158707,,current,Red Bull Arena
NWMW84L5lz,36103123900,,current,Red Bull Arena
NWMW84L5lz,36103124001,,current,Red Bull Arena
NWMW84L5lz,36103124002,,current,Red Bull Arena
NWMW84L5lz,36103124101,,current,Red Bull Arena
NWMW84L5lz,36103124102,,current,Red Bull Arena
NWMW84L5lz,36103124200,,current,Red Bull Arena
NWMW84L5lz,36103124402,,current,Red Bull Arena
NWMW84L5lz,36103124500,,current,Red Bull Arena
NWMW84L5lz,36103124601,,current,Red Bull Arena
NWMW84L5lz,36101962400,,current,Red Bull Arena
NWMW84L5lz,36101962500,,current,Red Bull Arena
NWMW84L5lz,36101962700,,current,Red Bull Arena
NWMW84L5lz,36101962900,,current,Red Bull Arena
NWMW84L5lz,36101963000,,current,Red Bull Arena
NWMW84L5lz,36077590202,,current,Red Bull Arena
NWMW84L5lz,36077590201,,current,Red Bull Arena
NWMW84L5lz,36013036000,,current,Red Bull Arena
NWMW84L5lz,36013035901,,current,Red Bull Arena
NWMW84L5lz,36013990000,,current,Red Bull Arena
NWMW84L5lz,36013035902,,current,Red Bull Arena
NWMW84L5lz,36013036100,,current,Red Bull Arena
NWMW84L5lz,36013037100,,current,Red Bull Arena
NWMW84L5lz,36013030600,,current,Red Bull Arena
NWMW84L5lz,36103158111,,current,Red Bull Arena
NWMW84L5lz,36103158112,,current,Red Bull Arena
NWMW84L5lz,36103158114,,current,Red Bull Arena
NWMW84L5lz,36103159407,,current,Red Bull Arena
NWMW84L5lz,36103159408,,current,Red Bull Arena
NWMW84L5lz,36073040801,,current,Red Bull Arena
NWMW84L5lz,36073040802,,current,Red Bull Arena
NWMW84L5lz,36073401300,,current,Red Bull Arena
NWMW84L5lz,36073401200,,current,Red Bull Arena
NWMW84L5lz,36103134704,,current,Red Bull Arena
NWMW84L5lz,36103135205,,current,Red Bull Arena
NWMW84L5lz,36103146205,,current,Red Bull Arena
NWMW84L5lz,36103158009,,current,Red Bull Arena
NWMW84L5lz,36103158310,,current,Red Bull Arena
NWMW84L5lz,36103158606,,current,Red Bull Arena
NWMW84L5lz,36103110101,,current,Red Bull Arena
NWMW84L5lz,36103124602,,current,Red Bull Arena
NWMW84L5lz,36091062506,,current,Red Bull Arena
NWMW84L5lz,36103159410,,current,Red Bull Arena
NWMW84L5lz,36103134702,,current,Red Bull Arena
NWMW84L5lz,36103134703,,current,Red Bull Arena
NWMW84L5lz,36103134902,,current,Red Bull Arena
NWMW84L5lz,36103134906,,current,Red Bull Arena
NWMW84L5lz,36091061403,,current,Red Bull Arena
NWMW84L5lz,36113070701,,current,Red Bull Arena
NWMW84L5lz,36103159602,,current,Red Bull Arena
NWMW84L5lz,36103169701,,current,Red Bull Arena
NWMW84L5lz,36103110200,,current,Red Bull Arena
NWMW84L5lz,36103110300,,current,Red Bull Arena
NWMW84L5lz,36103110401,,current,Red Bull Arena
NWMW84L5lz,36103110402,,current,Red Bull Arena
NWMW84L5lz,36103110501,,current,Red Bull Arena
NWMW84L5lz,36103134907,,current,Red Bull Arena
NWMW84L5lz,36103135002,,current,Red Bull Arena
NWMW84L5lz,36103135003,,current,Red Bull Arena
NWMW84L5lz,36103135004,,current,Red Bull Arena
NWMW84L5lz,36103135005,,current,Red Bull Arena
NWMW84L5lz,36103135101,,current,Red Bull Arena
NWMW84L5lz,36029007304,,current,Red Bull Arena
NWMW84L5lz,36029007700,,current,Red Bull Arena
NWMW84L5lz,36029007800,,current,Red Bull Arena
NWMW84L5lz,36029007901,,current,Red Bull Arena
NWMW84L5lz,36029007303,,current,Red Bull Arena
NWMW84L5lz,36103169800,,current,Red Bull Arena
NWMW84L5lz,36085014604,,current,Red Bull Arena
NWMW84L5lz,36103170101,,current,Red Bull Arena
NWMW84L5lz,36103110502,,current,Red Bull Arena
NWMW84L5lz,36103110801,,current,Red Bull Arena
NWMW84L5lz,36103110803,,current,Red Bull Arena
NWMW84L5lz,36103110901,,current,Red Bull Arena
NWMW84L5lz,36103110902,,current,Red Bull Arena
NWMW84L5lz,36103111001,,current,Red Bull Arena
NWMW84L5lz,36103135102,,current,Red Bull Arena
NWMW84L5lz,36103135103,,current,Red Bull Arena
NWMW84L5lz,36103135104,,current,Red Bull Arena
NWMW84L5lz,36103135201,,current,Red Bull Arena
NWMW84L5lz,36029007000,,current,Red Bull Arena
NWMW84L5lz,36029007102,,current,Red Bull Arena
NWMW84L5lz,36029007902,,current,Red Bull Arena
NWMW84L5lz,36029008600,,current,Red Bull Arena
NWMW84L5lz,36029008700,,current,Red Bull Arena
NWMW84L5lz,36029009402,,current,Red Bull Arena
NWMW84L5lz,36029013101,,current,Red Bull Arena
NWMW84L5lz,36029008900,,current,Red Bull Arena
NWMW84L5lz,36103180300,,current,Red Bull Arena
NWMW84L5lz,36103190403,,current,Red Bull Arena
NWMW84L5lz,36103190502,,current,Red Bull Arena
NWMW84L5lz,36103111002,,current,Red Bull Arena
NWMW84L5lz,36103111201,,current,Red Bull Arena
NWMW84L5lz,36103111202,,current,Red Bull Arena
NWMW84L5lz,36103111300,,current,Red Bull Arena
NWMW84L5lz,36103111401,,current,Red Bull Arena
NWMW84L5lz,36085024800,,current,Red Bull Arena
NWMW84L5lz,36103146607,,current,Red Bull Arena
NWMW84L5lz,36103146611,,current,Red Bull Arena
NWMW84L5lz,36103146612,,current,Red Bull Arena
NWMW84L5lz,36029007202,,current,Red Bull Arena
NWMW84L5lz,36103135303,,current,Red Bull Arena
NWMW84L5lz,36103135401,,current,Red Bull Arena
NWMW84L5lz,36085025100,119.0,current,Red Bull Arena
NWMW84L5lz,36085027301,,current,Red Bull Arena
NWMW84L5lz,36085027702,109.0,current,Red Bull Arena
NWMW84L5lz,36085027900,,current,Red Bull Arena
NWMW84L5lz,36085029102,,current,Red Bull Arena
NWMW84L5lz,36085030301,104.0,current,Red Bull Arena
NWMW84L5lz,36085031901,,current,Red Bull Arena
NWMW84L5lz,36103146613,,current,Red Bull Arena
NWMW84L5lz,36103146614,,current,Red Bull Arena
NWMW84L5lz,36103146704,,current,Red Bull Arena
NWMW84L5lz,36103146705,,current,Red Bull Arena
NWMW84L5lz,36103146706,,current,Red Bull Arena
NWMW84L5lz,36103146901,,current,Red Bull Arena
NWMW84L5lz,36103147902,,current,Red Bull Arena
NWMW84L5lz,36029007904,,current,Red Bull Arena
NWMW84L5lz,36029007905,,current,Red Bull Arena
NWMW84L5lz,36029008001,,current,Red Bull Arena
NWMW84L5lz,36029008002,,current,Red Bull Arena
NWMW84L5lz,36103158116,,current,Red Bull Arena
NWMW84L5lz,36029008003,,current,Red Bull Arena
NWMW84L5lz,36029008101,,current,Red Bull Arena
NWMW84L5lz,36029008102,,current,Red Bull Arena
NWMW84L5lz,36029008201,,current,Red Bull Arena
NWMW84L5lz,36029008202,,current,Red Bull Arena
NWMW84L5lz,36029008300,,current,Red Bull Arena
NWMW84L5lz,36103158309,,current,Red Bull Arena
NWMW84L5lz,36103158511,,current,Red Bull Arena
NWMW84L5lz,36103158512,,current,Red Bull Arena
NWMW84L5lz,36103158604,,current,Red Bull Arena
NWMW84L5lz,36103158605,,current,Red Bull Arena
NWMW84L5lz,36103158608,,current,Red Bull Arena
NWMW84L5lz,36103158705,,current,Red Bull Arena
NWMW84L5lz,36103190708,,current,Red Bull Arena
NWMW84L5lz,36103111402,,current,Red Bull Arena
NWMW84L5lz,36103111503,,current,Red Bull Arena
NWMW84L5lz,36029013802,,current,Red Bull Arena
NWMW84L5lz,36029004902,,current,Red Bull Arena
NWMW84L5lz,36029004901,,current,Red Bull Arena
NWMW84L5lz,36029016801,,current,Red Bull Arena
NWMW84L5lz,36029014704,,current,Red Bull Arena
NWMW84L5lz,36029014804,,current,Red Bull Arena
NWMW84L5lz,36029007104,,current,Red Bull Arena
NWMW84L5lz,36029006802,,current,Red Bull Arena
NWMW84L5lz,36103122300,,current,Red Bull Arena
NWMW84L5lz,36103111504,,current,Red Bull Arena
NWMW84L5lz,36103135402,,current,Red Bull Arena
NWMW84L5lz,36103135403,,current,Red Bull Arena
NWMW84L5lz,36103145602,,current,Red Bull Arena
NWMW84L5lz,36103145603,,current,Red Bull Arena
NWMW84L5lz,36103146902,,current,Red Bull Arena
NWMW84L5lz,36103145604,,current,Red Bull Arena
NWMW84L5lz,36103145605,,current,Red Bull Arena
NWMW84L5lz,36103145701,,current,Red Bull Arena
NWMW84L5lz,36103145702,,current,Red Bull Arena
NWMW84L5lz,36103145703,,current,Red Bull Arena
NWMW84L5lz,36103158102,,current,Red Bull Arena
NWMW84L5lz,36057072700,,current,Red Bull Arena
NWMW84L5lz,36057070600,,current,Red Bull Arena
NWMW84L5lz,36057072100,,current,Red Bull Arena
NWMW84L5lz,36057070200,,current,Red Bull Arena
NWMW84L5lz,36057072800,,current,Red Bull Arena
NWMW84L5lz,36057070300,,current,Red Bull Arena
NWMW84L5lz,36085032300,,current,Red Bull Arena
NWMW84L5lz,36085001800,115.0,current,Red Bull Arena
NWMW84L5lz,36085014100,,current,Red Bull Arena
NWMW84L5lz,36029008400,,current,Red Bull Arena
NWMW84L5lz,36103123600,,current,Red Bull Arena
NWMW84L5lz,36103146001,,current,Red Bull Arena
NWMW84L5lz,36103190402,,current,Red Bull Arena
NWMW84L5lz,36103158709,,current,Red Bull Arena
NWMW84L5lz,36085024402,,current,Red Bull Arena
NWMW84L5lz,36085027705,119.0,current,Red Bull Arena
NWMW84L5lz,36085012806,,current,Red Bull Arena
NWMW84L5lz,36057070400,,current,Red Bull Arena
NWMW84L5lz,36057070500,,current,Red Bull Arena
NWMW84L5lz,36119000602,,current,Red Bull Arena
NWMW84L5lz,36119006302,,current,Red Bull Arena
NWMW84L5lz,36119000502,,current,Red Bull Arena
NWMW84L5lz,36119000601,,current,Red Bull Arena
NWMW84L5lz,36119000501,,current,Red Bull Arena
NWMW84L5lz,36119000204,,current,Red Bull Arena
NWMW84L5lz,36119000205,,current,Red Bull Arena
NWMW84L5lz,36119014813,,current,Red Bull Arena
NWMW84L5lz,36119001305,,current,Red Bull Arena
NWMW84L5lz,36119001304,,current,Red Bull Arena
NWMW84L5lz,36119005704,,current,Red Bull Arena
NWMW84L5lz,36119001702,,current,Red Bull Arena
NWMW84L5lz,36119006301,,current,Red Bull Arena
NWMW84L5lz,36119004001,,current,Red Bull Arena
NWMW84L5lz,36119012803,,current,Red Bull Arena
NWMW84L5lz,36119007902,,current,Red Bull Arena
NWMW84L5lz,36119004002,,current,Red Bull Arena
NWMW84L5lz,36119005703,,current,Red Bull Arena
NWMW84L5lz,36119011601,,current,Red Bull Arena
NWMW84L5lz,36103145803,,current,Red Bull Arena
NWMW84L5lz,36057070700,,current,Red Bull Arena
NWMW84L5lz,36057070800,,current,Red Bull Arena
NWMW84L5lz,36057070900,,current,Red Bull Arena
NWMW84L5lz,36057072200,,current,Red Bull Arena
NWMW84L5lz,36103145804,,current,Red Bull Arena
NWMW84L5lz,36103145808,,current,Red Bull Arena
NWMW84L5lz,36103145901,,current,Red Bull Arena
NWMW84L5lz,36103145903,,current,Red Bull Arena
NWMW84L5lz,36103158206,,current,Red Bull Arena
NWMW84L5lz,36103158207,,current,Red Bull Arena
NWMW84L5lz,36103158205,,current,Red Bull Arena
NWMW84L5lz,36103158304,,current,Red Bull Arena
NWMW84L5lz,36085017702,111.0,current,Red Bull Arena
NWMW84L5lz,36085017701,,current,Red Bull Arena
NWMW84L5lz,36085020805,,current,Red Bull Arena
NWMW84L5lz,36085018704,,current,Red Bull Arena
NWMW84L5lz,36057072300,,current,Red Bull Arena
NWMW84L5lz,36057072600,,current,Red Bull Arena
NWMW84L5lz,36057072400,,current,Red Bull Arena
NWMW84L5lz,36057072500,,current,Red Bull Arena
NWMW84L5lz,36103158315,,current,Red Bull Arena
NWMW84L5lz,36103158317,,current,Red Bull Arena
NWMW84L5lz,36103158319,,current,Red Bull Arena
NWMW84L5lz,36103158401,,current,Red Bull Arena
NWMW84L5lz,36103158402,,current,Red Bull Arena
NWMW84L5lz,36103111506,,current,Red Bull Arena
NWMW84L5lz,36103111601,,current,Red Bull Arena
NWMW84L5lz,36103111602,,current,Red Bull Arena
NWMW84L5lz,36103111701,,current,Red Bull Arena
NWMW84L5lz,36103111703,,current,Red Bull Arena
NWMW84L5lz,36103111704,,current,Red Bull Arena
NWMW84L5lz,36103111802,,current,Red Bull Arena
NWMW84L5lz,36103146102,,current,Red Bull Arena
NWMW84L5lz,36103146103,,current,Red Bull Arena
NWMW84L5lz,36103146105,,current,Red Bull Arena
NWMW84L5lz,36103146201,,current,Red Bull Arena
NWMW84L5lz,36103146202,,current,Red Bull Arena
NWMW84L5lz,36103146203,,current,Red Bull Arena
NWMW84L5lz,36103146204,,current,Red Bull Arena
NWMW84L5lz,36103146206,,current,Red Bull Arena
NWMW84L5lz,36103146300,,current,Red Bull Arena
NWMW84L5lz,36103147001,,current,Red Bull Arena
NWMW84L5lz,36027050204,,current,Red Bull Arena
NWMW84L5lz,36103147100,,current,Red Bull Arena
NWMW84L5lz,36031960902,,current,Red Bull Arena
NWMW84L5lz,36031961001,,current,Red Bull Arena
NWMW84L5lz,36031961201,,current,Red Bull Arena
NWMW84L5lz,36031960502,,current,Red Bull Arena
NWMW84L5lz,36031960401,,current,Red Bull Arena
NWMW84L5lz,36031961202,,current,Red Bull Arena
NWMW84L5lz,36031960901,,current,Red Bull Arena
NWMW84L5lz,36031960501,,current,Red Bull Arena
NWMW84L5lz,36031960402,,current,Red Bull Arena
NWMW84L5lz,36103147401,,current,Red Bull Arena
NWMW84L5lz,36103147502,,current,Red Bull Arena
NWMW84L5lz,36085022602,,current,Red Bull Arena
NWMW84L5lz,36085007002,116.0,current,Red Bull Arena
NWMW84L5lz,36085020806,,current,Red Bull Arena
NWMW84L5lz,36085017015,,current,Red Bull Arena
NWMW84L5lz,36029014605,,current,Red Bull Arena
NWMW84L5lz,36029014703,,current,Red Bull Arena
NWMW84L5lz,36029012903,,current,Red Bull Arena
NWMW84L5lz,36029004003,,current,Red Bull Arena
NWMW84L5lz,36029009601,,current,Red Bull Arena
NWMW84L5lz,36029009602,,current,Red Bull Arena
NWMW84L5lz,36029001601,,current,Red Bull Arena
NWMW84L5lz,36029002801,,current,Red Bull Arena
NWMW84L5lz,36011041300,,current,Red Bull Arena
NWMW84L5lz,36011041500,,current,Red Bull Arena
NWMW84L5lz,36011041600,,current,Red Bull Arena
NWMW84L5lz,36011041700,,current,Red Bull Arena
NWMW84L5lz,36011041800,,current,Red Bull Arena
NWMW84L5lz,36011040500,,current,Red Bull Arena
NWMW84L5lz,36119011602,,current,Red Bull Arena
NWMW84L5lz,36119011402,,current,Red Bull Arena
NWMW84L5lz,36119012202,,current,Red Bull Arena
NWMW84L5lz,36119012201,,current,Red Bull Arena
NWMW84L5lz,36061001501,69.0,current,Red Bull Arena
NWMW84L5lz,36061001600,75.0,current,Red Bull Arena
NWMW84L5lz,36061001800,74.0,current,Red Bull Arena
NWMW84L5lz,36061002000,90.0,current,Red Bull Arena
NWMW84L5lz,36061002201,81.0,current,Red Bull Arena
NWMW84L5lz,36061002202,81.0,current,Red Bull Arena
NWMW84L5lz,36061002400,89.0,current,Red Bull Arena
NWMW84L5lz,36061002601,83.0,current,Red Bull Arena
NWMW84L5lz,36061002602,83.0,current,Red Bull Arena
NWMW84L5lz,36119014812,,current,Red Bull Arena
NWMW84L5lz,36119015100,,current,Red Bull Arena
NWMW84L5lz,36119007901,,current,Red Bull Arena
NWMW84L5lz,36119001701,,current,Red Bull Arena
NWMW84L5lz,36119013402,,current,Red Bull Arena
NWMW84L5lz,36119000403,,current,Red Bull Arena
NWMW84L5lz,36119000404,,current,Red Bull Arena
NWMW84L5lz,36119011401,,current,Red Bull Arena
NWMW84L5lz,36061002700,71.0,current,Red Bull Arena
NWMW84L5lz,36061002800,78.0,current,Red Bull Arena
NWMW84L5lz,36061003001,76.0,current,Red Bull Arena
NWMW84L5lz,36061003100,67.0,current,Red Bull Arena
NWMW84L5lz,36061003300,61.0,current,Red Bull Arena
NWMW84L5lz,36061003601,75.0,current,Red Bull Arena
NWMW84L5lz,36061003800,76.0,current,Red Bull Arena
NWMW84L5lz,36061003900,72.0,current,Red Bull Arena
NWMW84L5lz,36061004200,71.0,current,Red Bull Arena
NWMW84L5lz,36061004300,71.0,current,Red Bull Arena
NWMW84L5lz,36119008801,,current,Red Bull Arena
NWMW84L5lz,36119008802,,current,Red Bull Arena
NWMW84L5lz,36119009201,,current,Red Bull Arena
NWMW84L5lz,36119009202,,current,Red Bull Arena
NWMW84L5lz,36119013401,,current,Red Bull Arena
NWMW84L5lz,36119012804,,current,Red Bull Arena
NWMW84L5lz,36119004802,,current,Red Bull Arena
NWMW84L5lz,36119004801,,current,Red Bull Arena
NWMW84L5lz,36111953500,,current,Red Bull Arena
NWMW84L5lz,36111953600,,current,Red Bull Arena
NWMW84L5lz,36111954200,,current,Red Bull Arena
NWMW84L5lz,36119014907,,current,Red Bull Arena
NWMW84L5lz,36119014908,,current,Red Bull Arena
NWMW84L5lz,36061008602,104.0,current,Red Bull Arena
NWMW84L5lz,36061004500,70.0,current,Red Bull Arena
NWMW84L5lz,36061004700,67.0,current,Red Bull Arena
NWMW84L5lz,36061004900,72.0,current,Red Bull Arena
NWMW84L5lz,36061005400,67.0,current,Red Bull Arena
NWMW84L5lz,36061005501,74.0,current,Red Bull Arena
NWMW84L5lz,36061005600,69.0,current,Red Bull Arena
NWMW84L5lz,36061005700,71.0,current,Red Bull Arena
NWMW84L5lz,36061005800,66.0,current,Red Bull Arena
NWMW84L5lz,36061006000,85.0,current,Red Bull Arena
NWMW84L5lz,36061006100,68.0,current,Red Bull Arena
NWMW84L5lz,36061006200,88.0,current,Red Bull Arena
NWMW84L5lz,36061006400,75.0,current,Red Bull Arena
NWMW84L5lz,36061006500,68.0,current,Red Bull Arena
NWMW84L5lz,36061006700,64.0,current,Red Bull Arena
NWMW84L5lz,36061006800,73.0,current,Red Bull Arena
NWMW84L5lz,36061006900,69.0,current,Red Bull Arena
NWMW84L5lz,36061007100,62.0,current,Red Bull Arena
NWMW84L5lz,36061007300,62.0,current,Red Bull Arena
NWMW84L5lz,36111951000,,current,Red Bull Arena
NWMW84L5lz,36029017301,,current,Red Bull Arena
NWMW84L5lz,36029009012,,current,Red Bull Arena
NWMW84L5lz,36029011201,,current,Red Bull Arena
NWMW84L5lz,36029014805,,current,Red Bull Arena
NWMW84L5lz,36029017302,,current,Red Bull Arena
NWMW84L5lz,36029013801,,current,Red Bull Arena
NWMW84L5lz,36019101000,,current,Red Bull Arena
NWMW84L5lz,36029009011,,current,Red Bull Arena
NWMW84L5lz,36047043700,93.0,current,Red Bull Arena
NWMW84L5lz,36061007500,68.0,current,Red Bull Arena
NWMW84L5lz,36061007600,64.0,current,Red Bull Arena
NWMW84L5lz,36061007800,80.0,current,Red Bull Arena
NWMW84L5lz,36061007900,77.0,current,Red Bull Arena
NWMW84L5lz,36061008100,65.0,current,Red Bull Arena
NWMW84L5lz,36061008400,71.0,current,Red Bull Arena
NWMW84L5lz,36061008700,66.0,current,Red Bull Arena
NWMW84L5lz,36061008800,75.0,current,Red Bull Arena
NWMW84L5lz,36119012000,,current,Red Bull Arena
NWMW84L5lz,36061009000,80.0,current,Red Bull Arena
NWMW84L5lz,36061009200,73.0,current,Red Bull Arena
NWMW84L5lz,36061009300,70.0,current,Red Bull Arena
NWMW84L5lz,36061009400,75.0,current,Red Bull Arena
NWMW84L5lz,36061009600,75.0,current,Red Bull Arena
NWMW84L5lz,36061009800,81.0,current,Red Bull Arena
NWMW84L5lz,36061010000,76.0,current,Red Bull Arena
NWMW84L5lz,36061010200,78.0,current,Red Bull Arena
NWMW84L5lz,36061010300,74.0,current,Red Bull Arena
NWMW84L5lz,36061010400,77.0,current,Red Bull Arena
NWMW84L5lz,36119012102,,current,Red Bull Arena
NWMW84L5lz,36119012301,,current,Red Bull Arena
NWMW84L5lz,36059982100,,current,Red Bull Arena
NWMW84L5lz,36059990100,,current,Red Bull Arena
NWMW84L5lz,36059990302,,current,Red Bull Arena
NWMW84L5lz,36119015000,,current,Red Bull Arena
NWMW84L5lz,36119004900,,current,Red Bull Arena
NWMW84L5lz,36119008500,,current,Red Bull Arena
NWMW84L5lz,36119012304,,current,Red Bull Arena
NWMW84L5lz,36119013800,,current,Red Bull Arena
NWMW84L5lz,36119014701,,current,Red Bull Arena
NWMW84L5lz,36019101600,,current,Red Bull Arena
NWMW84L5lz,36061011401,78.0,current,Red Bull Arena
NWMW84L5lz,36061011402,73.0,current,Red Bull Arena
NWMW84L5lz,36061011500,71.0,current,Red Bull Arena
NWMW84L5lz,36061011700,84.0,current,Red Bull Arena
NWMW84L5lz,36061011900,69.0,current,Red Bull Arena
NWMW84L5lz,36061012000,79.0,current,Red Bull Arena
NWMW84L5lz,36061012400,87.0,current,Red Bull Arena
NWMW84L5lz,36085017014,,current,Red Bull Arena
NWMW84L5lz,36085017016,,current,Red Bull Arena
NWMW84L5lz,36085017013,,current,Red Bull Arena
NWMW84L5lz,36085018703,,current,Red Bull Arena
NWMW84L5lz,36085020701,119.0,current,Red Bull Arena
NWMW84L5lz,36085020702,,current,Red Bull Arena
NWMW84L5lz,36119012501,,current,Red Bull Arena
NWMW84L5lz,36119012503,,current,Red Bull Arena
NWMW84L5lz,36119012900,,current,Red Bull Arena
NWMW84L5lz,36119013103,,current,Red Bull Arena
NWMW84L5lz,36085009701,,current,Red Bull Arena
NWMW84L5lz,36085009702,,current,Red Bull Arena
NWMW84L5lz,36085005901,,current,Red Bull Arena
NWMW84L5lz,36085029105,113.0,current,Red Bull Arena
NWMW84L5lz,36085004004,105.0,current,Red Bull Arena
NWMW84L5lz,36085022601,,current,Red Bull Arena
NWMW84L5lz,36085004003,113.0,current,Red Bull Arena
NWMW84L5lz,36085004002,,current,Red Bull Arena
NWMW84L5lz,36027060301,,current,Red Bull Arena
NWMW84L5lz,36061012700,78.0,current,Red Bull Arena
NWMW84L5lz,36061012800,82.0,current,Red Bull Arena
NWMW84L5lz,36061013000,87.0,current,Red Bull Arena
NWMW84L5lz,36061013300,77.0,current,Red Bull Arena
NWMW84L5lz,36061013400,84.0,current,Red Bull Arena
NWMW84L5lz,36061013700,74.0,current,Red Bull Arena
NWMW84L5lz,36119013500,,current,Red Bull Arena
NWMW84L5lz,36119013600,,current,Red Bull Arena
NWMW84L5lz,36119013900,,current,Red Bull Arena
NWMW84L5lz,36119013301,,current,Red Bull Arena
NWMW84L5lz,36061014000,81.0,current,Red Bull Arena
NWMW84L5lz,36061014300,87.0,current,Red Bull Arena
NWMW84L5lz,36061014401,86.0,current,Red Bull Arena
NWMW84L5lz,36061014500,77.0,current,Red Bull Arena
NWMW84L5lz,36061014601,81.0,current,Red Bull Arena
NWMW84L5lz,36061014801,76.0,current,Red Bull Arena
NWMW84L5lz,36061014802,78.0,current,Red Bull Arena
NWMW84L5lz,36061014900,76.0,current,Red Bull Arena
NWMW84L5lz,36061015700,74.0,current,Red Bull Arena
NWMW84L5lz,36061015801,84.0,current,Red Bull Arena
NWMW84L5lz,36061015900,78.0,current,Red Bull Arena
NWMW84L5lz,36061016001,87.0,current,Red Bull Arena
NWMW84L5lz,36061016100,79.0,current,Red Bull Arena
NWMW84L5lz,36119014000,,current,Red Bull Arena
NWMW84L5lz,36037950402,,current,Red Bull Arena
NWMW84L5lz,36037950302,,current,Red Bull Arena
NWMW84L5lz,36037950301,,current,Red Bull Arena
NWMW84L5lz,36037950401,,current,Red Bull Arena
NWMW84L5lz,36051031102,,current,Red Bull Arena
NWMW84L5lz,36051030204,,current,Red Bull Arena
NWMW84L5lz,36051031101,,current,Red Bull Arena
NWMW84L5lz,36051030701,,current,Red Bull Arena
NWMW84L5lz,36051030203,,current,Red Bull Arena
NWMW84L5lz,36051030702,,current,Red Bull Arena
NWMW84L5lz,36007012501,,current,Red Bull Arena
NWMW84L5lz,36007012502,,current,Red Bull Arena
NWMW84L5lz,36007001402,,current,Red Bull Arena
NWMW84L5lz,36007001401,,current,Red Bull Arena
NWMW84L5lz,36119014200,,current,Red Bull Arena
NWMW84L5lz,36119014300,,current,Red Bull Arena
NWMW84L5lz,36119014400,,current,Red Bull Arena
NWMW84L5lz,36059981100,,current,Red Bull Arena
NWMW84L5lz,36059990301,,current,Red Bull Arena
NWMW84L5lz,36059416401,,current,Red Bull Arena
NWMW84L5lz,36059416402,,current,Red Bull Arena
NWMW84L5lz,36059416801,,current,Red Bull Arena
NWMW84L5lz,36059521902,,current,Red Bull Arena
NWMW84L5lz,36059522700,,current,Red Bull Arena
NWMW84L5lz,36059407204,,current,Red Bull Arena
NWMW84L5lz,36059407203,,current,Red Bull Arena
NWMW84L5lz,36061016200,108.0,current,Red Bull Arena
NWMW84L5lz,36061016600,86.0,current,Red Bull Arena
NWMW84L5lz,36061016700,88.0,current,Red Bull Arena
NWMW84L5lz,36061016800,88.0,current,Red Bull Arena
NWMW84L5lz,36061017000,94.0,current,Red Bull Arena
NWMW84L5lz,36061017100,90.0,current,Red Bull Arena
NWMW84L5lz,36061017300,83.0,current,Red Bull Arena
NWMW84L5lz,36061017402,84.0,current,Red Bull Arena
NWMW84L5lz,36061017500,88.0,current,Red Bull Arena
NWMW84L5lz,36061017700,82.0,current,Red Bull Arena
NWMW84L5lz,36061017800,101.0,current,Red Bull Arena
NWMW84L5lz,36061018100,79.0,current,Red Bull Arena
NWMW84L5lz,36061018200,84.0,current,Red Bull Arena
NWMW84L5lz,36061018300,89.0,current,Red Bull Arena
NWMW84L5lz,36061018400,83.0,current,Red Bull Arena
NWMW84L5lz,36061018500,83.0,current,Red Bull Arena
NWMW84L5lz,36061018600,80.0,current,Red Bull Arena
NWMW84L5lz,36061018800,92.0,current,Red Bull Arena
NWMW84L5lz,36061019200,106.0,current,Red Bull Arena
NWMW84L5lz,36061019300,86.0,current,Red Bull Arena
NWMW84L5lz,36061019400,90.0,current,Red Bull Arena
NWMW84L5lz,36061019500,90.0,current,Red Bull Arena
NWMW84L5lz,36061019600,82.0,current,Red Bull Arena
NWMW84L5lz,36061019701,88.0,current,Red Bull Arena
NWMW84L5lz,36061019702,85.0,current,Red Bull Arena
NWMW84L5lz,36029009007,,current,Red Bull Arena
NWMW84L5lz,36075020706,,current,Red Bull Arena
NWMW84L5lz,36075021505,,current,Red Bull Arena
NWMW84L5lz,36075020502,,current,Red Bull Arena
NWMW84L5lz,36075020202,,current,Red Bull Arena
NWMW84L5lz,36075020705,,current,Red Bull Arena
NWMW84L5lz,36029002703,,current,Red Bull Arena
NWMW84L5lz,36029001602,,current,Red Bull Arena
NWMW84L5lz,36029016802,,current,Red Bull Arena
NWMW84L5lz,36029006801,,current,Red Bull Arena
NWMW84L5lz,36061020000,83.0,current,Red Bull Arena
NWMW84L5lz,36061020102,85.0,current,Red Bull Arena
NWMW84L5lz,36061020300,84.0,current,Red Bull Arena
NWMW84L5lz,36061022700,91.0,current,Red Bull Arena
NWMW84L5lz,36061020600,88.0,current,Red Bull Arena
NWMW84L5lz,36061020901,86.0,current,Red Bull Arena
NWMW84L5lz,36061021000,87.0,current,Red Bull Arena
NWMW84L5lz,36061021100,92.0,current,Red Bull Arena
NWMW84L5lz,36061021200,83.0,current,Red Bull Arena
NWMW84L5lz,36061021400,91.0,current,Red Bull Arena
NWMW84L5lz,36061021703,94.0,current,Red Bull Arena
NWMW84L5lz,36061021800,81.0,current,Red Bull Arena
NWMW84L5lz,36061021900,87.0,current,Red Bull Arena
NWMW84L5lz,36061022102,89.0,current,Red Bull Arena
NWMW84L5lz,36061022302,94.0,current,Red Bull Arena
NWMW84L5lz,36061022400,87.0,current,Red Bull Arena
NWMW84L5lz,36061022600,88.0,current,Red Bull Arena
NWMW84L5lz,36061022800,85.0,current,Red Bull Arena
NWMW84L5lz,36061022900,90.0,current,Red Bull Arena
NWMW84L5lz,36061023000,91.0,current,Red Bull Arena
NWMW84L5lz,36047152200,90.0,current,Red Bull Arena
NWMW84L5lz,36025970700,,current,Red Bull Arena
NWMW84L5lz,36025970900,,current,Red Bull Arena
NWMW84L5lz,36025970200,,current,Red Bull Arena
NWMW84L5lz,36025970800,,current,Red Bull Arena
NWMW84L5lz,36025970300,,current,Red Bull Arena
NWMW84L5lz,36025971000,,current,Red Bull Arena
NWMW84L5lz,36025971400,,current,Red Bull Arena
NWMW84L5lz,36073040400,,current,Red Bull Arena
NWMW84L5lz,36073040500,,current,Red Bull Arena
NWMW84L5lz,36073040200,,current,Red Bull Arena
NWMW84L5lz,36073990000,,current,Red Bull Arena
NWMW84L5lz,36073040300,,current,Red Bull Arena
NWMW84L5lz,36005009302,116.0,current,Red Bull Arena
NWMW84L5lz,36005009301,107.0,current,Red Bull Arena
NWMW84L5lz,36005011701,105.0,current,Red Bull Arena
NWMW84L5lz,36005051601,,current,Red Bull Arena
NWMW84L5lz,36005001902,94.0,current,Red Bull Arena
NWMW84L5lz,36083052204,,current,Red Bull Arena
NWMW84L5lz,36083052203,,current,Red Bull Arena
NWMW84L5lz,36047150200,94.0,current,Red Bull Arena
NWMW84L5lz,36005002001,,current,Red Bull Arena
NWMW84L5lz,36005002002,,current,Red Bull Arena
NWMW84L5lz,36005018501,104.0,current,Red Bull Arena
NWMW84L5lz,36063022715,,current,Red Bull Arena
NWMW84L5lz,36063022714,,current,Red Bull Arena
NWMW84L5lz,36063022713,,current,Red Bull Arena
NWMW84L5lz,36063023302,,current,Red Bull Arena
NWMW84L5lz,36005001903,98.0,current,Red Bull Arena
NWMW84L5lz,36005051602,,current,Red Bull Arena
NWMW84L5lz,36005046208,119.0,current,Red Bull Arena
NWMW84L5lz,36005046207,,current,Red Bull Arena
NWMW84L5lz,36005043101,111.0,current,Red Bull Arena
NWMW84L5lz,36005046203,,current,Red Bull Arena
NWMW84L5lz,36005046209,,current,Red Bull Arena
NWMW84L5lz,36005048402,,current,Red Bull Arena
NWMW84L5lz,36005048401,,current,Red Bull Arena
NWMW84L5lz,36005001904,,current,Red Bull Arena
NWMW84L5lz,36005046205,,current,Red Bull Arena
NWMW84L5lz,36005006301,92.0,current,Red Bull Arena
NWMW84L5lz,36005030202,119.0,current,Red Bull Arena
NWMW84L5lz,36005043102,,current,Red Bull Arena
NWMW84L5lz,36063022717,,current,Red Bull Arena
NWMW84L5lz,36063022716,,current,Red Bull Arena
NWMW84L5lz,36063023301,,current,Red Bull Arena
NWMW84L5lz,36005030201,116.0,current,Red Bull Arena
NWMW84L5lz,36005038303,110.0,current,Red Bull Arena
NWMW84L5lz,36005011702,111.0,current,Red Bull Arena
NWMW84L5lz,36005018502,103.0,current,Red Bull Arena
NWMW84L5lz,36005006302,97.0,current,Red Bull Arena
NWMW84L5lz,36005046204,,current,Red Bull Arena
NWMW84L5lz,36005046206,,current,Red Bull Arena
NWMW84L5lz,36005038304,116.0,current,Red Bull Arena
NWMW84L5lz,36005001901,96.0,current,Red Bull Arena
NWMW84L5lz,36021000401,,current,Red Bull Arena
NWMW84L5lz,36027130005,,current,Red Bull Arena
NWMW84L5lz,36027190102,,current,Red Bull Arena
NWMW84L5lz,36027050103,,current,Red Bull Arena
NWMW84L5lz,36027160004,,current,Red Bull Arena
NWMW84L5lz,36027080201,,current,Red Bull Arena
NWMW84L5lz,36027050203,,current,Red Bull Arena
NWMW84L5lz,36027160003,,current,Red Bull Arena
NWMW84L5lz,36027060201,,current,Red Bull Arena
NWMW84L5lz,36097950300,,current,Red Bull Arena
NWMW84L5lz,36097950200,,current,Red Bull Arena
NWMW84L5lz,36097950500,,current,Red Bull Arena
NWMW84L5lz,36097950100,,current,Red Bull Arena
NWMW84L5lz,36097950400,,current,Red Bull Arena
NWMW84L5lz,36017970400,,current,Red Bull Arena
NWMW84L5lz,36017970700,,current,Red Bull Arena
NWMW84L5lz,36023970500,,current,Red Bull Arena
NWMW84L5lz,36075021103,,current,Red Bull Arena
NWMW84L5lz,36075021104,,current,Red Bull Arena
NWMW84L5lz,36075021102,,current,Red Bull Arena
NWMW84L5lz,36029017100,,current,Red Bull Arena
NWMW84L5lz,36029017200,,current,Red Bull Arena
NWMW84L5lz,36029014701,,current,Red Bull Arena
NWMW84L5lz,36029015201,,current,Red Bull Arena
NWMW84L5lz,36029000200,,current,Red Bull Arena
NWMW84L5lz,36029001900,,current,Red Bull Arena
NWMW84L5lz,36029002300,,current,Red Bull Arena
NWMW84L5lz,36029002400,,current,Red Bull Arena
NWMW84L5lz,36029002502,,current,Red Bull Arena
NWMW84L5lz,36029004100,,current,Red Bull Arena
NWMW84L5lz,36029004300,,current,Red Bull Arena
NWMW84L5lz,36089492600,,current,Red Bull Arena
NWMW84L5lz,36029004401,,current,Red Bull Arena
NWMW84L5lz,36029004402,,current,Red Bull Arena
NWMW84L5lz,36089490200,,current,Red Bull Arena
NWMW84L5lz,36029005801,,current,Red Bull Arena
NWMW84L5lz,36029000110,,current,Red Bull Arena
NWMW84L5lz,36017970602,,current,Red Bull Arena
NWMW84L5lz,36017971000,,current,Red Bull Arena
NWMW84L5lz,36017970300,,current,Red Bull Arena
NWMW84L5lz,36017970601,,current,Red Bull Arena
NWMW84L5lz,36089491200,,current,Red Bull Arena
NWMW84L5lz,36023970400,,current,Red Bull Arena
NWMW84L5lz,36029015503,,current,Red Bull Arena
NWMW84L5lz,36029006901,,current,Red Bull Arena
NWMW84L5lz,36051030500,,current,Red Bull Arena
NWMW84L5lz,36051030900,,current,Red Bull Arena
NWMW84L5lz,36051031000,,current,Red Bull Arena
NWMW84L5lz,36013035800,,current,Red Bull Arena
NWMW84L5lz,36013036700,,current,Red Bull Arena
NWMW84L5lz,36013037000,,current,Red Bull Arena
NWMW84L5lz,36031961100,,current,Red Bull Arena
NWMW84L5lz,36031960700,,current,Red Bull Arena
NWMW84L5lz,36051031300,,current,Red Bull Arena
NWMW84L5lz,36051030100,,current,Red Bull Arena
NWMW84L5lz,36051030600,,current,Red Bull Arena
NWMW84L5lz,36051030400,,current,Red Bull Arena
NWMW84L5lz,36051031200,,current,Red Bull Arena
NWMW84L5lz,36051030800,,current,Red Bull Arena
NWMW84L5lz,36031960800,,current,Red Bull Arena
NWMW84L5lz,36051030201,,current,Red Bull Arena
NWMW84L5lz,36051030300,,current,Red Bull Arena
NWMW84L5lz,36085012805,,current,Red Bull Arena
NWMW84L5lz,36085990100,,current,Red Bull Arena
NWMW84L5lz,36029009200,,current,Red Bull Arena
NWMW84L5lz,36029009301,,current,Red Bull Arena
NWMW84L5lz,36085019800,,current,Red Bull Arena
NWMW84L5lz,36085014607,,current,Red Bull Arena
NWMW84L5lz,36013037200,,current,Red Bull Arena
NWMW84L5lz,36013037400,,current,Red Bull Arena
NWMW84L5lz,36013037500,,current,Red Bull Arena
NWMW84L5lz,36029009401,,current,Red Bull Arena
NWMW84L5lz,36103111103,,current,Red Bull Arena
NWMW84L5lz,36103112217,,current,Red Bull Arena
NWMW84L5lz,36103122605,,current,Red Bull Arena
NWMW84L5lz,36103110601,,current,Red Bull Arena
NWMW84L5lz,36103123304,,current,Red Bull Arena
NWMW84L5lz,36103146005,,current,Red Bull Arena
NWMW84L5lz,36103147301,,current,Red Bull Arena
NWMW84L5lz,36103147302,,current,Red Bull Arena
NWMW84L5lz,36051031400,,current,Red Bull Arena
NWMW84L5lz,36029009701,,current,Red Bull Arena
NWMW84L5lz,36029009702,,current,Red Bull Arena
NWMW84L5lz,36003951000,,current,Red Bull Arena
NWMW84L5lz,36003950900,,current,Red Bull Arena
NWMW84L5lz,36003940200,,current,Red Bull Arena
NWMW84L5lz,36029009800,,current,Red Bull Arena
NWMW84L5lz,36029009900,,current,Red Bull Arena
NWMW84L5lz,36029010001,,current,Red Bull Arena
NWMW84L5lz,36013036500,,current,Red Bull Arena
NWMW84L5lz,36013037300,,current,Red Bull Arena
NWMW84L5lz,36029016500,,current,Red Bull Arena
NWMW84L5lz,36029016600,,current,Red Bull Arena
NWMW84L5lz,36029003800,,current,Red Bull Arena
NWMW84L5lz,36031961300,,current,Red Bull Arena
NWMW84L5lz,36029010003,,current,Red Bull Arena
NWMW84L5lz,36029010002,,current,Red Bull Arena
NWMW84L5lz,36029010102,,current,Red Bull Arena
NWMW84L5lz,36029010103,,current,Red Bull Arena
NWMW84L5lz,36029010300,,current,Red Bull Arena
NWMW84L5lz,36029010500,,current,Red Bull Arena
NWMW84L5lz,36029010600,,current,Red Bull Arena
NWMW84L5lz,36029010700,,current,Red Bull Arena
NWMW84L5lz,36055013507,,current,Red Bull Arena
NWMW84L5lz,36055014905,,current,Red Bull Arena
NWMW84L5lz,36089491400,,current,Red Bull Arena
NWMW84L5lz,36103112215,,current,Red Bull Arena
NWMW84L5lz,36103112220,,current,Red Bull Arena
NWMW84L5lz,36103122407,,current,Red Bull Arena
NWMW84L5lz,36103112216,,current,Red Bull Arena
NWMW84L5lz,36103146617,,current,Red Bull Arena
NWMW84L5lz,36103147202,,current,Red Bull Arena
NWMW84L5lz,36103110104,,current,Red Bull Arena
NWMW84L5lz,36103110103,,current,Red Bull Arena
NWMW84L5lz,36103122604,,current,Red Bull Arena
NWMW84L5lz,36103190606,,current,Red Bull Arena
NWMW84L5lz,36103159515,,current,Red Bull Arena
NWMW84L5lz,36103158806,,current,Red Bull Arena
NWMW84L5lz,36103146620,,current,Red Bull Arena
NWMW84L5lz,36103158120,,current,Red Bull Arena
NWMW84L5lz,36103158326,,current,Red Bull Arena
NWMW84L5lz,36103169905,,current,Red Bull Arena
NWMW84L5lz,36103158015,,current,Red Bull Arena
NWMW84L5lz,36103159604,,current,Red Bull Arena
NWMW84L5lz,36103135305,,current,Red Bull Arena
NWMW84L5lz,36055012304,,current,Red Bull Arena
NWMW84L5lz,36071012300,,current,Red Bull Arena
NWMW84L5lz,36071011400,,current,Red Bull Arena
NWMW84L5lz,36071014302,,current,Red Bull Arena
NWMW84L5lz,36103145706,,current,Red Bull Arena
NWMW84L5lz,36103146619,,current,Red Bull Arena
NWMW84L5lz,36103135306,,current,Red Bull Arena
NWMW84L5lz,36103145810,,current,Red Bull Arena
NWMW84L5lz,36103146618,,current,Red Bull Arena
NWMW84L5lz,36103159109,,current,Red Bull Arena
NWMW84L5lz,36103147505,,current,Red Bull Arena
NWMW84L5lz,36103158805,,current,Red Bull Arena
NWMW84L5lz,36103145809,,current,Red Bull Arena
NWMW84L5lz,36103147504,,current,Red Bull Arena
NWMW84L5lz,36103201010,,current,Red Bull Arena
NWMW84L5lz,36103159700,,current,Red Bull Arena
NWMW84L5lz,36103170206,,current,Red Bull Arena
NWMW84L5lz,36103201006,,current,Red Bull Arena
NWMW84L5lz,36103146616,,current,Red Bull Arena
NWMW84L5lz,36103147201,,current,Red Bull Arena
NWMW84L5lz,36103201008,,current,Red Bull Arena
NWMW84L5lz,36103159518,,current,Red Bull Arena
NWMW84L5lz,36103159514,,current,Red Bull Arena
NWMW84L5lz,36103158325,,current,Red Bull Arena
NWMW84L5lz,36103146004,,current,Red Bull Arena
NWMW84L5lz,36103158017,,current,Red Bull Arena
NWMW84L5lz,36103145705,,current,Red Bull Arena
NWMW84L5lz,36103158329,,current,Red Bull Arena
NWMW84L5lz,36103201007,,current,Red Bull Arena
NWMW84L5lz,36103170005,,current,Red Bull Arena
NWMW84L5lz,36103190713,,current,Red Bull Arena
NWMW84L5lz,36103170204,,current,Red Bull Arena
NWMW84L5lz,36103170006,,current,Red Bull Arena
NWMW84L5lz,36103170205,,current,Red Bull Arena
NWMW84L5lz,36103170203,,current,Red Bull Arena
NWMW84L5lz,36103158901,,current,Red Bull Arena
NWMW84L5lz,36103169706,,current,Red Bull Arena
NWMW84L5lz,36103158411,,current,Red Bull Arena
NWMW84L5lz,36103158209,,current,Red Bull Arena
NWMW84L5lz,36103158118,,current,Red Bull Arena
NWMW84L5lz,36103158327,,current,Red Bull Arena
NWMW84L5lz,36103158902,,current,Red Bull Arena
NWMW84L5lz,36103158412,,current,Red Bull Arena
NWMW84L5lz,36103158014,,current,Red Bull Arena
NWMW84L5lz,36103158513,,current,Red Bull Arena
NWMW84L5lz,36103158013,,current,Red Bull Arena
NWMW84L5lz,36103158119,,current,Red Bull Arena
NWMW84L5lz,36103159110,,current,Red Bull Arena
NWMW84L5lz,36103159112,,current,Red Bull Arena
NWMW84L5lz,36103201009,,current,Red Bull Arena
NWMW84L5lz,36103190711,,current,Red Bull Arena
NWMW84L5lz,36103158117,,current,Red Bull Arena
NWMW84L5lz,36103158328,,current,Red Bull Arena
NWMW84L5lz,36103159513,,current,Red Bull Arena
NWMW84L5lz,36103159517,,current,Red Bull Arena
NWMW84L5lz,36103190712,,current,Red Bull Arena
NWMW84L5lz,36103200906,,current,Red Bull Arena
NWMW84L5lz,36103158514,,current,Red Bull Arena
NWMW84L5lz,36103190710,,current,Red Bull Arena
NWMW84L5lz,36103159414,,current,Red Bull Arena
NWMW84L5lz,36103159413,,current,Red Bull Arena
NWMW84L5lz,36103190714,,current,Red Bull Arena
NWMW84L5lz,36103200903,,current,Red Bull Arena
NWMW84L5lz,36103158713,,current,Red Bull Arena
NWMW84L5lz,36103159416,,current,Red Bull Arena
NWMW84L5lz,36103200905,,current,Red Bull Arena
NWMW84L5lz,36103158324,,current,Red Bull Arena
NWMW84L5lz,36103158714,,current,Red Bull Arena
NWMW84L5lz,36103159516,,current,Red Bull Arena
NWMW84L5lz,36103159415,,current,Red Bull Arena
NWMW84L5lz,36103200904,,current,Red Bull Arena
NWMW84L5lz,36103158715,,current,Red Bull Arena
NWMW84L5lz,36103201005,,current,Red Bull Arena
NWMW84L5lz,36103159111,,current,Red Bull Arena
NWMW84L5lz,36103169906,,current,Red Bull Arena
NWMW84L5lz,36103169705,,current,Red Bull Arena
NWMW84L5lz,36103169903,,current,Red Bull Arena
NWMW84L5lz,36103170003,,current,Red Bull Arena
NWMW84L5lz,36103158016,,current,Red Bull Arena
NWMW84L5lz,36103170004,,current,Red Bull Arena
NWMW84L5lz,36103158012,,current,Red Bull Arena
NWMW84L5lz,36103190802,,current,Red Bull Arena
NWMW84L5lz,36103190709,,current,Red Bull Arena
NWMW84L5lz,36103190801,,current,Red Bull Arena
NWMW84L5lz,36103190404,,current,Red Bull Arena
NWMW84L5lz,36103159603,,current,Red Bull Arena
NWMW84L5lz,36103169904,,current,Red Bull Arena
NWMW84L5lz,36103190605,,current,Red Bull Arena
NWMW84L5lz,36103190405,,current,Red Bull Arena
NWMW84L5lz,36103122408,,current,Red Bull Arena
NWMW84L5lz,36103123204,,current,Red Bull Arena
NWMW84L5lz,36103123203,,current,Red Bull Arena
NWMW84L5lz,36103123403,,current,Red Bull Arena
NWMW84L5lz,36103124301,,current,Red Bull Arena
NWMW84L5lz,36103124302,,current,Red Bull Arena
NWMW84L5lz,36103145601,,current,Red Bull Arena
NWMW84L5lz,36103201200,,current,Red Bull Arena
NWMW84L5lz,36103145905,,current,Red Bull Arena
NWMW84L5lz,36103145904,,current,Red Bull Arena
NWMW84L5lz,36103110602,,current,Red Bull Arena
NWMW84L5lz,36103135500,,current,Red Bull Arena
NWMW84L5lz,36103123404,,current,Red Bull Arena
NWMW84L5lz,36103134909,,current,Red Bull Arena
NWMW84L5lz,36103158208,,current,Red Bull Arena
NWMW84L5lz,36103123303,,current,Red Bull Arena
NWMW84L5lz,36103111102,,current,Red Bull Arena
NWMW84L5lz,36103111101,,current,Red Bull Arena
NWMW84L5lz,36103111508,,current,Red Bull Arena
NWMW84L5lz,36103111507,,current,Red Bull Arena
NWMW84L5lz,36103123703,,current,Red Bull Arena
NWMW84L5lz,36103123704,,current,Red Bull Arena
NWMW84L5lz,36103134908,,current,Red Bull Arena
NWMW84L5lz,36103112219,,current,Red Bull Arena
NWMW84L5lz,36103112218,,current,Red Bull Arena
NWMW84L5lz,36029010803,,current,Red Bull Arena
NWMW84L5lz,36029012800,,current,Red Bull Arena
NWMW84L5lz,36029012902,,current,Red Bull Arena
NWMW84L5lz,36029013001,,current,Red Bull Arena
NWMW84L5lz,36055012500,,current,Red Bull Arena
NWMW84L5lz,36055012600,,current,Red Bull Arena
NWMW84L5lz,36055012700,,current,Red Bull Arena
NWMW84L5lz,36055012800,,current,Red Bull Arena
NWMW84L5lz,36055012900,,current,Red Bull Arena
NWMW84L5lz,36055013101,,current,Red Bull Arena
NWMW84L5lz,36035970300,,current,Red Bull Arena
NWMW84L5lz,36035970400,,current,Red Bull Arena
NWMW84L5lz,36035971400,,current,Red Bull Arena
NWMW84L5lz,36055013103,,current,Red Bull Arena
NWMW84L5lz,36055013104,,current,Red Bull Arena
NWMW84L5lz,36055013206,,current,Red Bull Arena
NWMW84L5lz,36029010804,,current,Red Bull Arena
NWMW84L5lz,36029010805,,current,Red Bull Arena
NWMW84L5lz,36029010807,,current,Red Bull Arena
NWMW84L5lz,36027060202,,current,Red Bull Arena
NWMW84L5lz,36027140101,,current,Red Bull Arena
NWMW84L5lz,36027150004,,current,Red Bull Arena
NWMW84L5lz,36027140602,,current,Red Bull Arena
NWMW84L5lz,36055013402,,current,Red Bull Arena
NWMW84L5lz,36055013503,,current,Red Bull Arena
NWMW84L5lz,36055013505,,current,Red Bull Arena
NWMW84L5lz,36055013601,,current,Red Bull Arena
NWMW84L5lz,36055013603,,current,Red Bull Arena
NWMW84L5lz,36027150003,,current,Red Bull Arena
NWMW84L5lz,36027150006,,current,Red Bull Arena
NWMW84L5lz,36005006100,97.0,current,Red Bull Arena
NWMW84L5lz,36005006400,109.0,current,Red Bull Arena
NWMW84L5lz,36005006700,93.0,current,Red Bull Arena
NWMW84L5lz,36005006800,108.0,current,Red Bull Arena
NWMW84L5lz,36005007000,107.0,current,Red Bull Arena
NWMW84L5lz,36005007100,94.0,current,Red Bull Arena
NWMW84L5lz,36005007300,91.0,current,Red Bull Arena
NWMW84L5lz,36005007500,94.0,current,Red Bull Arena
NWMW84L5lz,36005007700,93.0,current,Red Bull Arena
NWMW84L5lz,36005007800,115.0,current,Red Bull Arena
NWMW84L5lz,36005007900,93.0,current,Red Bull Arena
NWMW84L5lz,36005008400,,current,Red Bull Arena
NWMW84L5lz,36023970100,,current,Red Bull Arena
NWMW84L5lz,36089492301,,current,Red Bull Arena
NWMW84L5lz,36089493000,,current,Red Bull Arena
NWMW84L5lz,36089492501,,current,Red Bull Arena
NWMW84L5lz,36089492302,,current,Red Bull Arena
NWMW84L5lz,36089492401,,current,Red Bull Arena
NWMW84L5lz,36095740300,,current,Red Bull Arena
NWMW84L5lz,36095740700,,current,Red Bull Arena
NWMW84L5lz,36095740800,,current,Red Bull Arena
NWMW84L5lz,36095740200,,current,Red Bull Arena
NWMW84L5lz,36095740400,,current,Red Bull Arena
NWMW84L5lz,36095740500,,current,Red Bull Arena
NWMW84L5lz,36005019700,93.0,current,Red Bull Arena
NWMW84L5lz,36047114400,96.0,current,Red Bull Arena
NWMW84L5lz,36005019900,99.0,current,Red Bull Arena
NWMW84L5lz,36005020100,106.0,current,Red Bull Arena
NWMW84L5lz,36047015200,109.0,current,Red Bull Arena
NWMW84L5lz,36005021200,112.0,current,Red Bull Arena
NWMW84L5lz,36005021301,104.0,current,Red Bull Arena
NWMW84L5lz,36005021302,104.0,current,Red Bull Arena
NWMW84L5lz,36005021501,105.0,current,Red Bull Arena
NWMW84L5lz,36005021502,103.0,current,Red Bull Arena
NWMW84L5lz,36005021602,111.0,current,Red Bull Arena
NWMW84L5lz,36005021800,108.0,current,Red Bull Arena
NWMW84L5lz,36005021900,96.0,current,Red Bull Arena
NWMW84L5lz,36005022000,104.0,current,Red Bull Arena
NWMW84L5lz,36047056100,91.0,current,Red Bull Arena
NWMW84L5lz,36005022300,97.0,current,Red Bull Arena
NWMW84L5lz,36005022401,107.0,current,Red Bull Arena
NWMW84L5lz,36005022500,102.0,current,Red Bull Arena
NWMW84L5lz,36005022702,96.0,current,Red Bull Arena
NWMW84L5lz,36047092400,97.0,current,Red Bull Arena
NWMW84L5lz,36035970800,,current,Red Bull Arena
NWMW84L5lz,36029010901,,current,Red Bull Arena
NWMW84L5lz,36055013604,,current,Red Bull Arena
NWMW84L5lz,36055013701,,current,Red Bull Arena
NWMW84L5lz,36055013702,,current,Red Bull Arena
NWMW84L5lz,36055013800,,current,Red Bull Arena
NWMW84L5lz,36055013901,,current,Red Bull Arena
NWMW84L5lz,36055014001,,current,Red Bull Arena
NWMW84L5lz,36055014004,,current,Red Bull Arena
NWMW84L5lz,36055014103,,current,Red Bull Arena
NWMW84L5lz,36055014104,,current,Red Bull Arena
NWMW84L5lz,36043010701,,current,Red Bull Arena
NWMW84L5lz,36043011001,,current,Red Bull Arena
NWMW84L5lz,36005036901,112.0,current,Red Bull Arena
NWMW84L5lz,36047000501,73.0,current,Red Bull Arena
NWMW84L5lz,36005036400,,current,Red Bull Arena
NWMW84L5lz,36005007200,108.0,current,Red Bull Arena
NWMW84L5lz,36005012101,99.0,current,Red Bull Arena
NWMW84L5lz,36005000200,,current,Red Bull Arena
NWMW84L5lz,36047035601,118.0,current,Red Bull Arena
NWMW84L5lz,36005005400,102.0,current,Red Bull Arena
NWMW84L5lz,36047050801,92.0,current,Red Bull Arena
NWMW84L5lz,36005002701,94.0,current,Red Bull Arena
NWMW84L5lz,36005006200,107.0,current,Red Bull Arena
NWMW84L5lz,36005028700,107.0,current,Red Bull Arena
NWMW84L5lz,36047051001,96.0,current,Red Bull Arena
NWMW84L5lz,36005023100,110.0,current,Red Bull Arena
NWMW84L5lz,36005024100,99.0,current,Red Bull Arena
NWMW84L5lz,36047051602,99.0,current,Red Bull Arena
NWMW84L5lz,36047079601,90.0,current,Red Bull Arena
NWMW84L5lz,36047079602,94.0,current,Red Bull Arena
NWMW84L5lz,36005038200,,current,Red Bull Arena
NWMW84L5lz,36005039600,115.0,current,Red Bull Arena
NWMW84L5lz,36043011100,,current,Red Bull Arena
NWMW84L5lz,36043011200,,current,Red Bull Arena
NWMW84L5lz,36043011301,,current,Red Bull Arena
NWMW84L5lz,36029016900,,current,Red Bull Arena
NWMW84L5lz,36005041500,117.0,current,Red Bull Arena
NWMW84L5lz,36005042901,118.0,current,Red Bull Arena
NWMW84L5lz,36005044901,,current,Red Bull Arena
NWMW84L5lz,36005000100,,current,Red Bull Arena
NWMW84L5lz,36005000400,,current,Red Bull Arena
NWMW84L5lz,36005001600,,current,Red Bull Arena
NWMW84L5lz,36029017000,,current,Red Bull Arena
NWMW84L5lz,36005008500,98.0,current,Red Bull Arena
NWMW84L5lz,36005013000,,current,Red Bull Arena
NWMW84L5lz,36005013200,,current,Red Bull Arena
NWMW84L5lz,36005013500,107.0,current,Red Bull Arena
NWMW84L5lz,36005013800,,current,Red Bull Arena
NWMW84L5lz,36005014300,100.0,current,Red Bull Arena
NWMW84L5lz,36005014400,,current,Red Bull Arena
NWMW84L5lz,36005014900,109.0,current,Red Bull Arena
NWMW84L5lz,36005015100,103.0,current,Red Bull Arena
NWMW84L5lz,36005015500,99.0,current,Red Bull Arena
NWMW84L5lz,36005016000,,current,Red Bull Arena
NWMW84L5lz,36005016100,98.0,current,Red Bull Arena
NWMW84L5lz,36005016200,,current,Red Bull Arena
NWMW84L5lz,36005016300,110.0,current,Red Bull Arena
NWMW84L5lz,36005016500,112.0,current,Red Bull Arena
NWMW84L5lz,36099950500,,current,Red Bull Arena
NWMW84L5lz,36099950400,,current,Red Bull Arena
NWMW84L5lz,36099950300,,current,Red Bull Arena
NWMW84L5lz,36099950600,,current,Red Bull Arena
NWMW84L5lz,36099950100,,current,Red Bull Arena
NWMW84L5lz,36099950700,,current,Red Bull Arena
NWMW84L5lz,36099950900,,current,Red Bull Arena
NWMW84L5lz,36099950200,,current,Red Bull Arena
NWMW84L5lz,36005008900,99.0,current,Red Bull Arena
NWMW84L5lz,36047093200,102.0,current,Red Bull Arena
NWMW84L5lz,36005009200,109.0,current,Red Bull Arena
NWMW84L5lz,36047110400,107.0,current,Red Bull Arena
NWMW84L5lz,36005009800,118.0,current,Red Bull Arena
NWMW84L5lz,36047016600,116.0,current,Red Bull Arena
NWMW84L5lz,36099951000,,current,Red Bull Arena
NWMW84L5lz,36005008600,,current,Red Bull Arena
NWMW84L5lz,36005008700,94.0,current,Red Bull Arena
NWMW84L5lz,36005011000,,current,Red Bull Arena
NWMW84L5lz,36005011502,107.0,current,Red Bull Arena
NWMW84L5lz,36047111600,103.0,current,Red Bull Arena
NWMW84L5lz,36047004400,100.0,current,Red Bull Arena
NWMW84L5lz,36047030500,84.0,current,Red Bull Arena
NWMW84L5lz,36029011000,,current,Red Bull Arena
NWMW84L5lz,36029011300,,current,Red Bull Arena
NWMW84L5lz,36029011500,,current,Red Bull Arena
NWMW84L5lz,36027190101,,current,Red Bull Arena
NWMW84L5lz,36027040003,,current,Red Bull Arena
NWMW84L5lz,36027410000,,current,Red Bull Arena
NWMW84L5lz,36065022400,,current,Red Bull Arena
NWMW84L5lz,36065022800,,current,Red Bull Arena
NWMW84L5lz,36065023400,,current,Red Bull Arena
NWMW84L5lz,36065024000,,current,Red Bull Arena
NWMW84L5lz,36065024800,,current,Red Bull Arena
NWMW84L5lz,36065025002,,current,Red Bull Arena
NWMW84L5lz,36065020300,,current,Red Bull Arena
NWMW84L5lz,36065021000,,current,Red Bull Arena
NWMW84L5lz,36029011600,,current,Red Bull Arena
NWMW84L5lz,36029011700,,current,Red Bull Arena
NWMW84L5lz,36029011800,,current,Red Bull Arena
NWMW84L5lz,36043010900,,current,Red Bull Arena
NWMW84L5lz,36043011302,,current,Red Bull Arena
NWMW84L5lz,36043011002,,current,Red Bull Arena
NWMW84L5lz,36043010300,,current,Red Bull Arena
NWMW84L5lz,36043010202,,current,Red Bull Arena
NWMW84L5lz,36043010501,,current,Red Bull Arena
NWMW84L5lz,36055014202,,current,Red Bull Arena
NWMW84L5lz,36055014204,,current,Red Bull Arena
NWMW84L5lz,36055014301,,current,Red Bull Arena
NWMW84L5lz,36055014302,,current,Red Bull Arena
NWMW84L5lz,36055014400,,current,Red Bull Arena
NWMW84L5lz,36005002300,90.0,current,Red Bull Arena
NWMW84L5lz,36005002400,,current,Red Bull Arena
NWMW84L5lz,36005002500,92.0,current,Red Bull Arena
NWMW84L5lz,36005002702,92.0,current,Red Bull Arena
NWMW84L5lz,36005002800,109.0,current,Red Bull Arena
NWMW84L5lz,36005003500,97.0,current,Red Bull Arena
NWMW84L5lz,36005003700,99.0,current,Red Bull Arena
NWMW84L5lz,36005003900,94.0,current,Red Bull Arena
NWMW84L5lz,36005004300,93.0,current,Red Bull Arena
NWMW84L5lz,36005004400,113.0,current,Red Bull Arena
NWMW84L5lz,36005004800,105.0,current,Red Bull Arena
NWMW84L5lz,36065021103,,current,Red Bull Arena
NWMW84L5lz,36065021201,,current,Red Bull Arena
NWMW84L5lz,36065021202,,current,Red Bull Arena
NWMW84L5lz,36065021301,,current,Red Bull Arena
NWMW84L5lz,36065021303,,current,Red Bull Arena
NWMW84L5lz,36029002900,,current,Red Bull Arena
NWMW84L5lz,36029003000,,current,Red Bull Arena
NWMW84L5lz,36029003100,,current,Red Bull Arena
NWMW84L5lz,36029003301,,current,Red Bull Arena
NWMW84L5lz,36029003302,,current,Red Bull Arena
NWMW84L5lz,36029003400,,current,Red Bull Arena
NWMW84L5lz,36029003600,,current,Red Bull Arena
NWMW84L5lz,36029003901,,current,Red Bull Arena
NWMW84L5lz,36043010201,,current,Red Bull Arena
NWMW84L5lz,36055014501,,current,Red Bull Arena
NWMW84L5lz,36055014503,,current,Red Bull Arena
NWMW84L5lz,36055014504,,current,Red Bull Arena
NWMW84L5lz,36087012401,,current,Red Bull Arena
NWMW84L5lz,36065021402,,current,Red Bull Arena
NWMW84L5lz,36065021500,,current,Red Bull Arena
NWMW84L5lz,36065021601,,current,Red Bull Arena
NWMW84L5lz,36065021602,,current,Red Bull Arena
NWMW84L5lz,36065026300,,current,Red Bull Arena
NWMW84L5lz,36071012800,,current,Red Bull Arena
NWMW84L5lz,36071012900,,current,Red Bull Arena
NWMW84L5lz,36001014503,,current,Red Bull Arena
NWMW84L5lz,36001014606,,current,Red Bull Arena
NWMW84L5lz,36005016700,112.0,current,Red Bull Arena
NWMW84L5lz,36005016900,109.0,current,Red Bull Arena
NWMW84L5lz,36005017300,100.0,current,Red Bull Arena
NWMW84L5lz,36043010400,,current,Red Bull Arena
NWMW84L5lz,36005016600,,current,Red Bull Arena
NWMW84L5lz,36005017500,103.0,current,Red Bull Arena
NWMW84L5lz,36005018400,,current,Red Bull Arena
NWMW84L5lz,36005018900,100.0,current,Red Bull Arena
NWMW84L5lz,36005019300,104.0,current,Red Bull Arena
NWMW84L5lz,36005019400,,current,Red Bull Arena
NWMW84L5lz,36085024401,,current,Red Bull Arena
NWMW84L5lz,36005011800,,current,Red Bull Arena
NWMW84L5lz,36005012102,99.0,current,Red Bull Arena
NWMW84L5lz,36005012300,100.0,current,Red Bull Arena
NWMW84L5lz,36005012500,98.0,current,Red Bull Arena
NWMW84L5lz,36005012701,94.0,current,Red Bull Arena
NWMW84L5lz,36047076800,98.0,current,Red Bull Arena
NWMW84L5lz,36047094600,106.0,current,Red Bull Arena
NWMW84L5lz,36035970100,,current,Red Bull Arena
NWMW84L5lz,36035970700,,current,Red Bull Arena
NWMW84L5lz,36035971300,,current,Red Bull Arena
NWMW84L5lz,36035970200,,current,Red Bull Arena
NWMW84L5lz,36035970500,,current,Red Bull Arena
NWMW84L5lz,36047119800,96.0,current,Red Bull Arena
NWMW84L5lz,36029012001,,current,Red Bull Arena
NWMW84L5lz,36029012002,,current,Red Bull Arena
NWMW84L5lz,36029012003,,current,Red Bull Arena
NWMW84L5lz,36029012300,,current,Red Bull Arena
NWMW84L5lz,36029012400,,current,Red Bull Arena
NWMW84L5lz,36035970900,,current,Red Bull Arena
NWMW84L5lz,36035971000,,current,Red Bull Arena
NWMW84L5lz,36035971100,,current,Red Bull Arena
NWMW84L5lz,36035971200,,current,Red Bull Arena
NWMW84L5lz,36029012502,,current,Red Bull Arena
NWMW84L5lz,36039080100,,current,Red Bull Arena
NWMW84L5lz,36001014608,,current,Red Bull Arena
NWMW84L5lz,36001014609,,current,Red Bull Arena
NWMW84L5lz,36001014612,,current,Red Bull Arena
NWMW84L5lz,36001014801,,current,Red Bull Arena
NWMW84L5lz,36001014802,,current,Red Bull Arena
NWMW84L5lz,36029005700,,current,Red Bull Arena
NWMW84L5lz,36029005900,,current,Red Bull Arena
NWMW84L5lz,36055014505,,current,Red Bull Arena
NWMW84L5lz,36055014700,,current,Red Bull Arena
NWMW84L5lz,36065023502,,current,Red Bull Arena
NWMW84L5lz,36065024400,,current,Red Bull Arena
NWMW84L5lz,36065024302,,current,Red Bull Arena
NWMW84L5lz,36065024700,,current,Red Bull Arena
NWMW84L5lz,36065024303,,current,Red Bull Arena
NWMW84L5lz,36065021302,,current,Red Bull Arena
NWMW84L5lz,36065024500,,current,Red Bull Arena
NWMW84L5lz,36065022200,,current,Red Bull Arena
NWMW84L5lz,36043011400,,current,Red Bull Arena
NWMW84L5lz,36055014802,,current,Red Bull Arena
NWMW84L5lz,36055014803,,current,Red Bull Arena
NWMW84L5lz,36055014901,,current,Red Bull Arena
NWMW84L5lz,36005040900,116.0,current,Red Bull Arena
NWMW84L5lz,36005041100,112.0,current,Red Bull Arena
NWMW84L5lz,36071013000,,current,Red Bull Arena
NWMW84L5lz,36071013500,,current,Red Bull Arena
NWMW84L5lz,36071013700,,current,Red Bull Arena
NWMW84L5lz,36005041300,112.0,current,Red Bull Arena
NWMW84L5lz,36005041400,,current,Red Bull Arena
NWMW84L5lz,36005041800,,current,Red Bull Arena
NWMW84L5lz,36005040800,115.0,current,Red Bull Arena
NWMW84L5lz,36005041900,111.0,current,Red Bull Arena
NWMW84L5lz,36005042100,110.0,current,Red Bull Arena
NWMW84L5lz,36005042200,117.0,current,Red Bull Arena
NWMW84L5lz,36005042300,118.0,current,Red Bull Arena
NWMW84L5lz,36005042400,,current,Red Bull Arena
NWMW84L5lz,36005042500,,current,Red Bull Arena
NWMW84L5lz,36005042600,,current,Red Bull Arena
NWMW84L5lz,36005042902,119.0,current,Red Bull Arena
NWMW84L5lz,36005043000,,current,Red Bull Arena
NWMW84L5lz,36005035100,118.0,current,Red Bull Arena
NWMW84L5lz,36005035600,,current,Red Bull Arena
NWMW84L5lz,36005035800,,current,Red Bull Arena
NWMW84L5lz,36005035900,102.0,current,Red Bull Arena
NWMW84L5lz,36005036100,101.0,current,Red Bull Arena
NWMW84L5lz,36005036300,108.0,current,Red Bull Arena
NWMW84L5lz,36005036502,105.0,current,Red Bull Arena
NWMW84L5lz,36065021401,,current,Red Bull Arena
NWMW84L5lz,36065023702,,current,Red Bull Arena
NWMW84L5lz,36065023200,,current,Red Bull Arena
NWMW84L5lz,36065020802,,current,Red Bull Arena
NWMW84L5lz,36065022702,,current,Red Bull Arena
NWMW84L5lz,36065025900,,current,Red Bull Arena
NWMW84L5lz,36065020900,,current,Red Bull Arena
NWMW84L5lz,36065020803,,current,Red Bull Arena
NWMW84L5lz,36005036700,102.0,current,Red Bull Arena
NWMW84L5lz,36005036902,108.0,current,Red Bull Arena
NWMW84L5lz,36005043600,,current,Red Bull Arena
NWMW84L5lz,36005044200,,current,Red Bull Arena
NWMW84L5lz,36005044800,,current,Red Bull Arena
NWMW84L5lz,36005045102,,current,Red Bull Arena
NWMW84L5lz,36005045800,,current,Red Bull Arena
NWMW84L5lz,36005037200,115.0,current,Red Bull Arena
NWMW84L5lz,36005037000,119.0,current,Red Bull Arena
NWMW84L5lz,36005037300,114.0,current,Red Bull Arena
NWMW84L5lz,36005037400,111.0,current,Red Bull Arena
NWMW84L5lz,36005050400,,current,Red Bull Arena
NWMW84L5lz,36005004100,96.0,current,Red Bull Arena
NWMW84L5lz,36005011900,99.0,current,Red Bull Arena
NWMW84L5lz,36005024400,,current,Red Bull Arena
NWMW84L5lz,36005031200,,current,Red Bull Arena
NWMW84L5lz,36005031400,119.0,current,Red Bull Arena
NWMW84L5lz,36005032800,116.0,current,Red Bull Arena
NWMW84L5lz,36089491500,,current,Red Bull Arena
NWMW84L5lz,36005039800,,current,Red Bull Arena
NWMW84L5lz,36065021701,,current,Red Bull Arena
NWMW84L5lz,36065021702,,current,Red Bull Arena
NWMW84L5lz,36065022500,,current,Red Bull Arena
NWMW84L5lz,36055014903,,current,Red Bull Arena
NWMW84L5lz,36055015000,,current,Red Bull Arena
NWMW84L5lz,36065021900,,current,Red Bull Arena
NWMW84L5lz,36065022000,,current,Red Bull Arena
NWMW84L5lz,36065022100,,current,Red Bull Arena
NWMW84L5lz,36071010400,,current,Red Bull Arena
NWMW84L5lz,36071011200,,current,Red Bull Arena
NWMW84L5lz,36071011500,,current,Red Bull Arena
NWMW84L5lz,36071012100,,current,Red Bull Arena
NWMW84L5lz,36065022701,,current,Red Bull Arena
NWMW84L5lz,36065980100,,current,Red Bull Arena
NWMW84L5lz,36119000701,,current,Red Bull Arena
NWMW84L5lz,36119000702,,current,Red Bull Arena
NWMW84L5lz,36119000801,,current,Red Bull Arena
NWMW84L5lz,36119000802,,current,Red Bull Arena
NWMW84L5lz,36119000900,,current,Red Bull Arena
NWMW84L5lz,36119001000,,current,Red Bull Arena
NWMW84L5lz,36119001102,,current,Red Bull Arena
NWMW84L5lz,36119001200,,current,Red Bull Arena
NWMW84L5lz,36047088400,91.0,current,Red Bull Arena
NWMW84L5lz,36047088600,96.0,current,Red Bull Arena
NWMW84L5lz,36047089000,94.0,current,Red Bull Arena
NWMW84L5lz,36047089200,88.0,current,Red Bull Arena
NWMW84L5lz,36047089400,85.0,current,Red Bull Arena
NWMW84L5lz,36047089600,96.0,current,Red Bull Arena
NWMW84L5lz,36047004500,79.0,current,Red Bull Arena
NWMW84L5lz,36047004700,90.0,current,Red Bull Arena
NWMW84L5lz,36047004900,85.0,current,Red Bull Arena
NWMW84L5lz,36047005000,105.0,current,Red Bull Arena
NWMW84L5lz,36047005201,98.0,current,Red Bull Arena
NWMW84L5lz,36047005400,96.0,current,Red Bull Arena
NWMW84L5lz,36047005602,104.0,current,Red Bull Arena
NWMW84L5lz,36047005900,95.0,current,Red Bull Arena
NWMW84L5lz,36047006000,103.0,current,Red Bull Arena
NWMW84L5lz,36047006300,85.0,current,Red Bull Arena
NWMW84L5lz,36047006400,98.0,current,Red Bull Arena
NWMW84L5lz,36047006500,83.0,current,Red Bull Arena
NWMW84L5lz,36047006600,92.0,current,Red Bull Arena
NWMW84L5lz,36047006700,85.0,current,Red Bull Arena
NWMW84L5lz,36047006800,86.0,current,Red Bull Arena
NWMW84L5lz,36047007000,85.0,current,Red Bull Arena
NWMW84L5lz,36047007100,80.0,current,Red Bull Arena
NWMW84L5lz,36047007200,91.0,current,Red Bull Arena
NWMW84L5lz,36047007500,81.0,current,Red Bull Arena
NWMW84L5lz,36047008400,85.0,current,Red Bull Arena
NWMW84L5lz,36029016400,,current,Red Bull Arena
NWMW84L5lz,36119001301,,current,Red Bull Arena
NWMW84L5lz,36119001302,,current,Red Bull Arena
NWMW84L5lz,36119001401,,current,Red Bull Arena
NWMW84L5lz,36119001402,,current,Red Bull Arena
NWMW84L5lz,36119001403,,current,Red Bull Arena
NWMW84L5lz,36091062300,,current,Red Bull Arena
NWMW84L5lz,36081038302,,current,Red Bull Arena
NWMW84L5lz,36047008500,94.0,current,Red Bull Arena
NWMW84L5lz,36047008600,100.0,current,Red Bull Arena
NWMW84L5lz,36047008800,96.0,current,Red Bull Arena
NWMW84L5lz,36047009600,97.0,current,Red Bull Arena
NWMW84L5lz,36047009800,101.0,current,Red Bull Arena
NWMW84L5lz,36047010000,100.0,current,Red Bull Arena
NWMW84L5lz,36047010100,89.0,current,Red Bull Arena
NWMW84L5lz,36047011000,95.0,current,Red Bull Arena
NWMW84L5lz,36047011200,98.0,current,Red Bull Arena
NWMW84L5lz,36047011400,103.0,current,Red Bull Arena
NWMW84L5lz,36047011600,103.0,current,Red Bull Arena
NWMW84L5lz,36047011700,85.0,current,Red Bull Arena
NWMW84L5lz,36047012000,97.0,current,Red Bull Arena
NWMW84L5lz,36047012100,81.0,current,Red Bull Arena
NWMW84L5lz,36047012700,81.0,current,Red Bull Arena
NWMW84L5lz,36047012901,78.0,current,Red Bull Arena
NWMW84L5lz,36047012902,75.0,current,Red Bull Arena
NWMW84L5lz,36047013100,83.0,current,Red Bull Arena
NWMW84L5lz,36047013200,108.0,current,Red Bull Arena
NWMW84L5lz,36047013400,102.0,current,Red Bull Arena
NWMW84L5lz,36047013600,103.0,current,Red Bull Arena
NWMW84L5lz,36047013700,86.0,current,Red Bull Arena
NWMW84L5lz,36047013800,105.0,current,Red Bull Arena
NWMW84L5lz,36027190301,,current,Red Bull Arena
NWMW84L5lz,36079010100,,current,Red Bull Arena
NWMW84L5lz,36119014607,,current,Red Bull Arena
NWMW84L5lz,36079011700,,current,Red Bull Arena
NWMW84L5lz,36119014806,,current,Red Bull Arena
NWMW84L5lz,36091062200,,current,Red Bull Arena
NWMW84L5lz,36119001502,,current,Red Bull Arena
NWMW84L5lz,36119001503,,current,Red Bull Arena
NWMW84L5lz,36119001504,,current,Red Bull Arena
NWMW84L5lz,36119001505,,current,Red Bull Arena
NWMW84L5lz,36119001600,,current,Red Bull Arena
NWMW84L5lz,36119001800,,current,Red Bull Arena
NWMW84L5lz,36119001900,,current,Red Bull Arena
NWMW84L5lz,36119002000,,current,Red Bull Arena
NWMW84L5lz,36119002103,,current,Red Bull Arena
NWMW84L5lz,36119002104,,current,Red Bull Arena
NWMW84L5lz,36119002105,,current,Red Bull Arena
NWMW84L5lz,36119002106,,current,Red Bull Arena
NWMW84L5lz,36075021402,,current,Red Bull Arena
NWMW84L5lz,36075021501,,current,Red Bull Arena
NWMW84L5lz,36029010202,,current,Red Bull Arena
NWMW84L5lz,36029010201,,current,Red Bull Arena
NWMW84L5lz,36029016700,,current,Red Bull Arena
NWMW84L5lz,36029013300,,current,Red Bull Arena
NWMW84L5lz,36067002400,,current,Red Bull Arena
NWMW84L5lz,36067002700,,current,Red Bull Arena
NWMW84L5lz,36067003000,,current,Red Bull Arena
NWMW84L5lz,36067003200,,current,Red Bull Arena
NWMW84L5lz,36071011101,,current,Red Bull Arena
NWMW84L5lz,36071015100,,current,Red Bull Arena
NWMW84L5lz,36075021602,,current,Red Bull Arena
NWMW84L5lz,36075021603,,current,Red Bull Arena
NWMW84L5lz,36075021604,,current,Red Bull Arena
NWMW84L5lz,36075021605,,current,Red Bull Arena
NWMW84L5lz,36067003400,,current,Red Bull Arena
NWMW84L5lz,36067012000,,current,Red Bull Arena
NWMW84L5lz,36067012200,,current,Red Bull Arena
NWMW84L5lz,36067012500,,current,Red Bull Arena
NWMW84L5lz,36071010801,,current,Red Bull Arena
NWMW84L5lz,36067011800,,current,Red Bull Arena
NWMW84L5lz,36067011700,,current,Red Bull Arena
NWMW84L5lz,36067013300,,current,Red Bull Arena
NWMW84L5lz,36067013400,,current,Red Bull Arena
NWMW84L5lz,36067013500,,current,Red Bull Arena
NWMW84L5lz,36067013600,,current,Red Bull Arena
NWMW84L5lz,36067013800,,current,Red Bull Arena
NWMW84L5lz,36055013508,,current,Red Bull Arena
NWMW84L5lz,36067005200,,current,Red Bull Arena
NWMW84L5lz,36067005500,,current,Red Bull Arena
NWMW84L5lz,36067005601,,current,Red Bull Arena
NWMW84L5lz,36067005700,,current,Red Bull Arena
NWMW84L5lz,36023971200,,current,Red Bull Arena
NWMW84L5lz,36067005800,,current,Red Bull Arena
NWMW84L5lz,36067005900,,current,Red Bull Arena
NWMW84L5lz,36067006000,,current,Red Bull Arena
NWMW84L5lz,36067006101,,current,Red Bull Arena
NWMW84L5lz,36067006102,,current,Red Bull Arena
NWMW84L5lz,36067006103,,current,Red Bull Arena
NWMW84L5lz,36111954000,,current,Red Bull Arena
NWMW84L5lz,36111952800,,current,Red Bull Arena
NWMW84L5lz,36111950300,,current,Red Bull Arena
NWMW84L5lz,36111951500,,current,Red Bull Arena
NWMW84L5lz,36111952600,,current,Red Bull Arena
NWMW84L5lz,36111954700,,current,Red Bull Arena
NWMW84L5lz,36111950600,,current,Red Bull Arena
NWMW84L5lz,36111950200,,current,Red Bull Arena
NWMW84L5lz,36111953800,,current,Red Bull Arena
NWMW84L5lz,36111954600,,current,Red Bull Arena
NWMW84L5lz,36111953700,,current,Red Bull Arena
NWMW84L5lz,36111951200,,current,Red Bull Arena
NWMW84L5lz,36111950500,,current,Red Bull Arena
NWMW84L5lz,36111953900,,current,Red Bull Arena
NWMW84L5lz,36067013900,,current,Red Bull Arena
NWMW84L5lz,36067014000,,current,Red Bull Arena
NWMW84L5lz,36067014200,,current,Red Bull Arena
NWMW84L5lz,36067014300,,current,Red Bull Arena
NWMW84L5lz,36067014400,,current,Red Bull Arena
NWMW84L5lz,36067014500,,current,Red Bull Arena
NWMW84L5lz,36119006400,,current,Red Bull Arena
NWMW84L5lz,36119006500,,current,Red Bull Arena
NWMW84L5lz,36119006600,,current,Red Bull Arena
NWMW84L5lz,36119006700,,current,Red Bull Arena
NWMW84L5lz,36119006801,,current,Red Bull Arena
NWMW84L5lz,36119008902,,current,Red Bull Arena
NWMW84L5lz,36119009000,,current,Red Bull Arena
NWMW84L5lz,36119009100,,current,Red Bull Arena
NWMW84L5lz,36119009300,,current,Red Bull Arena
NWMW84L5lz,36119009703,,current,Red Bull Arena
NWMW84L5lz,36119009800,,current,Red Bull Arena
NWMW84L5lz,36119009900,,current,Red Bull Arena
NWMW84L5lz,36119010000,,current,Red Bull Arena
NWMW84L5lz,36067000400,,current,Red Bull Arena
NWMW84L5lz,36067000700,,current,Red Bull Arena
NWMW84L5lz,36111951100,,current,Red Bull Arena
NWMW84L5lz,36067011012,,current,Red Bull Arena
NWMW84L5lz,36067011021,,current,Red Bull Arena
NWMW84L5lz,36067011022,,current,Red Bull Arena
NWMW84L5lz,36111951300,,current,Red Bull Arena
NWMW84L5lz,36111951400,,current,Red Bull Arena
NWMW84L5lz,36111951600,,current,Red Bull Arena
NWMW84L5lz,36111951700,,current,Red Bull Arena
NWMW84L5lz,36067011101,,current,Red Bull Arena
NWMW84L5lz,36067011102,,current,Red Bull Arena
NWMW84L5lz,36067011201,,current,Red Bull Arena
NWMW84L5lz,36029009110,,current,Red Bull Arena
NWMW84L5lz,36029013201,,current,Red Bull Arena
NWMW84L5lz,36067014600,,current,Red Bull Arena
NWMW84L5lz,36067014700,,current,Red Bull Arena
NWMW84L5lz,36067014800,,current,Red Bull Arena
NWMW84L5lz,36119007100,,current,Red Bull Arena
NWMW84L5lz,36119009400,,current,Red Bull Arena
NWMW84L5lz,36119009500,,current,Red Bull Arena
NWMW84L5lz,36119009600,,current,Red Bull Arena
NWMW84L5lz,36119009701,,current,Red Bull Arena
NWMW84L5lz,36119009702,,current,Red Bull Arena
NWMW84L5lz,36119014810,,current,Red Bull Arena
NWMW84L5lz,36067014900,,current,Red Bull Arena
NWMW84L5lz,36119014811,,current,Red Bull Arena
NWMW84L5lz,36119010100,,current,Red Bull Arena
NWMW84L5lz,36119010801,,current,Red Bull Arena
NWMW84L5lz,36119010803,,current,Red Bull Arena
NWMW84L5lz,36119010804,,current,Red Bull Arena
NWMW84L5lz,36119010901,,current,Red Bull Arena
NWMW84L5lz,36067016300,,current,Red Bull Arena
NWMW84L5lz,36119010902,,current,Red Bull Arena
NWMW84L5lz,36119010903,,current,Red Bull Arena
NWMW84L5lz,36119011000,,current,Red Bull Arena
NWMW84L5lz,36119011102,,current,Red Bull Arena
NWMW84L5lz,36067000800,,current,Red Bull Arena
NWMW84L5lz,36079010800,,current,Red Bull Arena
NWMW84L5lz,36079011600,,current,Red Bull Arena
NWMW84L5lz,36079011300,,current,Red Bull Arena
NWMW84L5lz,36079011900,,current,Red Bull Arena
NWMW84L5lz,36079010700,,current,Red Bull Arena
NWMW84L5lz,36079011100,,current,Red Bull Arena
NWMW84L5lz,36079010500,,current,Red Bull Arena
NWMW84L5lz,36079011400,,current,Red Bull Arena
NWMW84L5lz,36079010300,,current,Red Bull Arena
NWMW84L5lz,36079010400,,current,Red Bull Arena
NWMW84L5lz,36079011000,,current,Red Bull Arena
NWMW84L5lz,36079010600,,current,Red Bull Arena
NWMW84L5lz,36067000900,,current,Red Bull Arena
NWMW84L5lz,36067001000,,current,Red Bull Arena
NWMW84L5lz,36067001500,,current,Red Bull Arena
NWMW84L5lz,36111951800,,current,Red Bull Arena
NWMW84L5lz,36111951900,,current,Red Bull Arena
NWMW84L5lz,36111952000,,current,Red Bull Arena
NWMW84L5lz,36111952100,,current,Red Bull Arena
NWMW84L5lz,36111952200,,current,Red Bull Arena
NWMW84L5lz,36067011241,,current,Red Bull Arena
NWMW84L5lz,36067011401,,current,Red Bull Arena
NWMW84L5lz,36111952300,,current,Red Bull Arena
NWMW84L5lz,36111952400,,current,Red Bull Arena
NWMW84L5lz,36067011500,,current,Red Bull Arena
NWMW84L5lz,36067011600,,current,Red Bull Arena
NWMW84L5lz,36067015100,,current,Red Bull Arena
NWMW84L5lz,36067015201,,current,Red Bull Arena
NWMW84L5lz,36067015203,,current,Red Bull Arena
NWMW84L5lz,36067015202,,current,Red Bull Arena
NWMW84L5lz,36019100700,,current,Red Bull Arena
NWMW84L5lz,36019100800,,current,Red Bull Arena
NWMW84L5lz,36019100600,,current,Red Bull Arena
NWMW84L5lz,36067016400,,current,Red Bull Arena
NWMW84L5lz,36067016501,,current,Red Bull Arena
NWMW84L5lz,36119011200,,current,Red Bull Arena
NWMW84L5lz,36111952500,,current,Red Bull Arena
NWMW84L5lz,36111952700,,current,Red Bull Arena
NWMW84L5lz,36111953400,,current,Red Bull Arena
NWMW84L5lz,36027060302,,current,Red Bull Arena
NWMW84L5lz,36067940000,,current,Red Bull Arena
NWMW84L5lz,36067004000,,current,Red Bull Arena
NWMW84L5lz,36067011242,,current,Red Bull Arena
NWMW84L5lz,36067012100,,current,Red Bull Arena
NWMW84L5lz,36019100200,,current,Red Bull Arena
NWMW84L5lz,36067015500,,current,Red Bull Arena
NWMW84L5lz,36081044400,,current,Red Bull Arena
NWMW84L5lz,36081058200,,current,Red Bull Arena
NWMW84L5lz,36081108500,,current,Red Bull Arena
NWMW84L5lz,36081109300,,current,Red Bull Arena
NWMW84L5lz,36081141700,,current,Red Bull Arena
NWMW84L5lz,36081006202,112.0,current,Red Bull Arena
NWMW84L5lz,36119011500,,current,Red Bull Arena
NWMW84L5lz,36027060400,,current,Red Bull Arena
NWMW84L5lz,36067012300,,current,Red Bull Arena
NWMW84L5lz,36067012400,,current,Red Bull Arena
NWMW84L5lz,36067003900,,current,Red Bull Arena
NWMW84L5lz,36067005400,,current,Red Bull Arena
NWMW84L5lz,36067012800,,current,Red Bull Arena
NWMW84L5lz,36067010200,,current,Red Bull Arena
NWMW84L5lz,36027640002,,current,Red Bull Arena
NWMW84L5lz,36027130004,,current,Red Bull Arena
NWMW84L5lz,36027050104,,current,Red Bull Arena
NWMW84L5lz,36119014500,,current,Red Bull Arena
NWMW84L5lz,36061016900,85.0,current,Red Bull Arena
NWMW84L5lz,36061016400,90.0,current,Red Bull Arena
NWMW84L5lz,34015501501,,current,Red Bull Arena
NWMW84L5lz,34015500704,,current,Red Bull Arena
NWMW84L5lz,34019011306,,current,Red Bull Arena
NWMW84L5lz,34019011305,,current,Red Bull Arena
NWMW84L5lz,34019010201,,current,Red Bull Arena
NWMW84L5lz,34019010202,,current,Red Bull Arena
NWMW84L5lz,34019011003,,current,Red Bull Arena
NWMW84L5lz,34019011004,,current,Red Bull Arena
NWMW84L5lz,34019011204,,current,Red Bull Arena
NWMW84L5lz,34019011203,,current,Red Bull Arena
NWMW84L5lz,34035053405,,current,Red Bull Arena
NWMW84L5lz,34035054302,,current,Red Bull Arena
NWMW84L5lz,34035054301,,current,Red Bull Arena
NWMW84L5lz,34035052604,,current,Red Bull Arena
NWMW84L5lz,34035052605,,current,Red Bull Arena
NWMW84L5lz,34015500705,,current,Red Bull Arena
NWMW84L5lz,34015500601,,current,Red Bull Arena
NWMW84L5lz,34015500602,,current,Red Bull Arena
NWMW84L5lz,34015502204,,current,Red Bull Arena
NWMW84L5lz,34015502201,,current,Red Bull Arena
NWMW84L5lz,34015502202,,current,Red Bull Arena
NWMW84L5lz,34015502203,,current,Red Bull Arena
NWMW84L5lz,34015501502,,current,Red Bull Arena
NWMW84L5lz,34031256803,,current,Red Bull Arena
NWMW84L5lz,34031256804,,current,Red Bull Arena
NWMW84L5lz,34031246300,,current,Red Bull Arena
NWMW84L5lz,34031181200,,current,Red Bull Arena
NWMW84L5lz,34031246003,,current,Red Bull Arena
NWMW84L5lz,34031223900,119.0,current,Red Bull Arena
NWMW84L5lz,34031182400,,current,Red Bull Arena
NWMW84L5lz,34031181702,119.0,current,Red Bull Arena
NWMW84L5lz,34031256805,,current,Red Bull Arena
NWMW84L5lz,34031124900,99.0,current,Red Bull Arena
NWMW84L5lz,34007603201,,current,Red Bull Arena
NWMW84L5lz,34031116500,,current,Red Bull Arena
NWMW84L5lz,34031180700,,current,Red Bull Arena
NWMW84L5lz,34031124402,90.0,current,Red Bull Arena
NWMW84L5lz,34031256802,,current,Red Bull Arena
NWMW84L5lz,34007609206,,current,Red Bull Arena
NWMW84L5lz,34007603202,,current,Red Bull Arena
NWMW84L5lz,34007609207,,current,Red Bull Arena
NWMW84L5lz,34039030704,55.0,current,Red Bull Arena
NWMW84L5lz,34017012800,40.0,current,Red Bull Arena
NWMW84L5lz,34017012900,34.0,current,Red Bull Arena
NWMW84L5lz,34039032004,64.0,current,Red Bull Arena
NWMW84L5lz,34039032401,71.0,current,Red Bull Arena
NWMW84L5lz,34039032102,79.0,current,Red Bull Arena
NWMW84L5lz,34039039501,104.0,current,Red Bull Arena
NWMW84L5lz,34039032101,80.0,current,Red Bull Arena
NWMW84L5lz,34039039502,91.0,current,Red Bull Arena
NWMW84L5lz,34039032003,63.0,current,Red Bull Arena
NWMW84L5lz,34013021200,100.0,current,Red Bull Arena
NWMW84L5lz,34013021602,,current,Red Bull Arena
NWMW84L5lz,34031175900,110.0,current,Red Bull Arena
NWMW84L5lz,34005704202,,current,Red Bull Arena
NWMW84L5lz,34005702702,,current,Red Bull Arena
NWMW84L5lz,34005702701,,current,Red Bull Arena
NWMW84L5lz,34005704201,,current,Red Bull Arena
NWMW84L5lz,34005982200,,current,Red Bull Arena
NWMW84L5lz,34041031601,,current,Red Bull Arena
NWMW84L5lz,34041031402,,current,Red Bull Arena
NWMW84L5lz,34041031401,,current,Red Bull Arena
NWMW84L5lz,34041031101,,current,Red Bull Arena
NWMW84L5lz,34041031302,,current,Red Bull Arena
NWMW84L5lz,34041031500,,current,Red Bull Arena
NWMW84L5lz,34031183200,119.0,current,Red Bull Arena
NWMW84L5lz,34039039301,85.0,current,Red Bull Arena
NWMW84L5lz,34031124311,115.0,current,Red Bull Arena
NWMW84L5lz,34031124312,102.0,current,Red Bull Arena
NWMW84L5lz,34031124321,116.0,current,Red Bull Arena
NWMW84L5lz,34031124322,93.0,current,Red Bull Arena
NWMW84L5lz,34031124323,95.0,current,Red Bull Arena
NWMW84L5lz,34031124500,116.0,current,Red Bull Arena
NWMW84L5lz,34031125000,111.0,current,Red Bull Arena
NWMW84L5lz,34031125100,114.0,current,Red Bull Arena
NWMW84L5lz,34005704015,,current,Red Bull Arena
NWMW84L5lz,34005704016,,current,Red Bull Arena
NWMW84L5lz,34031124601,117.0,current,Red Bull Arena
NWMW84L5lz,34031175200,113.0,current,Red Bull Arena
NWMW84L5lz,34013020902,,current,Red Bull Arena
NWMW84L5lz,34013021000,,current,Red Bull Arena
NWMW84L5lz,34013021100,93.0,current,Red Bull Arena
NWMW84L5lz,34031180600,,current,Red Bull Arena
NWMW84L5lz,34031180800,,current,Red Bull Arena
NWMW84L5lz,34031180900,,current,Red Bull Arena
NWMW84L5lz,34031181000,,current,Red Bull Arena
NWMW84L5lz,34031181300,,current,Red Bull Arena
NWMW84L5lz,34031181400,,current,Red Bull Arena
NWMW84L5lz,34031181500,,current,Red Bull Arena
NWMW84L5lz,34031181800,114.0,current,Red Bull Arena
NWMW84L5lz,34031181900,113.0,current,Red Bull Arena
NWMW84L5lz,34031182000,117.0,current,Red Bull Arena
NWMW84L5lz,34031182100,,current,Red Bull Arena
NWMW84L5lz,34031182200,116.0,current,Red Bull Arena
NWMW84L5lz,34041031900,,current,Red Bull Arena
NWMW84L5lz,34041032300,,current,Red Bull Arena
NWMW84L5lz,34041031200,,current,Red Bull Arena
NWMW84L5lz,34041032000,,current,Red Bull Arena
NWMW84L5lz,34041032101,,current,Red Bull Arena
NWMW84L5lz,34041031301,,current,Red Bull Arena
NWMW84L5lz,34031182600,,current,Red Bull Arena
NWMW84L5lz,34031182800,,current,Red Bull Arena
NWMW84L5lz,34031182900,109.0,current,Red Bull Arena
NWMW84L5lz,34025800101,,current,Red Bull Arena
NWMW84L5lz,34025809503,,current,Red Bull Arena
NWMW84L5lz,34025808901,,current,Red Bull Arena
NWMW84L5lz,34025808202,,current,Red Bull Arena
NWMW84L5lz,34013021801,,current,Red Bull Arena
NWMW84L5lz,34013008900,47.0,current,Red Bull Arena
NWMW84L5lz,34039039302,73.0,current,Red Bull Arena
NWMW84L5lz,34025809506,,current,Red Bull Arena
NWMW84L5lz,34025808502,,current,Red Bull Arena
NWMW84L5lz,34025807401,,current,Red Bull Arena
NWMW84L5lz,34025807006,,current,Red Bull Arena
NWMW84L5lz,34025812600,,current,Red Bull Arena
NWMW84L5lz,34025808201,,current,Red Bull Arena
NWMW84L5lz,34025808902,,current,Red Bull Arena
NWMW84L5lz,34025808501,,current,Red Bull Arena
NWMW84L5lz,34025804801,,current,Red Bull Arena
NWMW84L5lz,34025803601,,current,Red Bull Arena
NWMW84L5lz,34025809505,,current,Red Bull Arena
NWMW84L5lz,34025810504,,current,Red Bull Arena
NWMW84L5lz,34025803602,,current,Red Bull Arena
NWMW84L5lz,34025800102,,current,Red Bull Arena
NWMW84L5lz,34025810201,,current,Red Bull Arena
NWMW84L5lz,34025804802,,current,Red Bull Arena
NWMW84L5lz,34025810202,,current,Red Bull Arena
NWMW84L5lz,34025807005,,current,Red Bull Arena
NWMW84L5lz,34025810505,,current,Red Bull Arena
NWMW84L5lz,34025807402,,current,Red Bull Arena
NWMW84L5lz,34025809504,,current,Red Bull Arena
NWMW84L5lz,34031203600,,current,Red Bull Arena
NWMW84L5lz,34041030600,,current,Red Bull Arena
NWMW84L5lz,34011041002,,current,Red Bull Arena
NWMW84L5lz,34011030402,,current,Red Bull Arena
NWMW84L5lz,34011040601,,current,Red Bull Arena
NWMW84L5lz,34011040602,,current,Red Bull Arena
NWMW84L5lz,34011040701,,current,Red Bull Arena
NWMW84L5lz,34011010701,,current,Red Bull Arena
NWMW84L5lz,34011020503,,current,Red Bull Arena
NWMW84L5lz,34011010702,,current,Red Bull Arena
NWMW84L5lz,34011020302,,current,Red Bull Arena
NWMW84L5lz,34031246001,,current,Red Bull Arena
NWMW84L5lz,34031246002,,current,Red Bull Arena
NWMW84L5lz,34031246101,,current,Red Bull Arena
NWMW84L5lz,34031246102,118.0,current,Red Bull Arena
NWMW84L5lz,34031246103,,current,Red Bull Arena
NWMW84L5lz,34041030700,,current,Red Bull Arena
NWMW84L5lz,34041030800,,current,Red Bull Arena
NWMW84L5lz,34041030900,,current,Red Bull Arena
NWMW84L5lz,34041031102,,current,Red Bull Arena
NWMW84L5lz,34011020301,,current,Red Bull Arena
NWMW84L5lz,34011041101,,current,Red Bull Arena
NWMW84L5lz,34011041001,,current,Red Bull Arena
NWMW84L5lz,34011030401,,current,Red Bull Arena
NWMW84L5lz,34011040702,,current,Red Bull Arena
NWMW84L5lz,34011041102,,current,Red Bull Arena
NWMW84L5lz,34013000300,60.0,current,Red Bull Arena
NWMW84L5lz,34031246104,,current,Red Bull Arena
NWMW84L5lz,34031246201,,current,Red Bull Arena
NWMW84L5lz,34031246202,,current,Red Bull Arena
NWMW84L5lz,34031246203,,current,Red Bull Arena
NWMW84L5lz,34031256801,,current,Red Bull Arena
NWMW84L5lz,34013020800,,current,Red Bull Arena
NWMW84L5lz,34013001600,42.0,current,Red Bull Arena
NWMW84L5lz,34013009400,56.0,current,Red Bull Arena
NWMW84L5lz,34013000700,52.0,current,Red Bull Arena
NWMW84L5lz,34013020700,92.0,current,Red Bull Arena
NWMW84L5lz,34013002202,69.0,current,Red Bull Arena
NWMW84L5lz,34013012500,67.0,current,Red Bull Arena
NWMW84L5lz,34013016600,68.0,current,Red Bull Arena
NWMW84L5lz,34003031200,85.0,current,Red Bull Arena
NWMW84L5lz,34003048100,,current,Red Bull Arena
NWMW84L5lz,34003051100,88.0,current,Red Bull Arena
NWMW84L5lz,34013022800,43.0,current,Red Bull Arena
NWMW84L5lz,34013007800,37.0,current,Red Bull Arena
NWMW84L5lz,34013010600,55.0,current,Red Bull Arena
NWMW84L5lz,34013005100,49.0,current,Red Bull Arena
NWMW84L5lz,34017002400,58.0,current,Red Bull Arena
NWMW84L5lz,34017000902,50.0,current,Red Bull Arena
NWMW84L5lz,34013015300,93.0,current,Red Bull Arena
NWMW84L5lz,34013001500,41.0,current,Red Bull Arena
NWMW84L5lz,34017011600,94.0,current,Red Bull Arena
NWMW84L5lz,34017014700,69.0,current,Red Bull Arena
NWMW84L5lz,34017005600,65.0,current,Red Bull Arena
NWMW84L5lz,34017004300,59.0,current,Red Bull Arena
NWMW84L5lz,34017013000,36.0,current,Red Bull Arena
NWMW84L5lz,34017015300,86.0,current,Red Bull Arena
NWMW84L5lz,34041032102,,current,Red Bull Arena
NWMW84L5lz,34017016800,59.0,current,Red Bull Arena
NWMW84L5lz,34017019400,73.0,current,Red Bull Arena
NWMW84L5lz,34017014000,91.0,current,Red Bull Arena
NWMW84L5lz,34017001400,59.0,current,Red Bull Arena
NWMW84L5lz,34017013200,43.0,current,Red Bull Arena
NWMW84L5lz,34017016200,76.0,current,Red Bull Arena
NWMW84L5lz,34017016600,65.0,current,Red Bull Arena
NWMW84L5lz,34017018000,72.0,current,Red Bull Arena
NWMW84L5lz,34041031602,,current,Red Bull Arena
NWMW84L5lz,34041031700,,current,Red Bull Arena
NWMW84L5lz,34041031800,,current,Red Bull Arena
NWMW84L5lz,34017000400,60.0,current,Red Bull Arena
NWMW84L5lz,34017000500,59.0,current,Red Bull Arena
NWMW84L5lz,34017000700,67.0,current,Red Bull Arena
NWMW84L5lz,34017000800,61.0,current,Red Bull Arena
NWMW84L5lz,34017001100,60.0,current,Red Bull Arena
NWMW84L5lz,34017001202,51.0,current,Red Bull Arena
NWMW84L5lz,34017001300,60.0,current,Red Bull Arena
NWMW84L5lz,34013003900,52.0,current,Red Bull Arena
NWMW84L5lz,34017001800,52.0,current,Red Bull Arena
NWMW84L5lz,34017001900,41.0,current,Red Bull Arena
NWMW84L5lz,34013002100,72.0,current,Red Bull Arena
NWMW84L5lz,34013002500,73.0,current,Red Bull Arena
NWMW84L5lz,34013002000,74.0,current,Red Bull Arena
NWMW84L5lz,34013002600,52.0,current,Red Bull Arena
NWMW84L5lz,34013002800,49.0,current,Red Bull Arena
NWMW84L5lz,34013004100,56.0,current,Red Bull Arena
NWMW84L5lz,34013013800,86.0,current,Red Bull Arena
NWMW84L5lz,34013012800,66.0,current,Red Bull Arena
NWMW84L5lz,34013013400,90.0,current,Red Bull Arena
NWMW84L5lz,34013013500,85.0,current,Red Bull Arena
NWMW84L5lz,34013007200,35.0,current,Red Bull Arena
NWMW84L5lz,34013014100,76.0,current,Red Bull Arena
NWMW84L5lz,34013014200,83.0,current,Red Bull Arena
NWMW84L5lz,34013016000,66.0,current,Red Bull Arena
NWMW84L5lz,34013004802,60.0,current,Red Bull Arena
NWMW84L5lz,34013005200,46.0,current,Red Bull Arena
NWMW84L5lz,34013007300,31.0,current,Red Bull Arena
NWMW84L5lz,34013008200,42.0,current,Red Bull Arena
NWMW84L5lz,34013007501,43.0,current,Red Bull Arena
NWMW84L5lz,34031124602,114.0,current,Red Bull Arena
NWMW84L5lz,34031124700,107.0,current,Red Bull Arena
NWMW84L5lz,34031124800,100.0,current,Red Bull Arena
NWMW84L5lz,34013008100,35.0,current,Red Bull Arena
NWMW84L5lz,34013008700,45.0,current,Red Bull Arena
NWMW84L5lz,34013017200,89.0,current,Red Bull Arena
NWMW84L5lz,34013016100,77.0,current,Red Bull Arena
NWMW84L5lz,34013016200,96.0,current,Red Bull Arena
NWMW84L5lz,34013016400,88.0,current,Red Bull Arena
NWMW84L5lz,34013016500,85.0,current,Red Bull Arena
NWMW84L5lz,34013017100,68.0,current,Red Bull Arena
NWMW84L5lz,34013017700,66.0,current,Red Bull Arena
NWMW84L5lz,34027043601,,current,Red Bull Arena
NWMW84L5lz,34027040301,,current,Red Bull Arena
NWMW84L5lz,34027040302,,current,Red Bull Arena
NWMW84L5lz,34027046500,,current,Red Bull Arena
NWMW84L5lz,34013018000,60.0,current,Red Bull Arena
NWMW84L5lz,34013018800,64.0,current,Red Bull Arena
NWMW84L5lz,34013019000,101.0,current,Red Bull Arena
NWMW84L5lz,34027045903,,current,Red Bull Arena
NWMW84L5lz,34027043602,,current,Red Bull Arena
NWMW84L5lz,34027045404,,current,Red Bull Arena
NWMW84L5lz,34027046110,,current,Red Bull Arena
NWMW84L5lz,34027045403,,current,Red Bull Arena
NWMW84L5lz,34027042601,,current,Red Bull Arena
NWMW84L5lz,34027046109,,current,Red Bull Arena
NWMW84L5lz,34027046108,,current,Red Bull Arena
NWMW84L5lz,34027041605,,current,Red Bull Arena
NWMW84L5lz,34027043802,,current,Red Bull Arena
NWMW84L5lz,34027045504,,current,Red Bull Arena
NWMW84L5lz,34027042602,,current,Red Bull Arena
NWMW84L5lz,34027044503,,current,Red Bull Arena
NWMW84L5lz,34027045904,,current,Red Bull Arena
NWMW84L5lz,34027046107,,current,Red Bull Arena
NWMW84L5lz,34041032400,,current,Red Bull Arena
NWMW84L5lz,34013019100,81.0,current,Red Bull Arena
NWMW84L5lz,34009022101,,current,Red Bull Arena
NWMW84L5lz,34027043801,,current,Red Bull Arena
NWMW84L5lz,34027041606,,current,Red Bull Arena
NWMW84L5lz,34027045503,,current,Red Bull Arena
NWMW84L5lz,34041032200,,current,Red Bull Arena
NWMW84L5lz,34013019600,80.0,current,Red Bull Arena
NWMW84L5lz,34013020100,,current,Red Bull Arena
NWMW84L5lz,34013020300,95.0,current,Red Bull Arena
NWMW84L5lz,34003019202,110.0,current,Red Bull Arena
NWMW84L5lz,34003021600,108.0,current,Red Bull Arena
NWMW84L5lz,34013020500,100.0,current,Red Bull Arena
NWMW84L5lz,34013020600,67.0,current,Red Bull Arena
NWMW84L5lz,34003022100,,current,Red Bull Arena
NWMW84L5lz,34007600400,,current,Red Bull Arena
NWMW84L5lz,34009020901,,current,Red Bull Arena
NWMW84L5lz,34007600700,,current,Red Bull Arena
NWMW84L5lz,34007600800,,current,Red Bull Arena
NWMW84L5lz,34009021002,,current,Red Bull Arena
NWMW84L5lz,34007608303,,current,Red Bull Arena
NWMW84L5lz,34009022102,,current,Red Bull Arena
NWMW84L5lz,34011990000,,current,Red Bull Arena
NWMW84L5lz,34009021001,,current,Red Bull Arena
NWMW84L5lz,34017004500,61.0,current,Red Bull Arena
NWMW84L5lz,34013009200,56.0,current,Red Bull Arena
NWMW84L5lz,34013009300,56.0,current,Red Bull Arena
NWMW84L5lz,34013009600,61.0,current,Red Bull Arena
NWMW84L5lz,34017002900,51.0,current,Red Bull Arena
NWMW84L5lz,34017003000,56.0,current,Red Bull Arena
NWMW84L5lz,34017004200,56.0,current,Red Bull Arena
NWMW84L5lz,34017004400,59.0,current,Red Bull Arena
NWMW84L5lz,34017005300,63.0,current,Red Bull Arena
NWMW84L5lz,34017005400,83.0,current,Red Bull Arena
NWMW84L5lz,34017005801,74.0,current,Red Bull Arena
NWMW84L5lz,34017006000,72.0,current,Red Bull Arena
NWMW84L5lz,34009020101,,current,Red Bull Arena
NWMW84L5lz,34009020301,,current,Red Bull Arena
NWMW84L5lz,34009021500,,current,Red Bull Arena
NWMW84L5lz,34009020102,,current,Red Bull Arena
NWMW84L5lz,34009021400,,current,Red Bull Arena
NWMW84L5lz,34009020500,,current,Red Bull Arena
NWMW84L5lz,34009021804,,current,Red Bull Arena
NWMW84L5lz,34009020600,,current,Red Bull Arena
NWMW84L5lz,34009021300,,current,Red Bull Arena
NWMW84L5lz,34009020400,,current,Red Bull Arena
NWMW84L5lz,34009020700,,current,Red Bull Arena
NWMW84L5lz,34009020800,,current,Red Bull Arena
NWMW84L5lz,34013011200,57.0,current,Red Bull Arena
NWMW84L5lz,34013010200,56.0,current,Red Bull Arena
NWMW84L5lz,34013010300,54.0,current,Red Bull Arena
NWMW84L5lz,34013010700,48.0,current,Red Bull Arena
NWMW84L5lz,34013010900,54.0,current,Red Bull Arena
NWMW84L5lz,34013011100,56.0,current,Red Bull Arena
NWMW84L5lz,34013011300,50.0,current,Red Bull Arena
NWMW84L5lz,34013011800,72.0,current,Red Bull Arena
NWMW84L5lz,34013012100,66.0,current,Red Bull Arena
NWMW84L5lz,34017010400,,current,Red Bull Arena
NWMW84L5lz,34013012200,65.0,current,Red Bull Arena
NWMW84L5lz,34017006300,77.0,current,Red Bull Arena
NWMW84L5lz,34017010100,91.0,current,Red Bull Arena
NWMW84L5lz,34017010200,80.0,current,Red Bull Arena
NWMW84L5lz,34017010300,,current,Red Bull Arena
NWMW84L5lz,34017011000,85.0,current,Red Bull Arena
NWMW84L5lz,34017010500,82.0,current,Red Bull Arena
NWMW84L5lz,34017010800,,current,Red Bull Arena
NWMW84L5lz,34017010900,91.0,current,Red Bull Arena
NWMW84L5lz,34017011100,88.0,current,Red Bull Arena
NWMW84L5lz,34017012600,41.0,current,Red Bull Arena
NWMW84L5lz,34017011500,95.0,current,Red Bull Arena
NWMW84L5lz,34017012400,51.0,current,Red Bull Arena
NWMW84L5lz,34017012500,48.0,current,Red Bull Arena
NWMW84L5lz,34029715702,,current,Red Bull Arena
NWMW84L5lz,34029733001,,current,Red Bull Arena
NWMW84L5lz,34003022200,,current,Red Bull Arena
NWMW84L5lz,34007608001,,current,Red Bull Arena
NWMW84L5lz,34007609000,,current,Red Bull Arena
NWMW84L5lz,34007600200,,current,Red Bull Arena
NWMW84L5lz,34003020100,,current,Red Bull Arena
NWMW84L5lz,34003020200,,current,Red Bull Arena
NWMW84L5lz,34029739200,,current,Red Bull Arena
NWMW84L5lz,34029728002,,current,Red Bull Arena
NWMW84L5lz,34029720105,,current,Red Bull Arena
NWMW84L5lz,34029734004,,current,Red Bull Arena
NWMW84L5lz,34029735003,,current,Red Bull Arena
NWMW84L5lz,34029733002,,current,Red Bull Arena
NWMW84L5lz,34029732004,,current,Red Bull Arena
NWMW84L5lz,34029715403,,current,Red Bull Arena
NWMW84L5lz,34029728004,,current,Red Bull Arena
NWMW84L5lz,34029735106,,current,Red Bull Arena
NWMW84L5lz,34029728001,,current,Red Bull Arena
NWMW84L5lz,34029728003,,current,Red Bull Arena
NWMW84L5lz,34029736107,,current,Red Bull Arena
NWMW84L5lz,34029722003,,current,Red Bull Arena
NWMW84L5lz,34029715503,,current,Red Bull Arena
NWMW84L5lz,34029735105,,current,Red Bull Arena
NWMW84L5lz,34029715001,,current,Red Bull Arena
NWMW84L5lz,34029715201,,current,Red Bull Arena
NWMW84L5lz,34029710102,,current,Red Bull Arena
NWMW84L5lz,34029732003,,current,Red Bull Arena
NWMW84L5lz,34029736106,,current,Red Bull Arena
NWMW84L5lz,34029720104,,current,Red Bull Arena
NWMW84L5lz,34029710101,,current,Red Bull Arena
NWMW84L5lz,34029715501,,current,Red Bull Arena
NWMW84L5lz,34029720106,,current,Red Bull Arena
NWMW84L5lz,34029722004,,current,Red Bull Arena
NWMW84L5lz,34029715202,,current,Red Bull Arena
NWMW84L5lz,34029715701,,current,Red Bull Arena
NWMW84L5lz,34029735004,,current,Red Bull Arena
NWMW84L5lz,34029715404,,current,Red Bull Arena
NWMW84L5lz,34029715303,,current,Red Bull Arena
NWMW84L5lz,34029715002,,current,Red Bull Arena
NWMW84L5lz,34035052905,,current,Red Bull Arena
NWMW84L5lz,34035052701,,current,Red Bull Arena
NWMW84L5lz,34035052702,,current,Red Bull Arena
NWMW84L5lz,34035053406,,current,Red Bull Arena
NWMW84L5lz,34035053807,,current,Red Bull Arena
NWMW84L5lz,34003021500,105.0,current,Red Bull Arena
NWMW84L5lz,34031154006,88.0,current,Red Bull Arena
NWMW84L5lz,34031182502,,current,Red Bull Arena
NWMW84L5lz,34031181101,,current,Red Bull Arena
NWMW84L5lz,34031143302,,current,Red Bull Arena
NWMW84L5lz,34031143301,,current,Red Bull Arena
NWMW84L5lz,34031163502,,current,Red Bull Arena
NWMW84L5lz,34029720107,,current,Red Bull Arena
NWMW84L5lz,34029734005,,current,Red Bull Arena
NWMW84L5lz,34029715502,,current,Red Bull Arena
NWMW84L5lz,34029715304,,current,Red Bull Arena
NWMW84L5lz,34035052906,,current,Red Bull Arena
NWMW84L5lz,34035053806,,current,Red Bull Arena
NWMW84L5lz,34003021200,,current,Red Bull Arena
NWMW84L5lz,34003021400,114.0,current,Red Bull Arena
NWMW84L5lz,34031154003,90.0,current,Red Bull Arena
NWMW84L5lz,34031154004,98.0,current,Red Bull Arena
NWMW84L5lz,34031154005,93.0,current,Red Bull Arena
NWMW84L5lz,34031196403,,current,Red Bull Arena
NWMW84L5lz,34031180204,118.0,current,Red Bull Arena
NWMW84L5lz,34031163501,,current,Red Bull Arena
NWMW84L5lz,34031143401,,current,Red Bull Arena
NWMW84L5lz,34031124202,119.0,current,Red Bull Arena
NWMW84L5lz,34031143202,,current,Red Bull Arena
NWMW84L5lz,34031236604,,current,Red Bull Arena
NWMW84L5lz,34031236603,,current,Red Bull Arena
NWMW84L5lz,34031143402,,current,Red Bull Arena
NWMW84L5lz,34031175804,98.0,current,Red Bull Arena
NWMW84L5lz,34031196404,,current,Red Bull Arena
NWMW84L5lz,34031124404,111.0,current,Red Bull Arena
NWMW84L5lz,34031175604,113.0,current,Red Bull Arena
NWMW84L5lz,34031124403,110.0,current,Red Bull Arena
NWMW84L5lz,34031180302,,current,Red Bull Arena
NWMW84L5lz,34031180301,,current,Red Bull Arena
NWMW84L5lz,34031175803,97.0,current,Red Bull Arena
NWMW84L5lz,34031183002,108.0,current,Red Bull Arena
NWMW84L5lz,34031175603,112.0,current,Red Bull Arena
NWMW84L5lz,34031175502,102.0,current,Red Bull Arena
NWMW84L5lz,34031181102,,current,Red Bull Arena
NWMW84L5lz,34031182701,117.0,current,Red Bull Arena
NWMW84L5lz,34031182702,114.0,current,Red Bull Arena
NWMW84L5lz,34031182501,,current,Red Bull Arena
NWMW84L5lz,34031180101,,current,Red Bull Arena
NWMW84L5lz,34031183001,109.0,current,Red Bull Arena
NWMW84L5lz,34031175501,101.0,current,Red Bull Arena
NWMW84L5lz,34031180102,,current,Red Bull Arena
NWMW84L5lz,34031180203,115.0,current,Red Bull Arena
NWMW84L5lz,34031143201,,current,Red Bull Arena
NWMW84L5lz,34003003500,,current,Red Bull Arena
NWMW84L5lz,34003003401,,current,Red Bull Arena
NWMW84L5lz,34023008212,,current,Red Bull Arena
NWMW84L5lz,34031124201,109.0,current,Red Bull Arena
NWMW84L5lz,34003053100,,current,Red Bull Arena
NWMW84L5lz,34003003402,116.0,current,Red Bull Arena
NWMW84L5lz,34003003300,118.0,current,Red Bull Arena
NWMW84L5lz,34023008213,,current,Red Bull Arena
NWMW84L5lz,34023008214,,current,Red Bull Arena
NWMW84L5lz,34023000102,,current,Red Bull Arena
NWMW84L5lz,34023007305,,current,Red Bull Arena
NWMW84L5lz,34023000503,,current,Red Bull Arena
NWMW84L5lz,34023001003,,current,Red Bull Arena
NWMW84L5lz,34023008801,,current,Red Bull Arena
NWMW84L5lz,34023008505,,current,Red Bull Arena
NWMW84L5lz,34023006209,,current,Red Bull Arena
NWMW84L5lz,34023000610,,current,Red Bull Arena
NWMW84L5lz,34023007914,,current,Red Bull Arena
NWMW84L5lz,34023000101,,current,Red Bull Arena
NWMW84L5lz,34023007306,,current,Red Bull Arena
NWMW84L5lz,34023001418,80.0,current,Red Bull Arena
NWMW84L5lz,34023001419,80.0,current,Red Bull Arena
NWMW84L5lz,34023000609,,current,Red Bull Arena
NWMW84L5lz,34023006208,,current,Red Bull Arena
NWMW84L5lz,34023980100,,current,Red Bull Arena
NWMW84L5lz,34023008506,,current,Red Bull Arena
NWMW84L5lz,34023008210,,current,Red Bull Arena
NWMW84L5lz,34023003801,,current,Red Bull Arena
NWMW84L5lz,34023001004,,current,Red Bull Arena
NWMW84L5lz,34023003802,113.0,current,Red Bull Arena
NWMW84L5lz,34023007913,,current,Red Bull Arena
NWMW84L5lz,34023008211,,current,Red Bull Arena
NWMW84L5lz,34023004501,,current,Red Bull Arena
NWMW84L5lz,34023003601,112.0,current,Red Bull Arena
NWMW84L5lz,34003018101,98.0,current,Red Bull Arena
NWMW84L5lz,34023000504,,current,Red Bull Arena
NWMW84L5lz,34023004502,,current,Red Bull Arena
NWMW84L5lz,34023980000,109.0,current,Red Bull Arena
NWMW84L5lz,34003006302,99.0,current,Red Bull Arena
NWMW84L5lz,34003013004,103.0,current,Red Bull Arena
NWMW84L5lz,34003037203,,current,Red Bull Arena
NWMW84L5lz,34003006101,102.0,current,Red Bull Arena
NWMW84L5lz,34003054601,88.0,current,Red Bull Arena
NWMW84L5lz,34003021101,119.0,current,Red Bull Arena
NWMW84L5lz,34003030201,,current,Red Bull Arena
NWMW84L5lz,34003037204,,current,Red Bull Arena
NWMW84L5lz,34003021102,112.0,current,Red Bull Arena
NWMW84L5lz,34003042102,,current,Red Bull Arena
NWMW84L5lz,34003017101,,current,Red Bull Arena
NWMW84L5lz,34003006102,102.0,current,Red Bull Arena
NWMW84L5lz,34003017502,,current,Red Bull Arena
NWMW84L5lz,34003023201,115.0,current,Red Bull Arena
NWMW84L5lz,34003015401,,current,Red Bull Arena
NWMW84L5lz,34003008002,,current,Red Bull Arena
NWMW84L5lz,34003017501,114.0,current,Red Bull Arena
NWMW84L5lz,34003045101,92.0,current,Red Bull Arena
NWMW84L5lz,34003060002,105.0,current,Red Bull Arena
NWMW84L5lz,34003023202,115.0,current,Red Bull Arena
NWMW84L5lz,34003054102,111.0,current,Red Bull Arena
NWMW84L5lz,34003054602,102.0,current,Red Bull Arena
NWMW84L5lz,34003017301,,current,Red Bull Arena
NWMW84L5lz,34003008001,,current,Red Bull Arena
NWMW84L5lz,34003042101,,current,Red Bull Arena
NWMW84L5lz,34003053201,,current,Red Bull Arena
NWMW84L5lz,34003030402,104.0,current,Red Bull Arena
NWMW84L5lz,34003034001,,current,Red Bull Arena
NWMW84L5lz,34003030401,103.0,current,Red Bull Arena
NWMW84L5lz,34003030202,,current,Red Bull Arena
NWMW84L5lz,34003034002,,current,Red Bull Arena
NWMW84L5lz,34003001002,,current,Red Bull Arena
NWMW84L5lz,34003054101,101.0,current,Red Bull Arena
NWMW84L5lz,34003053202,,current,Red Bull Arena
NWMW84L5lz,34003017302,,current,Red Bull Arena
NWMW84L5lz,34003055202,,current,Red Bull Arena
NWMW84L5lz,34003001001,,current,Red Bull Arena
NWMW84L5lz,34003045102,96.0,current,Red Bull Arena
NWMW84L5lz,34003015402,,current,Red Bull Arena
NWMW84L5lz,34003017102,,current,Red Bull Arena
NWMW84L5lz,34003060001,85.0,current,Red Bull Arena
NWMW84L5lz,34003023304,110.0,current,Red Bull Arena
NWMW84L5lz,34003055201,,current,Red Bull Arena
NWMW84L5lz,34003006301,101.0,current,Red Bull Arena
NWMW84L5lz,34003018102,104.0,current,Red Bull Arena
NWMW84L5lz,34003023303,114.0,current,Red Bull Arena
NWMW84L5lz,34003013003,103.0,current,Red Bull Arena
NWMW84L5lz,34017000102,63.0,current,Red Bull Arena
NWMW84L5lz,34017018502,74.0,current,Red Bull Arena
NWMW84L5lz,34017018401,80.0,current,Red Bull Arena
NWMW84L5lz,34017007001,51.0,current,Red Bull Arena
NWMW84L5lz,34017007002,46.0,current,Red Bull Arena
NWMW84L5lz,34017010602,77.0,current,Red Bull Arena
NWMW84L5lz,34017010701,84.0,current,Red Bull Arena
NWMW84L5lz,34017010702,87.0,current,Red Bull Arena
NWMW84L5lz,34017003101,54.0,current,Red Bull Arena
NWMW84L5lz,34039031903,60.0,current,Red Bull Arena
NWMW84L5lz,34039030701,63.0,current,Red Bull Arena
NWMW84L5lz,34037371502,,current,Red Bull Arena
NWMW84L5lz,34039038400,110.0,current,Red Bull Arena
NWMW84L5lz,34039039600,108.0,current,Red Bull Arena
NWMW84L5lz,34039039700,,current,Red Bull Arena
NWMW84L5lz,34039037700,113.0,current,Red Bull Arena
NWMW84L5lz,34029713800,,current,Red Bull Arena
NWMW84L5lz,34023007805,,current,Red Bull Arena
NWMW84L5lz,34029714200,,current,Red Bull Arena
NWMW84L5lz,34023002701,100.0,current,Red Bull Arena
NWMW84L5lz,34023002703,114.0,current,Red Bull Arena
NWMW84L5lz,34023002901,,current,Red Bull Arena
NWMW84L5lz,34039038500,102.0,current,Red Bull Arena
NWMW84L5lz,34039039000,84.0,current,Red Bull Arena
NWMW84L5lz,34029711200,,current,Red Bull Arena
NWMW84L5lz,34027044900,,current,Red Bull Arena
NWMW84L5lz,34027045000,,current,Red Bull Arena
NWMW84L5lz,34027045100,,current,Red Bull Arena
NWMW84L5lz,34039030200,80.0,current,Red Bull Arena
NWMW84L5lz,34039030400,81.0,current,Red Bull Arena
NWMW84L5lz,34039030600,78.0,current,Red Bull Arena
NWMW84L5lz,34029723200,,current,Red Bull Arena
NWMW84L5lz,34017018501,73.0,current,Red Bull Arena
NWMW84L5lz,34039038101,,current,Red Bull Arena
NWMW84L5lz,34039038202,,current,Red Bull Arena
NWMW84L5lz,34039038300,,current,Red Bull Arena
NWMW84L5lz,34001011901,,current,Red Bull Arena
NWMW84L5lz,34001011902,,current,Red Bull Arena
NWMW84L5lz,34001011703,,current,Red Bull Arena
NWMW84L5lz,34001011704,,current,Red Bull Arena
NWMW84L5lz,34001011808,,current,Red Bull Arena
NWMW84L5lz,34001011807,,current,Red Bull Arena
NWMW84L5lz,34001011806,,current,Red Bull Arena
NWMW84L5lz,34037371503,,current,Red Bull Arena
NWMW84L5lz,34039038602,,current,Red Bull Arena
NWMW84L5lz,34039038900,81.0,current,Red Bull Arena
NWMW84L5lz,34039039100,86.0,current,Red Bull Arena
NWMW84L5lz,34039039200,86.0,current,Red Bull Arena
NWMW84L5lz,34029713700,,current,Red Bull Arena
NWMW84L5lz,34029736001,,current,Red Bull Arena
NWMW84L5lz,34029726000,,current,Red Bull Arena
NWMW84L5lz,34029717400,,current,Red Bull Arena
NWMW84L5lz,34029720202,,current,Red Bull Arena
NWMW84L5lz,34029732001,,current,Red Bull Arena
NWMW84L5lz,34029731103,,current,Red Bull Arena
NWMW84L5lz,34023007806,,current,Red Bull Arena
NWMW84L5lz,34029714300,,current,Red Bull Arena
NWMW84L5lz,34023002902,115.0,current,Red Bull Arena
NWMW84L5lz,34023006403,,current,Red Bull Arena
NWMW84L5lz,34023007907,,current,Red Bull Arena
NWMW84L5lz,34029716000,,current,Red Bull Arena
NWMW84L5lz,34023006500,,current,Red Bull Arena
NWMW84L5lz,34023006601,,current,Red Bull Arena
NWMW84L5lz,34023006604,,current,Red Bull Arena
NWMW84L5lz,34029713000,,current,Red Bull Arena
NWMW84L5lz,34029715800,,current,Red Bull Arena
NWMW84L5lz,34029717001,,current,Red Bull Arena
NWMW84L5lz,34029722200,,current,Red Bull Arena
NWMW84L5lz,34029722401,,current,Red Bull Arena
NWMW84L5lz,34023006605,,current,Red Bull Arena
NWMW84L5lz,34023006607,,current,Red Bull Arena
NWMW84L5lz,34023006608,,current,Red Bull Arena
NWMW84L5lz,34039030802,63.0,current,Red Bull Arena
NWMW84L5lz,34039031100,68.0,current,Red Bull Arena
NWMW84L5lz,34039031500,65.0,current,Red Bull Arena
NWMW84L5lz,34035053705,,current,Red Bull Arena
NWMW84L5lz,34029713202,,current,Red Bull Arena
NWMW84L5lz,34023004600,,current,Red Bull Arena
NWMW84L5lz,34023007303,,current,Red Bull Arena
NWMW84L5lz,34023008601,,current,Red Bull Arena
NWMW84L5lz,34023001804,,current,Red Bull Arena
NWMW84L5lz,34023008101,,current,Red Bull Arena
NWMW84L5lz,34023003201,113.0,current,Red Bull Arena
NWMW84L5lz,34023007905,,current,Red Bull Arena
NWMW84L5lz,34029722500,,current,Red Bull Arena
NWMW84L5lz,34029722701,,current,Red Bull Arena
NWMW84L5lz,34029722800,,current,Red Bull Arena
NWMW84L5lz,34029723100,,current,Red Bull Arena
NWMW84L5lz,34029723300,,current,Red Bull Arena
NWMW84L5lz,34027045200,,current,Red Bull Arena
NWMW84L5lz,34027045603,,current,Red Bull Arena
NWMW84L5lz,34027045901,,current,Red Bull Arena
NWMW84L5lz,34039032500,76.0,current,Red Bull Arena
NWMW84L5lz,34023008406,,current,Red Bull Arena
NWMW84L5lz,34013002204,70.0,current,Red Bull Arena
NWMW84L5lz,34013002203,81.0,current,Red Bull Arena
NWMW84L5lz,34039038103,,current,Red Bull Arena
NWMW84L5lz,34023006701,,current,Red Bull Arena
NWMW84L5lz,34023006703,,current,Red Bull Arena
NWMW84L5lz,34039032200,74.0,current,Red Bull Arena
NWMW84L5lz,34039032300,83.0,current,Red Bull Arena
NWMW84L5lz,34039032600,101.0,current,Red Bull Arena
NWMW84L5lz,34023000802,,current,Red Bull Arena
NWMW84L5lz,34023007203,,current,Red Bull Arena
NWMW84L5lz,34023005800,98.0,current,Red Bull Arena
NWMW84L5lz,34023003102,105.0,current,Red Bull Arena
NWMW84L5lz,34023007804,,current,Red Bull Arena
NWMW84L5lz,34023001702,101.0,current,Red Bull Arena
NWMW84L5lz,34021000800,,current,Red Bull Arena
NWMW84L5lz,34021000900,116.0,current,Red Bull Arena
NWMW84L5lz,34021001000,,current,Red Bull Arena
NWMW84L5lz,34021001200,,current,Red Bull Arena
NWMW84L5lz,34011010200,,current,Red Bull Arena
NWMW84L5lz,34011030501,,current,Red Bull Arena
NWMW84L5lz,34039038701,72.0,current,Red Bull Arena
NWMW84L5lz,34039038702,75.0,current,Red Bull Arena
NWMW84L5lz,34039033502,61.0,current,Red Bull Arena
NWMW84L5lz,34039032402,83.0,current,Red Bull Arena
NWMW84L5lz,34039031301,69.0,current,Red Bull Arena
NWMW84L5lz,34039980000,65.0,current,Red Bull Arena
NWMW84L5lz,34039031302,67.0,current,Red Bull Arena
NWMW84L5lz,34039039801,94.0,current,Red Bull Arena
NWMW84L5lz,34039032701,110.0,current,Red Bull Arena
NWMW84L5lz,34039030703,59.0,current,Red Bull Arena
NWMW84L5lz,34039038104,,current,Red Bull Arena
NWMW84L5lz,34017006101,75.0,current,Red Bull Arena
NWMW84L5lz,34017005901,74.0,current,Red Bull Arena
NWMW84L5lz,34017006102,74.0,current,Red Bull Arena
NWMW84L5lz,34017007701,55.0,current,Red Bull Arena
NWMW84L5lz,34017007702,60.0,current,Red Bull Arena
NWMW84L5lz,34017005902,69.0,current,Red Bull Arena
NWMW84L5lz,34039032702,98.0,current,Red Bull Arena
NWMW84L5lz,34039033501,77.0,current,Red Bull Arena
NWMW84L5lz,34017018402,81.0,current,Red Bull Arena
NWMW84L5lz,34017014801,75.0,current,Red Bull Arena
NWMW84L5lz,34017014802,81.0,current,Red Bull Arena
NWMW84L5lz,34017014401,84.0,current,Red Bull Arena
NWMW84L5lz,34017014402,83.0,current,Red Bull Arena
NWMW84L5lz,34017002002,45.0,current,Red Bull Arena
NWMW84L5lz,34017007602,57.0,current,Red Bull Arena
NWMW84L5lz,34017007601,52.0,current,Red Bull Arena
NWMW84L5lz,34017007703,62.0,current,Red Bull Arena
NWMW84L5lz,34017010601,93.0,current,Red Bull Arena
NWMW84L5lz,34017015003,90.0,current,Red Bull Arena
NWMW84L5lz,34017000101,68.0,current,Red Bull Arena
NWMW84L5lz,34017002001,48.0,current,Red Bull Arena
NWMW84L5lz,34017004104,53.0,current,Red Bull Arena
NWMW84L5lz,34017004103,56.0,current,Red Bull Arena
NWMW84L5lz,34017003102,55.0,current,Red Bull Arena
NWMW84L5lz,34017015004,86.0,current,Red Bull Arena
NWMW84L5lz,34003024100,,current,Red Bull Arena
NWMW84L5lz,34003059100,,current,Red Bull Arena
NWMW84L5lz,34003033100,118.0,current,Red Bull Arena
NWMW84L5lz,34003048200,,current,Red Bull Arena
NWMW84L5lz,34003015100,,current,Red Bull Arena
NWMW84L5lz,34003049002,,current,Red Bull Arena
NWMW84L5lz,34003025200,92.0,current,Red Bull Arena
NWMW84L5lz,34003046200,98.0,current,Red Bull Arena
NWMW84L5lz,34021002100,115.0,current,Red Bull Arena
NWMW84L5lz,34003038200,42.0,current,Red Bull Arena
NWMW84L5lz,34003033200,,current,Red Bull Arena
NWMW84L5lz,34003035200,,current,Red Bull Arena
NWMW84L5lz,34011040800,,current,Red Bull Arena
NWMW84L5lz,34021001401,,current,Red Bull Arena
NWMW84L5lz,34021001500,,current,Red Bull Arena
NWMW84L5lz,34021001600,,current,Red Bull Arena
NWMW84L5lz,34021001700,,current,Red Bull Arena
NWMW84L5lz,34021001800,,current,Red Bull Arena
NWMW84L5lz,34021001900,,current,Red Bull Arena
NWMW84L5lz,34021002000,119.0,current,Red Bull Arena
NWMW84L5lz,34021002200,,current,Red Bull Arena
NWMW84L5lz,34021002601,,current,Red Bull Arena
NWMW84L5lz,34021002602,,current,Red Bull Arena
NWMW84L5lz,34021002701,,current,Red Bull Arena
NWMW84L5lz,34003032102,,current,Red Bull Arena
NWMW84L5lz,34021002702,,current,Red Bull Arena
NWMW84L5lz,34021002800,,current,Red Bull Arena
NWMW84L5lz,34021002902,,current,Red Bull Arena
NWMW84L5lz,34021002904,,current,Red Bull Arena
NWMW84L5lz,34011020200,,current,Red Bull Arena
NWMW84L5lz,34011040901,,current,Red Bull Arena
NWMW84L5lz,34011010800,,current,Red Bull Arena
NWMW84L5lz,34011010401,,current,Red Bull Arena
NWMW84L5lz,34011040300,,current,Red Bull Arena
NWMW84L5lz,34011010101,,current,Red Bull Arena
NWMW84L5lz,34011010600,,current,Red Bull Arena
NWMW84L5lz,34011010500,,current,Red Bull Arena
NWMW84L5lz,34011010103,,current,Red Bull Arena
NWMW84L5lz,34021001101,,current,Red Bull Arena
NWMW84L5lz,34021003301,,current,Red Bull Arena
NWMW84L5lz,34021003500,,current,Red Bull Arena
NWMW84L5lz,34021003601,,current,Red Bull Arena
NWMW84L5lz,34021003602,,current,Red Bull Arena
NWMW84L5lz,34029735104,,current,Red Bull Arena
NWMW84L5lz,34029736105,,current,Red Bull Arena
NWMW84L5lz,34029722001,,current,Red Bull Arena
NWMW84L5lz,34011020100,,current,Red Bull Arena
NWMW84L5lz,34011010402,,current,Red Bull Arena
NWMW84L5lz,34021003002,,current,Red Bull Arena
NWMW84L5lz,34021003006,,current,Red Bull Arena
NWMW84L5lz,34021003007,,current,Red Bull Arena
NWMW84L5lz,34021003008,,current,Red Bull Arena
NWMW84L5lz,34021003009,,current,Red Bull Arena
NWMW84L5lz,34025810102,,current,Red Bull Arena
NWMW84L5lz,34029739100,,current,Red Bull Arena
NWMW84L5lz,34029715901,,current,Red Bull Arena
NWMW84L5lz,34029720206,,current,Red Bull Arena
NWMW84L5lz,34001013302,,current,Red Bull Arena
NWMW84L5lz,34021003703,,current,Red Bull Arena
NWMW84L5lz,34021004000,,current,Red Bull Arena
NWMW84L5lz,34021003704,,current,Red Bull Arena
NWMW84L5lz,34021003706,,current,Red Bull Arena
NWMW84L5lz,34021003902,,current,Red Bull Arena
NWMW84L5lz,34001013500,,current,Red Bull Arena
NWMW84L5lz,34001011403,,current,Red Bull Arena
NWMW84L5lz,34007601300,,current,Red Bull Arena
NWMW84L5lz,34015501900,,current,Red Bull Arena
NWMW84L5lz,34021004306,,current,Red Bull Arena
NWMW84L5lz,34021004403,,current,Red Bull Arena
NWMW84L5lz,34001990000,,current,Red Bull Arena
NWMW84L5lz,34003040001,,current,Red Bull Arena
NWMW84L5lz,34003023301,117.0,current,Red Bull Arena
NWMW84L5lz,34003032103,,current,Red Bull Arena
NWMW84L5lz,34023008102,,current,Red Bull Arena
NWMW84L5lz,34023008604,,current,Red Bull Arena
NWMW84L5lz,34023002200,78.0,current,Red Bull Arena
NWMW84L5lz,34021004404,,current,Red Bull Arena
NWMW84L5lz,34021004407,,current,Red Bull Arena
NWMW84L5lz,34029736101,,current,Red Bull Arena
NWMW84L5lz,34029714000,,current,Red Bull Arena
NWMW84L5lz,34029713401,,current,Red Bull Arena
NWMW84L5lz,34029717101,,current,Red Bull Arena
NWMW84L5lz,34029715401,,current,Red Bull Arena
NWMW84L5lz,34029717502,,current,Red Bull Arena
NWMW84L5lz,34029731204,,current,Red Bull Arena
NWMW84L5lz,34029713201,,current,Red Bull Arena
NWMW84L5lz,34029737000,,current,Red Bull Arena
NWMW84L5lz,34029720203,,current,Red Bull Arena
NWMW84L5lz,34017013500,29.0,current,Red Bull Arena
NWMW84L5lz,34017013600,28.0,current,Red Bull Arena
NWMW84L5lz,34017013700,36.0,current,Red Bull Arena
NWMW84L5lz,34017013900,20.0,current,Red Bull Arena
NWMW84L5lz,34017014200,91.0,current,Red Bull Arena
NWMW84L5lz,34017014600,84.0,current,Red Bull Arena
NWMW84L5lz,34017014900,66.0,current,Red Bull Arena
NWMW84L5lz,34017015100,86.0,current,Red Bull Arena
NWMW84L5lz,34017015500,84.0,current,Red Bull Arena
NWMW84L5lz,34003054500,93.0,current,Red Bull Arena
NWMW84L5lz,34003010200,109.0,current,Red Bull Arena
NWMW84L5lz,34003047500,,current,Red Bull Arena
NWMW84L5lz,34021004311,,current,Red Bull Arena
NWMW84L5lz,34021003905,,current,Red Bull Arena
NWMW84L5lz,34021004309,,current,Red Bull Arena
NWMW84L5lz,34021004502,,current,Red Bull Arena
NWMW84L5lz,34021003004,,current,Red Bull Arena
NWMW84L5lz,34003019104,113.0,current,Red Bull Arena
NWMW84L5lz,34003019203,117.0,current,Red Bull Arena
NWMW84L5lz,34003019303,111.0,current,Red Bull Arena
NWMW84L5lz,34003019304,109.0,current,Red Bull Arena
NWMW84L5lz,34021004307,,current,Red Bull Arena
NWMW84L5lz,34001013201,,current,Red Bull Arena
NWMW84L5lz,34001983400,,current,Red Bull Arena
NWMW84L5lz,34003032201,,current,Red Bull Arena
NWMW84L5lz,34035053706,,current,Red Bull Arena
NWMW84L5lz,34035053403,,current,Red Bull Arena
NWMW84L5lz,34029723000,,current,Red Bull Arena
NWMW84L5lz,34029717200,,current,Red Bull Arena
NWMW84L5lz,34029711100,,current,Red Bull Arena
NWMW84L5lz,34021004203,,current,Red Bull Arena
NWMW84L5lz,34021003001,,current,Red Bull Arena
NWMW84L5lz,34021003400,,current,Red Bull Arena
NWMW84L5lz,34021003800,,current,Red Bull Arena
NWMW84L5lz,34017014300,90.0,current,Red Bull Arena
NWMW84L5lz,34017015600,84.0,current,Red Bull Arena
NWMW84L5lz,34017015700,82.0,current,Red Bull Arena
NWMW84L5lz,34013015200,87.0,current,Red Bull Arena
NWMW84L5lz,34021004316,,current,Red Bull Arena
NWMW84L5lz,34021004409,,current,Red Bull Arena
NWMW84L5lz,34021004408,,current,Red Bull Arena
NWMW84L5lz,34021004314,,current,Red Bull Arena
NWMW84L5lz,34021003304,,current,Red Bull Arena
NWMW84L5lz,34021004312,,current,Red Bull Arena
NWMW84L5lz,34021003303,,current,Red Bull Arena
NWMW84L5lz,34021004313,,current,Red Bull Arena
NWMW84L5lz,34021004315,,current,Red Bull Arena
NWMW84L5lz,34021003707,,current,Red Bull Arena
NWMW84L5lz,34021004205,,current,Red Bull Arena
NWMW84L5lz,34021003708,,current,Red Bull Arena
NWMW84L5lz,34021980000,,current,Red Bull Arena
NWMW84L5lz,34021004206,,current,Red Bull Arena
NWMW84L5lz,34015501206,,current,Red Bull Arena
NWMW84L5lz,34015501210,,current,Red Bull Arena
NWMW84L5lz,34021003904,,current,Red Bull Arena
NWMW84L5lz,34001000300,,current,Red Bull Arena
NWMW84L5lz,34005700103,,current,Red Bull Arena
NWMW84L5lz,34005700305,,current,Red Bull Arena
NWMW84L5lz,34021004406,,current,Red Bull Arena
NWMW84L5lz,34021001402,,current,Red Bull Arena
NWMW84L5lz,34021003100,,current,Red Bull Arena
NWMW84L5lz,34021002903,,current,Red Bull Arena
NWMW84L5lz,34021003003,,current,Red Bull Arena
NWMW84L5lz,34005700501,,current,Red Bull Arena
NWMW84L5lz,34003002100,,current,Red Bull Arena
NWMW84L5lz,34003009100,,current,Red Bull Arena
NWMW84L5lz,34003009200,,current,Red Bull Arena
NWMW84L5lz,34005700307,,current,Red Bull Arena
NWMW84L5lz,34015500100,,current,Red Bull Arena
NWMW84L5lz,34015500201,,current,Red Bull Arena
NWMW84L5lz,34015501002,,current,Red Bull Arena
NWMW84L5lz,34015501101,,current,Red Bull Arena
NWMW84L5lz,34015501301,,current,Red Bull Arena
NWMW84L5lz,34013003700,54.0,current,Red Bull Arena
NWMW84L5lz,34013004300,51.0,current,Red Bull Arena
NWMW84L5lz,34013007600,20.0,current,Red Bull Arena
NWMW84L5lz,34013010800,52.0,current,Red Bull Arena
NWMW84L5lz,34013013200,62.0,current,Red Bull Arena
NWMW84L5lz,34013015900,56.0,current,Red Bull Arena
NWMW84L5lz,34013020000,,current,Red Bull Arena
NWMW84L5lz,34013000100,65.0,current,Red Bull Arena
NWMW84L5lz,34001012502,,current,Red Bull Arena
NWMW84L5lz,34001012602,,current,Red Bull Arena
NWMW84L5lz,34001012701,,current,Red Bull Arena
NWMW84L5lz,34013000200,61.0,current,Red Bull Arena
NWMW84L5lz,34013000400,53.0,current,Red Bull Arena
NWMW84L5lz,34013000600,56.0,current,Red Bull Arena
NWMW84L5lz,34013001000,50.0,current,Red Bull Arena
NWMW84L5lz,34013001100,40.0,current,Red Bull Arena
NWMW84L5lz,34013001300,47.0,current,Red Bull Arena
NWMW84L5lz,34001012702,,current,Red Bull Arena
NWMW84L5lz,34021003903,,current,Red Bull Arena
NWMW84L5lz,34021003201,,current,Red Bull Arena
NWMW84L5lz,34021000600,,current,Red Bull Arena
NWMW84L5lz,34021002500,,current,Red Bull Arena
NWMW84L5lz,34001000100,,current,Red Bull Arena
NWMW84L5lz,34001001200,,current,Red Bull Arena
NWMW84L5lz,34001001400,,current,Red Bull Arena
NWMW84L5lz,34001000200,,current,Red Bull Arena
NWMW84L5lz,34001000400,,current,Red Bull Arena
NWMW84L5lz,34001002400,,current,Red Bull Arena
NWMW84L5lz,34015501604,,current,Red Bull Arena
NWMW84L5lz,34015501702,,current,Red Bull Arena
NWMW84L5lz,34001001100,,current,Red Bull Arena
NWMW84L5lz,34001001500,,current,Red Bull Arena
NWMW84L5lz,34001002300,,current,Red Bull Arena
NWMW84L5lz,34001001900,,current,Red Bull Arena
NWMW84L5lz,34001011702,,current,Red Bull Arena
NWMW84L5lz,34015502300,,current,Red Bull Arena
NWMW84L5lz,34015501201,,current,Red Bull Arena
NWMW84L5lz,34015501703,,current,Red Bull Arena
NWMW84L5lz,34001010101,,current,Red Bull Arena
NWMW84L5lz,34001011600,,current,Red Bull Arena
NWMW84L5lz,34001010403,,current,Red Bull Arena
NWMW84L5lz,34001011803,,current,Red Bull Arena
NWMW84L5lz,34001000500,,current,Red Bull Arena
NWMW84L5lz,34001010501,,current,Red Bull Arena
NWMW84L5lz,34001011401,,current,Red Bull Arena
NWMW84L5lz,34001010700,,current,Red Bull Arena
NWMW84L5lz,34001012200,,current,Red Bull Arena
NWMW84L5lz,34001001300,,current,Red Bull Arena
NWMW84L5lz,34001010401,,current,Red Bull Arena
NWMW84L5lz,34001011500,,current,Red Bull Arena
NWMW84L5lz,34001011202,,current,Red Bull Arena
NWMW84L5lz,34001010600,,current,Red Bull Arena
NWMW84L5lz,34001012801,,current,Red Bull Arena
NWMW84L5lz,34001012802,,current,Red Bull Arena
NWMW84L5lz,34001013000,,current,Red Bull Arena
NWMW84L5lz,34001010200,,current,Red Bull Arena
NWMW84L5lz,34001002500,,current,Red Bull Arena
NWMW84L5lz,34001010300,,current,Red Bull Arena
NWMW84L5lz,34001010102,,current,Red Bull Arena
NWMW84L5lz,34001012402,,current,Red Bull Arena
NWMW84L5lz,34001010900,,current,Red Bull Arena
NWMW84L5lz,34001011000,,current,Red Bull Arena
NWMW84L5lz,34001011100,,current,Red Bull Arena
NWMW84L5lz,34001011201,,current,Red Bull Arena
NWMW84L5lz,34001011300,,current,Red Bull Arena
NWMW84L5lz,34001010503,,current,Red Bull Arena
NWMW84L5lz,34001010800,,current,Red Bull Arena
NWMW84L5lz,34001012000,,current,Red Bull Arena
NWMW84L5lz,34001012100,,current,Red Bull Arena
NWMW84L5lz,34001012302,,current,Red Bull Arena
NWMW84L5lz,34001012401,,current,Red Bull Arena
NWMW84L5lz,34013009500,56.0,current,Red Bull Arena
NWMW84L5lz,34013000500,51.0,current,Red Bull Arena
NWMW84L5lz,34013018100,72.0,current,Red Bull Arena
NWMW84L5lz,34013006900,40.0,current,Red Bull Arena
NWMW84L5lz,34013007700,26.0,current,Red Bull Arena
NWMW84L5lz,34013015600,69.0,current,Red Bull Arena
NWMW84L5lz,34001012501,,current,Red Bull Arena
NWMW84L5lz,34013018900,63.0,current,Red Bull Arena
NWMW84L5lz,34013022700,35.0,current,Red Bull Arena
NWMW84L5lz,34013012900,54.0,current,Red Bull Arena
NWMW84L5lz,34013014300,74.0,current,Red Bull Arena
NWMW84L5lz,34013004801,53.0,current,Red Bull Arena
NWMW84L5lz,34013017400,105.0,current,Red Bull Arena
NWMW84L5lz,34009022000,,current,Red Bull Arena
NWMW84L5lz,34007603901,,current,Red Bull Arena
NWMW84L5lz,34007603902,,current,Red Bull Arena
NWMW84L5lz,34007608202,,current,Red Bull Arena
NWMW84L5lz,34003041200,105.0,current,Red Bull Arena
NWMW84L5lz,34017019200,73.0,current,Red Bull Arena
NWMW84L5lz,34017000200,61.0,current,Red Bull Arena
NWMW84L5lz,34017000300,66.0,current,Red Bull Arena
NWMW84L5lz,34017000600,60.0,current,Red Bull Arena
NWMW84L5lz,34017002200,59.0,current,Red Bull Arena
NWMW84L5lz,34007604700,,current,Red Bull Arena
NWMW84L5lz,34011010301,,current,Red Bull Arena
NWMW84L5lz,34003061100,,current,Red Bull Arena
NWMW84L5lz,34003023401,107.0,current,Red Bull Arena
NWMW84L5lz,34003023402,90.0,current,Red Bull Arena
NWMW84L5lz,34003031100,,current,Red Bull Arena
NWMW84L5lz,34003025100,85.0,current,Red Bull Arena
NWMW84L5lz,34007607506,,current,Red Bull Arena
NWMW84L5lz,34007605800,,current,Red Bull Arena
NWMW84L5lz,34007605900,,current,Red Bull Arena
NWMW84L5lz,34007606200,,current,Red Bull Arena
NWMW84L5lz,34007606300,,current,Red Bull Arena
NWMW84L5lz,34003055100,,current,Red Bull Arena
NWMW84L5lz,34003028001,112.0,current,Red Bull Arena
NWMW84L5lz,34003031300,85.0,current,Red Bull Arena
NWMW84L5lz,34003031400,65.0,current,Red Bull Arena
NWMW84L5lz,34003036100,119.0,current,Red Bull Arena
NWMW84L5lz,34033020500,,current,Red Bull Arena
NWMW84L5lz,34003036200,,current,Red Bull Arena
NWMW84L5lz,34003037100,,current,Red Bull Arena
NWMW84L5lz,34013021601,,current,Red Bull Arena
NWMW84L5lz,34003039100,,current,Red Bull Arena
NWMW84L5lz,34003039200,,current,Red Bull Arena
NWMW84L5lz,34007608205,,current,Red Bull Arena
NWMW84L5lz,34007608206,,current,Red Bull Arena
NWMW84L5lz,34007601600,,current,Red Bull Arena
NWMW84L5lz,34007604100,,current,Red Bull Arena
NWMW84L5lz,34007604200,,current,Red Bull Arena
NWMW84L5lz,34033990000,,current,Red Bull Arena
NWMW84L5lz,34007604300,,current,Red Bull Arena
NWMW84L5lz,34007604400,,current,Red Bull Arena
NWMW84L5lz,34015501213,,current,Red Bull Arena
NWMW84L5lz,34015502002,,current,Red Bull Arena
NWMW84L5lz,34007608302,,current,Red Bull Arena
NWMW84L5lz,34007608401,,current,Red Bull Arena
NWMW84L5lz,34003030300,114.0,current,Red Bull Arena
NWMW84L5lz,34007608402,,current,Red Bull Arena
NWMW84L5lz,34007608403,,current,Red Bull Arena
NWMW84L5lz,34007608404,,current,Red Bull Arena
NWMW84L5lz,34003039300,,current,Red Bull Arena
NWMW84L5lz,34017017100,69.0,current,Red Bull Arena
NWMW84L5lz,34017017500,70.0,current,Red Bull Arena
NWMW84L5lz,34017002700,66.0,current,Red Bull Arena
NWMW84L5lz,34007608503,,current,Red Bull Arena
NWMW84L5lz,34007608504,,current,Red Bull Arena
NWMW84L5lz,34007608600,,current,Red Bull Arena
NWMW84L5lz,34007608700,,current,Red Bull Arena
NWMW84L5lz,34007608800,,current,Red Bull Arena
NWMW84L5lz,34007605100,,current,Red Bull Arena
NWMW84L5lz,34007605200,,current,Red Bull Arena
NWMW84L5lz,34011010302,,current,Red Bull Arena
NWMW84L5lz,34007611500,,current,Red Bull Arena
NWMW84L5lz,34011020502,,current,Red Bull Arena
NWMW84L5lz,34007609103,,current,Red Bull Arena
NWMW84L5lz,34007609201,,current,Red Bull Arena
NWMW84L5lz,34007605300,,current,Red Bull Arena
NWMW84L5lz,34007605400,,current,Red Bull Arena
NWMW84L5lz,34007609202,,current,Red Bull Arena
NWMW84L5lz,34003023100,108.0,current,Red Bull Arena
NWMW84L5lz,34003024200,,current,Red Bull Arena
NWMW84L5lz,34003026100,,current,Red Bull Arena
NWMW84L5lz,34003026200,,current,Red Bull Arena
NWMW84L5lz,34003027000,,current,Red Bull Arena
NWMW84L5lz,34007605602,,current,Red Bull Arena
NWMW84L5lz,34007605700,,current,Red Bull Arena
NWMW84L5lz,34003061200,,current,Red Bull Arena
NWMW84L5lz,34003061400,,current,Red Bull Arena
NWMW84L5lz,34003028002,,current,Red Bull Arena
NWMW84L5lz,34003029100,106.0,current,Red Bull Arena
NWMW84L5lz,34003029200,,current,Red Bull Arena
NWMW84L5lz,34003030100,,current,Red Bull Arena
NWMW84L5lz,34007606400,,current,Red Bull Arena
NWMW84L5lz,34007606500,,current,Red Bull Arena
NWMW84L5lz,34007606600,,current,Red Bull Arena
NWMW84L5lz,34007606700,,current,Red Bull Arena
NWMW84L5lz,34003042301,,current,Red Bull Arena
NWMW84L5lz,34007606800,,current,Red Bull Arena
NWMW84L5lz,34003033300,109.0,current,Red Bull Arena
NWMW84L5lz,34003035100,,current,Red Bull Arena
NWMW84L5lz,34005704007,,current,Red Bull Arena
NWMW84L5lz,34005704008,,current,Red Bull Arena
NWMW84L5lz,34005704012,,current,Red Bull Arena
NWMW84L5lz,34033020200,,current,Red Bull Arena
NWMW84L5lz,34033020300,,current,Red Bull Arena
NWMW84L5lz,34013021300,94.0,current,Red Bull Arena
NWMW84L5lz,34029711300,,current,Red Bull Arena
NWMW84L5lz,34021000700,,current,Red Bull Arena
NWMW84L5lz,34013021400,97.0,current,Red Bull Arena
NWMW84L5lz,34013017301,108.0,current,Red Bull Arena
NWMW84L5lz,34013017302,89.0,current,Red Bull Arena
NWMW84L5lz,34013017500,76.0,current,Red Bull Arena
NWMW84L5lz,34013017600,69.0,current,Red Bull Arena
NWMW84L5lz,34013017800,59.0,current,Red Bull Arena
NWMW84L5lz,34005704500,,current,Red Bull Arena
NWMW84L5lz,34005704600,,current,Red Bull Arena
NWMW84L5lz,34005704801,,current,Red Bull Arena
NWMW84L5lz,34005702209,,current,Red Bull Arena
NWMW84L5lz,34005702210,,current,Red Bull Arena
NWMW84L5lz,34005704302,,current,Red Bull Arena
NWMW84L5lz,34017017300,75.0,current,Red Bull Arena
NWMW84L5lz,34003037201,,current,Red Bull Arena
NWMW84L5lz,34003042302,,current,Red Bull Arena
NWMW84L5lz,34029711400,,current,Red Bull Arena
NWMW84L5lz,34029713100,,current,Red Bull Arena
NWMW84L5lz,34029713203,,current,Red Bull Arena
NWMW84L5lz,34021001300,,current,Red Bull Arena
NWMW84L5lz,34021003202,,current,Red Bull Arena
NWMW84L5lz,34021004204,,current,Red Bull Arena
NWMW84L5lz,34013015400,68.0,current,Red Bull Arena
NWMW84L5lz,34013015500,70.0,current,Red Bull Arena
NWMW84L5lz,34013015700,61.0,current,Red Bull Arena
NWMW84L5lz,34013015800,60.0,current,Red Bull Arena
NWMW84L5lz,34013016300,83.0,current,Red Bull Arena
NWMW84L5lz,34013016700,71.0,current,Red Bull Arena
NWMW84L5lz,34013016800,67.0,current,Red Bull Arena
NWMW84L5lz,34013021802,,current,Red Bull Arena
NWMW84L5lz,34013021803,,current,Red Bull Arena
NWMW84L5lz,34013010400,58.0,current,Red Bull Arena
NWMW84L5lz,34013016900,90.0,current,Red Bull Arena
NWMW84L5lz,34013017900,73.0,current,Red Bull Arena
NWMW84L5lz,34013018200,59.0,current,Red Bull Arena
NWMW84L5lz,34017016000,79.0,current,Red Bull Arena
NWMW84L5lz,34017016300,70.0,current,Red Bull Arena
NWMW84L5lz,34017016400,69.0,current,Red Bull Arena
NWMW84L5lz,34017016500,62.0,current,Red Bull Arena
NWMW84L5lz,34017016700,57.0,current,Red Bull Arena
NWMW84L5lz,34017016900,68.0,current,Red Bull Arena
NWMW84L5lz,34017017400,73.0,current,Red Bull Arena
NWMW84L5lz,34017017600,66.0,current,Red Bull Arena
NWMW84L5lz,34017017700,65.0,current,Red Bull Arena
NWMW84L5lz,34035053000,100.0,current,Red Bull Arena
NWMW84L5lz,34005981802,,current,Red Bull Arena
NWMW84L5lz,34005702914,,current,Red Bull Arena
NWMW84L5lz,34005703103,,current,Red Bull Arena
NWMW84L5lz,34005700407,,current,Red Bull Arena
NWMW84L5lz,34005982111,,current,Red Bull Arena
NWMW84L5lz,34005704700,,current,Red Bull Arena
NWMW84L5lz,34013018300,54.0,current,Red Bull Arena
NWMW84L5lz,34013018400,46.0,current,Red Bull Arena
NWMW84L5lz,34013018600,57.0,current,Red Bull Arena
NWMW84L5lz,34013018700,65.0,current,Red Bull Arena
NWMW84L5lz,34025802900,,current,Red Bull Arena
NWMW84L5lz,34007607100,,current,Red Bull Arena
NWMW84L5lz,34007607200,,current,Red Bull Arena
NWMW84L5lz,34033020900,,current,Red Bull Arena
NWMW84L5lz,34033021000,,current,Red Bull Arena
NWMW84L5lz,34007607402,,current,Red Bull Arena
NWMW84L5lz,34015501608,,current,Red Bull Arena
NWMW84L5lz,34007607503,,current,Red Bull Arena
NWMW84L5lz,34007603002,,current,Red Bull Arena
NWMW84L5lz,34007603100,,current,Red Bull Arena
NWMW84L5lz,34007607505,,current,Red Bull Arena
NWMW84L5lz,34035053801,,current,Red Bull Arena
NWMW84L5lz,34017019000,77.0,current,Red Bull Arena
NWMW84L5lz,34019010701,,current,Red Bull Arena
NWMW84L5lz,34019011304,,current,Red Bull Arena
NWMW84L5lz,34019010400,,current,Red Bull Arena
NWMW84L5lz,34019010100,,current,Red Bull Arena
NWMW84L5lz,34019011001,,current,Red Bull Arena
NWMW84L5lz,34019010702,,current,Red Bull Arena
NWMW84L5lz,34019011600,,current,Red Bull Arena
NWMW84L5lz,34017017000,65.0,current,Red Bull Arena
NWMW84L5lz,34017014501,81.0,current,Red Bull Arena
NWMW84L5lz,34017014502,86.0,current,Red Bull Arena
NWMW84L5lz,34017001701,60.0,current,Red Bull Arena
NWMW84L5lz,34007607900,,current,Red Bull Arena
NWMW84L5lz,34017003500,53.0,current,Red Bull Arena
NWMW84L5lz,34017004000,67.0,current,Red Bull Arena
NWMW84L5lz,34017004102,56.0,current,Red Bull Arena
NWMW84L5lz,34017004600,64.0,current,Red Bull Arena
NWMW84L5lz,34015500203,,current,Red Bull Arena
NWMW84L5lz,34017017800,69.0,current,Red Bull Arena
NWMW84L5lz,34017017900,86.0,current,Red Bull Arena
NWMW84L5lz,34017018100,68.0,current,Red Bull Arena
NWMW84L5lz,34017018200,70.0,current,Red Bull Arena
NWMW84L5lz,34013019200,80.0,current,Red Bull Arena
NWMW84L5lz,34013019300,85.0,current,Red Bull Arena
NWMW84L5lz,34013019400,,current,Red Bull Arena
NWMW84L5lz,34013019500,87.0,current,Red Bull Arena
NWMW84L5lz,34013019700,76.0,current,Red Bull Arena
NWMW84L5lz,34013019800,73.0,current,Red Bull Arena
NWMW84L5lz,34013019900,94.0,current,Red Bull Arena
NWMW84L5lz,34013020200,80.0,current,Red Bull Arena
NWMW84L5lz,34013020400,94.0,current,Red Bull Arena
NWMW84L5lz,34013020901,,current,Red Bull Arena
NWMW84L5lz,34003019306,104.0,current,Red Bull Arena
NWMW84L5lz,34003023601,105.0,current,Red Bull Arena
NWMW84L5lz,34003023501,109.0,current,Red Bull Arena
NWMW84L5lz,34007607300,,current,Red Bull Arena
NWMW84L5lz,34007607401,,current,Red Bull Arena
NWMW84L5lz,34013006200,46.0,current,Red Bull Arena
NWMW84L5lz,34013017000,79.0,current,Red Bull Arena
NWMW84L5lz,34013006600,43.0,current,Red Bull Arena
NWMW84L5lz,34013000900,52.0,current,Red Bull Arena
NWMW84L5lz,34007603001,,current,Red Bull Arena
NWMW84L5lz,34007603301,,current,Red Bull Arena
NWMW84L5lz,34007603400,,current,Red Bull Arena
NWMW84L5lz,34007607504,,current,Red Bull Arena
NWMW84L5lz,34039031601,56.0,current,Red Bull Arena
NWMW84L5lz,34003023602,99.0,current,Red Bull Arena
NWMW84L5lz,34003004001,102.0,current,Red Bull Arena
NWMW84L5lz,34039031801,64.0,current,Red Bull Arena
NWMW84L5lz,34039031904,51.0,current,Red Bull Arena
NWMW84L5lz,34039039900,45.0,current,Red Bull Arena
NWMW84L5lz,34039031802,60.0,current,Red Bull Arena
NWMW84L5lz,34007603501,,current,Red Bull Arena
NWMW84L5lz,34007603503,,current,Red Bull Arena
NWMW84L5lz,34007603504,,current,Red Bull Arena
NWMW84L5lz,34007603506,,current,Red Bull Arena
NWMW84L5lz,34007603507,,current,Red Bull Arena
NWMW84L5lz,34017019100,75.0,current,Red Bull Arena
NWMW84L5lz,34017019300,70.0,current,Red Bull Arena
NWMW84L5lz,34017032400,82.0,current,Red Bull Arena
NWMW84L5lz,34017001201,54.0,current,Red Bull Arena
NWMW84L5lz,34007607600,,current,Red Bull Arena
NWMW84L5lz,34007607702,,current,Red Bull Arena
NWMW84L5lz,34007607801,,current,Red Bull Arena
NWMW84L5lz,34017004800,71.0,current,Red Bull Arena
NWMW84L5lz,34017012700,94.0,current,Red Bull Arena
NWMW84L5lz,34017016100,71.0,current,Red Bull Arena
NWMW84L5lz,34019010802,,current,Red Bull Arena
NWMW84L5lz,34019011301,,current,Red Bull Arena
NWMW84L5lz,34019010500,,current,Red Bull Arena
NWMW84L5lz,34019011800,,current,Red Bull Arena
NWMW84L5lz,34007603601,,current,Red Bull Arena
NWMW84L5lz,34007603602,,current,Red Bull Arena
NWMW84L5lz,34007603603,,current,Red Bull Arena
NWMW84L5lz,34007603700,,current,Red Bull Arena
NWMW84L5lz,34007603800,,current,Red Bull Arena
NWMW84L5lz,34007607802,,current,Red Bull Arena
NWMW84L5lz,34017004700,64.0,current,Red Bull Arena
NWMW84L5lz,34017004900,62.0,current,Red Bull Arena
NWMW84L5lz,34017005200,66.0,current,Red Bull Arena
NWMW84L5lz,34017013100,48.0,current,Red Bull Arena
NWMW84L5lz,34017013300,51.0,current,Red Bull Arena
NWMW84L5lz,34017013400,40.0,current,Red Bull Arena
NWMW84L5lz,34015500202,,current,Red Bull Arena
NWMW84L5lz,34015500500,,current,Red Bull Arena
NWMW84L5lz,34015501701,,current,Red Bull Arena
NWMW84L5lz,34015502100,,current,Red Bull Arena
NWMW84L5lz,34015500205,,current,Red Bull Arena
NWMW84L5lz,34015501103,,current,Red Bull Arena
NWMW84L5lz,34015501303,,current,Red Bull Arena
NWMW84L5lz,34015501102,,current,Red Bull Arena
NWMW84L5lz,34015500204,,current,Red Bull Arena
NWMW84L5lz,34039031602,57.0,current,Red Bull Arena
NWMW84L5lz,34015500702,,current,Red Bull Arena
NWMW84L5lz,34015501208,,current,Red Bull Arena
NWMW84L5lz,34015501603,,current,Red Bull Arena
NWMW84L5lz,34007601400,,current,Red Bull Arena
NWMW84L5lz,34007610400,,current,Red Bull Arena
NWMW84L5lz,34035050200,113.0,current,Red Bull Arena
NWMW84L5lz,34021004501,115.0,current,Red Bull Arena
NWMW84L5lz,34025801100,,current,Red Bull Arena
NWMW84L5lz,34035050100,105.0,current,Red Bull Arena
NWMW84L5lz,34033022202,,current,Red Bull Arena
NWMW84L5lz,34015501106,,current,Red Bull Arena
NWMW84L5lz,34015501204,,current,Red Bull Arena
NWMW84L5lz,34015501105,,current,Red Bull Arena
NWMW84L5lz,34015501205,,current,Red Bull Arena
NWMW84L5lz,34015501402,,current,Red Bull Arena
NWMW84L5lz,34015501403,,current,Red Bull Arena
NWMW84L5lz,34015501404,,current,Red Bull Arena
NWMW84L5lz,34015501606,,current,Red Bull Arena
NWMW84L5lz,34015501800,,current,Red Bull Arena
NWMW84L5lz,34013002300,68.0,current,Red Bull Arena
NWMW84L5lz,34035050400,95.0,current,Red Bull Arena
NWMW84L5lz,34035050500,104.0,current,Red Bull Arena
NWMW84L5lz,34035050600,119.0,current,Red Bull Arena
NWMW84L5lz,34035050901,,current,Red Bull Arena
NWMW84L5lz,34035051100,88.0,current,Red Bull Arena
NWMW84L5lz,34035051200,101.0,current,Red Bull Arena
NWMW84L5lz,34035051300,109.0,current,Red Bull Arena
NWMW84L5lz,34035051400,,current,Red Bull Arena
NWMW84L5lz,34035051500,,current,Red Bull Arena
NWMW84L5lz,34035051700,88.0,current,Red Bull Arena
NWMW84L5lz,34035053402,,current,Red Bull Arena
NWMW84L5lz,34033021101,,current,Red Bull Arena
NWMW84L5lz,34033021201,,current,Red Bull Arena
NWMW84L5lz,34033021700,,current,Red Bull Arena
NWMW84L5lz,34033021900,,current,Red Bull Arena
NWMW84L5lz,34033022000,,current,Red Bull Arena
NWMW84L5lz,34033022100,,current,Red Bull Arena
NWMW84L5lz,34005702300,,current,Red Bull Arena
NWMW84L5lz,34023003101,,current,Red Bull Arena
NWMW84L5lz,34035050801,,current,Red Bull Arena
NWMW84L5lz,34035052400,,current,Red Bull Arena
NWMW84L5lz,34035053501,,current,Red Bull Arena
NWMW84L5lz,34023003001,,current,Red Bull Arena
NWMW84L5lz,34023003002,,current,Red Bull Arena
NWMW84L5lz,34035050704,,current,Red Bull Arena
NWMW84L5lz,34005700303,,current,Red Bull Arena
NWMW84L5lz,34005700603,,current,Red Bull Arena
NWMW84L5lz,34005700104,,current,Red Bull Arena
NWMW84L5lz,34005703201,,current,Red Bull Arena
NWMW84L5lz,34005700304,,current,Red Bull Arena
NWMW84L5lz,34005704011,,current,Red Bull Arena
NWMW84L5lz,34005704006,,current,Red Bull Arena
NWMW84L5lz,34005702400,,current,Red Bull Arena
NWMW84L5lz,34005700505,,current,Red Bull Arena
NWMW84L5lz,34035053905,,current,Red Bull Arena
NWMW84L5lz,34005702810,,current,Red Bull Arena
NWMW84L5lz,34005701401,,current,Red Bull Arena
NWMW84L5lz,34005703801,,current,Red Bull Arena
NWMW84L5lz,34005703700,,current,Red Bull Arena
NWMW84L5lz,34005700502,,current,Red Bull Arena
NWMW84L5lz,34005704009,,current,Red Bull Arena
NWMW84L5lz,34005702203,,current,Red Bull Arena
NWMW84L5lz,34005700306,,current,Red Bull Arena
NWMW84L5lz,34005701001,,current,Red Bull Arena
NWMW84L5lz,34005702206,,current,Red Bull Arena
NWMW84L5lz,34005701105,,current,Red Bull Arena
NWMW84L5lz,34005702204,,current,Red Bull Arena
NWMW84L5lz,34005701402,,current,Red Bull Arena
NWMW84L5lz,34005703203,,current,Red Bull Arena
NWMW84L5lz,34005701303,,current,Red Bull Arena
NWMW84L5lz,34005702910,,current,Red Bull Arena
NWMW84L5lz,34005700403,,current,Red Bull Arena
NWMW84L5lz,34005703804,,current,Red Bull Arena
NWMW84L5lz,34005700701,,current,Red Bull Arena
NWMW84L5lz,34005702805,,current,Red Bull Arena
NWMW84L5lz,34005702807,,current,Red Bull Arena
NWMW84L5lz,34005702207,,current,Red Bull Arena
NWMW84L5lz,34005703803,,current,Red Bull Arena
NWMW84L5lz,34005700405,,current,Red Bull Arena
NWMW84L5lz,34005703900,,current,Red Bull Arena
NWMW84L5lz,34023003203,,current,Red Bull Arena
NWMW84L5lz,34005702500,,current,Red Bull Arena
NWMW84L5lz,34005702915,,current,Red Bull Arena
NWMW84L5lz,34007607507,,current,Red Bull Arena
NWMW84L5lz,34027041803,,current,Red Bull Arena
NWMW84L5lz,34023003300,,current,Red Bull Arena
NWMW84L5lz,34023007908,,current,Red Bull Arena
NWMW84L5lz,34023007909,,current,Red Bull Arena
NWMW84L5lz,34023007910,,current,Red Bull Arena
NWMW84L5lz,34027041200,,current,Red Bull Arena
NWMW84L5lz,34027041500,,current,Red Bull Arena
NWMW84L5lz,34027041602,,current,Red Bull Arena
NWMW84L5lz,34023006606,,current,Red Bull Arena
NWMW84L5lz,34023004300,,current,Red Bull Arena
NWMW84L5lz,34023001001,,current,Red Bull Arena
NWMW84L5lz,34023007702,,current,Red Bull Arena
NWMW84L5lz,34023002302,88.0,current,Red Bull Arena
NWMW84L5lz,34007610600,,current,Red Bull Arena
NWMW84L5lz,34023003401,,current,Red Bull Arena
NWMW84L5lz,34023003500,107.0,current,Red Bull Arena
NWMW84L5lz,34023003700,118.0,current,Red Bull Arena
NWMW84L5lz,34023004000,,current,Red Bull Arena
NWMW84L5lz,34027041901,,current,Red Bull Arena
NWMW84L5lz,34027045402,,current,Red Bull Arena
NWMW84L5lz,34027042100,,current,Red Bull Arena
NWMW84L5lz,34027040702,,current,Red Bull Arena
NWMW84L5lz,34027044404,,current,Red Bull Arena
NWMW84L5lz,34027044401,,current,Red Bull Arena
NWMW84L5lz,34027044403,,current,Red Bull Arena
NWMW84L5lz,34027044601,,current,Red Bull Arena
NWMW84L5lz,34027040701,,current,Red Bull Arena
NWMW84L5lz,34027045300,,current,Red Bull Arena
NWMW84L5lz,34027041300,,current,Red Bull Arena
NWMW84L5lz,34023008103,,current,Red Bull Arena
NWMW84L5lz,34023008001,,current,Red Bull Arena
NWMW84L5lz,34023008204,,current,Red Bull Arena
NWMW84L5lz,34009020203,,current,Red Bull Arena
NWMW84L5lz,34027044701,,current,Red Bull Arena
NWMW84L5lz,34027045701,,current,Red Bull Arena
NWMW84L5lz,34027041702,,current,Red Bull Arena
NWMW84L5lz,34027040803,,current,Red Bull Arena
NWMW84L5lz,34027046104,,current,Red Bull Arena
NWMW84L5lz,34027041400,,current,Red Bull Arena
NWMW84L5lz,34027041604,,current,Red Bull Arena
NWMW84L5lz,34027045501,,current,Red Bull Arena
NWMW84L5lz,34027044101,,current,Red Bull Arena
NWMW84L5lz,34027046201,,current,Red Bull Arena
NWMW84L5lz,34027041704,,current,Red Bull Arena
NWMW84L5lz,34027041902,115.0,current,Red Bull Arena
NWMW84L5lz,34027046297,,current,Red Bull Arena
NWMW84L5lz,34027044000,,current,Red Bull Arena
NWMW84L5lz,34027046298,,current,Red Bull Arena
NWMW84L5lz,34027044200,,current,Red Bull Arena
NWMW84L5lz,34027044102,,current,Red Bull Arena
NWMW84L5lz,34027040200,,current,Red Bull Arena
NWMW84L5lz,34027044602,,current,Red Bull Arena
NWMW84L5lz,34027043401,,current,Red Bull Arena
NWMW84L5lz,34027044504,,current,Red Bull Arena
NWMW84L5lz,34027040805,,current,Red Bull Arena
NWMW84L5lz,34005702918,,current,Red Bull Arena
NWMW84L5lz,34027043100,,current,Red Bull Arena
NWMW84L5lz,34023005000,,current,Red Bull Arena
NWMW84L5lz,34023005100,90.0,current,Red Bull Arena
NWMW84L5lz,34023005200,85.0,current,Red Bull Arena
NWMW84L5lz,34023008205,,current,Red Bull Arena
NWMW84L5lz,34023008206,,current,Red Bull Arena
NWMW84L5lz,34023008207,,current,Red Bull Arena
NWMW84L5lz,34003018200,102.0,current,Red Bull Arena
NWMW84L5lz,34007601700,,current,Red Bull Arena
NWMW84L5lz,34007601800,,current,Red Bull Arena
NWMW84L5lz,34007601900,,current,Red Bull Arena
NWMW84L5lz,34023005500,,current,Red Bull Arena
NWMW84L5lz,34003015500,,current,Red Bull Arena
NWMW84L5lz,34003016000,,current,Red Bull Arena
NWMW84L5lz,34027043402,,current,Red Bull Arena
NWMW84L5lz,34003061300,,current,Red Bull Arena
NWMW84L5lz,34025812502,,current,Red Bull Arena
NWMW84L5lz,34025806202,,current,Red Bull Arena
NWMW84L5lz,34025810101,,current,Red Bull Arena
NWMW84L5lz,34025812100,,current,Red Bull Arena
NWMW84L5lz,34003003200,102.0,current,Red Bull Arena
NWMW84L5lz,34023001504,,current,Red Bull Arena
NWMW84L5lz,34005702913,,current,Red Bull Arena
NWMW84L5lz,34005702917,,current,Red Bull Arena
NWMW84L5lz,34005703104,,current,Red Bull Arena
NWMW84L5lz,34027043200,,current,Red Bull Arena
NWMW84L5lz,34027043301,,current,Red Bull Arena
NWMW84L5lz,34027043302,,current,Red Bull Arena
NWMW84L5lz,34023004700,,current,Red Bull Arena
NWMW84L5lz,34023004200,,current,Red Bull Arena
NWMW84L5lz,34023004800,,current,Red Bull Arena
NWMW84L5lz,34005700408,,current,Red Bull Arena
NWMW84L5lz,34027043000,,current,Red Bull Arena
NWMW84L5lz,34027043303,,current,Red Bull Arena
NWMW84L5lz,34023005300,85.0,current,Red Bull Arena
NWMW84L5lz,34023004400,,current,Red Bull Arena
NWMW84L5lz,34003005000,104.0,current,Red Bull Arena
NWMW84L5lz,34003007001,,current,Red Bull Arena
NWMW84L5lz,34003007002,,current,Red Bull Arena
NWMW84L5lz,34003010100,119.0,current,Red Bull Arena
NWMW84L5lz,34027040801,,current,Red Bull Arena
NWMW84L5lz,34027040900,,current,Red Bull Arena
NWMW84L5lz,34027041000,,current,Red Bull Arena
NWMW84L5lz,34027041100,,current,Red Bull Arena
NWMW84L5lz,34003017400,,current,Red Bull Arena
NWMW84L5lz,34003019102,,current,Red Bull Arena
NWMW84L5lz,34023005700,,current,Red Bull Arena
NWMW84L5lz,34023006101,,current,Red Bull Arena
NWMW84L5lz,34023006103,,current,Red Bull Arena
NWMW84L5lz,34003011100,119.0,current,Red Bull Arena
NWMW84L5lz,34003011200,,current,Red Bull Arena
NWMW84L5lz,34003011300,,current,Red Bull Arena
NWMW84L5lz,34003011400,,current,Red Bull Arena
NWMW84L5lz,34003014000,,current,Red Bull Arena
NWMW84L5lz,34003015200,,current,Red Bull Arena
NWMW84L5lz,34003015300,115.0,current,Red Bull Arena
NWMW84L5lz,34023008209,,current,Red Bull Arena
NWMW84L5lz,34023008300,,current,Red Bull Arena
NWMW84L5lz,34027043500,,current,Red Bull Arena
NWMW84L5lz,34027043900,,current,Red Bull Arena
NWMW84L5lz,34027044300,,current,Red Bull Arena
NWMW84L5lz,34003010300,,current,Red Bull Arena
NWMW84L5lz,34003017200,,current,Red Bull Arena
NWMW84L5lz,34023002000,83.0,current,Red Bull Arena
NWMW84L5lz,34023004100,,current,Red Bull Arena
NWMW84L5lz,34023006800,,current,Red Bull Arena
NWMW84L5lz,34023006900,,current,Red Bull Arena
NWMW84L5lz,34023007000,,current,Red Bull Arena
NWMW84L5lz,34023007101,,current,Red Bull Arena
NWMW84L5lz,34003056100,,current,Red Bull Arena
NWMW84L5lz,34017002800,54.0,current,Red Bull Arena
NWMW84L5lz,34007610300,,current,Red Bull Arena
NWMW84L5lz,34027041603,,current,Red Bull Arena
NWMW84L5lz,34027041701,,current,Red Bull Arena
NWMW84L5lz,34027041801,,current,Red Bull Arena
NWMW84L5lz,34027041802,,current,Red Bull Arena
NWMW84L5lz,34023000608,,current,Red Bull Arena
NWMW84L5lz,34023000701,,current,Red Bull Arena
NWMW84L5lz,34023000702,,current,Red Bull Arena
NWMW84L5lz,34023000801,117.0,current,Red Bull Arena
NWMW84L5lz,34023001410,99.0,current,Red Bull Arena
NWMW84L5lz,34023001411,93.0,current,Red Bull Arena
NWMW84L5lz,34023001412,,current,Red Bull Arena
NWMW84L5lz,34023001413,,current,Red Bull Arena
NWMW84L5lz,34023001414,,current,Red Bull Arena
NWMW84L5lz,34023001415,,current,Red Bull Arena
NWMW84L5lz,34023007102,,current,Red Bull Arena
NWMW84L5lz,34023007103,,current,Red Bull Arena
NWMW84L5lz,34025803201,,current,Red Bull Arena
NWMW84L5lz,34025809301,,current,Red Bull Arena
NWMW84L5lz,34025809302,,current,Red Bull Arena
NWMW84L5lz,34003002200,,current,Red Bull Arena
NWMW84L5lz,34003002300,,current,Red Bull Arena
NWMW84L5lz,34003003100,117.0,current,Red Bull Arena
NWMW84L5lz,34023000901,,current,Red Bull Arena
NWMW84L5lz,34023001417,,current,Red Bull Arena
NWMW84L5lz,34023001502,78.0,current,Red Bull Arena
NWMW84L5lz,34023001600,114.0,current,Red Bull Arena
NWMW84L5lz,34023001701,114.0,current,Red Bull Arena
NWMW84L5lz,34023001803,,current,Red Bull Arena
NWMW84L5lz,34023001805,,current,Red Bull Arena
NWMW84L5lz,34025812400,,current,Red Bull Arena
NWMW84L5lz,34025990000,,current,Red Bull Arena
NWMW84L5lz,34025808701,,current,Red Bull Arena
NWMW84L5lz,34023008403,,current,Red Bull Arena
NWMW84L5lz,34023008404,,current,Red Bull Arena
NWMW84L5lz,34027042301,,current,Red Bull Arena
NWMW84L5lz,34031175704,92.0,current,Red Bull Arena
NWMW84L5lz,34031182302,,current,Red Bull Arena
NWMW84L5lz,34031223802,,current,Red Bull Arena
NWMW84L5lz,34031182301,,current,Red Bull Arena
NWMW84L5lz,34035054100,,current,Red Bull Arena
NWMW84L5lz,34035052904,,current,Red Bull Arena
NWMW84L5lz,34035053603,,current,Red Bull Arena
NWMW84L5lz,34035054202,,current,Red Bull Arena
NWMW84L5lz,34035054201,,current,Red Bull Arena
NWMW84L5lz,34035053707,,current,Red Bull Arena
NWMW84L5lz,34035052204,,current,Red Bull Arena
NWMW84L5lz,34035053904,,current,Red Bull Arena
NWMW84L5lz,34035053604,,current,Red Bull Arena
NWMW84L5lz,34023009000,,current,Red Bull Arena
NWMW84L5lz,34023005601,,current,Red Bull Arena
NWMW84L5lz,34023008605,,current,Red Bull Arena
NWMW84L5lz,34023008606,,current,Red Bull Arena
NWMW84L5lz,34015501406,,current,Red Bull Arena
NWMW84L5lz,34015501405,,current,Red Bull Arena
NWMW84L5lz,34023000902,,current,Red Bull Arena
NWMW84L5lz,34027040101,,current,Red Bull Arena
NWMW84L5lz,34023002500,79.0,current,Red Bull Arena
NWMW84L5lz,34023006104,,current,Red Bull Arena
NWMW84L5lz,34023007202,,current,Red Bull Arena
NWMW84L5lz,34023007301,,current,Red Bull Arena
NWMW84L5lz,34025803202,,current,Red Bull Arena
NWMW84L5lz,34031133701,,current,Red Bull Arena
NWMW84L5lz,34031133702,,current,Red Bull Arena
NWMW84L5lz,34035050701,,current,Red Bull Arena
NWMW84L5lz,34035050703,,current,Red Bull Arena
NWMW84L5lz,34023001901,103.0,current,Red Bull Arena
NWMW84L5lz,34023001902,,current,Red Bull Arena
NWMW84L5lz,34023001903,105.0,current,Red Bull Arena
NWMW84L5lz,34023002101,78.0,current,Red Bull Arena
NWMW84L5lz,34023006002,,current,Red Bull Arena
NWMW84L5lz,34023007911,,current,Red Bull Arena
NWMW84L5lz,34023002102,82.0,current,Red Bull Arena
NWMW84L5lz,34023002301,83.0,current,Red Bull Arena
NWMW84L5lz,34003032104,,current,Red Bull Arena
NWMW84L5lz,34003041302,102.0,current,Red Bull Arena
NWMW84L5lz,34003006202,103.0,current,Red Bull Arena
NWMW84L5lz,34031223801,118.0,current,Red Bull Arena
NWMW84L5lz,34023007402,,current,Red Bull Arena
NWMW84L5lz,34023007600,,current,Red Bull Arena
NWMW84L5lz,34023008405,,current,Red Bull Arena
NWMW84L5lz,34023008501,,current,Red Bull Arena
NWMW84L5lz,34015501212,,current,Red Bull Arena
NWMW84L5lz,34023008504,,current,Red Bull Arena
NWMW84L5lz,34023008602,,current,Red Bull Arena
NWMW84L5lz,34023004900,,current,Red Bull Arena
NWMW84L5lz,34015501609,,current,Red Bull Arena
NWMW84L5lz,34015502001,,current,Red Bull Arena
NWMW84L5lz,34007602000,,current,Red Bull Arena
NWMW84L5lz,34007602503,,current,Red Bull Arena
NWMW84L5lz,34007602601,,current,Red Bull Arena
NWMW84L5lz,34007602602,,current,Red Bull Arena
NWMW84L5lz,34027044502,,current,Red Bull Arena
NWMW84L5lz,34027044702,,current,Red Bull Arena
NWMW84L5lz,34027044800,,current,Red Bull Arena
NWMW84L5lz,34027045703,,current,Red Bull Arena
NWMW84L5lz,34027045704,,current,Red Bull Arena
NWMW84L5lz,34027045804,,current,Red Bull Arena
NWMW84L5lz,34027046400,,current,Red Bull Arena
NWMW84L5lz,34023002401,80.0,current,Red Bull Arena
NWMW84L5lz,34023002402,98.0,current,Red Bull Arena
NWMW84L5lz,34023006204,,current,Red Bull Arena
NWMW84L5lz,34023002603,100.0,current,Red Bull Arena
NWMW84L5lz,34023002604,103.0,current,Red Bull Arena
NWMW84L5lz,34023002605,,current,Red Bull Arena
NWMW84L5lz,34023002805,,current,Red Bull Arena
NWMW84L5lz,34013021701,,current,Red Bull Arena
NWMW84L5lz,34013023100,49.0,current,Red Bull Arena
NWMW84L5lz,34013023200,48.0,current,Red Bull Arena
NWMW84L5lz,34013980100,51.0,current,Red Bull Arena
NWMW84L5lz,34023007801,,current,Red Bull Arena
NWMW84L5lz,34007611300,,current,Red Bull Arena
NWMW84L5lz,34023001506,82.0,current,Red Bull Arena
NWMW84L5lz,34033021600,,current,Red Bull Arena
NWMW84L5lz,34033021102,,current,Red Bull Arena
NWMW84L5lz,34033020800,,current,Red Bull Arena
NWMW84L5lz,34033020600,,current,Red Bull Arena
NWMW84L5lz,34033021300,,current,Red Bull Arena
NWMW84L5lz,34033021400,,current,Red Bull Arena
NWMW84L5lz,34033021500,,current,Red Bull Arena
NWMW84L5lz,34033020100,,current,Red Bull Arena
NWMW84L5lz,34027042302,,current,Red Bull Arena
NWMW84L5lz,34007608304,,current,Red Bull Arena
NWMW84L5lz,34007610900,,current,Red Bull Arena
NWMW84L5lz,34023001300,117.0,current,Red Bull Arena
NWMW84L5lz,34027041706,,current,Red Bull Arena
NWMW84L5lz,34007608210,,current,Red Bull Arena
NWMW84L5lz,34013021702,,current,Red Bull Arena
NWMW84L5lz,34023007703,,current,Red Bull Arena
NWMW84L5lz,34023007704,,current,Red Bull Arena
NWMW84L5lz,34013022900,40.0,current,Red Bull Arena
NWMW84L5lz,34023009200,,current,Red Bull Arena
NWMW84L5lz,34023009400,,current,Red Bull Arena
NWMW84L5lz,34023006001,,current,Red Bull Arena
NWMW84L5lz,34023001505,,current,Red Bull Arena
NWMW84L5lz,34027042200,,current,Red Bull Arena
NWMW84L5lz,34013980200,60.0,current,Red Bull Arena
NWMW84L5lz,34031175801,93.0,current,Red Bull Arena
NWMW84L5lz,34031264200,,current,Red Bull Arena
NWMW84L5lz,34027042500,,current,Red Bull Arena
NWMW84L5lz,34027042700,,current,Red Bull Arena
NWMW84L5lz,34027042800,114.0,current,Red Bull Arena
NWMW84L5lz,34027042900,,current,Red Bull Arena
NWMW84L5lz,34035052203,,current,Red Bull Arena
NWMW84L5lz,34007608211,,current,Red Bull Arena
NWMW84L5lz,34007610500,,current,Red Bull Arena
NWMW84L5lz,34023007500,,current,Red Bull Arena
NWMW84L5lz,34023007906,,current,Red Bull Arena
NWMW84L5lz,34023008502,,current,Red Bull Arena
NWMW84L5lz,34023008700,,current,Red Bull Arena
NWMW84L5lz,34023000200,,current,Red Bull Arena
NWMW84L5lz,34023000300,78.0,current,Red Bull Arena
NWMW84L5lz,34023001100,,current,Red Bull Arena
NWMW84L5lz,34023001200,109.0,current,Red Bull Arena
NWMW84L5lz,34023001409,96.0,current,Red Bull Arena
NWMW84L5lz,34009020205,,current,Red Bull Arena
NWMW84L5lz,34009020902,,current,Red Bull Arena
NWMW84L5lz,34007611000,,current,Red Bull Arena
NWMW84L5lz,34007611100,,current,Red Bull Arena
NWMW84L5lz,34007611600,,current,Red Bull Arena
NWMW84L5lz,34009021805,,current,Red Bull Arena
NWMW84L5lz,34013023000,47.0,current,Red Bull Arena
NWMW84L5lz,34023000501,103.0,current,Red Bull Arena
NWMW84L5lz,34023000603,,current,Red Bull Arena
NWMW84L5lz,34029735101,,current,Red Bull Arena
NWMW84L5lz,34029980000,,current,Red Bull Arena
NWMW84L5lz,34029980100,,current,Red Bull Arena
NWMW84L5lz,34031183102,118.0,current,Red Bull Arena
NWMW84L5lz,34017006800,60.0,current,Red Bull Arena
NWMW84L5lz,34023006206,,current,Red Bull Arena
NWMW84L5lz,34023006207,,current,Red Bull Arena
NWMW84L5lz,34023006300,,current,Red Bull Arena
NWMW84L5lz,34023006205,,current,Red Bull Arena
NWMW84L5lz,34009021701,,current,Red Bull Arena
NWMW84L5lz,34009021702,,current,Red Bull Arena
NWMW84L5lz,34007611200,,current,Red Bull Arena
NWMW84L5lz,34007611400,,current,Red Bull Arena
NWMW84L5lz,34009021806,,current,Red Bull Arena
NWMW84L5lz,34009020201,,current,Red Bull Arena
NWMW84L5lz,34009020206,,current,Red Bull Arena
NWMW84L5lz,34009990100,,current,Red Bull Arena
NWMW84L5lz,34007611700,,current,Red Bull Arena
NWMW84L5lz,34029731002,,current,Red Bull Arena
NWMW84L5lz,34029731101,,current,Red Bull Arena
NWMW84L5lz,34027040400,,current,Red Bull Arena
NWMW84L5lz,34027040500,,current,Red Bull Arena
NWMW84L5lz,34027040600,,current,Red Bull Arena
NWMW84L5lz,34009021100,,current,Red Bull Arena
NWMW84L5lz,34029715902,,current,Red Bull Arena
NWMW84L5lz,34029720205,,current,Red Bull Arena
NWMW84L5lz,34023000401,,current,Red Bull Arena
NWMW84L5lz,34023000403,,current,Red Bull Arena
NWMW84L5lz,34023000404,,current,Red Bull Arena
NWMW84L5lz,34029720001,,current,Red Bull Arena
NWMW84L5lz,34029732103,,current,Red Bull Arena
NWMW84L5lz,34029990000,,current,Red Bull Arena
NWMW84L5lz,34029732104,,current,Red Bull Arena
NWMW84L5lz,34029735001,,current,Red Bull Arena
NWMW84L5lz,34031175301,104.0,current,Red Bull Arena
NWMW84L5lz,34031175401,99.0,current,Red Bull Arena
NWMW84L5lz,34031175601,96.0,current,Red Bull Arena
NWMW84L5lz,34031175701,90.0,current,Red Bull Arena
NWMW84L5lz,34031175703,100.0,current,Red Bull Arena
NWMW84L5lz,34031180201,,current,Red Bull Arena
NWMW84L5lz,34031183101,115.0,current,Red Bull Arena
NWMW84L5lz,34023009300,84.0,current,Red Bull Arena
NWMW84L5lz,34017015001,92.0,current,Red Bull Arena
NWMW84L5lz,34017018302,85.0,current,Red Bull Arena
NWMW84L5lz,34031196401,,current,Red Bull Arena
NWMW84L5lz,34017007400,54.0,current,Red Bull Arena
NWMW84L5lz,34027041705,,current,Red Bull Arena
NWMW84L5lz,34017007800,69.0,current,Red Bull Arena
NWMW84L5lz,34017014101,95.0,current,Red Bull Arena
NWMW84L5lz,34017018301,80.0,current,Red Bull Arena
NWMW84L5lz,34031264101,,current,Red Bull Arena
NWMW84L5lz,34031175302,112.0,current,Red Bull Arena
NWMW84L5lz,34017015801,89.0,current,Red Bull Arena
NWMW84L5lz,34017018702,78.0,current,Red Bull Arena
NWMW84L5lz,34017006600,55.0,current,Red Bull Arena
NWMW84L5lz,34017015201,90.0,current,Red Bull Arena
NWMW84L5lz,34017015202,84.0,current,Red Bull Arena
NWMW84L5lz,34031175402,95.0,current,Red Bull Arena
NWMW84L5lz,34017020100,90.0,current,Red Bull Arena
NWMW84L5lz,34017980100,,current,Red Bull Arena
NWMW84L5lz,34017006400,49.0,current,Red Bull Arena
NWMW84L5lz,34017006500,59.0,current,Red Bull Arena
NWMW84L5lz,34031216701,,current,Red Bull Arena
NWMW84L5lz,34017020000,97.0,current,Red Bull Arena
NWMW84L5lz,34031236601,,current,Red Bull Arena
NWMW84L5lz,34031264102,,current,Red Bull Arena
NWMW84L5lz,34031216702,,current,Red Bull Arena
NWMW84L5lz,34017006700,63.0,current,Red Bull Arena
NWMW84L5lz,34017007500,53.0,current,Red Bull Arena
NWMW84L5lz,34017014102,96.0,current,Red Bull Arena
NWMW84L5lz,34017018701,82.0,current,Red Bull Arena
NWMW84L5lz,34017006900,76.0,current,Red Bull Arena
NWMW84L5lz,34017015802,75.0,current,Red Bull Arena
NWMW84L5lz,34017007100,50.0,current,Red Bull Arena
NWMW84L5lz,34017007200,65.0,current,Red Bull Arena
NWMW84L5lz,34017007300,66.0,current,Red Bull Arena
NWMW84L5lz,34017019800,112.0,current,Red Bull Arena
NWMW84L5lz,34017019900,99.0,current,Red Bull Arena
NWMW84L5lz,34007600900,,current,Red Bull Arena
NWMW84L5lz,34007601101,,current,Red Bull Arena
NWMW84L5lz,34005702906,,current,Red Bull Arena
NWMW84L5lz,34027046000,,current,Red Bull Arena
NWMW84L5lz,34027046103,,current,Red Bull Arena
NWMW84L5lz,34027046202,,current,Red Bull Arena
NWMW84L5lz,34027040102,,current,Red Bull Arena
NWMW84L5lz,34027040804,,current,Red Bull Arena
NWMW84L5lz,34027042000,,current,Red Bull Arena
NWMW84L5lz,34027043700,,current,Red Bull Arena
NWMW84L5lz,34039032800,77.0,current,Red Bull Arena
NWMW84L5lz,34039034200,81.0,current,Red Bull Arena
NWMW84L5lz,34011040400,,current,Red Bull Arena
NWMW84L5lz,34011040500,,current,Red Bull Arena
NWMW84L5lz,34011040902,,current,Red Bull Arena
NWMW84L5lz,34011020400,,current,Red Bull Arena
NWMW84L5lz,34003012001,112.0,current,Red Bull Arena
NWMW84L5lz,34011020600,,current,Red Bull Arena
NWMW84L5lz,34003056200,,current,Red Bull Arena
NWMW84L5lz,34011030100,,current,Red Bull Arena
NWMW84L5lz,34011030502,,current,Red Bull Arena
NWMW84L5lz,34011030200,,current,Red Bull Arena
NWMW84L5lz,34011030300,,current,Red Bull Arena
NWMW84L5lz,34037371000,,current,Red Bull Arena
NWMW84L5lz,34037372200,,current,Red Bull Arena
NWMW84L5lz,34037371700,,current,Red Bull Arena
NWMW84L5lz,34037372600,,current,Red Bull Arena
NWMW84L5lz,34037374100,,current,Red Bull Arena
NWMW84L5lz,34037371400,,current,Red Bull Arena
NWMW84L5lz,34037371900,,current,Red Bull Arena
NWMW84L5lz,34037372000,,current,Red Bull Arena
NWMW84L5lz,34037372500,,current,Red Bull Arena
NWMW84L5lz,34037372700,,current,Red Bull Arena
NWMW84L5lz,34037372300,,current,Red Bull Arena
NWMW84L5lz,34037372400,,current,Red Bull Arena
NWMW84L5lz,34039032901,97.0,current,Red Bull Arena
NWMW84L5lz,34039033000,,current,Red Bull Arena
NWMW84L5lz,34039033100,79.0,current,Red Bull Arena
NWMW84L5lz,34039033200,71.0,current,Red Bull Arena
NWMW84L5lz,34039033300,77.0,current,Red Bull Arena
NWMW84L5lz,34037372800,,current,Red Bull Arena
NWMW84L5lz,34037372900,,current,Red Bull Arena
NWMW84L5lz,34039031000,73.0,current,Red Bull Arena
NWMW84L5lz,34039036100,89.0,current,Red Bull Arena
NWMW84L5lz,34039031400,59.0,current,Red Bull Arena
NWMW84L5lz,34039033900,60.0,current,Red Bull Arena
NWMW84L5lz,34039035400,81.0,current,Red Bull Arena
NWMW84L5lz,34015502400,,current,Red Bull Arena
NWMW84L5lz,34039032002,70.0,current,Red Bull Arena
NWMW84L5lz,34039038800,85.0,current,Red Bull Arena
NWMW84L5lz,34039038601,,current,Red Bull Arena
NWMW84L5lz,34009020302,,current,Red Bull Arena
NWMW84L5lz,34015501605,,current,Red Bull Arena
NWMW84L5lz,34015500703,,current,Red Bull Arena
NWMW84L5lz,34015501302,,current,Red Bull Arena
NWMW84L5lz,34015501209,,current,Red Bull Arena
NWMW84L5lz,34015501704,,current,Red Bull Arena
NWMW84L5lz,34039034100,74.0,current,Red Bull Arena
NWMW84L5lz,34037373100,,current,Red Bull Arena
NWMW84L5lz,34037373200,,current,Red Bull Arena
NWMW84L5lz,34037373300,,current,Red Bull Arena
NWMW84L5lz,34039033400,87.0,current,Red Bull Arena
NWMW84L5lz,34039033600,104.0,current,Red Bull Arena
NWMW84L5lz,34039033700,65.0,current,Red Bull Arena
NWMW84L5lz,34039033800,64.0,current,Red Bull Arena
NWMW84L5lz,34039034000,69.0,current,Red Bull Arena
NWMW84L5lz,34039034300,86.0,current,Red Bull Arena
NWMW84L5lz,34039034400,85.0,current,Red Bull Arena
NWMW84L5lz,34039037200,62.0,current,Red Bull Arena
NWMW84L5lz,34039039400,89.0,current,Red Bull Arena
NWMW84L5lz,34039032902,106.0,current,Red Bull Arena
NWMW84L5lz,34039037602,,current,Red Bull Arena
NWMW84L5lz,34039038201,,current,Red Bull Arena
NWMW84L5lz,34039035200,74.0,current,Red Bull Arena
NWMW84L5lz,34039031700,64.0,current,Red Bull Arena
NWMW84L5lz,34039031200,68.0,current,Red Bull Arena
NWMW84L5lz,34039030900,77.0,current,Red Bull Arena
NWMW84L5lz,34037373700,,current,Red Bull Arena
NWMW84L5lz,34037373800,,current,Red Bull Arena
NWMW84L5lz,34037373400,,current,Red Bull Arena
NWMW84L5lz,34039034500,65.0,current,Red Bull Arena
NWMW84L5lz,34039034600,74.0,current,Red Bull Arena
NWMW84L5lz,34039034700,67.0,current,Red Bull Arena
NWMW84L5lz,34017012300,37.0,current,Red Bull Arena
NWMW84L5lz,34039030500,78.0,current,Red Bull Arena
NWMW84L5lz,34037373500,,current,Red Bull Arena
NWMW84L5lz,34037373600,,current,Red Bull Arena
NWMW84L5lz,34039034800,86.0,current,Red Bull Arena
NWMW84L5lz,34039034900,88.0,current,Red Bull Arena
NWMW84L5lz,34039035000,76.0,current,Red Bull Arena
NWMW84L5lz,34039035100,62.0,current,Red Bull Arena
NWMW84L5lz,34039035300,66.0,current,Red Bull Arena
NWMW84L5lz,34039035500,80.0,current,Red Bull Arena
NWMW84L5lz,34039035600,83.0,current,Red Bull Arena
NWMW84L5lz,34039035800,70.0,current,Red Bull Arena
NWMW84L5lz,34039035900,55.0,current,Red Bull Arena
NWMW84L5lz,34039036000,71.0,current,Red Bull Arena
NWMW84L5lz,34039036200,107.0,current,Red Bull Arena
NWMW84L5lz,34039036301,98.0,current,Red Bull Arena
NWMW84L5lz,34039036302,106.0,current,Red Bull Arena
NWMW84L5lz,34039035700,69.0,current,Red Bull Arena
NWMW84L5lz,34017017200,73.0,current,Red Bull Arena
NWMW84L5lz,34017002300,54.0,current,Red Bull Arena
NWMW84L5lz,34017001000,54.0,current,Red Bull Arena
NWMW84L5lz,34017015900,78.0,current,Red Bull Arena
NWMW84L5lz,34017013800,25.0,current,Red Bull Arena
NWMW84L5lz,34017018800,78.0,current,Red Bull Arena
NWMW84L5lz,34017006200,70.0,current,Red Bull Arena
NWMW84L5lz,34017005500,66.0,current,Red Bull Arena
NWMW84L5lz,34039036900,59.0,current,Red Bull Arena
NWMW84L5lz,34039036400,,current,Red Bull Arena
NWMW84L5lz,34039036500,96.0,current,Red Bull Arena
NWMW84L5lz,34039036600,61.0,current,Red Bull Arena
NWMW84L5lz,34039036700,77.0,current,Red Bull Arena
NWMW84L5lz,34039036800,,current,Red Bull Arena
NWMW84L5lz,34039037100,86.0,current,Red Bull Arena
NWMW84L5lz,34039037000,77.0,current,Red Bull Arena
NWMW84L5lz,34039037300,83.0,current,Red Bull Arena
NWMW84L5lz,34039037400,85.0,current,Red Bull Arena
NWMW84L5lz,34039037500,86.0,current,Red Bull Arena
NWMW84L5lz,34039037601,,current,Red Bull Arena
NWMW84L5lz,34039037800,105.0,current,Red Bull Arena
NWMW84L5lz,34029723500,,current,Red Bull Arena
NWMW84L5lz,34029723600,,current,Red Bull Arena
NWMW84L5lz,34037371802,,current,Red Bull Arena
NWMW84L5lz,34037371801,,current,Red Bull Arena
NWMW84L5lz,34005703802,,current,Red Bull Arena
NWMW84L5lz,34039037900,,current,Red Bull Arena
NWMW84L5lz,34039038000,89.0,current,Red Bull Arena
NWMW84L5lz,34029731202,,current,Red Bull Arena
NWMW84L5lz,34029715301,,current,Red Bull Arena
NWMW84L5lz,34029717002,,current,Red Bull Arena
NWMW84L5lz,34029724000,,current,Red Bull Arena
NWMW84L5lz,34029725001,,current,Red Bull Arena
NWMW84L5lz,34029725002,,current,Red Bull Arena
NWMW84L5lz,34029727001,,current,Red Bull Arena
NWMW84L5lz,34005700200,,current,Red Bull Arena
NWMW84L5lz,34005702601,,current,Red Bull Arena
NWMW84L5lz,34005702905,,current,Red Bull Arena
NWMW84L5lz,34005702909,,current,Red Bull Arena
NWMW84L5lz,34005703000,,current,Red Bull Arena
NWMW84L5lz,34005703202,,current,Red Bull Arena
NWMW84L5lz,34005704004,,current,Red Bull Arena
NWMW84L5lz,34005704013,,current,Red Bull Arena
NWMW84L5lz,34029736002,,current,Red Bull Arena
NWMW84L5lz,34029738001,,current,Red Bull Arena
NWMW84L5lz,34029738002,,current,Red Bull Arena
NWMW84L5lz,34019010300,,current,Red Bull Arena
NWMW84L5lz,34007610800,,current,Red Bull Arena
NWMW84L5lz,34007602902,,current,Red Bull Arena
NWMW84L5lz,34025800702,,current,Red Bull Arena
NWMW84L5lz,34003043001,,current,Red Bull Arena
NWMW84L5lz,34003043002,,current,Red Bull Arena
NWMW84L5lz,34025803100,,current,Red Bull Arena
NWMW84L5lz,34029727002,,current,Red Bull Arena
NWMW84L5lz,34029729000,,current,Red Bull Arena
NWMW84L5lz,34029730000,,current,Red Bull Arena
NWMW84L5lz,34029731001,,current,Red Bull Arena
NWMW84L5lz,34029731102,,current,Red Bull Arena
NWMW84L5lz,34005700102,,current,Red Bull Arena
NWMW84L5lz,34029731206,,current,Red Bull Arena
NWMW84L5lz,34005700402,,current,Red Bull Arena
NWMW84L5lz,34005700503,,current,Red Bull Arena
NWMW84L5lz,34005701102,,current,Red Bull Arena
NWMW84L5lz,34005701502,,current,Red Bull Arena
NWMW84L5lz,34029713402,,current,Red Bull Arena
NWMW84L5lz,34033021202,,current,Red Bull Arena
NWMW84L5lz,34033020400,,current,Red Bull Arena
NWMW84L5lz,34033022201,,current,Red Bull Arena
NWMW84L5lz,34033020700,,current,Red Bull Arena
NWMW84L5lz,34025800602,,current,Red Bull Arena
NWMW84L5lz,34025800701,,current,Red Bull Arena
NWMW84L5lz,34025800800,,current,Red Bull Arena
NWMW84L5lz,34025801200,,current,Red Bull Arena
NWMW84L5lz,34025802000,,current,Red Bull Arena
NWMW84L5lz,34025802300,,current,Red Bull Arena
NWMW84L5lz,34025801700,,current,Red Bull Arena
NWMW84L5lz,34025802500,,current,Red Bull Arena
NWMW84L5lz,34025802600,,current,Red Bull Arena
NWMW84L5lz,34025802700,,current,Red Bull Arena
NWMW84L5lz,34025802400,,current,Red Bull Arena
NWMW84L5lz,34025803500,,current,Red Bull Arena
NWMW84L5lz,34025803900,,current,Red Bull Arena
NWMW84L5lz,34025802800,,current,Red Bull Arena
NWMW84L5lz,34025808001,,current,Red Bull Arena
NWMW84L5lz,34005702908,,current,Red Bull Arena
NWMW84L5lz,34005703102,,current,Red Bull Arena
NWMW84L5lz,34005703600,,current,Red Bull Arena
NWMW84L5lz,34005704005,,current,Red Bull Arena
NWMW84L5lz,34025806000,,current,Red Bull Arena
NWMW84L5lz,34025806100,,current,Red Bull Arena
NWMW84L5lz,34003044100,,current,Red Bull Arena
NWMW84L5lz,34029718000,,current,Red Bull Arena
NWMW84L5lz,34025803400,,current,Red Bull Arena
NWMW84L5lz,34025810503,,current,Red Bull Arena
NWMW84L5lz,34025810700,,current,Red Bull Arena
NWMW84L5lz,34025810900,,current,Red Bull Arena
NWMW84L5lz,34025804100,,current,Red Bull Arena
NWMW84L5lz,34003038100,61.0,current,Red Bull Arena
NWMW84L5lz,34003038300,65.0,current,Red Bull Arena
NWMW84L5lz,34025804200,,current,Red Bull Arena
NWMW84L5lz,34025811000,,current,Red Bull Arena
NWMW84L5lz,34025811401,,current,Red Bull Arena
NWMW84L5lz,34025811402,,current,Red Bull Arena
NWMW84L5lz,34025811600,,current,Red Bull Arena
NWMW84L5lz,34025812000,,current,Red Bull Arena
NWMW84L5lz,34025805500,,current,Red Bull Arena
NWMW84L5lz,34025805400,,current,Red Bull Arena
NWMW84L5lz,34025808402,,current,Red Bull Arena
NWMW84L5lz,34005702907,,current,Red Bull Arena
NWMW84L5lz,34005702208,,current,Red Bull Arena
NWMW84L5lz,34025809704,,current,Red Bull Arena
NWMW84L5lz,34025810401,,current,Red Bull Arena
NWMW84L5lz,34025805600,,current,Red Bull Arena
NWMW84L5lz,34025805700,,current,Red Bull Arena
NWMW84L5lz,34025805800,,current,Red Bull Arena
NWMW84L5lz,34025805900,,current,Red Bull Arena
NWMW84L5lz,34029739000,,current,Red Bull Arena
NWMW84L5lz,34029731203,,current,Red Bull Arena
NWMW84L5lz,34029734002,,current,Red Bull Arena
NWMW84L5lz,34029732101,,current,Red Bull Arena
NWMW84L5lz,34005701201,,current,Red Bull Arena
NWMW84L5lz,34003054400,109.0,current,Red Bull Arena
NWMW84L5lz,34005701203,,current,Red Bull Arena
NWMW84L5lz,34025809600,,current,Red Bull Arena
NWMW84L5lz,34025809703,,current,Red Bull Arena
NWMW84L5lz,34025810001,,current,Red Bull Arena
NWMW84L5lz,34025807700,,current,Red Bull Arena
NWMW84L5lz,34025810004,,current,Red Bull Arena
NWMW84L5lz,34025807800,,current,Red Bull Arena
NWMW84L5lz,34007601200,,current,Red Bull Arena
NWMW84L5lz,34003049001,,current,Red Bull Arena
NWMW84L5lz,34003050000,,current,Red Bull Arena
NWMW84L5lz,34003051200,89.0,current,Red Bull Arena
NWMW84L5lz,34003051300,80.0,current,Red Bull Arena
NWMW84L5lz,34025801800,,current,Red Bull Arena
NWMW84L5lz,34025801600,,current,Red Bull Arena
NWMW84L5lz,34025800200,,current,Red Bull Arena
NWMW84L5lz,34025808100,,current,Red Bull Arena
NWMW84L5lz,34025809901,,current,Red Bull Arena
NWMW84L5lz,34025805300,,current,Red Bull Arena
NWMW84L5lz,34025801500,,current,Red Bull Arena
NWMW84L5lz,34025803800,,current,Red Bull Arena
NWMW84L5lz,34025803700,,current,Red Bull Arena
NWMW84L5lz,34025810800,,current,Red Bull Arena
NWMW84L5lz,34025800900,,current,Red Bull Arena
NWMW84L5lz,34025803000,,current,Red Bull Arena
NWMW84L5lz,34025806501,,current,Red Bull Arena
NWMW84L5lz,34025811900,,current,Red Bull Arena
NWMW84L5lz,34025808600,,current,Red Bull Arena
NWMW84L5lz,34025811301,,current,Red Bull Arena
NWMW84L5lz,34025802200,,current,Red Bull Arena
NWMW84L5lz,34025809902,,current,Red Bull Arena
NWMW84L5lz,34025803300,,current,Red Bull Arena
NWMW84L5lz,34025810501,,current,Red Bull Arena
NWMW84L5lz,34025806600,,current,Red Bull Arena
NWMW84L5lz,34025805100,,current,Red Bull Arena
NWMW84L5lz,34025806400,,current,Red Bull Arena
NWMW84L5lz,34025806502,,current,Red Bull Arena
NWMW84L5lz,34025809000,,current,Red Bull Arena
NWMW84L5lz,34025809100,,current,Red Bull Arena
NWMW84L5lz,34025809200,,current,Red Bull Arena
NWMW84L5lz,34005701103,,current,Red Bull Arena
NWMW84L5lz,34025806503,,current,Red Bull Arena
NWMW84L5lz,34025806504,,current,Red Bull Arena
NWMW84L5lz,34025807004,,current,Red Bull Arena
NWMW84L5lz,34025807100,,current,Red Bull Arena
NWMW84L5lz,34025807300,,current,Red Bull Arena
NWMW84L5lz,34003054200,96.0,current,Red Bull Arena
NWMW84L5lz,34003054300,103.0,current,Red Bull Arena
NWMW84L5lz,34005702802,,current,Red Bull Arena
NWMW84L5lz,34025810002,,current,Red Bull Arena
NWMW84L5lz,34025810003,,current,Red Bull Arena
NWMW84L5lz,34025807500,,current,Red Bull Arena
NWMW84L5lz,34025807600,,current,Red Bull Arena
NWMW84L5lz,34005701204,,current,Red Bull Arena
NWMW84L5lz,34025807900,,current,Red Bull Arena
NWMW84L5lz,34025810402,,current,Red Bull Arena
NWMW84L5lz,34025808300,,current,Red Bull Arena
NWMW84L5lz,34005702803,,current,Red Bull Arena
NWMW84L5lz,34007603505,,current,Red Bull Arena
NWMW84L5lz,34035052800,,current,Red Bull Arena
NWMW84L5lz,34009021803,,current,Red Bull Arena
NWMW84L5lz,34009021600,,current,Red Bull Arena
NWMW84L5lz,34025801300,,current,Red Bull Arena
NWMW84L5lz,34025804600,,current,Red Bull Arena
NWMW84L5lz,34025801400,,current,Red Bull Arena
NWMW84L5lz,34025807200,,current,Red Bull Arena
NWMW84L5lz,34025808401,,current,Red Bull Arena
NWMW84L5lz,34025808800,,current,Red Bull Arena
NWMW84L5lz,34025809903,,current,Red Bull Arena
NWMW84L5lz,34025810600,,current,Red Bull Arena
NWMW84L5lz,34025811200,,current,Red Bull Arena
NWMW84L5lz,34025806300,,current,Red Bull Arena
NWMW84L5lz,34025801000,,current,Red Bull Arena
NWMW84L5lz,34025802100,,current,Red Bull Arena
NWMW84L5lz,34025805001,,current,Red Bull Arena
NWMW84L5lz,34025801900,,current,Red Bull Arena
NWMW84L5lz,34025809701,,current,Red Bull Arena
NWMW84L5lz,34025810300,,current,Red Bull Arena
NWMW84L5lz,34025809400,,current,Red Bull Arena
NWMW84L5lz,34025811303,,current,Red Bull Arena
NWMW84L5lz,34025808002,,current,Red Bull Arena
NWMW84L5lz,34003041100,108.0,current,Red Bull Arena
NWMW84L5lz,34005701700,,current,Red Bull Arena
NWMW84L5lz,34025800500,,current,Red Bull Arena
NWMW84L5lz,34007602901,,current,Red Bull Arena
NWMW84L5lz,34025811304,,current,Red Bull Arena
NWMW84L5lz,34025800400,,current,Red Bull Arena
NWMW84L5lz,34025800601,,current,Red Bull Arena
NWMW84L5lz,34037373900,,current,Red Bull Arena
NWMW84L5lz,34021001102,,current,Red Bull Arena
NWMW84L5lz,34007608903,,current,Red Bull Arena
NWMW84L5lz,34007604600,,current,Red Bull Arena
NWMW84L5lz,34007603302,,current,Red Bull Arena
NWMW84L5lz,34007607502,,current,Red Bull Arena
NWMW84L5lz,34007608901,,current,Red Bull Arena
NWMW84L5lz,34007608904,,current,Red Bull Arena
NWMW84L5lz,34007601102,,current,Red Bull Arena
NWMW84L5lz,34007606100,,current,Red Bull Arena
NWMW84L5lz,34025811101,,current,Red Bull Arena
NWMW84L5lz,34025806201,,current,Red Bull Arena
NWMW84L5lz,34007607701,,current,Red Bull Arena
NWMW84L5lz,34025811102,,current,Red Bull Arena
NWMW84L5lz,34025812200,,current,Red Bull Arena
NWMW84L5lz,34025812300,,current,Red Bull Arena
NWMW84L5lz,34025811502,,current,Red Bull Arena
NWMW84L5lz,34025808702,,current,Red Bull Arena
NWMW84L5lz,34025812501,,current,Red Bull Arena
NWMW84L5lz,34025811501,,current,Red Bull Arena
NWMW84L5lz,34001010505,,current,Red Bull Arena
NWMW84L5lz,34001011404,,current,Red Bull Arena
NWMW84L5lz,34001011804,,current,Red Bull Arena
NWMW84L5lz,34001011805,,current,Red Bull Arena
NWMW84L5lz,34003047300,,current,Red Bull Arena
NWMW84L5lz,34003051400,95.0,current,Red Bull Arena
NWMW84L5lz,34003019204,114.0,current,Red Bull Arena
NWMW84L5lz,34005702603,,current,Red Bull Arena
NWMW84L5lz,34005702801,,current,Red Bull Arena
NWMW84L5lz,34007607000,,current,Red Bull Arena
NWMW84L5lz,34005700605,,current,Red Bull Arena
NWMW84L5lz,34005700702,,current,Red Bull Arena
NWMW84L5lz,34003045200,113.0,current,Red Bull Arena
NWMW84L5lz,34009021900,,current,Red Bull Arena
NWMW84L5lz,34003047400,,current,Red Bull Arena
NWMW84L5lz,34005701302,,current,Red Bull Arena
NWMW84L5lz,34015500300,,current,Red Bull Arena
NWMW84L5lz,34015500400,,current,Red Bull Arena
NWMW84L5lz,34015501001,,current,Red Bull Arena
NWMW84L5lz,34005702804,,current,Red Bull Arena
NWMW84L5lz,34005702806,,current,Red Bull Arena
NWMW84L5lz,34005702808,,current,Red Bull Arena
NWMW84L5lz,34005702809,,current,Red Bull Arena
NWMW84L5lz,34005702811,,current,Red Bull Arena
NWMW84L5lz,34007609204,,current,Red Bull Arena
NWMW84L5lz,34007601500,,current,Red Bull Arena
NWMW84L5lz,34003004002,102.0,current,Red Bull Arena
NWMW84L5lz,34007606000,,current,Red Bull Arena
NWMW84L5lz,34007601000,,current,Red Bull Arena
NWMW84L5lz,34007609205,,current,Red Bull Arena
NWMW84L5lz,34007608209,,current,Red Bull Arena
NWMW84L5lz,34007603303,,current,Red Bull Arena
NWMW84L5lz,34003052100,,current,Red Bull Arena
NWMW84L5lz,34003052200,,current,Red Bull Arena
NWMW84L5lz,34003046100,81.0,current,Red Bull Arena
NWMW84L5lz,34003047100,,current,Red Bull Arena
NWMW84L5lz,34003047200,,current,Red Bull Arena
NWMW84L5lz,34003044202,,current,Red Bull Arena
NWMW84L5lz,34003023502,100.0,current,Red Bull Arena
NWMW84L5lz,34005702101,,current,Red Bull Arena
NWMW84L5lz,34005701205,,current,Red Bull Arena
NWMW84L5lz,34037374000,,current,Red Bull Arena
NWMW84L5lz,34005701301,,current,Red Bull Arena
NWMW84L5lz,34037374600,,current,Red Bull Arena
NWMW84L5lz,34037374700,,current,Red Bull Arena
NWMW84L5lz,34037374900,,current,Red Bull Arena
NWMW84L5lz,34003013002,109.0,current,Red Bull Arena
NWMW84L5lz,34003006201,100.0,current,Red Bull Arena
NWMW84L5lz,34003012002,94.0,current,Red Bull Arena
NWMW84L5lz,34003019103,,current,Red Bull Arena
NWMW84L5lz,34015500800,,current,Red Bull Arena
NWMW84L5lz,34005700703,,current,Red Bull Arena
NWMW84L5lz,34005700800,,current,Red Bull Arena
NWMW84L5lz,34015500900,,current,Red Bull Arena
NWMW84L5lz,34015501104,,current,Red Bull Arena
NWMW84L5lz,34037374200,,current,Red Bull Arena
NWMW84L5lz,34037372100,,current,Red Bull Arena
NWMW84L5lz,34037371300,,current,Red Bull Arena
NWMW84L5lz,34037371100,,current,Red Bull Arena
NWMW84L5lz,34015501202,,current,Red Bull Arena
NWMW84L5lz,34035052201,,current,Red Bull Arena
NWMW84L5lz,34015501003,,current,Red Bull Arena
NWMW84L5lz,34005700900,,current,Red Bull Arena
NWMW84L5lz,34005701002,,current,Red Bull Arena
NWMW84L5lz,34003019305,109.0,current,Red Bull Arena
NWMW84L5lz,34003032202,,current,Red Bull Arena
NWMW84L5lz,34015501107,,current,Red Bull Arena
NWMW84L5lz,34003040002,,current,Red Bull Arena
NWMW84L5lz,34003041301,96.0,current,Red Bull Arena
NWMW84L5lz,34005701104,,current,Red Bull Arena
NWMW84L5lz,34037371200,,current,Red Bull Arena
NWMW84L5lz,34037373000,,current,Red Bull Arena
NWMW84L5lz,34037374800,,current,Red Bull Arena
NWMW84L5lz,34037374400,,current,Red Bull Arena
NWMW84L5lz,34037371600,,current,Red Bull Arena
NWMW84L5lz,34037374500,,current,Red Bull Arena
NWMW84L5lz,34037374300,,current,Red Bull Arena
NWMW84L5lz,34015501203,,current,Red Bull Arena
NWMW84L5lz,34003021300,119.0,current,Red Bull Arena
NWMW84L5lz,34003046300,85.0,current,Red Bull Arena
NWMW84L5lz,34003042500,,current,Red Bull Arena
NWMW84L5lz,34003042400,,current,Red Bull Arena
NWMW84L5lz,34035053805,,current,Red Bull Arena
NWMW84L5lz,34035051000,114.0,current,Red Bull Arena
NWMW84L5lz,34035053703,,current,Red Bull Arena
NWMW84L5lz,34035052901,,current,Red Bull Arena
NWMW84L5lz,34035050903,,current,Red Bull Arena
NWMW84L5lz,34035052002,111.0,current,Red Bull Arena
NWMW84L5lz,34035050300,116.0,current,Red Bull Arena
NWMW84L5lz,34035050902,,current,Red Bull Arena
NWMW84L5lz,34035052100,,current,Red Bull Arena
NWMW84L5lz,34035050802,,current,Red Bull Arena
NWMW84L5lz,34035053602,,current,Red Bull Arena
NWMW84L5lz,34035052603,,current,Red Bull Arena
NWMW84L5lz,34019010801,,current,Red Bull Arena
NWMW84L5lz,34013006400,46.0,current,Red Bull Arena
NWMW84L5lz,34003057101,114.0,current,Red Bull Arena
NWMW84L5lz,34003057102,98.0,current,Red Bull Arena
NWMW84L5lz,34003057200,97.0,current,Red Bull Arena
NWMW84L5lz,34003058100,,current,Red Bull Arena
NWMW84L5lz,34003058200,,current,Red Bull Arena
NWMW84L5lz,34003059200,,current,Red Bull Arena
NWMW84L5lz,34035053804,,current,Red Bull Arena
NWMW84L5lz,34035053901,,current,Red Bull Arena
NWMW84L5lz,34019010900,,current,Red Bull Arena
NWMW84L5lz,34019011202,,current,Red Bull Arena
NWMW84L5lz,34019011303,,current,Red Bull Arena
NWMW84L5lz,34003044201,,current,Red Bull Arena
NWMW84L5lz,34035051600,,current,Red Bull Arena
NWMW84L5lz,34035051800,111.0,current,Red Bull Arena
NWMW84L5lz,34019011400,,current,Red Bull Arena
NWMW84L5lz,34019011700,,current,Red Bull Arena
NWMW84L5lz,34019011900,,current,Red Bull Arena
NWMW84L5lz,34019010600,,current,Red Bull Arena
NWMW84L5lz,34019011100,,current,Red Bull Arena
NWMW84L5lz,34019011500,,current,Red Bull Arena
NWMW84L5lz,34001010105,,current,Red Bull Arena
NWMW84L5lz,34001010104,,current,Red Bull Arena
NWMW84L5lz,34001010506,,current,Red Bull Arena
NWMW84L5lz,34001013301,,current,Red Bull Arena
NWMW84L5lz,34001013102,,current,Red Bull Arena
NWMW84L5lz,34001013202,,current,Red Bull Arena
NWMW84L5lz,34001013101,,current,Red Bull Arena
NWMW84L5lz,34013001700,47.0,current,Red Bull Arena
NWMW84L5lz,34013001800,61.0,current,Red Bull Arena
NWMW84L5lz,34013001900,62.0,current,Red Bull Arena
NWMW84L5lz,34013002400,70.0,current,Red Bull Arena
NWMW84L5lz,34013003100,47.0,current,Red Bull Arena
NWMW84L5lz,34013003500,57.0,current,Red Bull Arena
NWMW84L5lz,34013003800,49.0,current,Red Bull Arena
NWMW84L5lz,34013004200,56.0,current,Red Bull Arena
NWMW84L5lz,34013004400,60.0,current,Red Bull Arena
NWMW84L5lz,34013004500,64.0,current,Red Bull Arena
NWMW84L5lz,34013004600,62.0,current,Red Bull Arena
NWMW84L5lz,34013004700,65.0,current,Red Bull Arena
NWMW84L5lz,34013004900,55.0,current,Red Bull Arena
NWMW84L5lz,34013005000,42.0,current,Red Bull Arena
NWMW84L5lz,34013005300,46.0,current,Red Bull Arena
NWMW84L5lz,34035051900,109.0,current,Red Bull Arena
NWMW84L5lz,34035052001,93.0,current,Red Bull Arena
NWMW84L5lz,34035052300,,current,Red Bull Arena
NWMW84L5lz,34035053102,,current,Red Bull Arena
NWMW84L5lz,34035053103,,current,Red Bull Arena
NWMW84L5lz,34013005400,48.0,current,Red Bull Arena
NWMW84L5lz,34013005700,40.0,current,Red Bull Arena
NWMW84L5lz,34013006700,34.0,current,Red Bull Arena
NWMW84L5lz,34013006800,41.0,current,Red Bull Arena
NWMW84L5lz,34013007000,38.0,current,Red Bull Arena
NWMW84L5lz,34013007100,41.0,current,Red Bull Arena
NWMW84L5lz,34013008000,33.0,current,Red Bull Arena
NWMW84L5lz,34013008800,47.0,current,Red Bull Arena
NWMW84L5lz,34013009000,55.0,current,Red Bull Arena
NWMW84L5lz,34013009100,50.0,current,Red Bull Arena
NWMW84L5lz,34017005802,,current,Red Bull Arena
NWMW84L5lz,34021000200,,current,Red Bull Arena
NWMW84L5lz,34021000500,,current,Red Bull Arena
NWMW84L5lz,34029738100,,current,Red Bull Arena
NWMW84L5lz,34029717300,,current,Red Bull Arena
NWMW84L5lz,34029734003,,current,Red Bull Arena
NWMW84L5lz,34023001806,,current,Red Bull Arena
NWMW84L5lz,34023009101,,current,Red Bull Arena
NWMW84L5lz,34023980200,,current,Red Bull Arena
NWMW84L5lz,34013007400,44.0,current,Red Bull Arena
NWMW84L5lz,34029713300,,current,Red Bull Arena
NWMW84L5lz,34029713500,,current,Red Bull Arena
NWMW84L5lz,34035053105,,current,Red Bull Arena
NWMW84L5lz,34035053200,,current,Red Bull Arena
NWMW84L5lz,34035053300,,current,Red Bull Arena
NWMW84L5lz,34029713600,,current,Red Bull Arena
NWMW84L5lz,34029713900,,current,Red Bull Arena
NWMW84L5lz,34029714100,,current,Red Bull Arena
NWMW84L5lz,34005700401,,current,Red Bull Arena
NWMW84L5lz,34005700504,,current,Red Bull Arena
NWMW84L5lz,34035053704,,current,Red Bull Arena
NWMW84L5lz,34013007502,58.0,current,Red Bull Arena
NWMW84L5lz,34013007900,25.0,current,Red Bull Arena
NWMW84L5lz,34013009700,66.0,current,Red Bull Arena
NWMW84L5lz,34023005602,92.0,current,Red Bull Arena
NWMW84L5lz,34013009900,64.0,current,Red Bull Arena
NWMW84L5lz,34013010000,69.0,current,Red Bull Arena
NWMW84L5lz,34029715600,,current,Red Bull Arena
NWMW84L5lz,34029717102,,current,Red Bull Arena
NWMW84L5lz,34029717501,,current,Red Bull Arena
NWMW84L5lz,34029720102,,current,Red Bull Arena
NWMW84L5lz,34029720204,,current,Red Bull Arena
NWMW84L5lz,34013000800,59.0,current,Red Bull Arena
NWMW84L5lz,34013001400,53.0,current,Red Bull Arena
NWMW84L5lz,34021000100,,current,Red Bull Arena
NWMW84L5lz,34029721000,,current,Red Bull Arena
NWMW84L5lz,34029722100,,current,Red Bull Arena
NWMW84L5lz,34013010100,57.0,current,Red Bull Arena
NWMW84L5lz,34013010500,50.0,current,Red Bull Arena
NWMW84L5lz,34013011400,72.0,current,Red Bull Arena
NWMW84L5lz,34013011500,66.0,current,Red Bull Arena
NWMW84L5lz,34013011600,58.0,current,Red Bull Arena
NWMW84L5lz,34013011700,62.0,current,Red Bull Arena
NWMW84L5lz,34013011900,52.0,current,Red Bull Arena
NWMW84L5lz,34029722300,,current,Red Bull Arena
NWMW84L5lz,34029722402,,current,Red Bull Arena
NWMW84L5lz,34029722600,,current,Red Bull Arena
NWMW84L5lz,34029722900,,current,Red Bull Arena
NWMW84L5lz,34013012000,73.0,current,Red Bull Arena
NWMW84L5lz,34013012300,69.0,current,Red Bull Arena
NWMW84L5lz,34013012400,69.0,current,Red Bull Arena
NWMW84L5lz,34013012600,65.0,current,Red Bull Arena
NWMW84L5lz,34013012700,70.0,current,Red Bull Arena
NWMW84L5lz,34013013000,60.0,current,Red Bull Arena
NWMW84L5lz,34013013100,51.0,current,Red Bull Arena
NWMW84L5lz,34017011200,96.0,current,Red Bull Arena
NWMW84L5lz,34017018900,77.0,current,Red Bull Arena
NWMW84L5lz,34017018600,80.0,current,Red Bull Arena
NWMW84L5lz,34017011300,88.0,current,Red Bull Arena
NWMW84L5lz,34017011400,101.0,current,Red Bull Arena
NWMW84L5lz,34013013300,54.0,current,Red Bull Arena
NWMW84L5lz,34013014500,74.0,current,Red Bull Arena
NWMW84L5lz,34013014600,74.0,current,Red Bull Arena
NWMW84L5lz,34013014700,67.0,current,Red Bull Arena
NWMW84L5lz,34029722702,,current,Red Bull Arena
NWMW84L5lz,34029723400,,current,Red Bull Arena
NWMW84L5lz,34029725100,,current,Red Bull Arena
NWMW84L5lz,34029731201,,current,Red Bull Arena
NWMW84L5lz,34013014800,96.0,current,Red Bull Arena
NWMW84L5lz,34013014900,104.0,current,Red Bull Arena
NWMW84L5lz,34013015000,94.0,current,Red Bull Arena
NWMW84L5lz,34013015100,109.0,current,Red Bull Arena
NWMW84L5lz,34029731205,,current,Red Bull Arena
NWMW84L5lz,34005700602,,current,Red Bull Arena
NWMW84L5lz,34021000300,,current,Red Bull Arena
NWMW84L5lz,34021000400,,current,Red Bull Arena
NWMW84L5lz,34013013900,85.0,current,Red Bull Arena
NWMW84L5lz,34013014000,75.0,current,Red Bull Arena
NWMW84L5lz,34013014400,71.0,current,Red Bull Arena
NWMW84L5lz,34013013600,74.0,current,Red Bull Arena
NWMW84L5lz,34013013700,82.0,current,Red Bull Arena
ETIHAD_PARK,36093033102,,future,Etihad Park
ETIHAD_PARK,36093020102,,future,Etihad Park
ETIHAD_PARK,36093032504,,future,Etihad Park
ETIHAD_PARK,36081003400,76.0,future,Etihad Park
ETIHAD_PARK,36081003900,50.0,future,Etihad Park
ETIHAD_PARK,36065026502,,future,Etihad Park
ETIHAD_PARK,36065026501,,future,Etihad Park
ETIHAD_PARK,36065021104,,future,Etihad Park
ETIHAD_PARK,36081003600,75.0,future,Etihad Park
ETIHAD_PARK,36081003700,49.0,future,Etihad Park
ETIHAD_PARK,36081003800,66.0,future,Etihad Park
ETIHAD_PARK,36081004001,65.0,future,Etihad Park
ETIHAD_PARK,36081004200,73.0,future,Etihad Park
ETIHAD_PARK,36081004300,49.0,future,Etihad Park
ETIHAD_PARK,36081077907,40.0,future,Etihad Park
ETIHAD_PARK,36081024000,49.0,future,Etihad Park
ETIHAD_PARK,36081024300,44.0,future,Etihad Park
ETIHAD_PARK,36081077908,47.0,future,Etihad Park
ETIHAD_PARK,36081024500,40.0,future,Etihad Park
ETIHAD_PARK,36081024900,30.0,future,Etihad Park
ETIHAD_PARK,36081025100,30.0,future,Etihad Park
ETIHAD_PARK,36081025500,37.0,future,Etihad Park
ETIHAD_PARK,36081025700,35.0,future,Etihad Park
ETIHAD_PARK,36081097204,106.0,future,Etihad Park
ETIHAD_PARK,36081100801,112.0,future,Etihad Park
ETIHAD_PARK,36007012701,,future,Etihad Park
ETIHAD_PARK,36029980500,,future,Etihad Park
ETIHAD_PARK,36029004601,,future,Etihad Park
ETIHAD_PARK,36081102900,53.0,future,Etihad Park
ETIHAD_PARK,36047021100,70.0,future,Etihad Park
ETIHAD_PARK,36081025800,56.0,future,Etihad Park
ETIHAD_PARK,36081026000,59.0,future,Etihad Park
ETIHAD_PARK,36081026200,63.0,future,Etihad Park
ETIHAD_PARK,36081026300,23.0,future,Etihad Park
ETIHAD_PARK,36081026600,63.0,future,Etihad Park
ETIHAD_PARK,36047048500,67.0,future,Etihad Park
ETIHAD_PARK,36081107202,103.0,future,Etihad Park
ETIHAD_PARK,36081103201,95.0,future,Etihad Park
ETIHAD_PARK,36081103202,91.0,future,Etihad Park
ETIHAD_PARK,36081103900,45.0,future,Etihad Park
ETIHAD_PARK,36081104700,39.0,future,Etihad Park
ETIHAD_PARK,36081105900,49.0,future,Etihad Park
ETIHAD_PARK,36081027000,62.0,future,Etihad Park
ETIHAD_PARK,36081027200,61.0,future,Etihad Park
ETIHAD_PARK,36081027400,63.0,future,Etihad Park
ETIHAD_PARK,36081027800,63.0,future,Etihad Park
ETIHAD_PARK,36081027900,29.0,future,Etihad Park
ETIHAD_PARK,36081028000,66.0,future,Etihad Park
ETIHAD_PARK,36081028100,28.0,future,Etihad Park
ETIHAD_PARK,36081028200,66.0,future,Etihad Park
ETIHAD_PARK,36081028400,69.0,future,Etihad Park
ETIHAD_PARK,36081094500,58.0,future,Etihad Park
ETIHAD_PARK,36081094700,37.0,future,Etihad Park
ETIHAD_PARK,36081096400,99.0,future,Etihad Park
ETIHAD_PARK,36047062000,115.0,future,Etihad Park
ETIHAD_PARK,36081097300,60.0,future,Etihad Park
ETIHAD_PARK,36081098100,63.0,future,Etihad Park
ETIHAD_PARK,36081098700,55.0,future,Etihad Park
ETIHAD_PARK,36081099100,57.0,future,Etihad Park
ETIHAD_PARK,36055013300,,future,Etihad Park
ETIHAD_PARK,36065026700,,future,Etihad Park
ETIHAD_PARK,36055009605,,future,Etihad Park
ETIHAD_PARK,36055001600,,future,Etihad Park
ETIHAD_PARK,36055011712,,future,Etihad Park
ETIHAD_PARK,36055011711,,future,Etihad Park
ETIHAD_PARK,36081099200,108.0,future,Etihad Park
ETIHAD_PARK,36047080800,96.0,future,Etihad Park
ETIHAD_PARK,36081099900,64.0,future,Etihad Park
ETIHAD_PARK,36047123700,65.0,future,Etihad Park
ETIHAD_PARK,36081112300,40.0,future,Etihad Park
ETIHAD_PARK,36081109700,51.0,future,Etihad Park
ETIHAD_PARK,36081109900,45.0,future,Etihad Park
ETIHAD_PARK,36081112900,43.0,future,Etihad Park
ETIHAD_PARK,36081113900,35.0,future,Etihad Park
ETIHAD_PARK,36081114100,47.0,future,Etihad Park
ETIHAD_PARK,36033950601,,future,Etihad Park
ETIHAD_PARK,36033951400,,future,Etihad Park
ETIHAD_PARK,36033950301,,future,Etihad Park
ETIHAD_PARK,36033951300,,future,Etihad Park
ETIHAD_PARK,36033952000,,future,Etihad Park
ETIHAD_PARK,36033950701,,future,Etihad Park
ETIHAD_PARK,36081029100,31.0,future,Etihad Park
ETIHAD_PARK,36081029300,33.0,future,Etihad Park
ETIHAD_PARK,36081029500,36.0,future,Etihad Park
ETIHAD_PARK,36081029700,44.0,future,Etihad Park
ETIHAD_PARK,36081028700,30.0,future,Etihad Park
ETIHAD_PARK,36081028900,27.0,future,Etihad Park
ETIHAD_PARK,36081029900,52.0,future,Etihad Park
ETIHAD_PARK,36081031700,47.0,future,Etihad Park
ETIHAD_PARK,36081032000,73.0,future,Etihad Park
ETIHAD_PARK,36081032800,71.0,future,Etihad Park
ETIHAD_PARK,36081032900,39.0,future,Etihad Park
ETIHAD_PARK,36081033000,72.0,future,Etihad Park
ETIHAD_PARK,36081033100,43.0,future,Etihad Park
ETIHAD_PARK,36081033900,38.0,future,Etihad Park
ETIHAD_PARK,36081039400,73.0,future,Etihad Park
ETIHAD_PARK,36081039800,69.0,future,Etihad Park
ETIHAD_PARK,36081040200,72.0,future,Etihad Park
ETIHAD_PARK,36081040400,66.0,future,Etihad Park
ETIHAD_PARK,36081041100,31.0,future,Etihad Park
ETIHAD_PARK,36081041400,66.0,future,Etihad Park
ETIHAD_PARK,36081041500,27.0,future,Etihad Park
ETIHAD_PARK,36081042700,32.0,future,Etihad Park
ETIHAD_PARK,36081043400,65.0,future,Etihad Park
ETIHAD_PARK,36007012702,,future,Etihad Park
ETIHAD_PARK,36007012800,,future,Etihad Park
ETIHAD_PARK,36007012900,,future,Etihad Park
ETIHAD_PARK,36007013000,,future,Etihad Park
ETIHAD_PARK,36007013202,,future,Etihad Park
ETIHAD_PARK,36081045000,57.0,future,Etihad Park
ETIHAD_PARK,36081045400,54.0,future,Etihad Park
ETIHAD_PARK,36081045500,43.0,future,Etihad Park
ETIHAD_PARK,36081045600,60.0,future,Etihad Park
ETIHAD_PARK,36081044602,47.0,future,Etihad Park
ETIHAD_PARK,36011040201,,future,Etihad Park
ETIHAD_PARK,36011040101,,future,Etihad Park
ETIHAD_PARK,36011040202,,future,Etihad Park
ETIHAD_PARK,36011040102,,future,Etihad Park
ETIHAD_PARK,36011041202,,future,Etihad Park
ETIHAD_PARK,36011041201,,future,Etihad Park
ETIHAD_PARK,36011041101,,future,Etihad Park
ETIHAD_PARK,36011041001,,future,Etihad Park
ETIHAD_PARK,36081044800,50.0,future,Etihad Park
ETIHAD_PARK,36081045800,58.0,future,Etihad Park
ETIHAD_PARK,36081046200,59.0,future,Etihad Park
ETIHAD_PARK,36081046300,29.0,future,Etihad Park
ETIHAD_PARK,36081046400,64.0,future,Etihad Park
ETIHAD_PARK,36081046500,22.0,future,Etihad Park
ETIHAD_PARK,36081046600,61.0,future,Etihad Park
ETIHAD_PARK,36081046700,26.0,future,Etihad Park
ETIHAD_PARK,36081046800,59.0,future,Etihad Park
ETIHAD_PARK,36081047000,63.0,future,Etihad Park
ETIHAD_PARK,36081047100,35.0,future,Etihad Park
ETIHAD_PARK,36081047200,64.0,future,Etihad Park
ETIHAD_PARK,36081047300,35.0,future,Etihad Park
ETIHAD_PARK,36081047500,41.0,future,Etihad Park
ETIHAD_PARK,36081004500,55.0,future,Etihad Park
ETIHAD_PARK,36081004700,47.0,future,Etihad Park
ETIHAD_PARK,36081005000,73.0,future,Etihad Park
ETIHAD_PARK,36081005300,48.0,future,Etihad Park
ETIHAD_PARK,36081005400,70.0,future,Etihad Park
ETIHAD_PARK,36081005800,78.0,future,Etihad Park
ETIHAD_PARK,36081006100,47.0,future,Etihad Park
ETIHAD_PARK,36081030904,41.0,future,Etihad Park
ETIHAD_PARK,36081043702,38.0,future,Etihad Park
ETIHAD_PARK,36081044301,33.0,future,Etihad Park
ETIHAD_PARK,36081036500,29.0,future,Etihad Park
ETIHAD_PARK,36081036600,70.0,future,Etihad Park
ETIHAD_PARK,36081035800,78.0,future,Etihad Park
ETIHAD_PARK,36081036700,35.0,future,Etihad Park
ETIHAD_PARK,36081036800,69.0,future,Etihad Park
ETIHAD_PARK,36107020500,,future,Etihad Park
ETIHAD_PARK,36107020701,,future,Etihad Park
ETIHAD_PARK,36081065401,70.0,future,Etihad Park
ETIHAD_PARK,36117021200,,future,Etihad Park
ETIHAD_PARK,36117020401,,future,Etihad Park
ETIHAD_PARK,36117021000,,future,Etihad Park
ETIHAD_PARK,36117021502,,future,Etihad Park
ETIHAD_PARK,36117021100,,future,Etihad Park
ETIHAD_PARK,36117990100,,future,Etihad Park
ETIHAD_PARK,36117021700,,future,Etihad Park
ETIHAD_PARK,36081065402,81.0,future,Etihad Park
ETIHAD_PARK,36081037100,32.0,future,Etihad Park
ETIHAD_PARK,36081037300,31.0,future,Etihad Park
ETIHAD_PARK,36081037600,74.0,future,Etihad Park
ETIHAD_PARK,36081038100,24.0,future,Etihad Park
ETIHAD_PARK,36117020800,,future,Etihad Park
ETIHAD_PARK,36117021600,,future,Etihad Park
ETIHAD_PARK,36117021400,,future,Etihad Park
ETIHAD_PARK,36117020700,,future,Etihad Park
ETIHAD_PARK,36081007700,54.0,future,Etihad Park
ETIHAD_PARK,36081008600,71.0,future,Etihad Park
ETIHAD_PARK,36081008700,55.0,future,Etihad Park
ETIHAD_PARK,36081008800,75.0,future,Etihad Park
ETIHAD_PARK,36081007900,56.0,future,Etihad Park
ETIHAD_PARK,36081008100,56.0,future,Etihad Park
ETIHAD_PARK,36081008300,52.0,future,Etihad Park
ETIHAD_PARK,36081009100,58.0,future,Etihad Park
ETIHAD_PARK,36081009400,66.0,future,Etihad Park
ETIHAD_PARK,36081009500,49.0,future,Etihad Park
ETIHAD_PARK,36081009600,63.0,future,Etihad Park
ETIHAD_PARK,36081009800,58.0,future,Etihad Park
ETIHAD_PARK,36081009900,59.0,future,Etihad Park
ETIHAD_PARK,36029010902,,future,Etihad Park
ETIHAD_PARK,36117020402,,future,Etihad Park
ETIHAD_PARK,36117020500,,future,Etihad Park
ETIHAD_PARK,36007013301,,future,Etihad Park
ETIHAD_PARK,36007013303,,future,Etihad Park
ETIHAD_PARK,36007013400,,future,Etihad Park
ETIHAD_PARK,36007013500,,future,Etihad Park
ETIHAD_PARK,36007013600,,future,Etihad Park
ETIHAD_PARK,36007013700,,future,Etihad Park
ETIHAD_PARK,36081034700,42.0,future,Etihad Park
ETIHAD_PARK,36081035200,73.0,future,Etihad Park
ETIHAD_PARK,36081035300,36.0,future,Etihad Park
ETIHAD_PARK,36093020600,,future,Etihad Park
ETIHAD_PARK,36093020101,,future,Etihad Park
ETIHAD_PARK,36093021002,,future,Etihad Park
ETIHAD_PARK,36093020500,,future,Etihad Park
ETIHAD_PARK,36093020800,,future,Etihad Park
ETIHAD_PARK,36093020700,,future,Etihad Park
ETIHAD_PARK,36093020900,,future,Etihad Park
ETIHAD_PARK,36093033003,,future,Etihad Park
ETIHAD_PARK,36093032403,,future,Etihad Park
ETIHAD_PARK,36093032502,,future,Etihad Park
ETIHAD_PARK,36093032602,,future,Etihad Park
ETIHAD_PARK,36093020200,,future,Etihad Park
ETIHAD_PARK,36093021001,,future,Etihad Park
ETIHAD_PARK,36105951701,,future,Etihad Park
ETIHAD_PARK,36105951801,,future,Etihad Park
ETIHAD_PARK,36105951302,,future,Etihad Park
ETIHAD_PARK,36105951802,,future,Etihad Park
ETIHAD_PARK,36105950801,,future,Etihad Park
ETIHAD_PARK,36105951702,,future,Etihad Park
ETIHAD_PARK,36105950202,,future,Etihad Park
ETIHAD_PARK,36081026501,23.0,future,Etihad Park
ETIHAD_PARK,36105950802,,future,Etihad Park
ETIHAD_PARK,36081037502,26.0,future,Etihad Park
ETIHAD_PARK,36105951201,,future,Etihad Park
ETIHAD_PARK,36081089202,92.0,future,Etihad Park
ETIHAD_PARK,36081027301,22.0,future,Etihad Park
ETIHAD_PARK,36081000104,42.0,future,Etihad Park
ETIHAD_PARK,36081027101,28.0,future,Etihad Park
ETIHAD_PARK,36105951202,,future,Etihad Park
ETIHAD_PARK,36081040702,29.0,future,Etihad Park
ETIHAD_PARK,36081040302,21.0,future,Etihad Park
ETIHAD_PARK,36081040102,20.0,future,Etihad Park
ETIHAD_PARK,36081027302,27.0,future,Etihad Park
ETIHAD_PARK,36081040902,22.0,future,Etihad Park
ETIHAD_PARK,36105950201,,future,Etihad Park
ETIHAD_PARK,36081043900,38.0,future,Etihad Park
ETIHAD_PARK,36081044000,63.0,future,Etihad Park
ETIHAD_PARK,36081044601,50.0,future,Etihad Park
ETIHAD_PARK,36081007500,51.0,future,Etihad Park
ETIHAD_PARK,36081006300,50.0,future,Etihad Park
ETIHAD_PARK,36081007100,52.0,future,Etihad Park
ETIHAD_PARK,36081010000,61.0,future,Etihad Park
ETIHAD_PARK,36081010300,60.0,future,Etihad Park
ETIHAD_PARK,36081010500,68.0,future,Etihad Park
ETIHAD_PARK,36081010600,62.0,future,Etihad Park
ETIHAD_PARK,36081010701,83.0,future,Etihad Park
ETIHAD_PARK,36081011000,58.0,future,Etihad Park
ETIHAD_PARK,36081011200,68.0,future,Etihad Park
ETIHAD_PARK,36081011300,56.0,future,Etihad Park
ETIHAD_PARK,36081010200,68.0,future,Etihad Park
ETIHAD_PARK,36081011500,51.0,future,Etihad Park
ETIHAD_PARK,36081011700,52.0,future,Etihad Park
ETIHAD_PARK,36081011800,55.0,future,Etihad Park
ETIHAD_PARK,36081012200,55.0,future,Etihad Park
ETIHAD_PARK,36081012301,59.0,future,Etihad Park
ETIHAD_PARK,36081012400,54.0,future,Etihad Park
ETIHAD_PARK,36081012602,59.0,future,Etihad Park
ETIHAD_PARK,36081013200,53.0,future,Etihad Park
ETIHAD_PARK,36081013400,51.0,future,Etihad Park
ETIHAD_PARK,36081013500,49.0,future,Etihad Park
ETIHAD_PARK,36081013600,51.0,future,Etihad Park
ETIHAD_PARK,36081013700,46.0,future,Etihad Park
ETIHAD_PARK,36081013800,50.0,future,Etihad Park
ETIHAD_PARK,36081014000,52.0,future,Etihad Park
ETIHAD_PARK,36081014202,53.0,future,Etihad Park
ETIHAD_PARK,36081014500,47.0,future,Etihad Park
ETIHAD_PARK,36081015000,64.0,future,Etihad Park
ETIHAD_PARK,36081015200,57.0,future,Etihad Park
ETIHAD_PARK,36081015400,62.0,future,Etihad Park
ETIHAD_PARK,36081015500,41.0,future,Etihad Park
ETIHAD_PARK,36081015600,61.0,future,Etihad Park
ETIHAD_PARK,36081015700,37.0,future,Etihad Park
ETIHAD_PARK,36081014700,44.0,future,Etihad Park
ETIHAD_PARK,36081014800,62.0,future,Etihad Park
ETIHAD_PARK,36081014900,42.0,future,Etihad Park
ETIHAD_PARK,36081018502,34.0,future,Etihad Park
ETIHAD_PARK,36081016300,38.0,future,Etihad Park
ETIHAD_PARK,36081016600,68.0,future,Etihad Park
ETIHAD_PARK,36081016800,72.0,future,Etihad Park
ETIHAD_PARK,36081016900,36.0,future,Etihad Park
ETIHAD_PARK,36081017000,70.0,future,Etihad Park
ETIHAD_PARK,36081066402,81.0,future,Etihad Park
ETIHAD_PARK,36081017200,69.0,future,Etihad Park
ETIHAD_PARK,36081017400,68.0,future,Etihad Park
ETIHAD_PARK,36081017600,68.0,future,Etihad Park
ETIHAD_PARK,36081018000,69.0,future,Etihad Park
ETIHAD_PARK,36081025301,31.0,future,Etihad Park
ETIHAD_PARK,36081018200,71.0,future,Etihad Park
ETIHAD_PARK,36081025302,26.0,future,Etihad Park
ETIHAD_PARK,36081097205,105.0,future,Etihad Park
ETIHAD_PARK,36081066404,95.0,future,Etihad Park
ETIHAD_PARK,36081033403,69.0,future,Etihad Park
ETIHAD_PARK,36081033404,69.0,future,Etihad Park
ETIHAD_PARK,36081000102,48.0,future,Etihad Park
ETIHAD_PARK,36081053501,60.0,future,Etihad Park
ETIHAD_PARK,36081026502,29.0,future,Etihad Park
ETIHAD_PARK,36081048301,30.0,future,Etihad Park
ETIHAD_PARK,36081039902,21.0,future,Etihad Park
ETIHAD_PARK,36093021200,,future,Etihad Park
ETIHAD_PARK,36093021400,,future,Etihad Park
ETIHAD_PARK,36093021500,,future,Etihad Park
ETIHAD_PARK,36117020103,,future,Etihad Park
ETIHAD_PARK,36117020105,,future,Etihad Park
ETIHAD_PARK,36117020104,,future,Etihad Park
ETIHAD_PARK,36117020303,,future,Etihad Park
ETIHAD_PARK,36117020601,,future,Etihad Park
ETIHAD_PARK,36117020106,,future,Etihad Park
ETIHAD_PARK,36117020602,,future,Etihad Park
ETIHAD_PARK,36043011503,,future,Etihad Park
ETIHAD_PARK,36043011504,,future,Etihad Park
ETIHAD_PARK,36117020302,,future,Etihad Park
ETIHAD_PARK,36093033200,,future,Etihad Park
ETIHAD_PARK,36093033300,,future,Etihad Park
ETIHAD_PARK,36093033400,,future,Etihad Park
ETIHAD_PARK,36047070601,,future,Etihad Park
ETIHAD_PARK,36047088002,88.0,future,Etihad Park
ETIHAD_PARK,36047070602,,future,Etihad Park
ETIHAD_PARK,36047006901,64.0,future,Etihad Park
ETIHAD_PARK,36047006902,67.0,future,Etihad Park
ETIHAD_PARK,36047033701,78.0,future,Etihad Park
ETIHAD_PARK,36047033702,79.0,future,Etihad Park
ETIHAD_PARK,36047088001,87.0,future,Etihad Park
ETIHAD_PARK,36081018401,64.0,future,Etihad Park
ETIHAD_PARK,36081018700,42.0,future,Etihad Park
ETIHAD_PARK,36081018402,64.0,future,Etihad Park
ETIHAD_PARK,36081018600,67.0,future,Etihad Park
ETIHAD_PARK,36093021600,,future,Etihad Park
ETIHAD_PARK,36093021700,,future,Etihad Park
ETIHAD_PARK,36013036802,,future,Etihad Park
ETIHAD_PARK,36013036801,,future,Etihad Park
ETIHAD_PARK,36093032000,,future,Etihad Park
ETIHAD_PARK,36093032101,,future,Etihad Park
ETIHAD_PARK,36093032102,,future,Etihad Park
ETIHAD_PARK,36093032200,,future,Etihad Park
ETIHAD_PARK,36081018800,67.0,future,Etihad Park
ETIHAD_PARK,36081026902,26.0,future,Etihad Park
ETIHAD_PARK,36081019200,64.0,future,Etihad Park
ETIHAD_PARK,36081030903,37.0,future,Etihad Park
ETIHAD_PARK,36081019600,60.0,future,Etihad Park
ETIHAD_PARK,36081018900,39.0,future,Etihad Park
ETIHAD_PARK,36081019000,59.0,future,Etihad Park
ETIHAD_PARK,36081020400,51.0,future,Etihad Park
ETIHAD_PARK,36081020600,54.0,future,Etihad Park
ETIHAD_PARK,36081020800,44.0,future,Etihad Park
ETIHAD_PARK,36081021200,47.0,future,Etihad Park
ETIHAD_PARK,36081021400,47.0,future,Etihad Park
ETIHAD_PARK,36081021900,62.0,future,Etihad Park
ETIHAD_PARK,36081022001,49.0,future,Etihad Park
ETIHAD_PARK,36081022900,53.0,future,Etihad Park
ETIHAD_PARK,36081023000,55.0,future,Etihad Park
ETIHAD_PARK,36081043701,40.0,future,Etihad Park
ETIHAD_PARK,36081061302,66.0,future,Etihad Park
ETIHAD_PARK,36081071306,43.0,future,Etihad Park
ETIHAD_PARK,36081077906,43.0,future,Etihad Park
ETIHAD_PARK,36105951000,,future,Etihad Park
ETIHAD_PARK,36105951900,,future,Etihad Park
ETIHAD_PARK,36105952200,,future,Etihad Park
ETIHAD_PARK,36105952500,,future,Etihad Park
ETIHAD_PARK,36105950400,,future,Etihad Park
ETIHAD_PARK,36029009008,,future,Etihad Park
ETIHAD_PARK,36121970202,,future,Etihad Park
ETIHAD_PARK,36121970201,,future,Etihad Park
ETIHAD_PARK,36029009501,,future,Etihad Park
ETIHAD_PARK,36087010503,,future,Etihad Park
ETIHAD_PARK,36093032300,,future,Etihad Park
ETIHAD_PARK,36093032402,,future,Etihad Park
ETIHAD_PARK,36081057900,73.0,future,Etihad Park
ETIHAD_PARK,36081058000,82.0,future,Etihad Park
ETIHAD_PARK,36081058100,68.0,future,Etihad Park
ETIHAD_PARK,36081058900,61.0,future,Etihad Park
ETIHAD_PARK,36093032404,,future,Etihad Park
ETIHAD_PARK,36093032503,,future,Etihad Park
ETIHAD_PARK,36093032601,,future,Etihad Park
ETIHAD_PARK,36093032700,,future,Etihad Park
ETIHAD_PARK,36081090700,34.0,future,Etihad Park
ETIHAD_PARK,36081092800,105.0,future,Etihad Park
ETIHAD_PARK,36081092900,56.0,future,Etihad Park
ETIHAD_PARK,36081091602,,future,Etihad Park
ETIHAD_PARK,36081091800,114.0,future,Etihad Park
ETIHAD_PARK,36081092200,110.0,future,Etihad Park
ETIHAD_PARK,36081093800,95.0,future,Etihad Park
ETIHAD_PARK,36059517202,,future,Etihad Park
ETIHAD_PARK,36059517201,,future,Etihad Park
ETIHAD_PARK,36059300902,,future,Etihad Park
ETIHAD_PARK,36059300901,112.0,future,Etihad Park
ETIHAD_PARK,36059303204,87.0,future,Etihad Park
ETIHAD_PARK,36059303203,105.0,future,Etihad Park
ETIHAD_PARK,36081049301,43.0,future,Etihad Park
ETIHAD_PARK,36081049302,45.0,future,Etihad Park
ETIHAD_PARK,36081049500,54.0,future,Etihad Park
ETIHAD_PARK,36081049600,74.0,future,Etihad Park
ETIHAD_PARK,36081049700,46.0,future,Etihad Park
ETIHAD_PARK,36081049900,44.0,future,Etihad Park
ETIHAD_PARK,36081060100,55.0,future,Etihad Park
ETIHAD_PARK,36081059100,66.0,future,Etihad Park
ETIHAD_PARK,36081059200,82.0,future,Etihad Park
ETIHAD_PARK,36081059300,60.0,future,Etihad Park
ETIHAD_PARK,36081059400,85.0,future,Etihad Park
ETIHAD_PARK,36081059800,78.0,future,Etihad Park
ETIHAD_PARK,36081059900,53.0,future,Etihad Park
ETIHAD_PARK,36081060000,87.0,future,Etihad Park
ETIHAD_PARK,36081060600,84.0,future,Etihad Park
ETIHAD_PARK,36081060701,57.0,future,Etihad Park
ETIHAD_PARK,36081060800,79.0,future,Etihad Park
ETIHAD_PARK,36081061400,81.0,future,Etihad Park
ETIHAD_PARK,36081061602,81.0,future,Etihad Park
ETIHAD_PARK,36087010701,,future,Etihad Park
ETIHAD_PARK,36053030502,,future,Etihad Park
ETIHAD_PARK,36053030102,,future,Etihad Park
ETIHAD_PARK,36053030101,,future,Etihad Park
ETIHAD_PARK,36053030200,,future,Etihad Park
ETIHAD_PARK,36053030103,,future,Etihad Park
ETIHAD_PARK,36075021101,,future,Etihad Park
ETIHAD_PARK,36081051500,50.0,future,Etihad Park
ETIHAD_PARK,36081051600,76.0,future,Etihad Park
ETIHAD_PARK,36081051700,51.0,future,Etihad Park
ETIHAD_PARK,36081050000,74.0,future,Etihad Park
ETIHAD_PARK,36081051800,74.0,future,Etihad Park
ETIHAD_PARK,36081052100,55.0,future,Etihad Park
ETIHAD_PARK,36081052200,73.0,future,Etihad Park
ETIHAD_PARK,36081050201,67.0,future,Etihad Park
ETIHAD_PARK,36053030402,,future,Etihad Park
ETIHAD_PARK,36053031000,,future,Etihad Park
ETIHAD_PARK,36053031100,,future,Etihad Park
ETIHAD_PARK,36053030401,,future,Etihad Park
ETIHAD_PARK,36053030300,,future,Etihad Park
ETIHAD_PARK,36053030501,,future,Etihad Park
ETIHAD_PARK,36081050500,44.0,future,Etihad Park
ETIHAD_PARK,36081050700,48.0,future,Etihad Park
ETIHAD_PARK,36081050800,70.0,future,Etihad Park
ETIHAD_PARK,36081051000,75.0,future,Etihad Park
ETIHAD_PARK,36081051100,54.0,future,Etihad Park
ETIHAD_PARK,36081051300,44.0,future,Etihad Park
ETIHAD_PARK,36081080301,36.0,future,Etihad Park
ETIHAD_PARK,36081080302,33.0,future,Etihad Park
ETIHAD_PARK,36081080900,37.0,future,Etihad Park
ETIHAD_PARK,36081081400,78.0,future,Etihad Park
ETIHAD_PARK,36081081800,74.0,future,Etihad Park
ETIHAD_PARK,36081052400,71.0,future,Etihad Park
ETIHAD_PARK,36081052800,73.0,future,Etihad Park
ETIHAD_PARK,36081053000,74.0,future,Etihad Park
ETIHAD_PARK,36081061800,78.0,future,Etihad Park
ETIHAD_PARK,36081061900,58.0,future,Etihad Park
ETIHAD_PARK,36081062000,85.0,future,Etihad Park
ETIHAD_PARK,36081062100,53.0,future,Etihad Park
ETIHAD_PARK,36081062400,87.0,future,Etihad Park
ETIHAD_PARK,36081062600,80.0,future,Etihad Park
ETIHAD_PARK,36081062700,71.0,future,Etihad Park
ETIHAD_PARK,36053030800,,future,Etihad Park
ETIHAD_PARK,36053030900,,future,Etihad Park
ETIHAD_PARK,36061030900,90.0,future,Etihad Park
ETIHAD_PARK,36061004400,72.0,future,Etihad Park
ETIHAD_PARK,36061012101,51.0,future,Etihad Park
ETIHAD_PARK,36061010803,45.0,future,Etihad Park
ETIHAD_PARK,36061010802,48.0,future,Etihad Park
ETIHAD_PARK,36061015403,57.0,future,Etihad Park
ETIHAD_PARK,36061015402,56.0,future,Etihad Park
ETIHAD_PARK,36061004001,60.0,future,Etihad Park
ETIHAD_PARK,36061013604,59.0,future,Etihad Park
ETIHAD_PARK,36061013203,58.0,future,Etihad Park
ETIHAD_PARK,36061013602,64.0,future,Etihad Park
ETIHAD_PARK,36081062900,67.0,future,Etihad Park
ETIHAD_PARK,36081083700,37.0,future,Etihad Park
ETIHAD_PARK,36081083800,70.0,future,Etihad Park
ETIHAD_PARK,36081084000,71.0,future,Etihad Park
ETIHAD_PARK,36081084500,33.0,future,Etihad Park
ETIHAD_PARK,36081084601,73.0,future,Etihad Park
ETIHAD_PARK,36081053401,75.0,future,Etihad Park
ETIHAD_PARK,36081000701,37.0,future,Etihad Park
ETIHAD_PARK,36081053601,77.0,future,Etihad Park
ETIHAD_PARK,36081054000,78.0,future,Etihad Park
ETIHAD_PARK,36081040701,20.0,future,Etihad Park
ETIHAD_PARK,36081001901,37.0,future,Etihad Park
ETIHAD_PARK,36081017902,29.0,future,Etihad Park
ETIHAD_PARK,36081023502,31.0,future,Etihad Park
ETIHAD_PARK,36081049201,67.0,future,Etihad Park
ETIHAD_PARK,36081097207,,future,Etihad Park
ETIHAD_PARK,36081047802,63.0,future,Etihad Park
ETIHAD_PARK,36081049202,67.0,future,Etihad Park
ETIHAD_PARK,36007013201,,future,Etihad Park
ETIHAD_PARK,36007012300,,future,Etihad Park
ETIHAD_PARK,36007000200,,future,Etihad Park
ETIHAD_PARK,36007000300,,future,Etihad Park
ETIHAD_PARK,36081063700,59.0,future,Etihad Park
ETIHAD_PARK,36081063800,74.0,future,Etihad Park
ETIHAD_PARK,36081063900,57.0,future,Etihad Park
ETIHAD_PARK,36081064101,62.0,future,Etihad Park
ETIHAD_PARK,36081064102,59.0,future,Etihad Park
ETIHAD_PARK,36081063301,60.0,future,Etihad Park
ETIHAD_PARK,36081063302,57.0,future,Etihad Park
ETIHAD_PARK,36081063500,55.0,future,Etihad Park
ETIHAD_PARK,36081064500,50.0,future,Etihad Park
ETIHAD_PARK,36007013100,,future,Etihad Park
ETIHAD_PARK,36007013900,,future,Etihad Park
ETIHAD_PARK,36007000100,,future,Etihad Park
ETIHAD_PARK,36007014301,,future,Etihad Park
ETIHAD_PARK,36007000500,,future,Etihad Park
ETIHAD_PARK,36007014500,,future,Etihad Park
ETIHAD_PARK,36007014400,,future,Etihad Park
ETIHAD_PARK,36007012101,,future,Etihad Park
ETIHAD_PARK,36081064600,81.0,future,Etihad Park
ETIHAD_PARK,36081065000,74.0,future,Etihad Park
ETIHAD_PARK,36081084602,84.0,future,Etihad Park
ETIHAD_PARK,36081086100,32.0,future,Etihad Park
ETIHAD_PARK,36081086300,32.0,future,Etihad Park
ETIHAD_PARK,36081086400,70.0,future,Etihad Park
ETIHAD_PARK,36081086500,27.0,future,Etihad Park
ETIHAD_PARK,36081087100,19.0,future,Etihad Park
ETIHAD_PARK,36081088400,88.0,future,Etihad Park
ETIHAD_PARK,36075021300,,future,Etihad Park
ETIHAD_PARK,36081054500,72.0,future,Etihad Park
ETIHAD_PARK,36081054200,77.0,future,Etihad Park
ETIHAD_PARK,36081054700,70.0,future,Etihad Park
ETIHAD_PARK,36081054800,70.0,future,Etihad Park
ETIHAD_PARK,36001013505,,future,Etihad Park
ETIHAD_PARK,36001013602,,future,Etihad Park
ETIHAD_PARK,36081065600,80.0,future,Etihad Park
ETIHAD_PARK,36081065702,63.0,future,Etihad Park
ETIHAD_PARK,36081065900,59.0,future,Etihad Park
ETIHAD_PARK,36001013706,,future,Etihad Park
ETIHAD_PARK,36011041002,,future,Etihad Park
ETIHAD_PARK,36011041102,,future,Etihad Park
ETIHAD_PARK,36081066000,81.0,future,Etihad Park
ETIHAD_PARK,36001013707,,future,Etihad Park
ETIHAD_PARK,36001013802,,future,Etihad Park
ETIHAD_PARK,36001013901,,future,Etihad Park
ETIHAD_PARK,36001014001,,future,Etihad Park
ETIHAD_PARK,36001014002,,future,Etihad Park
ETIHAD_PARK,36001014202,,future,Etihad Park
ETIHAD_PARK,36001014401,,future,Etihad Park
ETIHAD_PARK,36001014402,,future,Etihad Park
ETIHAD_PARK,36081047600,68.0,future,Etihad Park
ETIHAD_PARK,36081047900,45.0,future,Etihad Park
ETIHAD_PARK,36081048500,41.0,future,Etihad Park
ETIHAD_PARK,36081048900,51.0,future,Etihad Park
ETIHAD_PARK,36007000400,,future,Etihad Park
ETIHAD_PARK,36007000600,,future,Etihad Park
ETIHAD_PARK,36007000700,,future,Etihad Park
ETIHAD_PARK,36007000900,,future,Etihad Park
ETIHAD_PARK,36007001100,,future,Etihad Park
ETIHAD_PARK,36007001200,,future,Etihad Park
ETIHAD_PARK,36007001300,,future,Etihad Park
ETIHAD_PARK,36081055900,71.0,future,Etihad Park
ETIHAD_PARK,36081056100,83.0,future,Etihad Park
ETIHAD_PARK,36081056500,69.0,future,Etihad Park
ETIHAD_PARK,36081056700,66.0,future,Etihad Park
ETIHAD_PARK,36081055200,66.0,future,Etihad Park
ETIHAD_PARK,36007001500,,future,Etihad Park
ETIHAD_PARK,36105950900,,future,Etihad Park
ETIHAD_PARK,36105950300,,future,Etihad Park
ETIHAD_PARK,36105952100,,future,Etihad Park
ETIHAD_PARK,36081055300,70.0,future,Etihad Park
ETIHAD_PARK,36081055400,64.0,future,Etihad Park
ETIHAD_PARK,36081055500,67.0,future,Etihad Park
ETIHAD_PARK,36081055700,62.0,future,Etihad Park
ETIHAD_PARK,36081055800,68.0,future,Etihad Park
ETIHAD_PARK,36081056800,69.0,future,Etihad Park
ETIHAD_PARK,36081057700,68.0,future,Etihad Park
ETIHAD_PARK,36081066501,57.0,future,Etihad Park
ETIHAD_PARK,36081067700,46.0,future,Etihad Park
ETIHAD_PARK,36081068000,74.0,future,Etihad Park
ETIHAD_PARK,36081068200,65.0,future,Etihad Park
ETIHAD_PARK,36081068700,41.0,future,Etihad Park
ETIHAD_PARK,36081069000,75.0,future,Etihad Park
ETIHAD_PARK,36105950100,,future,Etihad Park
ETIHAD_PARK,36105951100,,future,Etihad Park
ETIHAD_PARK,36081116302,30.0,future,Etihad Park
ETIHAD_PARK,36081003302,45.0,future,Etihad Park
ETIHAD_PARK,36105952300,,future,Etihad Park
ETIHAD_PARK,36105950600,,future,Etihad Park
ETIHAD_PARK,36105952000,,future,Etihad Park
ETIHAD_PARK,36105951500,,future,Etihad Park
ETIHAD_PARK,36105950500,,future,Etihad Park
ETIHAD_PARK,36105951600,,future,Etihad Park
ETIHAD_PARK,36081000103,47.0,future,Etihad Park
ETIHAD_PARK,36105952400,,future,Etihad Park
ETIHAD_PARK,36081116301,31.0,future,Etihad Park
ETIHAD_PARK,36081047801,72.0,future,Etihad Park
ETIHAD_PARK,36081021603,43.0,future,Etihad Park
ETIHAD_PARK,36081000702,41.0,future,Etihad Park
ETIHAD_PARK,36081019902,51.0,future,Etihad Park
ETIHAD_PARK,36081001902,37.0,future,Etihad Park
ETIHAD_PARK,36081120702,44.0,future,Etihad Park
ETIHAD_PARK,36081019901,42.0,future,Etihad Park
ETIHAD_PARK,36081053502,66.0,future,Etihad Park
ETIHAD_PARK,36081017901,31.0,future,Etihad Park
ETIHAD_PARK,36081023501,38.0,future,Etihad Park
ETIHAD_PARK,36081030906,38.0,future,Etihad Park
ETIHAD_PARK,36081030905,39.0,future,Etihad Park
ETIHAD_PARK,36081027702,29.0,future,Etihad Park
ETIHAD_PARK,36081101004,98.0,future,Etihad Park
ETIHAD_PARK,36081101003,91.0,future,Etihad Park
ETIHAD_PARK,36081097206,107.0,future,Etihad Park
ETIHAD_PARK,36081100803,95.0,future,Etihad Park
ETIHAD_PARK,36081100804,110.0,future,Etihad Park
ETIHAD_PARK,36081155103,80.0,future,Etihad Park
ETIHAD_PARK,36081066401,88.0,future,Etihad Park
ETIHAD_PARK,36081033405,67.0,future,Etihad Park
ETIHAD_PARK,36081155104,82.0,future,Etihad Park
ETIHAD_PARK,36081025402,58.0,future,Etihad Park
ETIHAD_PARK,36081025401,58.0,future,Etihad Park
ETIHAD_PARK,36081028803,71.0,future,Etihad Park
ETIHAD_PARK,36081028802,65.0,future,Etihad Park
ETIHAD_PARK,36081069300,39.0,future,Etihad Park
ETIHAD_PARK,36081069400,81.0,future,Etihad Park
ETIHAD_PARK,36081069500,48.0,future,Etihad Park
ETIHAD_PARK,36081069701,43.0,future,Etihad Park
ETIHAD_PARK,36081138501,58.0,future,Etihad Park
ETIHAD_PARK,36081138502,66.0,future,Etihad Park
ETIHAD_PARK,36081143500,49.0,future,Etihad Park
ETIHAD_PARK,36081144100,48.0,future,Etihad Park
ETIHAD_PARK,36081144700,48.0,future,Etihad Park
ETIHAD_PARK,36081145101,47.0,future,Etihad Park
ETIHAD_PARK,36081145102,45.0,future,Etihad Park
ETIHAD_PARK,36081139900,53.0,future,Etihad Park
ETIHAD_PARK,36081140901,56.0,future,Etihad Park
ETIHAD_PARK,36081140902,56.0,future,Etihad Park
ETIHAD_PARK,36081142900,47.0,future,Etihad Park
ETIHAD_PARK,36081146300,46.0,future,Etihad Park
ETIHAD_PARK,36081146700,40.0,future,Etihad Park
ETIHAD_PARK,36081147100,47.0,future,Etihad Park
ETIHAD_PARK,36081147900,50.0,future,Etihad Park
ETIHAD_PARK,36081148300,52.0,future,Etihad Park
ETIHAD_PARK,36081150701,55.0,future,Etihad Park
ETIHAD_PARK,36007001600,,future,Etihad Park
ETIHAD_PARK,36007001700,,future,Etihad Park
ETIHAD_PARK,36077591100,,future,Etihad Park
ETIHAD_PARK,36017970802,,future,Etihad Park
ETIHAD_PARK,36017970801,,future,Etihad Park
ETIHAD_PARK,36077591700,,future,Etihad Park
ETIHAD_PARK,36077590600,,future,Etihad Park
ETIHAD_PARK,36081071600,87.0,future,Etihad Park
ETIHAD_PARK,36029012501,,future,Etihad Park
ETIHAD_PARK,36029007903,,future,Etihad Park
ETIHAD_PARK,36081069702,53.0,future,Etihad Park
ETIHAD_PARK,36081070700,46.0,future,Etihad Park
ETIHAD_PARK,36081071100,40.0,future,Etihad Park
ETIHAD_PARK,36029014400,,future,Etihad Park
ETIHAD_PARK,36029003700,,future,Etihad Park
ETIHAD_PARK,36029010101,,future,Etihad Park
ETIHAD_PARK,36029006301,,future,Etihad Park
ETIHAD_PARK,36029014901,,future,Etihad Park
ETIHAD_PARK,36029005000,,future,Etihad Park
ETIHAD_PARK,36029015402,,future,Etihad Park
ETIHAD_PARK,36029006602,,future,Etihad Park
ETIHAD_PARK,36029009112,,future,Etihad Park
ETIHAD_PARK,36065025601,,future,Etihad Park
ETIHAD_PARK,36087012107,,future,Etihad Park
ETIHAD_PARK,36087012109,,future,Etihad Park
ETIHAD_PARK,36087011509,,future,Etihad Park
ETIHAD_PARK,36087011510,,future,Etihad Park
ETIHAD_PARK,36087011511,,future,Etihad Park
ETIHAD_PARK,36087012205,,future,Etihad Park
ETIHAD_PARK,36087012110,,future,Etihad Park
ETIHAD_PARK,36087012301,,future,Etihad Park
ETIHAD_PARK,36087012206,,future,Etihad Park
ETIHAD_PARK,36087012302,,future,Etihad Park
ETIHAD_PARK,36087012404,,future,Etihad Park
ETIHAD_PARK,36087013101,,future,Etihad Park
ETIHAD_PARK,36065025602,,future,Etihad Park
ETIHAD_PARK,36081072900,48.0,future,Etihad Park
ETIHAD_PARK,36081073900,36.0,future,Etihad Park
ETIHAD_PARK,36081074300,44.0,future,Etihad Park
ETIHAD_PARK,36081074500,41.0,future,Etihad Park
ETIHAD_PARK,36081076902,40.0,future,Etihad Park
ETIHAD_PARK,36081073100,52.0,future,Etihad Park
ETIHAD_PARK,36081073700,39.0,future,Etihad Park
ETIHAD_PARK,36081077300,44.0,future,Etihad Park
ETIHAD_PARK,36081077500,46.0,future,Etihad Park
ETIHAD_PARK,36081077902,45.0,future,Etihad Park
ETIHAD_PARK,36081077903,47.0,future,Etihad Park
ETIHAD_PARK,36081077905,48.0,future,Etihad Park
ETIHAD_PARK,36081078800,70.0,future,Etihad Park
ETIHAD_PARK,36081079200,75.0,future,Etihad Park
ETIHAD_PARK,36081079300,55.0,future,Etihad Park
ETIHAD_PARK,36081079900,29.0,future,Etihad Park
ETIHAD_PARK,36081150702,64.0,future,Etihad Park
ETIHAD_PARK,36081152901,83.0,future,Etihad Park
ETIHAD_PARK,36081152902,77.0,future,Etihad Park
ETIHAD_PARK,36081155101,105.0,future,Etihad Park
ETIHAD_PARK,36081156700,77.0,future,Etihad Park
ETIHAD_PARK,36081157101,81.0,future,Etihad Park
ETIHAD_PARK,36081157901,90.0,future,Etihad Park
ETIHAD_PARK,36081157902,86.0,future,Etihad Park
ETIHAD_PARK,36081157903,88.0,future,Etihad Park
ETIHAD_PARK,36081161700,86.0,future,Etihad Park
ETIHAD_PARK,36081162100,73.0,future,Etihad Park
ETIHAD_PARK,36081037900,27.0,future,Etihad Park
ETIHAD_PARK,36081048200,65.0,future,Etihad Park
ETIHAD_PARK,36081048400,69.0,future,Etihad Park
ETIHAD_PARK,36081037501,22.0,future,Etihad Park
ETIHAD_PARK,36081040901,22.0,future,Etihad Park
ETIHAD_PARK,36081120701,41.0,future,Etihad Park
ETIHAD_PARK,36105951301,,future,Etihad Park
ETIHAD_PARK,36081066301,45.0,future,Etihad Park
ETIHAD_PARK,36105950702,,future,Etihad Park
ETIHAD_PARK,36081088902,31.0,future,Etihad Park
ETIHAD_PARK,36081088903,35.0,future,Etihad Park
ETIHAD_PARK,36105950701,,future,Etihad Park
ETIHAD_PARK,36081040502,19.0,future,Etihad Park
ETIHAD_PARK,36081040501,19.0,future,Etihad Park
ETIHAD_PARK,36081040301,22.0,future,Etihad Park
ETIHAD_PARK,36081039901,20.0,future,Etihad Park
ETIHAD_PARK,36081040101,20.0,future,Etihad Park
ETIHAD_PARK,36081134701,51.0,future,Etihad Park
ETIHAD_PARK,36081134702,60.0,future,Etihad Park
ETIHAD_PARK,36081028801,66.0,future,Etihad Park
ETIHAD_PARK,36081084902,24.0,future,Etihad Park
ETIHAD_PARK,36081066302,54.0,future,Etihad Park
ETIHAD_PARK,36081122703,50.0,future,Etihad Park
ETIHAD_PARK,36081122704,50.0,future,Etihad Park
ETIHAD_PARK,36081021602,44.0,future,Etihad Park
ETIHAD_PARK,36081027102,22.0,future,Etihad Park
ETIHAD_PARK,36081046902,21.0,future,Etihad Park
ETIHAD_PARK,36081046901,29.0,future,Etihad Park
ETIHAD_PARK,36015000700,,future,Etihad Park
ETIHAD_PARK,36033950900,,future,Etihad Park
ETIHAD_PARK,36033951000,,future,Etihad Park
ETIHAD_PARK,36033950200,,future,Etihad Park
ETIHAD_PARK,36011042100,,future,Etihad Park
ETIHAD_PARK,36011990200,,future,Etihad Park
ETIHAD_PARK,36009962200,,future,Etihad Park
ETIHAD_PARK,36029004500,,future,Etihad Park
ETIHAD_PARK,36029004800,,future,Etihad Park
ETIHAD_PARK,36029005100,,future,Etihad Park
ETIHAD_PARK,36029005201,,future,Etihad Park
ETIHAD_PARK,36029005300,,future,Etihad Park
ETIHAD_PARK,36029005400,,future,Etihad Park
ETIHAD_PARK,36029005500,,future,Etihad Park
ETIHAD_PARK,36029005600,,future,Etihad Park
ETIHAD_PARK,36081119300,37.0,future,Etihad Park
ETIHAD_PARK,36081119900,40.0,future,Etihad Park
ETIHAD_PARK,36081120500,36.0,future,Etihad Park
ETIHAD_PARK,36081121500,47.0,future,Etihad Park
ETIHAD_PARK,36081122300,50.0,future,Etihad Park
ETIHAD_PARK,36081119500,43.0,future,Etihad Park
ETIHAD_PARK,36081122702,47.0,future,Etihad Park
ETIHAD_PARK,36081124100,53.0,future,Etihad Park
ETIHAD_PARK,36081125700,54.0,future,Etihad Park
ETIHAD_PARK,36081126500,51.0,future,Etihad Park
ETIHAD_PARK,36081126700,59.0,future,Etihad Park
ETIHAD_PARK,36081128300,62.0,future,Etihad Park
ETIHAD_PARK,36081130100,70.0,future,Etihad Park
ETIHAD_PARK,36091060504,,future,Etihad Park
ETIHAD_PARK,36091061904,,future,Etihad Park
ETIHAD_PARK,36091061304,,future,Etihad Park
ETIHAD_PARK,36091061001,,future,Etihad Park
ETIHAD_PARK,36091060301,,future,Etihad Park
ETIHAD_PARK,36091060104,,future,Etihad Park
ETIHAD_PARK,36091060705,,future,Etihad Park
ETIHAD_PARK,36091061201,,future,Etihad Park
ETIHAD_PARK,36091061102,,future,Etihad Park
ETIHAD_PARK,36091062407,,future,Etihad Park
ETIHAD_PARK,36091061101,,future,Etihad Park
ETIHAD_PARK,36091061907,,future,Etihad Park
ETIHAD_PARK,36091062001,,future,Etihad Park
ETIHAD_PARK,36091061305,,future,Etihad Park
ETIHAD_PARK,36091061905,,future,Etihad Park
ETIHAD_PARK,36081056600,69.0,future,Etihad Park
ETIHAD_PARK,36081115100,44.0,future,Etihad Park
ETIHAD_PARK,36081120300,41.0,future,Etihad Park
ETIHAD_PARK,36081066100,58.0,future,Etihad Park
ETIHAD_PARK,36081079000,71.0,future,Etihad Park
ETIHAD_PARK,36081103300,48.0,future,Etihad Park
ETIHAD_PARK,36091062410,,future,Etihad Park
ETIHAD_PARK,36091060505,,future,Etihad Park
ETIHAD_PARK,36091060704,,future,Etihad Park
ETIHAD_PARK,36091062409,,future,Etihad Park
ETIHAD_PARK,36091060703,,future,Etihad Park
ETIHAD_PARK,36091060103,,future,Etihad Park
ETIHAD_PARK,36091061202,,future,Etihad Park
ETIHAD_PARK,36091061906,,future,Etihad Park
ETIHAD_PARK,36091062408,,future,Etihad Park
ETIHAD_PARK,36091062002,,future,Etihad Park
ETIHAD_PARK,36091060506,,future,Etihad Park
ETIHAD_PARK,36091060507,,future,Etihad Park
ETIHAD_PARK,36091062900,,future,Etihad Park
ETIHAD_PARK,36091060706,,future,Etihad Park
ETIHAD_PARK,36091061002,,future,Etihad Park
ETIHAD_PARK,36081133300,57.0,future,Etihad Park
ETIHAD_PARK,36081134100,52.0,future,Etihad Park
ETIHAD_PARK,36029001500,,future,Etihad Park
ETIHAD_PARK,36029004200,,future,Etihad Park
ETIHAD_PARK,36029007600,,future,Etihad Park
ETIHAD_PARK,36029013002,,future,Etihad Park
ETIHAD_PARK,36029014300,,future,Etihad Park
ETIHAD_PARK,36029000600,,future,Etihad Park
ETIHAD_PARK,36029008800,,future,Etihad Park
ETIHAD_PARK,36029010400,,future,Etihad Park
ETIHAD_PARK,36029009302,,future,Etihad Park
ETIHAD_PARK,36081136700,61.0,future,Etihad Park
ETIHAD_PARK,36081101002,99.0,future,Etihad Park
ETIHAD_PARK,36081101700,56.0,future,Etihad Park
ETIHAD_PARK,36029015800,,future,Etihad Park
ETIHAD_PARK,36029015102,,future,Etihad Park
ETIHAD_PARK,36029015401,,future,Etihad Park
ETIHAD_PARK,36029005202,,future,Etihad Park
ETIHAD_PARK,36029011100,,future,Etihad Park
ETIHAD_PARK,36017970901,,future,Etihad Park
ETIHAD_PARK,36017970502,,future,Etihad Park
ETIHAD_PARK,36017970501,,future,Etihad Park
ETIHAD_PARK,36017970202,,future,Etihad Park
ETIHAD_PARK,36017970201,,future,Etihad Park
ETIHAD_PARK,36017970902,,future,Etihad Park
ETIHAD_PARK,36017970101,,future,Etihad Park
ETIHAD_PARK,36017970102,,future,Etihad Park
ETIHAD_PARK,36033950800,,future,Etihad Park
ETIHAD_PARK,36033951200,,future,Etihad Park
ETIHAD_PARK,36033951100,,future,Etihad Park
ETIHAD_PARK,36081115500,39.0,future,Etihad Park
ETIHAD_PARK,36035970601,,future,Etihad Park
ETIHAD_PARK,36035971502,,future,Etihad Park
ETIHAD_PARK,36035970602,,future,Etihad Park
ETIHAD_PARK,36035971501,,future,Etihad Park
ETIHAD_PARK,36055980000,,future,Etihad Park
ETIHAD_PARK,36081093900,50.0,future,Etihad Park
ETIHAD_PARK,36081094201,90.0,future,Etihad Park
ETIHAD_PARK,36081094202,93.0,future,Etihad Park
ETIHAD_PARK,36081094203,100.0,future,Etihad Park
ETIHAD_PARK,36081001903,41.0,future,Etihad Park
ETIHAD_PARK,36081053901,68.0,future,Etihad Park
ETIHAD_PARK,36069050502,,future,Etihad Park
ETIHAD_PARK,36069050501,,future,Etihad Park
ETIHAD_PARK,36069050104,,future,Etihad Park
ETIHAD_PARK,36069050303,,future,Etihad Park
ETIHAD_PARK,36069050401,,future,Etihad Park
ETIHAD_PARK,36069050304,,future,Etihad Park
ETIHAD_PARK,36069050402,,future,Etihad Park
ETIHAD_PARK,36069050105,,future,Etihad Park
ETIHAD_PARK,36069050204,,future,Etihad Park
ETIHAD_PARK,36069052102,,future,Etihad Park
ETIHAD_PARK,36069052101,,future,Etihad Park
ETIHAD_PARK,36069051501,,future,Etihad Park
ETIHAD_PARK,36069052002,,future,Etihad Park
ETIHAD_PARK,36069052003,,future,Etihad Park
ETIHAD_PARK,36069051102,,future,Etihad Park
ETIHAD_PARK,36069050604,,future,Etihad Park
ETIHAD_PARK,36069051301,,future,Etihad Park
ETIHAD_PARK,36069052001,,future,Etihad Park
ETIHAD_PARK,36069050205,,future,Etihad Park
ETIHAD_PARK,36069050106,,future,Etihad Park
ETIHAD_PARK,36081117100,34.0,future,Etihad Park
ETIHAD_PARK,36081116100,29.0,future,Etihad Park
ETIHAD_PARK,36081116700,29.0,future,Etihad Park
ETIHAD_PARK,36081117500,35.0,future,Etihad Park
ETIHAD_PARK,36081118100,36.0,future,Etihad Park
ETIHAD_PARK,36081119100,39.0,future,Etihad Park
ETIHAD_PARK,36029000500,,future,Etihad Park
ETIHAD_PARK,36029000700,,future,Etihad Park
ETIHAD_PARK,36081017102,46.0,future,Etihad Park
ETIHAD_PARK,36081017101,39.0,future,Etihad Park
ETIHAD_PARK,36081027701,23.0,future,Etihad Park
ETIHAD_PARK,36081003301,34.0,future,Etihad Park
ETIHAD_PARK,36081091603,,future,Etihad Park
ETIHAD_PARK,36081091604,,future,Etihad Park
ETIHAD_PARK,36081000101,47.0,future,Etihad Park
ETIHAD_PARK,36081021601,41.0,future,Etihad Park
ETIHAD_PARK,36029000900,,future,Etihad Park
ETIHAD_PARK,36029001000,,future,Etihad Park
ETIHAD_PARK,36029001100,,future,Etihad Park
ETIHAD_PARK,36029001700,,future,Etihad Park
ETIHAD_PARK,36023970600,,future,Etihad Park
ETIHAD_PARK,36023970700,,future,Etihad Park
ETIHAD_PARK,36023970800,,future,Etihad Park
ETIHAD_PARK,36023970900,,future,Etihad Park
ETIHAD_PARK,36023971000,,future,Etihad Park
ETIHAD_PARK,36023971100,,future,Etihad Park
ETIHAD_PARK,36111954100,,future,Etihad Park
ETIHAD_PARK,36111950900,,future,Etihad Park
ETIHAD_PARK,36111950100,,future,Etihad Park
ETIHAD_PARK,36111953000,,future,Etihad Park
ETIHAD_PARK,36111954500,,future,Etihad Park
ETIHAD_PARK,36111950400,,future,Etihad Park
ETIHAD_PARK,36111953300,,future,Etihad Park
ETIHAD_PARK,36111954800,,future,Etihad Park
ETIHAD_PARK,36111954900,,future,Etihad Park
ETIHAD_PARK,36109001901,,future,Etihad Park
ETIHAD_PARK,36109001902,,future,Etihad Park
ETIHAD_PARK,36109001301,,future,Etihad Park
ETIHAD_PARK,36109001302,,future,Etihad Park
ETIHAD_PARK,36109000201,,future,Etihad Park
ETIHAD_PARK,36109000202,,future,Etihad Park
ETIHAD_PARK,36069050103,,future,Etihad Park
ETIHAD_PARK,36069050203,,future,Etihad Park
ETIHAD_PARK,36069051502,,future,Etihad Park
ETIHAD_PARK,36069051801,,future,Etihad Park
ETIHAD_PARK,36069051001,,future,Etihad Park
ETIHAD_PARK,36069050603,,future,Etihad Park
ETIHAD_PARK,36069051101,,future,Etihad Park
ETIHAD_PARK,36069051302,,future,Etihad Park
ETIHAD_PARK,36069050206,,future,Etihad Park
ETIHAD_PARK,36087013002,,future,Etihad Park
ETIHAD_PARK,36053030701,,future,Etihad Park
ETIHAD_PARK,36053030601,,future,Etihad Park
ETIHAD_PARK,36053030602,,future,Etihad Park
ETIHAD_PARK,36053030702,,future,Etihad Park
ETIHAD_PARK,36053030403,,future,Etihad Park
ETIHAD_PARK,36053030404,,future,Etihad Park
ETIHAD_PARK,36087010102,,future,Etihad Park
ETIHAD_PARK,36087010101,,future,Etihad Park
ETIHAD_PARK,36087013200,,future,Etihad Park
ETIHAD_PARK,36087010200,,future,Etihad Park
ETIHAD_PARK,36087010901,,future,Etihad Park
ETIHAD_PARK,36087011000,,future,Etihad Park
ETIHAD_PARK,36087010802,,future,Etihad Park
ETIHAD_PARK,36087011601,,future,Etihad Park
ETIHAD_PARK,36085014605,,future,Etihad Park
ETIHAD_PARK,36085014606,,future,Etihad Park
ETIHAD_PARK,36085015100,119.0,future,Etihad Park
ETIHAD_PARK,36085015601,,future,Etihad Park
ETIHAD_PARK,36085015602,,future,Etihad Park
ETIHAD_PARK,36085015603,,future,Etihad Park
ETIHAD_PARK,36085016901,117.0,future,Etihad Park
ETIHAD_PARK,36059416802,,future,Etihad Park
ETIHAD_PARK,36059980100,,future,Etihad Park
ETIHAD_PARK,36059990200,,future,Etihad Park
ETIHAD_PARK,36087010501,,future,Etihad Park
ETIHAD_PARK,36085014700,116.0,future,Etihad Park
ETIHAD_PARK,36085020100,,future,Etihad Park
ETIHAD_PARK,36085031902,,future,Etihad Park
ETIHAD_PARK,36085000300,,future,Etihad Park
ETIHAD_PARK,36085000600,117.0,future,Etihad Park
ETIHAD_PARK,36085000800,101.0,future,Etihad Park
ETIHAD_PARK,36085001100,,future,Etihad Park
ETIHAD_PARK,36085001700,,future,Etihad Park
ETIHAD_PARK,36085002002,93.0,future,Etihad Park
ETIHAD_PARK,36085002100,,future,Etihad Park
ETIHAD_PARK,36085002900,117.0,future,Etihad Park
ETIHAD_PARK,36085003300,,future,Etihad Park
ETIHAD_PARK,36085017005,,future,Etihad Park
ETIHAD_PARK,36085017007,,future,Etihad Park
ETIHAD_PARK,36085017300,119.0,future,Etihad Park
ETIHAD_PARK,36085017600,,future,Etihad Park
ETIHAD_PARK,36061023400,74.0,future,Etihad Park
ETIHAD_PARK,36061023501,70.0,future,Etihad Park
ETIHAD_PARK,36061023502,72.0,future,Etihad Park
ETIHAD_PARK,36061023600,77.0,future,Etihad Park
ETIHAD_PARK,36061023700,86.0,future,Etihad Park
ETIHAD_PARK,36061023900,74.0,future,Etihad Park
ETIHAD_PARK,36061024000,72.0,future,Etihad Park
ETIHAD_PARK,36061024301,74.0,future,Etihad Park
ETIHAD_PARK,36061024302,73.0,future,Etihad Park
ETIHAD_PARK,36061024500,76.0,future,Etihad Park
ETIHAD_PARK,36061024900,74.0,future,Etihad Park
ETIHAD_PARK,36061025500,97.0,future,Etihad Park
ETIHAD_PARK,36061026300,77.0,future,Etihad Park
ETIHAD_PARK,36061026500,79.0,future,Etihad Park
ETIHAD_PARK,36061026700,83.0,future,Etihad Park
ETIHAD_PARK,36061026900,80.0,future,Etihad Park
ETIHAD_PARK,36061027500,103.0,future,Etihad Park
ETIHAD_PARK,36061027700,82.0,future,Etihad Park
ETIHAD_PARK,36061027900,82.0,future,Etihad Park
ETIHAD_PARK,36061028500,84.0,future,Etihad Park
ETIHAD_PARK,36087010602,,future,Etihad Park
ETIHAD_PARK,36087010702,,future,Etihad Park
ETIHAD_PARK,36087010703,,future,Etihad Park
ETIHAD_PARK,36087010801,,future,Etihad Park
ETIHAD_PARK,36087010803,,future,Etihad Park
ETIHAD_PARK,36061028700,100.0,future,Etihad Park
ETIHAD_PARK,36061008601,66.0,future,Etihad Park
ETIHAD_PARK,36061029100,86.0,future,Etihad Park
ETIHAD_PARK,36061029300,84.0,future,Etihad Park
ETIHAD_PARK,36061029500,86.0,future,Etihad Park
ETIHAD_PARK,36061029700,100.0,future,Etihad Park
ETIHAD_PARK,36061030300,87.0,future,Etihad Park
ETIHAD_PARK,36061016300,67.0,future,Etihad Park
ETIHAD_PARK,36061029900,85.0,future,Etihad Park
ETIHAD_PARK,36029005802,,future,Etihad Park
ETIHAD_PARK,36029009010,,future,Etihad Park
ETIHAD_PARK,36049950800,,future,Etihad Park
ETIHAD_PARK,36049950601,,future,Etihad Park
ETIHAD_PARK,36049950302,,future,Etihad Park
ETIHAD_PARK,36049950101,,future,Etihad Park
ETIHAD_PARK,36049950301,,future,Etihad Park
ETIHAD_PARK,36049950401,,future,Etihad Park
ETIHAD_PARK,36085003900,,future,Etihad Park
ETIHAD_PARK,36085004700,,future,Etihad Park
ETIHAD_PARK,36085005000,105.0,future,Etihad Park
ETIHAD_PARK,36085006400,96.0,future,Etihad Park
ETIHAD_PARK,36085007400,112.0,future,Etihad Park
ETIHAD_PARK,36085007500,,future,Etihad Park
ETIHAD_PARK,36085008100,,future,Etihad Park
ETIHAD_PARK,36085009601,98.0,future,Etihad Park
ETIHAD_PARK,36085009602,103.0,future,Etihad Park
ETIHAD_PARK,36061010602,52.0,future,Etihad Park
ETIHAD_PARK,36061010900,49.0,future,Etihad Park
ETIHAD_PARK,36061011000,44.0,future,Etihad Park
ETIHAD_PARK,36061011202,46.0,future,Etihad Park
ETIHAD_PARK,36061011203,43.0,future,Etihad Park
ETIHAD_PARK,36027140202,,future,Etihad Park
ETIHAD_PARK,36027140201,,future,Etihad Park
ETIHAD_PARK,36027220102,,future,Etihad Park
ETIHAD_PARK,36027140301,,future,Etihad Park
ETIHAD_PARK,36027140302,,future,Etihad Park
ETIHAD_PARK,36027220101,,future,Etihad Park
ETIHAD_PARK,36061031100,84.0,future,Etihad Park
ETIHAD_PARK,36061003700,70.0,future,Etihad Park
ETIHAD_PARK,36071013201,,future,Etihad Park
ETIHAD_PARK,36071011702,,future,Etihad Park
ETIHAD_PARK,36061005200,55.0,future,Etihad Park
ETIHAD_PARK,36061010100,49.0,future,Etihad Park
ETIHAD_PARK,36061014700,59.0,future,Etihad Park
ETIHAD_PARK,36061015001,54.0,future,Etihad Park
ETIHAD_PARK,36085018901,114.0,future,Etihad Park
ETIHAD_PARK,36085019700,114.0,future,Etihad Park
ETIHAD_PARK,36085020803,,future,Etihad Park
ETIHAD_PARK,36085020804,,future,Etihad Park
ETIHAD_PARK,36085022300,,future,Etihad Park
ETIHAD_PARK,36085023100,,future,Etihad Park
ETIHAD_PARK,36085023900,110.0,future,Etihad Park
ETIHAD_PARK,36061015002,55.0,future,Etihad Park
ETIHAD_PARK,36061015200,69.0,future,Etihad Park
ETIHAD_PARK,36061019100,73.0,future,Etihad Park
ETIHAD_PARK,36061022301,80.0,future,Etihad Park
ETIHAD_PARK,36061031900,67.0,future,Etihad Park
ETIHAD_PARK,36087010804,,future,Etihad Park
ETIHAD_PARK,36087010902,,future,Etihad Park
ETIHAD_PARK,36087011101,,future,Etihad Park
ETIHAD_PARK,36087011102,,future,Etihad Park
ETIHAD_PARK,36075020400,,future,Etihad Park
ETIHAD_PARK,36075020800,,future,Etihad Park
ETIHAD_PARK,36085011401,103.0,future,Etihad Park
ETIHAD_PARK,36085011402,106.0,future,Etihad Park
ETIHAD_PARK,36085012100,,future,Etihad Park
ETIHAD_PARK,36085012500,118.0,future,Etihad Park
ETIHAD_PARK,36085012804,,future,Etihad Park
ETIHAD_PARK,36085013203,119.0,future,Etihad Park
ETIHAD_PARK,36085013204,117.0,future,Etihad Park
ETIHAD_PARK,36085013302,,future,Etihad Park
ETIHAD_PARK,36085013400,109.0,future,Etihad Park
ETIHAD_PARK,36085013800,,future,Etihad Park
ETIHAD_PARK,36087011200,,future,Etihad Park
ETIHAD_PARK,36087011302,,future,Etihad Park
ETIHAD_PARK,36087011303,,future,Etihad Park
ETIHAD_PARK,36087011401,,future,Etihad Park
ETIHAD_PARK,36091061404,,future,Etihad Park
ETIHAD_PARK,36071015005,,future,Etihad Park
ETIHAD_PARK,36013035100,,future,Etihad Park
ETIHAD_PARK,36073040603,,future,Etihad Park
ETIHAD_PARK,36073040601,,future,Etihad Park
ETIHAD_PARK,36073040702,,future,Etihad Park
ETIHAD_PARK,36073040701,,future,Etihad Park
ETIHAD_PARK,36073040602,,future,Etihad Park
ETIHAD_PARK,36087011403,,future,Etihad Park
ETIHAD_PARK,36013036300,,future,Etihad Park
ETIHAD_PARK,36087011602,,future,Etihad Park
ETIHAD_PARK,36087011603,,future,Etihad Park
ETIHAD_PARK,36087011700,,future,Etihad Park
ETIHAD_PARK,36085007700,,future,Etihad Park
ETIHAD_PARK,36085002700,118.0,future,Etihad Park
ETIHAD_PARK,36085003600,101.0,future,Etihad Park
ETIHAD_PARK,36085018701,110.0,future,Etihad Park
ETIHAD_PARK,36085015400,,future,Etihad Park
ETIHAD_PARK,36085000900,,future,Etihad Park
ETIHAD_PARK,36085012200,111.0,future,Etihad Park
ETIHAD_PARK,36085011201,115.0,future,Etihad Park
ETIHAD_PARK,36085030302,,future,Etihad Park
ETIHAD_PARK,36085024700,113.0,future,Etihad Park
ETIHAD_PARK,36061019900,76.0,future,Etihad Park
ETIHAD_PARK,36085006700,,future,Etihad Park
ETIHAD_PARK,36085014608,,future,Etihad Park
ETIHAD_PARK,36085017011,,future,Etihad Park
ETIHAD_PARK,36013035300,,future,Etihad Park
ETIHAD_PARK,36061009700,58.0,future,Etihad Park
ETIHAD_PARK,36061001502,68.0,future,Etihad Park
ETIHAD_PARK,36061013900,52.0,future,Etihad Park
ETIHAD_PARK,36061008300,56.0,future,Etihad Park
ETIHAD_PARK,36061024700,88.0,future,Etihad Park
ETIHAD_PARK,36061003602,57.0,future,Etihad Park
ETIHAD_PARK,36061005502,56.0,future,Etihad Park
ETIHAD_PARK,36061019800,61.0,future,Etihad Park
ETIHAD_PARK,36061018700,71.0,future,Etihad Park
ETIHAD_PARK,36061016500,59.0,future,Etihad Park
ETIHAD_PARK,36061012500,45.0,future,Etihad Park
ETIHAD_PARK,36061023300,85.0,future,Etihad Park
ETIHAD_PARK,36061020800,69.0,future,Etihad Park
ETIHAD_PARK,36109000900,,future,Etihad Park
ETIHAD_PARK,36109001200,,future,Etihad Park
ETIHAD_PARK,36109001600,,future,Etihad Park
ETIHAD_PARK,36109002300,,future,Etihad Park
ETIHAD_PARK,36109000400,,future,Etihad Park
ETIHAD_PARK,36109002000,,future,Etihad Park
ETIHAD_PARK,36087012000,,future,Etihad Park
ETIHAD_PARK,36087011800,,future,Etihad Park
ETIHAD_PARK,36025970401,,future,Etihad Park
ETIHAD_PARK,36025970501,,future,Etihad Park
ETIHAD_PARK,36025970601,,future,Etihad Park
ETIHAD_PARK,36025970602,,future,Etihad Park
ETIHAD_PARK,36025970101,,future,Etihad Park
ETIHAD_PARK,36025970502,,future,Etihad Park
ETIHAD_PARK,36025970102,,future,Etihad Park
ETIHAD_PARK,36025970402,,future,Etihad Park
ETIHAD_PARK,36085013201,112.0,future,Etihad Park
ETIHAD_PARK,36085027704,,future,Etihad Park
ETIHAD_PARK,36085027302,,future,Etihad Park
ETIHAD_PARK,36085029104,101.0,future,Etihad Park
ETIHAD_PARK,36085017009,,future,Etihad Park
ETIHAD_PARK,36085018902,,future,Etihad Park
ETIHAD_PARK,36085021300,113.0,future,Etihad Park
ETIHAD_PARK,36085010500,,future,Etihad Park
ETIHAD_PARK,36085000700,,future,Etihad Park
ETIHAD_PARK,36085002001,97.0,future,Etihad Park
ETIHAD_PARK,36055014601,,future,Etihad Park
ETIHAD_PARK,36055015303,,future,Etihad Park
ETIHAD_PARK,36055015304,,future,Etihad Park
ETIHAD_PARK,36061011600,56.0,future,Etihad Park
ETIHAD_PARK,36061016002,58.0,future,Etihad Park
ETIHAD_PARK,36061030700,89.0,future,Etihad Park
ETIHAD_PARK,36061004800,58.0,future,Etihad Park
ETIHAD_PARK,36061023200,70.0,future,Etihad Park
ETIHAD_PARK,36061009100,50.0,future,Etihad Park
ETIHAD_PARK,36061006600,57.0,future,Etihad Park
ETIHAD_PARK,36061001001,82.0,future,Etihad Park
ETIHAD_PARK,36061007700,56.0,future,Etihad Park
ETIHAD_PARK,36061011201,44.0,future,Etihad Park
ETIHAD_PARK,36061017401,62.0,future,Etihad Park
ETIHAD_PARK,36061015602,52.0,future,Etihad Park
ETIHAD_PARK,36061018000,63.0,future,Etihad Park
ETIHAD_PARK,36061008000,45.0,future,Etihad Park
ETIHAD_PARK,36061020101,70.0,future,Etihad Park
ETIHAD_PARK,36061022200,67.0,future,Etihad Park
ETIHAD_PARK,36061013800,54.0,future,Etihad Park
ETIHAD_PARK,36061007400,51.0,future,Etihad Park
ETIHAD_PARK,36061003200,64.0,future,Etihad Park
ETIHAD_PARK,36061026100,77.0,future,Etihad Park
ETIHAD_PARK,36061022500,78.0,future,Etihad Park
ETIHAD_PARK,36061004100,61.0,future,Etihad Park
ETIHAD_PARK,36061002100,59.0,future,Etihad Park
ETIHAD_PARK,36061001402,60.0,future,Etihad Park
ETIHAD_PARK,36061028100,82.0,future,Etihad Park
ETIHAD_PARK,36011041400,,future,Etihad Park
ETIHAD_PARK,36011040900,,future,Etihad Park
ETIHAD_PARK,36011040800,,future,Etihad Park
ETIHAD_PARK,36011040300,,future,Etihad Park
ETIHAD_PARK,36001014803,,future,Etihad Park
ETIHAD_PARK,36001013703,,future,Etihad Park
ETIHAD_PARK,36001014502,,future,Etihad Park
ETIHAD_PARK,36089490300,,future,Etihad Park
ETIHAD_PARK,36029009107,,future,Etihad Park
ETIHAD_PARK,36055014906,,future,Etihad Park
ETIHAD_PARK,36087013102,,future,Etihad Park
ETIHAD_PARK,36087012503,,future,Etihad Park
ETIHAD_PARK,36087012114,,future,Etihad Park
ETIHAD_PARK,36087012504,,future,Etihad Park
ETIHAD_PARK,36087012403,,future,Etihad Park
ETIHAD_PARK,36087012108,,future,Etihad Park
ETIHAD_PARK,36087012506,,future,Etihad Park
ETIHAD_PARK,36087012116,,future,Etihad Park
ETIHAD_PARK,36087011512,,future,Etihad Park
ETIHAD_PARK,36087011304,,future,Etihad Park
ETIHAD_PARK,36087012505,,future,Etihad Park
ETIHAD_PARK,36087012115,,future,Etihad Park
ETIHAD_PARK,36087010504,,future,Etihad Park
ETIHAD_PARK,36087011507,,future,Etihad Park
ETIHAD_PARK,36087011305,,future,Etihad Park
ETIHAD_PARK,36087011508,,future,Etihad Park
ETIHAD_PARK,36087012112,,future,Etihad Park
ETIHAD_PARK,36087012113,,future,Etihad Park
ETIHAD_PARK,36087012111,,future,Etihad Park
ETIHAD_PARK,36085017012,,future,Etihad Park
ETIHAD_PARK,36061024100,84.0,future,Etihad Park
ETIHAD_PARK,36061017200,57.0,future,Etihad Park
ETIHAD_PARK,36087012600,,future,Etihad Park
ETIHAD_PARK,36087012700,,future,Etihad Park
ETIHAD_PARK,36087012800,,future,Etihad Park
ETIHAD_PARK,36061011300,45.0,future,Etihad Park
ETIHAD_PARK,36061019000,64.0,future,Etihad Park
ETIHAD_PARK,36061009500,52.0,future,Etihad Park
ETIHAD_PARK,36061027300,79.0,future,Etihad Park
ETIHAD_PARK,36061010601,53.0,future,Etihad Park
ETIHAD_PARK,36061005900,58.0,future,Etihad Park
ETIHAD_PARK,36061014602,50.0,future,Etihad Park
ETIHAD_PARK,36061006300,56.0,future,Etihad Park
ETIHAD_PARK,36061025100,69.0,future,Etihad Park
ETIHAD_PARK,36061017900,68.0,future,Etihad Park
ETIHAD_PARK,36061011800,47.0,future,Etihad Park
ETIHAD_PARK,36061003400,59.0,future,Etihad Park
ETIHAD_PARK,36061020500,90.0,future,Etihad Park
ETIHAD_PARK,36061018900,62.0,future,Etihad Park
ETIHAD_PARK,36061003002,60.0,future,Etihad Park
ETIHAD_PARK,36061013100,43.0,future,Etihad Park
ETIHAD_PARK,36089491600,,future,Etihad Park
ETIHAD_PARK,36089492100,,future,Etihad Park
ETIHAD_PARK,36089490500,,future,Etihad Park
ETIHAD_PARK,36089492700,,future,Etihad Park
ETIHAD_PARK,36089492800,,future,Etihad Park
ETIHAD_PARK,36095740100,,future,Etihad Park
ETIHAD_PARK,36095740600,,future,Etihad Park
ETIHAD_PARK,36087013001,,future,Etihad Park
ETIHAD_PARK,36087013003,,future,Etihad Park
ETIHAD_PARK,36061008200,49.0,future,Etihad Park
ETIHAD_PARK,36061020701,71.0,future,Etihad Park
ETIHAD_PARK,36061008900,58.0,future,Etihad Park
ETIHAD_PARK,36061002500,67.0,future,Etihad Park
ETIHAD_PARK,36061011100,53.0,future,Etihad Park
ETIHAD_PARK,36061005000,55.0,future,Etihad Park
ETIHAD_PARK,36061000800,69.0,future,Etihad Park
ETIHAD_PARK,36061015802,54.0,future,Etihad Park
ETIHAD_PARK,36061014200,52.0,future,Etihad Park
ETIHAD_PARK,36061007200,50.0,future,Etihad Park
ETIHAD_PARK,36001001600,,future,Etihad Park
ETIHAD_PARK,36061021500,67.0,future,Etihad Park
ETIHAD_PARK,36061025900,69.0,future,Etihad Park
ETIHAD_PARK,36061031703,72.0,future,Etihad Park
ETIHAD_PARK,36085013301,,future,Etihad Park
ETIHAD_PARK,36011040400,,future,Etihad Park
ETIHAD_PARK,36011040600,,future,Etihad Park
ETIHAD_PARK,36011040700,,future,Etihad Park
ETIHAD_PARK,36101960100,,future,Etihad Park
ETIHAD_PARK,36101960700,,future,Etihad Park
ETIHAD_PARK,36087013300,,future,Etihad Park
ETIHAD_PARK,36101960800,,future,Etihad Park
ETIHAD_PARK,36101960900,,future,Etihad Park
ETIHAD_PARK,36101961000,,future,Etihad Park
ETIHAD_PARK,36061012200,48.0,future,Etihad Park
ETIHAD_PARK,36061014402,59.0,future,Etihad Park
ETIHAD_PARK,36061015601,51.0,future,Etihad Park
ETIHAD_PARK,36061021600,64.0,future,Etihad Park
ETIHAD_PARK,36061022000,68.0,future,Etihad Park
ETIHAD_PARK,36061025300,72.0,future,Etihad Park
ETIHAD_PARK,36061027100,81.0,future,Etihad Park
ETIHAD_PARK,36061028300,85.0,future,Etihad Park
ETIHAD_PARK,36061000100,,future,Etihad Park
ETIHAD_PARK,36061000201,72.0,future,Etihad Park
ETIHAD_PARK,36061000202,79.0,future,Etihad Park
ETIHAD_PARK,36061000500,,future,Etihad Park
ETIHAD_PARK,36061000600,65.0,future,Etihad Park
ETIHAD_PARK,36061000700,72.0,future,Etihad Park
ETIHAD_PARK,36061000900,74.0,future,Etihad Park
ETIHAD_PARK,36061001002,81.0,future,Etihad Park
ETIHAD_PARK,36061001200,66.0,future,Etihad Park
ETIHAD_PARK,36061001300,61.0,future,Etihad Park
ETIHAD_PARK,36061001401,63.0,future,Etihad Park
ETIHAD_PARK,36103158320,,future,Etihad Park
ETIHAD_PARK,36103146608,,future,Etihad Park
ETIHAD_PARK,36103158403,,future,Etihad Park
ETIHAD_PARK,36103158407,,future,Etihad Park
ETIHAD_PARK,36103158408,,future,Etihad Park
ETIHAD_PARK,36103111804,,future,Etihad Park
ETIHAD_PARK,36103111900,,future,Etihad Park
ETIHAD_PARK,36103112001,,future,Etihad Park
ETIHAD_PARK,36103112002,,future,Etihad Park
ETIHAD_PARK,36103112102,,future,Etihad Park
ETIHAD_PARK,36103112103,,future,Etihad Park
ETIHAD_PARK,36103146402,,future,Etihad Park
ETIHAD_PARK,36103146403,,future,Etihad Park
ETIHAD_PARK,36103146404,,future,Etihad Park
ETIHAD_PARK,36103146500,,future,Etihad Park
ETIHAD_PARK,36103147503,,future,Etihad Park
ETIHAD_PARK,36103147601,,future,Etihad Park
ETIHAD_PARK,36103147602,,future,Etihad Park
ETIHAD_PARK,36103147702,,future,Etihad Park
ETIHAD_PARK,36103147802,,future,Etihad Park
ETIHAD_PARK,36103147803,,future,Etihad Park
ETIHAD_PARK,36103147804,,future,Etihad Park
ETIHAD_PARK,36103147901,,future,Etihad Park
ETIHAD_PARK,36103158306,,future,Etihad Park
ETIHAD_PARK,36015011200,,future,Etihad Park
ETIHAD_PARK,36015000600,,future,Etihad Park
ETIHAD_PARK,36071011102,,future,Etihad Park
ETIHAD_PARK,36103158502,,future,Etihad Park
ETIHAD_PARK,36103158505,,future,Etihad Park
ETIHAD_PARK,36103158506,,future,Etihad Park
ETIHAD_PARK,36103158509,,future,Etihad Park
ETIHAD_PARK,36103158510,,future,Etihad Park
ETIHAD_PARK,36103112104,,future,Etihad Park
ETIHAD_PARK,36103112204,,future,Etihad Park
ETIHAD_PARK,36103112211,,future,Etihad Park
ETIHAD_PARK,36103112212,,future,Etihad Park
ETIHAD_PARK,36103112213,,future,Etihad Park
ETIHAD_PARK,36015010100,,future,Etihad Park
ETIHAD_PARK,36005006500,65.0,future,Etihad Park
ETIHAD_PARK,36005020200,73.0,future,Etihad Park
ETIHAD_PARK,36005015700,78.0,future,Etihad Park
ETIHAD_PARK,36005005200,80.0,future,Etihad Park
ETIHAD_PARK,36015001100,,future,Etihad Park
ETIHAD_PARK,36015000500,,future,Etihad Park
ETIHAD_PARK,36015000200,,future,Etihad Park
ETIHAD_PARK,36015000300,,future,Etihad Park
ETIHAD_PARK,36015011000,,future,Etihad Park
ETIHAD_PARK,36015000400,,future,Etihad Park
ETIHAD_PARK,36015010600,,future,Etihad Park
ETIHAD_PARK,36015000100,,future,Etihad Park
ETIHAD_PARK,36015000900,,future,Etihad Park
ETIHAD_PARK,36015001000,,future,Etihad Park
ETIHAD_PARK,36091060800,,future,Etihad Park
ETIHAD_PARK,36123150301,,future,Etihad Park
ETIHAD_PARK,36123150302,,future,Etihad Park
ETIHAD_PARK,36123150501,,future,Etihad Park
ETIHAD_PARK,36123150502,,future,Etihad Park
ETIHAD_PARK,36123150102,,future,Etihad Park
ETIHAD_PARK,36123150101,,future,Etihad Park
ETIHAD_PARK,36083051601,,future,Etihad Park
ETIHAD_PARK,36083051602,,future,Etihad Park
ETIHAD_PARK,36083052406,,future,Etihad Park
ETIHAD_PARK,36083052408,,future,Etihad Park
ETIHAD_PARK,36083052407,,future,Etihad Park
ETIHAD_PARK,36083040701,,future,Etihad Park
ETIHAD_PARK,36083052306,,future,Etihad Park
ETIHAD_PARK,36083052305,,future,Etihad Park
ETIHAD_PARK,36083052405,,future,Etihad Park
ETIHAD_PARK,36083040702,,future,Etihad Park
ETIHAD_PARK,36083041101,,future,Etihad Park
ETIHAD_PARK,36083041102,,future,Etihad Park
ETIHAD_PARK,36119982000,,future,Etihad Park
ETIHAD_PARK,36119014901,,future,Etihad Park
ETIHAD_PARK,36065980002,,future,Etihad Park
ETIHAD_PARK,36065026400,,future,Etihad Park
ETIHAD_PARK,36001001902,,future,Etihad Park
ETIHAD_PARK,36001002100,,future,Etihad Park
ETIHAD_PARK,36001002500,,future,Etihad Park
ETIHAD_PARK,36001002600,,future,Etihad Park
ETIHAD_PARK,36001012700,,future,Etihad Park
ETIHAD_PARK,36001012800,,future,Etihad Park
ETIHAD_PARK,36001012900,,future,Etihad Park
ETIHAD_PARK,36001013000,,future,Etihad Park
ETIHAD_PARK,36015010200,,future,Etihad Park
ETIHAD_PARK,36065980003,,future,Etihad Park
ETIHAD_PARK,36065024102,,future,Etihad Park
ETIHAD_PARK,36065024101,,future,Etihad Park
ETIHAD_PARK,36065026100,,future,Etihad Park
ETIHAD_PARK,36015010400,,future,Etihad Park
ETIHAD_PARK,36015010500,,future,Etihad Park
ETIHAD_PARK,36009960704,,future,Etihad Park
ETIHAD_PARK,36009960703,,future,Etihad Park
ETIHAD_PARK,36009940301,,future,Etihad Park
ETIHAD_PARK,36009940302,,future,Etihad Park
ETIHAD_PARK,36009961301,,future,Etihad Park
ETIHAD_PARK,36009961302,,future,Etihad Park
ETIHAD_PARK,36001000502,,future,Etihad Park
ETIHAD_PARK,36045060102,,future,Etihad Park
ETIHAD_PARK,36045060401,,future,Etihad Park
ETIHAD_PARK,36045060203,,future,Etihad Park
ETIHAD_PARK,36045061802,,future,Etihad Park
ETIHAD_PARK,36045060101,,future,Etihad Park
ETIHAD_PARK,36045060201,,future,Etihad Park
ETIHAD_PARK,36045061101,,future,Etihad Park
ETIHAD_PARK,36045061801,,future,Etihad Park
ETIHAD_PARK,36045060402,,future,Etihad Park
ETIHAD_PARK,36045060301,,future,Etihad Park
ETIHAD_PARK,36045060902,,future,Etihad Park
ETIHAD_PARK,36045060302,,future,Etihad Park
ETIHAD_PARK,36045060602,,future,Etihad Park
ETIHAD_PARK,36045060901,,future,Etihad Park
ETIHAD_PARK,36045060805,,future,Etihad Park
ETIHAD_PARK,36045061102,,future,Etihad Park
ETIHAD_PARK,36045060601,,future,Etihad Park
ETIHAD_PARK,36045060806,,future,Etihad Park
ETIHAD_PARK,36045060202,,future,Etihad Park
ETIHAD_PARK,36107020703,,future,Etihad Park
ETIHAD_PARK,36117021800,,future,Etihad Park
ETIHAD_PARK,36025971100,,future,Etihad Park
ETIHAD_PARK,36025971200,,future,Etihad Park
ETIHAD_PARK,36001013100,,future,Etihad Park
ETIHAD_PARK,36015010800,,future,Etihad Park
ETIHAD_PARK,36001013200,,future,Etihad Park
ETIHAD_PARK,36015010900,,future,Etihad Park
ETIHAD_PARK,36041950500,,future,Etihad Park
ETIHAD_PARK,36041950400,,future,Etihad Park
ETIHAD_PARK,36041950300,,future,Etihad Park
ETIHAD_PARK,36041950100,,future,Etihad Park
ETIHAD_PARK,36123150400,,future,Etihad Park
ETIHAD_PARK,36123150200,,future,Etihad Park
ETIHAD_PARK,36107020300,,future,Etihad Park
ETIHAD_PARK,36107020200,,future,Etihad Park
ETIHAD_PARK,36107020401,,future,Etihad Park
ETIHAD_PARK,36107020702,,future,Etihad Park
ETIHAD_PARK,36029009004,,future,Etihad Park
ETIHAD_PARK,36107020402,,future,Etihad Park
ETIHAD_PARK,36025971300,,future,Etihad Park
ETIHAD_PARK,36065020102,,future,Etihad Park
ETIHAD_PARK,36103159512,,future,Etihad Park
ETIHAD_PARK,36103190504,,future,Etihad Park
ETIHAD_PARK,36001000401,,future,Etihad Park
ETIHAD_PARK,36103990100,,future,Etihad Park
ETIHAD_PARK,36103135209,,future,Etihad Park
ETIHAD_PARK,36047012600,93.0,future,Etihad Park
ETIHAD_PARK,36047027100,81.0,future,Etihad Park
ETIHAD_PARK,36065026600,,future,Etihad Park
ETIHAD_PARK,36047034800,111.0,future,Etihad Park
ETIHAD_PARK,36047046000,93.0,future,Etihad Park
ETIHAD_PARK,36047105804,105.0,future,Etihad Park
ETIHAD_PARK,36065020705,,future,Etihad Park
ETIHAD_PARK,36005043503,,future,Etihad Park
ETIHAD_PARK,36005043501,94.0,future,Etihad Park
ETIHAD_PARK,36005033602,85.0,future,Etihad Park
ETIHAD_PARK,36085011203,108.0,future,Etihad Park
ETIHAD_PARK,36005033601,85.0,future,Etihad Park
ETIHAD_PARK,36085022802,,future,Etihad Park
ETIHAD_PARK,36085022801,,future,Etihad Park
ETIHAD_PARK,36005033802,83.0,future,Etihad Park
ETIHAD_PARK,36117020900,,future,Etihad Park
ETIHAD_PARK,36117021501,,future,Etihad Park
ETIHAD_PARK,36001013902,,future,Etihad Park
ETIHAD_PARK,36001000100,,future,Etihad Park
ETIHAD_PARK,36001014100,,future,Etihad Park
ETIHAD_PARK,36001014501,,future,Etihad Park
ETIHAD_PARK,36001014203,,future,Etihad Park
ETIHAD_PARK,36001014613,,future,Etihad Park
ETIHAD_PARK,36001001802,,future,Etihad Park
ETIHAD_PARK,36001000800,,future,Etihad Park
ETIHAD_PARK,36001014611,,future,Etihad Park
ETIHAD_PARK,36001000501,,future,Etihad Park
ETIHAD_PARK,36001014700,,future,Etihad Park
ETIHAD_PARK,36001014301,,future,Etihad Park
ETIHAD_PARK,36001002000,,future,Etihad Park
ETIHAD_PARK,36001002200,,future,Etihad Park
ETIHAD_PARK,36001000403,,future,Etihad Park
ETIHAD_PARK,36001000404,,future,Etihad Park
ETIHAD_PARK,36001000600,,future,Etihad Park
ETIHAD_PARK,36001000700,,future,Etihad Park
ETIHAD_PARK,36005033801,84.0,future,Etihad Park
ETIHAD_PARK,36005043502,90.0,future,Etihad Park
ETIHAD_PARK,36085011204,,future,Etihad Park
ETIHAD_PARK,36001001100,,future,Etihad Park
ETIHAD_PARK,36001013300,,future,Etihad Park
ETIHAD_PARK,36001013400,,future,Etihad Park
ETIHAD_PARK,36037950900,,future,Etihad Park
ETIHAD_PARK,36037950600,,future,Etihad Park
ETIHAD_PARK,36037950502,,future,Etihad Park
ETIHAD_PARK,36037950501,,future,Etihad Park
ETIHAD_PARK,36037950800,,future,Etihad Park
ETIHAD_PARK,36001001400,,future,Etihad Park
ETIHAD_PARK,36001001500,,future,Etihad Park
ETIHAD_PARK,36001001700,,future,Etihad Park
ETIHAD_PARK,36001001901,,future,Etihad Park
ETIHAD_PARK,36001014201,,future,Etihad Park
ETIHAD_PARK,36001013503,,future,Etihad Park
ETIHAD_PARK,36001002300,,future,Etihad Park
ETIHAD_PARK,36049950700,,future,Etihad Park
ETIHAD_PARK,36049950500,,future,Etihad Park
ETIHAD_PARK,36049950200,,future,Etihad Park
ETIHAD_PARK,36101962302,,future,Etihad Park
ETIHAD_PARK,36101962301,,future,Etihad Park
ETIHAD_PARK,36045990001,,future,Etihad Park
ETIHAD_PARK,36063023404,,future,Etihad Park
ETIHAD_PARK,36063023405,,future,Etihad Park
ETIHAD_PARK,36119011300,,future,Etihad Park
ETIHAD_PARK,36071011802,,future,Etihad Park
ETIHAD_PARK,36071011801,,future,Etihad Park
ETIHAD_PARK,36071010101,,future,Etihad Park
ETIHAD_PARK,36071010902,,future,Etihad Park
ETIHAD_PARK,36071011701,,future,Etihad Park
ETIHAD_PARK,36071014502,,future,Etihad Park
ETIHAD_PARK,36071014501,,future,Etihad Park
ETIHAD_PARK,36071011601,,future,Etihad Park
ETIHAD_PARK,36071010901,,future,Etihad Park
ETIHAD_PARK,36033950501,,future,Etihad Park
ETIHAD_PARK,36045980000,,future,Etihad Park
ETIHAD_PARK,36075020703,,future,Etihad Park
ETIHAD_PARK,36075020901,,future,Etihad Park
ETIHAD_PARK,36075021601,,future,Etihad Park
ETIHAD_PARK,36013036902,,future,Etihad Park
ETIHAD_PARK,36013036402,,future,Etihad Park
ETIHAD_PARK,36013036901,,future,Etihad Park
ETIHAD_PARK,36013036401,,future,Etihad Park
ETIHAD_PARK,36013037600,,future,Etihad Park
ETIHAD_PARK,36075021401,,future,Etihad Park
ETIHAD_PARK,36075020600,,future,Etihad Park
ETIHAD_PARK,36047051601,95.0,future,Etihad Park
ETIHAD_PARK,36029015003,,future,Etihad Park
ETIHAD_PARK,36029015101,,future,Etihad Park
ETIHAD_PARK,36029015301,,future,Etihad Park
ETIHAD_PARK,36119010200,,future,Etihad Park
ETIHAD_PARK,36119010300,,future,Etihad Park
ETIHAD_PARK,36119010400,,future,Etihad Park
ETIHAD_PARK,36119010500,,future,Etihad Park
ETIHAD_PARK,36029015302,,future,Etihad Park
ETIHAD_PARK,36029015600,,future,Etihad Park
ETIHAD_PARK,36029015700,,future,Etihad Park
ETIHAD_PARK,36029015900,,future,Etihad Park
ETIHAD_PARK,36029940100,,future,Etihad Park
ETIHAD_PARK,36029013202,,future,Etihad Park
ETIHAD_PARK,36029940000,,future,Etihad Park
ETIHAD_PARK,36081059502,63.0,future,Etihad Park
ETIHAD_PARK,36081059501,60.0,future,Etihad Park
ETIHAD_PARK,36081084901,28.0,future,Etihad Park
ETIHAD_PARK,36081048302,32.0,future,Etihad Park
ETIHAD_PARK,36081066403,92.0,future,Etihad Park
ETIHAD_PARK,36081019903,55.0,future,Etihad Park
ETIHAD_PARK,36081089201,86.0,future,Etihad Park
ETIHAD_PARK,36081053902,71.0,future,Etihad Park
ETIHAD_PARK,36117020202,,future,Etihad Park
ETIHAD_PARK,36117020201,,future,Etihad Park
ETIHAD_PARK,36039080404,,future,Etihad Park
ETIHAD_PARK,36039081001,,future,Etihad Park
ETIHAD_PARK,36039080403,,future,Etihad Park
ETIHAD_PARK,36039081002,,future,Etihad Park
ETIHAD_PARK,36039080302,,future,Etihad Park
ETIHAD_PARK,36039080301,,future,Etihad Park
ETIHAD_PARK,36075990000,,future,Etihad Park
ETIHAD_PARK,36099950802,,future,Etihad Park
ETIHAD_PARK,36099950801,,future,Etihad Park
ETIHAD_PARK,36075020301,,future,Etihad Park
ETIHAD_PARK,36029006601,,future,Etihad Park
ETIHAD_PARK,36029006701,,future,Etihad Park
ETIHAD_PARK,36047061003,109.0,future,Etihad Park
ETIHAD_PARK,36047061004,108.0,future,Etihad Park
ETIHAD_PARK,36029006100,,future,Etihad Park
ETIHAD_PARK,36029006302,,future,Etihad Park
ETIHAD_PARK,36029006501,,future,Etihad Park
ETIHAD_PARK,36079010901,,future,Etihad Park
ETIHAD_PARK,36079011202,,future,Etihad Park
ETIHAD_PARK,36079010902,,future,Etihad Park
ETIHAD_PARK,36079011502,,future,Etihad Park
ETIHAD_PARK,36079011501,,future,Etihad Park
ETIHAD_PARK,36079010202,,future,Etihad Park
ETIHAD_PARK,36079011801,,future,Etihad Park
ETIHAD_PARK,36079010201,,future,Etihad Park
ETIHAD_PARK,36079011201,,future,Etihad Park
ETIHAD_PARK,36079011802,,future,Etihad Park
ETIHAD_PARK,36115080200,,future,Etihad Park
ETIHAD_PARK,36115092000,,future,Etihad Park
ETIHAD_PARK,36115094000,,future,Etihad Park
ETIHAD_PARK,36115080100,,future,Etihad Park
ETIHAD_PARK,36115090000,,future,Etihad Park
ETIHAD_PARK,36115091000,,future,Etihad Park
ETIHAD_PARK,36115089000,,future,Etihad Park
ETIHAD_PARK,36119010600,,future,Etihad Park
ETIHAD_PARK,36119010702,,future,Etihad Park
ETIHAD_PARK,36007012400,,future,Etihad Park
ETIHAD_PARK,36115085000,,future,Etihad Park
ETIHAD_PARK,36115086000,,future,Etihad Park
ETIHAD_PARK,36115087000,,future,Etihad Park
ETIHAD_PARK,36115093000,,future,Etihad Park
ETIHAD_PARK,36029013400,,future,Etihad Park
ETIHAD_PARK,36029013501,,future,Etihad Park
ETIHAD_PARK,36029013502,,future,Etihad Park
ETIHAD_PARK,36029013600,,future,Etihad Park
ETIHAD_PARK,36029013701,,future,Etihad Park
ETIHAD_PARK,36029013702,,future,Etihad Park
ETIHAD_PARK,36029013900,,future,Etihad Park
ETIHAD_PARK,36029014000,,future,Etihad Park
ETIHAD_PARK,36029014101,,future,Etihad Park
ETIHAD_PARK,36029014102,,future,Etihad Park
ETIHAD_PARK,36029014204,,future,Etihad Park
ETIHAD_PARK,36029014501,,future,Etihad Park
ETIHAD_PARK,36029014502,,future,Etihad Park
ETIHAD_PARK,36029014601,,future,Etihad Park
ETIHAD_PARK,36029014801,,future,Etihad Park
ETIHAD_PARK,36029014903,,future,Etihad Park
ETIHAD_PARK,36029015001,,future,Etihad Park
ETIHAD_PARK,36029015002,,future,Etihad Park
ETIHAD_PARK,36047069601,106.0,future,Etihad Park
ETIHAD_PARK,36047069602,,future,Etihad Park
ETIHAD_PARK,36047079801,83.0,future,Etihad Park
ETIHAD_PARK,36047079802,85.0,future,Etihad Park
ETIHAD_PARK,36047105801,101.0,future,Etihad Park
ETIHAD_PARK,36047990100,,future,Etihad Park
ETIHAD_PARK,36119007200,,future,Etihad Park
ETIHAD_PARK,36119007300,,future,Etihad Park
ETIHAD_PARK,36119007401,,future,Etihad Park
ETIHAD_PARK,36119007402,,future,Etihad Park
ETIHAD_PARK,36119007500,,future,Etihad Park
ETIHAD_PARK,36119007600,,future,Etihad Park
ETIHAD_PARK,36119007700,,future,Etihad Park
ETIHAD_PARK,36119007800,,future,Etihad Park
ETIHAD_PARK,36119008000,,future,Etihad Park
ETIHAD_PARK,36119008100,,future,Etihad Park
ETIHAD_PARK,36067015702,,future,Etihad Park
ETIHAD_PARK,36067015701,,future,Etihad Park
ETIHAD_PARK,36067004401,,future,Etihad Park
ETIHAD_PARK,36067015602,,future,Etihad Park
ETIHAD_PARK,36027080104,,future,Etihad Park
ETIHAD_PARK,36119005002,,future,Etihad Park
ETIHAD_PARK,36119005100,,future,Etihad Park
ETIHAD_PARK,36119005300,,future,Etihad Park
ETIHAD_PARK,36119008200,,future,Etihad Park
ETIHAD_PARK,36119008301,,future,Etihad Park
ETIHAD_PARK,36021000402,,future,Etihad Park
ETIHAD_PARK,36119008401,,future,Etihad Park
ETIHAD_PARK,36119008404,,future,Etihad Park
ETIHAD_PARK,36119008700,,future,Etihad Park
ETIHAD_PARK,36119008901,,future,Etihad Park
ETIHAD_PARK,36115084001,,future,Etihad Park
ETIHAD_PARK,36115080301,,future,Etihad Park
ETIHAD_PARK,36115084002,,future,Etihad Park
ETIHAD_PARK,36115081001,,future,Etihad Park
ETIHAD_PARK,36115081002,,future,Etihad Park
ETIHAD_PARK,36115080302,,future,Etihad Park
ETIHAD_PARK,36115088002,,future,Etihad Park
ETIHAD_PARK,36115088001,,future,Etihad Park
ETIHAD_PARK,36119005400,,future,Etihad Park
ETIHAD_PARK,36119005500,,future,Etihad Park
ETIHAD_PARK,36119005702,,future,Etihad Park
ETIHAD_PARK,36119005901,,future,Etihad Park
ETIHAD_PARK,36119005902,,future,Etihad Park
ETIHAD_PARK,36119006000,,future,Etihad Park
ETIHAD_PARK,36119006100,,future,Etihad Park
ETIHAD_PARK,36119006200,,future,Etihad Park
ETIHAD_PARK,36015011101,,future,Etihad Park
ETIHAD_PARK,36015011102,,future,Etihad Park
ETIHAD_PARK,36015010702,,future,Etihad Park
ETIHAD_PARK,36015010302,,future,Etihad Park
ETIHAD_PARK,36015010301,,future,Etihad Park
ETIHAD_PARK,36015010701,,future,Etihad Park
ETIHAD_PARK,36067002101,,future,Etihad Park
ETIHAD_PARK,36055013205,,future,Etihad Park
ETIHAD_PARK,36067000501,,future,Etihad Park
ETIHAD_PARK,36071014101,,future,Etihad Park
ETIHAD_PARK,36071015003,,future,Etihad Park
ETIHAD_PARK,36071000501,,future,Etihad Park
ETIHAD_PARK,36003951302,,future,Etihad Park
ETIHAD_PARK,36003951202,,future,Etihad Park
ETIHAD_PARK,36003950402,,future,Etihad Park
ETIHAD_PARK,36003950401,,future,Etihad Park
ETIHAD_PARK,36003951201,,future,Etihad Park
ETIHAD_PARK,36003951301,,future,Etihad Park
ETIHAD_PARK,36029009113,,future,Etihad Park
ETIHAD_PARK,36029009114,,future,Etihad Park
ETIHAD_PARK,36077590101,,future,Etihad Park
ETIHAD_PARK,36077590102,,future,Etihad Park
ETIHAD_PARK,36077590701,,future,Etihad Park
ETIHAD_PARK,36077590702,,future,Etihad Park
ETIHAD_PARK,36077591401,,future,Etihad Park
ETIHAD_PARK,36077591402,,future,Etihad Park
ETIHAD_PARK,36077590402,,future,Etihad Park
ETIHAD_PARK,36077590301,,future,Etihad Park
ETIHAD_PARK,36077590401,,future,Etihad Park
ETIHAD_PARK,36077591601,,future,Etihad Park
ETIHAD_PARK,36077590302,,future,Etihad Park
ETIHAD_PARK,36077591602,,future,Etihad Park
ETIHAD_PARK,36101960600,,future,Etihad Park
ETIHAD_PARK,36101962800,,future,Etihad Park
ETIHAD_PARK,36101960400,,future,Etihad Park
ETIHAD_PARK,36101960500,,future,Etihad Park
ETIHAD_PARK,36101961300,,future,Etihad Park
ETIHAD_PARK,36101962600,,future,Etihad Park
ETIHAD_PARK,36101961700,,future,Etihad Park
ETIHAD_PARK,36101960200,,future,Etihad Park
ETIHAD_PARK,36101960300,,future,Etihad Park
ETIHAD_PARK,36003950700,,future,Etihad Park
ETIHAD_PARK,36003950300,,future,Etihad Park
ETIHAD_PARK,36003950800,,future,Etihad Park
ETIHAD_PARK,36003950100,,future,Etihad Park
ETIHAD_PARK,36003950600,,future,Etihad Park
ETIHAD_PARK,36003950500,,future,Etihad Park
ETIHAD_PARK,36003951100,,future,Etihad Park
ETIHAD_PARK,36063023500,,future,Etihad Park
ETIHAD_PARK,36091061303,,future,Etihad Park
ETIHAD_PARK,36091061401,,future,Etihad Park
ETIHAD_PARK,36091061500,,future,Etihad Park
ETIHAD_PARK,36091061600,,future,Etihad Park
ETIHAD_PARK,36091061701,,future,Etihad Park
ETIHAD_PARK,36091061800,,future,Etihad Park
ETIHAD_PARK,36091062100,,future,Etihad Park
ETIHAD_PARK,36029010808,,future,Etihad Park
ETIHAD_PARK,36029010809,,future,Etihad Park
ETIHAD_PARK,36063023401,,future,Etihad Park
ETIHAD_PARK,36063023600,,future,Etihad Park
ETIHAD_PARK,36063021300,,future,Etihad Park
ETIHAD_PARK,36063022702,,future,Etihad Park
ETIHAD_PARK,36063023402,,future,Etihad Park
ETIHAD_PARK,36063024202,,future,Etihad Park
ETIHAD_PARK,36063024404,,future,Etihad Park
ETIHAD_PARK,36063024001,,future,Etihad Park
ETIHAD_PARK,36063024002,,future,Etihad Park
ETIHAD_PARK,36063990000,,future,Etihad Park
ETIHAD_PARK,36063024406,,future,Etihad Park
ETIHAD_PARK,36047079202,95.0,future,Etihad Park
ETIHAD_PARK,36047079001,98.0,future,Etihad Park
ETIHAD_PARK,36047079002,98.0,future,Etihad Park
ETIHAD_PARK,36047003101,71.0,future,Etihad Park
ETIHAD_PARK,36047078801,98.0,future,Etihad Park
ETIHAD_PARK,36047078601,95.0,future,Etihad Park
ETIHAD_PARK,36047078602,98.0,future,Etihad Park
ETIHAD_PARK,36047014102,81.0,future,Etihad Park
ETIHAD_PARK,36047014101,79.0,future,Etihad Park
ETIHAD_PARK,36047014901,78.0,future,Etihad Park
ETIHAD_PARK,36047014902,82.0,future,Etihad Park
ETIHAD_PARK,36047059403,105.0,future,Etihad Park
ETIHAD_PARK,36047059404,112.0,future,Etihad Park
ETIHAD_PARK,36047102801,98.0,future,Etihad Park
ETIHAD_PARK,36047078802,97.0,future,Etihad Park
ETIHAD_PARK,36047005301,103.0,future,Etihad Park
ETIHAD_PARK,36047005302,,future,Etihad Park
ETIHAD_PARK,36047009402,91.0,future,Etihad Park
ETIHAD_PARK,36047009202,87.0,future,Etihad Park
ETIHAD_PARK,36047009201,91.0,future,Etihad Park
ETIHAD_PARK,36047009002,82.0,future,Etihad Park
ETIHAD_PARK,36047044902,75.0,future,Etihad Park
ETIHAD_PARK,36047079201,94.0,future,Etihad Park
ETIHAD_PARK,36047001501,71.0,future,Etihad Park
ETIHAD_PARK,36047044901,62.0,future,Etihad Park
ETIHAD_PARK,36047049301,65.0,future,Etihad Park
ETIHAD_PARK,36047049302,64.0,future,Etihad Park
ETIHAD_PARK,36047035301,81.0,future,Etihad Park
ETIHAD_PARK,36047035302,81.0,future,Etihad Park
ETIHAD_PARK,36047035101,82.0,future,Etihad Park
ETIHAD_PARK,36047035102,81.0,future,Etihad Park
ETIHAD_PARK,36047034901,82.0,future,Etihad Park
ETIHAD_PARK,36047034902,82.0,future,Etihad Park
ETIHAD_PARK,36047056302,58.0,future,Etihad Park
ETIHAD_PARK,36047056301,54.0,future,Etihad Park
ETIHAD_PARK,36047120802,83.0,future,Etihad Park
ETIHAD_PARK,36047103402,108.0,future,Etihad Park
ETIHAD_PARK,36047103401,99.0,future,Etihad Park
ETIHAD_PARK,36047031402,,future,Etihad Park
ETIHAD_PARK,36047031401,113.0,future,Etihad Park
ETIHAD_PARK,36047003102,72.0,future,Etihad Park
ETIHAD_PARK,36047050001,82.0,future,Etihad Park
ETIHAD_PARK,36047001802,99.0,future,Etihad Park
ETIHAD_PARK,36047001801,92.0,future,Etihad Park
ETIHAD_PARK,36047001804,118.0,future,Etihad Park
ETIHAD_PARK,36047058902,70.0,future,Etihad Park
ETIHAD_PARK,36047010601,100.0,future,Etihad Park
ETIHAD_PARK,36047053102,58.0,future,Etihad Park
ETIHAD_PARK,36047050402,87.0,future,Etihad Park
ETIHAD_PARK,36047009001,86.0,future,Etihad Park
ETIHAD_PARK,36047005303,88.0,future,Etihad Park
ETIHAD_PARK,36047102802,110.0,future,Etihad Park
ETIHAD_PARK,36047107003,105.0,future,Etihad Park
ETIHAD_PARK,36047011902,69.0,future,Etihad Park
ETIHAD_PARK,36047001502,66.0,future,Etihad Park
ETIHAD_PARK,36047011901,80.0,future,Etihad Park
ETIHAD_PARK,36047001803,117.0,future,Etihad Park
ETIHAD_PARK,36047035702,86.0,future,Etihad Park
ETIHAD_PARK,36047107001,102.0,future,Etihad Park
ETIHAD_PARK,36047050401,81.0,future,Etihad Park
ETIHAD_PARK,36047057902,63.0,future,Etihad Park
ETIHAD_PARK,36047010401,95.0,future,Etihad Park
ETIHAD_PARK,36047009401,95.0,future,Etihad Park
ETIHAD_PARK,36047120803,82.0,future,Etihad Park
ETIHAD_PARK,36047057901,51.0,future,Etihad Park
ETIHAD_PARK,36047050002,85.0,future,Etihad Park
ETIHAD_PARK,36047035701,86.0,future,Etihad Park
ETIHAD_PARK,36047010402,96.0,future,Etihad Park
ETIHAD_PARK,36047010801,100.0,future,Etihad Park
ETIHAD_PARK,36047010602,101.0,future,Etihad Park
ETIHAD_PARK,36047010802,96.0,future,Etihad Park
ETIHAD_PARK,36047058901,62.0,future,Etihad Park
ETIHAD_PARK,36047120801,82.0,future,Etihad Park
ETIHAD_PARK,36047107002,,future,Etihad Park
ETIHAD_PARK,36047053101,61.0,future,Etihad Park
ETIHAD_PARK,36091062501,,future,Etihad Park
ETIHAD_PARK,36091062503,,future,Etihad Park
ETIHAD_PARK,36063020300,,future,Etihad Park
ETIHAD_PARK,36063020400,,future,Etihad Park
ETIHAD_PARK,36063020500,,future,Etihad Park
ETIHAD_PARK,36063020600,,future,Etihad Park
ETIHAD_PARK,36063020700,,future,Etihad Park
ETIHAD_PARK,36063020900,,future,Etihad Park
ETIHAD_PARK,36063021100,,future,Etihad Park
ETIHAD_PARK,36063021000,,future,Etihad Park
ETIHAD_PARK,36063021400,,future,Etihad Park
ETIHAD_PARK,36063024201,,future,Etihad Park
ETIHAD_PARK,36063024405,,future,Etihad Park
ETIHAD_PARK,36091062601,,future,Etihad Park
ETIHAD_PARK,36091062700,,future,Etihad Park
ETIHAD_PARK,36033940000,,future,Etihad Park
ETIHAD_PARK,36063020100,,future,Etihad Park
ETIHAD_PARK,36071014102,,future,Etihad Park
ETIHAD_PARK,36093032901,,future,Etihad Park
ETIHAD_PARK,36093032902,,future,Etihad Park
ETIHAD_PARK,36093033002,,future,Etihad Park
ETIHAD_PARK,36093033004,,future,Etihad Park
ETIHAD_PARK,36093033101,,future,Etihad Park
ETIHAD_PARK,36093020300,,future,Etihad Park
ETIHAD_PARK,36063020200,,future,Etihad Park
ETIHAD_PARK,36007001800,,future,Etihad Park
ETIHAD_PARK,36007010200,,future,Etihad Park
ETIHAD_PARK,36007011901,,future,Etihad Park
ETIHAD_PARK,36007011902,,future,Etihad Park
ETIHAD_PARK,36007011903,,future,Etihad Park
ETIHAD_PARK,36007012000,,future,Etihad Park
ETIHAD_PARK,36029000800,,future,Etihad Park
ETIHAD_PARK,36055012305,,future,Etihad Park
ETIHAD_PARK,36055011207,,future,Etihad Park
ETIHAD_PARK,36029017501,,future,Etihad Park
ETIHAD_PARK,36007012102,,future,Etihad Park
ETIHAD_PARK,36007012103,,future,Etihad Park
ETIHAD_PARK,36007012201,,future,Etihad Park
ETIHAD_PARK,36007012600,,future,Etihad Park
ETIHAD_PARK,36113070400,,future,Etihad Park
ETIHAD_PARK,36113070500,,future,Etihad Park
ETIHAD_PARK,36113078000,,future,Etihad Park
ETIHAD_PARK,36113073000,,future,Etihad Park
ETIHAD_PARK,36113070200,,future,Etihad Park
ETIHAD_PARK,36113073500,,future,Etihad Park
ETIHAD_PARK,36113070900,,future,Etihad Park
ETIHAD_PARK,36113070300,,future,Etihad Park
ETIHAD_PARK,36113074000,,future,Etihad Park
ETIHAD_PARK,36113071000,,future,Etihad Park
ETIHAD_PARK,36113070100,,future,Etihad Park
ETIHAD_PARK,36113076000,,future,Etihad Park
ETIHAD_PARK,36113070602,,future,Etihad Park
ETIHAD_PARK,36005022703,74.0,future,Etihad Park
ETIHAD_PARK,36005022901,78.0,future,Etihad Park
ETIHAD_PARK,36005023000,79.0,future,Etihad Park
ETIHAD_PARK,36005023200,78.0,future,Etihad Park
ETIHAD_PARK,36005023302,79.0,future,Etihad Park
ETIHAD_PARK,36005023502,78.0,future,Etihad Park
ETIHAD_PARK,36005023600,75.0,future,Etihad Park
ETIHAD_PARK,36005023900,73.0,future,Etihad Park
ETIHAD_PARK,36005024000,75.0,future,Etihad Park
ETIHAD_PARK,36005024300,78.0,future,Etihad Park
ETIHAD_PARK,36005024600,87.0,future,Etihad Park
ETIHAD_PARK,36005024700,93.0,future,Etihad Park
ETIHAD_PARK,36005024800,82.0,future,Etihad Park
ETIHAD_PARK,36005024900,84.0,future,Etihad Park
ETIHAD_PARK,36005025000,84.0,future,Etihad Park
ETIHAD_PARK,36005025300,77.0,future,Etihad Park
ETIHAD_PARK,36005025400,82.0,future,Etihad Park
ETIHAD_PARK,36005025500,84.0,future,Etihad Park
ETIHAD_PARK,36005025600,82.0,future,Etihad Park
ETIHAD_PARK,36005025700,86.0,future,Etihad Park
ETIHAD_PARK,36005026100,88.0,future,Etihad Park
ETIHAD_PARK,36005026400,77.0,future,Etihad Park
ETIHAD_PARK,36005026500,79.0,future,Etihad Park
ETIHAD_PARK,36005026601,74.0,future,Etihad Park
ETIHAD_PARK,36005026602,74.0,future,Etihad Park
ETIHAD_PARK,36005026900,87.0,future,Etihad Park
ETIHAD_PARK,36005027300,89.0,future,Etihad Park
ETIHAD_PARK,36005027600,87.0,future,Etihad Park
ETIHAD_PARK,36005027700,90.0,future,Etihad Park
ETIHAD_PARK,36021001600,,future,Etihad Park
ETIHAD_PARK,36021001700,,future,Etihad Park
ETIHAD_PARK,36021001900,,future,Etihad Park
ETIHAD_PARK,36005027900,92.0,future,Etihad Park
ETIHAD_PARK,36005028300,90.0,future,Etihad Park
ETIHAD_PARK,36005028400,89.0,future,Etihad Park
ETIHAD_PARK,36005028500,91.0,future,Etihad Park
ETIHAD_PARK,36005028900,89.0,future,Etihad Park
ETIHAD_PARK,36005029500,99.0,future,Etihad Park
ETIHAD_PARK,36005029600,85.0,future,Etihad Park
ETIHAD_PARK,36005030000,76.0,future,Etihad Park
ETIHAD_PARK,36005030100,107.0,future,Etihad Park
ETIHAD_PARK,36005030701,106.0,future,Etihad Park
ETIHAD_PARK,36005031000,90.0,future,Etihad Park
ETIHAD_PARK,36005031800,89.0,future,Etihad Park
ETIHAD_PARK,36005031900,,future,Etihad Park
ETIHAD_PARK,36005032300,110.0,future,Etihad Park
ETIHAD_PARK,36005032400,92.0,future,Etihad Park
ETIHAD_PARK,36005033400,93.0,future,Etihad Park
ETIHAD_PARK,36063024102,,future,Etihad Park
ETIHAD_PARK,36005034000,90.0,future,Etihad Park
ETIHAD_PARK,36005034200,91.0,future,Etihad Park
ETIHAD_PARK,36005034300,107.0,future,Etihad Park
ETIHAD_PARK,36005034400,94.0,future,Etihad Park
ETIHAD_PARK,36005037800,87.0,future,Etihad Park
ETIHAD_PARK,36005037900,82.0,future,Etihad Park
ETIHAD_PARK,36005038000,89.0,future,Etihad Park
ETIHAD_PARK,36005038100,82.0,future,Etihad Park
ETIHAD_PARK,36005038500,90.0,future,Etihad Park
ETIHAD_PARK,36005038600,94.0,future,Etihad Park
ETIHAD_PARK,36005038700,85.0,future,Etihad Park
ETIHAD_PARK,36005038900,86.0,future,Etihad Park
ETIHAD_PARK,36005039100,86.0,future,Etihad Park
ETIHAD_PARK,36005039200,88.0,future,Etihad Park
ETIHAD_PARK,36005039300,81.0,future,Etihad Park
ETIHAD_PARK,36005039400,90.0,future,Etihad Park
ETIHAD_PARK,36005039700,87.0,future,Etihad Park
ETIHAD_PARK,36005039902,81.0,future,Etihad Park
ETIHAD_PARK,36005040100,80.0,future,Etihad Park
ETIHAD_PARK,36005040600,90.0,future,Etihad Park
ETIHAD_PARK,36005040701,80.0,future,Etihad Park
ETIHAD_PARK,36005040702,89.0,future,Etihad Park
ETIHAD_PARK,36005034500,109.0,future,Etihad Park
ETIHAD_PARK,36005035000,91.0,future,Etihad Park
ETIHAD_PARK,36071012602,,future,Etihad Park
ETIHAD_PARK,36081018300,32.0,future,Etihad Park
ETIHAD_PARK,36081070900,45.0,future,Etihad Park
ETIHAD_PARK,36081006900,51.0,future,Etihad Park
ETIHAD_PARK,36081015900,37.0,future,Etihad Park
ETIHAD_PARK,36081011600,64.0,future,Etihad Park
ETIHAD_PARK,36081055100,64.0,future,Etihad Park
ETIHAD_PARK,36081048100,30.0,future,Etihad Park
ETIHAD_PARK,36081046100,33.0,future,Etihad Park
ETIHAD_PARK,36081058500,64.0,future,Etihad Park
ETIHAD_PARK,36081023600,44.0,future,Etihad Park
ETIHAD_PARK,36081074700,48.0,future,Etihad Park
ETIHAD_PARK,36081012100,52.0,future,Etihad Park
ETIHAD_PARK,36081014400,56.0,future,Etihad Park
ETIHAD_PARK,36081032700,36.0,future,Etihad Park
ETIHAD_PARK,36081053800,73.0,future,Etihad Park
ETIHAD_PARK,36081050600,68.0,future,Etihad Park
ETIHAD_PARK,36081061000,75.0,future,Etihad Park
ETIHAD_PARK,36081129102,69.0,future,Etihad Park
ETIHAD_PARK,36081027500,26.0,future,Etihad Park
ETIHAD_PARK,36081026100,28.0,future,Etihad Park
ETIHAD_PARK,36055008600,,future,Etihad Park
ETIHAD_PARK,36055008702,,future,Etihad Park
ETIHAD_PARK,36081002000,62.0,future,Etihad Park
ETIHAD_PARK,36081120100,37.0,future,Etihad Park
ETIHAD_PARK,36081107201,93.0,future,Etihad Park
ETIHAD_PARK,36081058700,63.0,future,Etihad Park
ETIHAD_PARK,36081010100,58.0,future,Etihad Park
ETIHAD_PARK,36081056200,71.0,future,Etihad Park
ETIHAD_PARK,36081024600,52.0,future,Etihad Park
ETIHAD_PARK,36081016400,71.0,future,Etihad Park
ETIHAD_PARK,36081020200,63.0,future,Etihad Park
ETIHAD_PARK,36081050202,75.0,future,Etihad Park
ETIHAD_PARK,36081059600,83.0,future,Etihad Park
ETIHAD_PARK,36081063000,80.0,future,Etihad Park
ETIHAD_PARK,36081022002,50.0,future,Etihad Park
ETIHAD_PARK,36081085500,27.0,future,Etihad Park
ETIHAD_PARK,36081011100,58.0,future,Etihad Park
ETIHAD_PARK,36081067900,48.0,future,Etihad Park
ETIHAD_PARK,36081012000,61.0,future,Etihad Park
ETIHAD_PARK,36081005700,43.0,future,Etihad Park
ETIHAD_PARK,36081033700,38.0,future,Etihad Park
ETIHAD_PARK,36119002107,,future,Etihad Park
ETIHAD_PARK,36119002201,,future,Etihad Park
ETIHAD_PARK,36119002202,,future,Etihad Park
ETIHAD_PARK,36119002204,,future,Etihad Park
ETIHAD_PARK,36055009200,,future,Etihad Park
ETIHAD_PARK,36055011707,,future,Etihad Park
ETIHAD_PARK,36055011800,,future,Etihad Park
ETIHAD_PARK,36055003600,,future,Etihad Park
ETIHAD_PARK,36055003700,,future,Etihad Park
ETIHAD_PARK,36055003900,,future,Etihad Park
ETIHAD_PARK,36055004000,,future,Etihad Park
ETIHAD_PARK,36055004100,,future,Etihad Park
ETIHAD_PARK,36055004602,,future,Etihad Park
ETIHAD_PARK,36055004701,,future,Etihad Park
ETIHAD_PARK,36055004900,,future,Etihad Park
ETIHAD_PARK,36055005000,,future,Etihad Park
ETIHAD_PARK,36055005100,,future,Etihad Park
ETIHAD_PARK,36055005200,,future,Etihad Park
ETIHAD_PARK,36055009301,,future,Etihad Park
ETIHAD_PARK,36055009302,,future,Etihad Park
ETIHAD_PARK,36055009601,,future,Etihad Park
ETIHAD_PARK,36055009602,,future,Etihad Park
ETIHAD_PARK,36029015504,,future,Etihad Park
ETIHAD_PARK,36029014603,,future,Etihad Park
ETIHAD_PARK,36059407402,,future,Etihad Park
ETIHAD_PARK,36055005500,,future,Etihad Park
ETIHAD_PARK,36055005600,,future,Etihad Park
ETIHAD_PARK,36055005700,,future,Etihad Park
ETIHAD_PARK,36055005800,,future,Etihad Park
ETIHAD_PARK,36055005900,,future,Etihad Park
ETIHAD_PARK,36055006000,,future,Etihad Park
ETIHAD_PARK,36055006200,,future,Etihad Park
ETIHAD_PARK,36055006300,,future,Etihad Park
ETIHAD_PARK,36055006400,,future,Etihad Park
ETIHAD_PARK,36055006500,,future,Etihad Park
ETIHAD_PARK,36119013104,,future,Etihad Park
ETIHAD_PARK,36119013202,,future,Etihad Park
ETIHAD_PARK,36119014704,,future,Etihad Park
ETIHAD_PARK,36119008602,,future,Etihad Park
ETIHAD_PARK,36055006600,,future,Etihad Park
ETIHAD_PARK,36055006700,,future,Etihad Park
ETIHAD_PARK,36055006800,,future,Etihad Park
ETIHAD_PARK,36055011503,,future,Etihad Park
ETIHAD_PARK,36055011504,,future,Etihad Park
ETIHAD_PARK,36055011505,,future,Etihad Park
ETIHAD_PARK,36119002300,,future,Etihad Park
ETIHAD_PARK,36119002403,,future,Etihad Park
ETIHAD_PARK,36119002401,,future,Etihad Park
ETIHAD_PARK,36119002402,,future,Etihad Park
ETIHAD_PARK,36119002404,,future,Etihad Park
ETIHAD_PARK,36119002405,,future,Etihad Park
ETIHAD_PARK,36055011601,,future,Etihad Park
ETIHAD_PARK,36055011708,,future,Etihad Park
ETIHAD_PARK,36071013800,,future,Etihad Park
ETIHAD_PARK,36071013600,,future,Etihad Park
ETIHAD_PARK,36071012200,,future,Etihad Park
ETIHAD_PARK,36071010200,,future,Etihad Park
ETIHAD_PARK,36071014700,,future,Etihad Park
ETIHAD_PARK,36119002600,106.0,future,Etihad Park
ETIHAD_PARK,36119003000,107.0,future,Etihad Park
ETIHAD_PARK,36055007000,,future,Etihad Park
ETIHAD_PARK,36055007600,,future,Etihad Park
ETIHAD_PARK,36055007700,,future,Etihad Park
ETIHAD_PARK,36055007802,,future,Etihad Park
ETIHAD_PARK,36055007900,,future,Etihad Park
ETIHAD_PARK,36055006900,,future,Etihad Park
ETIHAD_PARK,36055008000,,future,Etihad Park
ETIHAD_PARK,36055008100,,future,Etihad Park
ETIHAD_PARK,36055008200,,future,Etihad Park
ETIHAD_PARK,36029014208,,future,Etihad Park
ETIHAD_PARK,36055008301,,future,Etihad Park
ETIHAD_PARK,36055008400,,future,Etihad Park
ETIHAD_PARK,36055008500,,future,Etihad Park
ETIHAD_PARK,36055011901,,future,Etihad Park
ETIHAD_PARK,36055012000,,future,Etihad Park
ETIHAD_PARK,36055012202,,future,Etihad Park
ETIHAD_PARK,36055012301,,future,Etihad Park
ETIHAD_PARK,36029014207,,future,Etihad Park
ETIHAD_PARK,36081085700,29.0,future,Etihad Park
ETIHAD_PARK,36081062300,64.0,future,Etihad Park
ETIHAD_PARK,36081045900,37.0,future,Etihad Park
ETIHAD_PARK,36081111300,51.0,future,Etihad Park
ETIHAD_PARK,36081140300,57.0,future,Etihad Park
ETIHAD_PARK,36081005200,71.0,future,Etihad Park
ETIHAD_PARK,36081019800,58.0,future,Etihad Park
ETIHAD_PARK,36081071900,45.0,future,Etihad Park
ETIHAD_PARK,36081026400,62.0,future,Etihad Park
ETIHAD_PARK,36081014100,48.0,future,Etihad Park
ETIHAD_PARK,36081001400,62.0,future,Etihad Park
ETIHAD_PARK,36081052600,71.0,future,Etihad Park
ETIHAD_PARK,36081009700,54.0,future,Etihad Park
ETIHAD_PARK,36081115900,36.0,future,Etihad Park
ETIHAD_PARK,36029014206,,future,Etihad Park
ETIHAD_PARK,36071012601,,future,Etihad Park
ETIHAD_PARK,36071011602,,future,Etihad Park
ETIHAD_PARK,36055010100,,future,Etihad Park
ETIHAD_PARK,36055010200,,future,Etihad Park
ETIHAD_PARK,36071013202,,future,Etihad Park
ETIHAD_PARK,36055010300,,future,Etihad Park
ETIHAD_PARK,36055010400,,future,Etihad Park
ETIHAD_PARK,36055010500,,future,Etihad Park
ETIHAD_PARK,36055010601,,future,Etihad Park
ETIHAD_PARK,36055010602,,future,Etihad Park
ETIHAD_PARK,36055010700,,future,Etihad Park
ETIHAD_PARK,36055010800,,future,Etihad Park
ETIHAD_PARK,36055010901,,future,Etihad Park
ETIHAD_PARK,36119000803,,future,Etihad Park
ETIHAD_PARK,36119011101,,future,Etihad Park
ETIHAD_PARK,36119012700,,future,Etihad Park
ETIHAD_PARK,36119002900,107.0,future,Etihad Park
ETIHAD_PARK,36119003100,,future,Etihad Park
ETIHAD_PARK,36119008403,,future,Etihad Park
ETIHAD_PARK,36119014809,,future,Etihad Park
ETIHAD_PARK,36119011800,,future,Etihad Park
ETIHAD_PARK,36119014604,,future,Etihad Park
ETIHAD_PARK,36119006900,,future,Etihad Park
ETIHAD_PARK,36055011603,,future,Etihad Park
ETIHAD_PARK,36055011605,,future,Etihad Park
ETIHAD_PARK,36055011705,,future,Etihad Park
ETIHAD_PARK,36119005800,,future,Etihad Park
ETIHAD_PARK,36119014805,,future,Etihad Park
ETIHAD_PARK,36081026700,25.0,future,Etihad Park
ETIHAD_PARK,36081010400,64.0,future,Etihad Park
ETIHAD_PARK,36081012601,56.0,future,Etihad Park
ETIHAD_PARK,36081036100,37.0,future,Etihad Park
ETIHAD_PARK,36081040000,71.0,future,Etihad Park
ETIHAD_PARK,36081045200,58.0,future,Etihad Park
ETIHAD_PARK,36081048000,63.0,future,Etihad Park
ETIHAD_PARK,36081051200,76.0,future,Etihad Park
ETIHAD_PARK,36081053200,75.0,future,Etihad Park
ETIHAD_PARK,36081059000,77.0,future,Etihad Park
ETIHAD_PARK,36081060300,58.0,future,Etihad Park
ETIHAD_PARK,36081063200,75.0,future,Etihad Park
ETIHAD_PARK,36081066701,56.0,future,Etihad Park
ETIHAD_PARK,36081070300,53.0,future,Etihad Park
ETIHAD_PARK,36081076901,37.0,future,Etihad Park
ETIHAD_PARK,36081085300,22.0,future,Etihad Park
ETIHAD_PARK,36081097202,113.0,future,Etihad Park
ETIHAD_PARK,36119003200,,future,Etihad Park
ETIHAD_PARK,36119005001,,future,Etihad Park
ETIHAD_PARK,36081041300,25.0,future,Etihad Park
ETIHAD_PARK,36081065501,57.0,future,Etihad Park
ETIHAD_PARK,36081077904,49.0,future,Etihad Park
ETIHAD_PARK,36081114700,41.0,future,Etihad Park
ETIHAD_PARK,36081001600,66.0,future,Etihad Park
ETIHAD_PARK,36081014201,48.0,future,Etihad Park
ETIHAD_PARK,36081113300,42.0,future,Etihad Park
ETIHAD_PARK,36081115700,34.0,future,Etihad Park
ETIHAD_PARK,36081118500,34.0,future,Etihad Park
ETIHAD_PARK,36021000300,,future,Etihad Park
ETIHAD_PARK,36021001800,,future,Etihad Park
ETIHAD_PARK,36021000500,,future,Etihad Park
ETIHAD_PARK,36021002000,,future,Etihad Park
ETIHAD_PARK,36021001200,,future,Etihad Park
ETIHAD_PARK,36021001400,,future,Etihad Park
ETIHAD_PARK,36021001100,,future,Etihad Park
ETIHAD_PARK,36021000100,,future,Etihad Park
ETIHAD_PARK,36081118700,32.0,future,Etihad Park
ETIHAD_PARK,36081121100,45.0,future,Etihad Park
ETIHAD_PARK,36081137700,64.0,future,Etihad Park
ETIHAD_PARK,36081145900,42.0,future,Etihad Park
ETIHAD_PARK,36081157102,78.0,future,Etihad Park
ETIHAD_PARK,36027200001,,future,Etihad Park
ETIHAD_PARK,36055011100,,future,Etihad Park
ETIHAD_PARK,36055011201,,future,Etihad Park
ETIHAD_PARK,36055011203,,future,Etihad Park
ETIHAD_PARK,36055011205,,future,Etihad Park
ETIHAD_PARK,36055011302,,future,Etihad Park
ETIHAD_PARK,36081000400,68.0,future,Etihad Park
ETIHAD_PARK,36021000200,,future,Etihad Park
ETIHAD_PARK,36021000600,,future,Etihad Park
ETIHAD_PARK,36021000800,,future,Etihad Park
ETIHAD_PARK,36021000900,,future,Etihad Park
ETIHAD_PARK,36081000600,73.0,future,Etihad Park
ETIHAD_PARK,36081000800,70.0,future,Etihad Park
ETIHAD_PARK,36081001000,65.0,future,Etihad Park
ETIHAD_PARK,36081001200,64.0,future,Etihad Park
ETIHAD_PARK,36081001800,63.0,future,Etihad Park
ETIHAD_PARK,36081002200,61.0,future,Etihad Park
ETIHAD_PARK,36081002400,58.0,future,Etihad Park
ETIHAD_PARK,36081002500,38.0,future,Etihad Park
ETIHAD_PARK,36081002600,55.0,future,Etihad Park
ETIHAD_PARK,36081002800,63.0,future,Etihad Park
ETIHAD_PARK,36081003000,62.0,future,Etihad Park
ETIHAD_PARK,36081003100,41.0,future,Etihad Park
ETIHAD_PARK,36081003200,68.0,future,Etihad Park
ETIHAD_PARK,36021001300,,future,Etihad Park
ETIHAD_PARK,36021001500,,future,Etihad Park
ETIHAD_PARK,36081056400,69.0,future,Etihad Park
ETIHAD_PARK,36081052000,73.0,future,Etihad Park
ETIHAD_PARK,36081027600,60.0,future,Etihad Park
ETIHAD_PARK,36081046000,52.0,future,Etihad Park
ETIHAD_PARK,36081010800,58.0,future,Etihad Park
ETIHAD_PARK,36081092500,38.0,future,Etihad Park
ETIHAD_PARK,36081066900,52.0,future,Etihad Park
ETIHAD_PARK,36081023200,53.0,future,Etihad Park
ETIHAD_PARK,36081085900,34.0,future,Etihad Park
ETIHAD_PARK,36081005100,44.0,future,Etihad Park
ETIHAD_PARK,36081124700,58.0,future,Etihad Park
ETIHAD_PARK,36081015300,35.0,future,Etihad Park
ETIHAD_PARK,36081015100,40.0,future,Etihad Park
ETIHAD_PARK,36081011400,67.0,future,Etihad Park
ETIHAD_PARK,36081042600,73.0,future,Etihad Park
ETIHAD_PARK,36081038400,77.0,future,Etihad Park
ETIHAD_PARK,36081061601,86.0,future,Etihad Park
ETIHAD_PARK,36081005500,39.0,future,Etihad Park
ETIHAD_PARK,36081028300,26.0,future,Etihad Park
ETIHAD_PARK,36081054900,68.0,future,Etihad Park
ETIHAD_PARK,36081024700,32.0,future,Etihad Park
ETIHAD_PARK,36081016100,34.0,future,Etihad Park
ETIHAD_PARK,36081017800,67.0,future,Etihad Park
ETIHAD_PARK,36081004002,68.0,future,Etihad Park
ETIHAD_PARK,36081052500,56.0,future,Etihad Park
ETIHAD_PARK,36081045700,37.0,future,Etihad Park
ETIHAD_PARK,36081062500,67.0,future,Etihad Park
ETIHAD_PARK,36081012800,51.0,future,Etihad Park
ETIHAD_PARK,36081000200,67.0,future,Etihad Park
ETIHAD_PARK,36081005900,42.0,future,Etihad Park
ETIHAD_PARK,36081014300,50.0,future,Etihad Park
ETIHAD_PARK,36081056000,67.0,future,Etihad Park
ETIHAD_PARK,36081058300,65.0,future,Etihad Park
ETIHAD_PARK,36081072100,47.0,future,Etihad Park
ETIHAD_PARK,36081007300,53.0,future,Etihad Park
ETIHAD_PARK,36081004401,71.0,future,Etihad Park
ETIHAD_PARK,36081033401,70.0,future,Etihad Park
ETIHAD_PARK,36081061200,77.0,future,Etihad Park
ETIHAD_PARK,36081028500,30.0,future,Etihad Park
ETIHAD_PARK,36081133900,58.0,future,Etihad Park
ETIHAD_PARK,36081023800,43.0,future,Etihad Park
ETIHAD_PARK,36081074100,43.0,future,Etihad Park
ETIHAD_PARK,36081118900,35.0,future,Etihad Park
ETIHAD_PARK,36081013000,49.0,future,Etihad Park
ETIHAD_PARK,36081099701,71.0,future,Etihad Park
ETIHAD_PARK,36081011900,49.0,future,Etihad Park
ETIHAD_PARK,36081035100,38.0,future,Etihad Park
ETIHAD_PARK,36081050400,67.0,future,Etihad Park
ETIHAD_PARK,36081043200,63.0,future,Etihad Park
ETIHAD_PARK,36081055600,67.0,future,Etihad Park
ETIHAD_PARK,36081025900,33.0,future,Etihad Park
ETIHAD_PARK,36081091900,38.0,future,Etihad Park
ETIHAD_PARK,36081036300,33.0,future,Etihad Park
ETIHAD_PARK,36081037700,30.0,future,Etihad Park
ETIHAD_PARK,36081068300,37.0,future,Etihad Park
ETIHAD_PARK,36119005200,,future,Etihad Park
ETIHAD_PARK,36119010701,,future,Etihad Park
ETIHAD_PARK,36119002101,,future,Etihad Park
ETIHAD_PARK,36119014606,,future,Etihad Park
ETIHAD_PARK,36119013201,,future,Etihad Park
ETIHAD_PARK,36119002800,106.0,future,Etihad Park
ETIHAD_PARK,36119012101,,future,Etihad Park
ETIHAD_PARK,36119001101,,future,Etihad Park
ETIHAD_PARK,36119012502,,future,Etihad Park
ETIHAD_PARK,36119011902,,future,Etihad Park
ETIHAD_PARK,36119006802,,future,Etihad Park
ETIHAD_PARK,36119007000,,future,Etihad Park
ETIHAD_PARK,36119013102,,future,Etihad Park
ETIHAD_PARK,36119013700,,future,Etihad Park
ETIHAD_PARK,36119011700,,future,Etihad Park
ETIHAD_PARK,36119014808,,future,Etihad Park
ETIHAD_PARK,36119012600,,future,Etihad Park
ETIHAD_PARK,36119002700,115.0,future,Etihad Park
ETIHAD_PARK,36119014703,,future,Etihad Park
ETIHAD_PARK,36119013000,,future,Etihad Park
ETIHAD_PARK,36119008302,,future,Etihad Park
ETIHAD_PARK,36119002203,,future,Etihad Park
ETIHAD_PARK,36119005600,,future,Etihad Park
ETIHAD_PARK,36061025700,66.0,future,Etihad Park
ETIHAD_PARK,36061024200,62.0,future,Etihad Park
ETIHAD_PARK,36061008603,52.0,future,Etihad Park
ETIHAD_PARK,36119003300,,future,Etihad Park
ETIHAD_PARK,36119003400,,future,Etihad Park
ETIHAD_PARK,36089491900,,future,Etihad Park
ETIHAD_PARK,36089490700,,future,Etihad Park
ETIHAD_PARK,36089490100,,future,Etihad Park
ETIHAD_PARK,36089491700,,future,Etihad Park
ETIHAD_PARK,36089491300,,future,Etihad Park
ETIHAD_PARK,36089491000,,future,Etihad Park
ETIHAD_PARK,36043010702,,future,Etihad Park
ETIHAD_PARK,36071000502,,future,Etihad Park
ETIHAD_PARK,36071010802,,future,Etihad Park
ETIHAD_PARK,36023970300,,future,Etihad Park
ETIHAD_PARK,36047000502,69.0,future,Etihad Park
ETIHAD_PARK,36119003500,109.0,future,Etihad Park
ETIHAD_PARK,36119003600,118.0,future,Etihad Park
ETIHAD_PARK,36119003700,,future,Etihad Park
ETIHAD_PARK,36119003800,,future,Etihad Park
ETIHAD_PARK,36119003900,,future,Etihad Park
ETIHAD_PARK,36119004100,,future,Etihad Park
ETIHAD_PARK,36047035602,106.0,future,Etihad Park
ETIHAD_PARK,36047037401,109.0,future,Etihad Park
ETIHAD_PARK,36047037402,105.0,future,Etihad Park
ETIHAD_PARK,36047050803,84.0,future,Etihad Park
ETIHAD_PARK,36047050804,86.0,future,Etihad Park
ETIHAD_PARK,36047051002,89.0,future,Etihad Park
ETIHAD_PARK,36119012303,,future,Etihad Park
ETIHAD_PARK,36119004200,,future,Etihad Park
ETIHAD_PARK,36119004500,,future,Etihad Park
ETIHAD_PARK,36119004600,,future,Etihad Park
ETIHAD_PARK,36119004700,,future,Etihad Park
ETIHAD_PARK,36119013304,,future,Etihad Park
ETIHAD_PARK,36119014100,,future,Etihad Park
ETIHAD_PARK,36119014605,,future,Etihad Park
ETIHAD_PARK,36119012400,,future,Etihad Park
ETIHAD_PARK,36119000101,,future,Etihad Park
ETIHAD_PARK,36119000103,,future,Etihad Park
ETIHAD_PARK,36119000104,,future,Etihad Park
ETIHAD_PARK,36119000202,,future,Etihad Park
ETIHAD_PARK,36119000203,,future,Etihad Park
ETIHAD_PARK,36119000300,,future,Etihad Park
ETIHAD_PARK,36119000401,,future,Etihad Park
ETIHAD_PARK,36083052002,,future,Etihad Park
ETIHAD_PARK,36083051901,,future,Etihad Park
ETIHAD_PARK,36083052601,,future,Etihad Park
ETIHAD_PARK,36083040300,,future,Etihad Park
ETIHAD_PARK,36083051701,,future,Etihad Park
ETIHAD_PARK,36083040200,,future,Etihad Park
ETIHAD_PARK,36083051500,,future,Etihad Park
ETIHAD_PARK,36083040100,,future,Etihad Park
ETIHAD_PARK,36083052501,,future,Etihad Park
ETIHAD_PARK,36083052502,,future,Etihad Park
ETIHAD_PARK,36083052301,,future,Etihad Park
ETIHAD_PARK,36083052004,,future,Etihad Park
ETIHAD_PARK,36047065200,107.0,future,Etihad Park
ETIHAD_PARK,36047068800,117.0,future,Etihad Park
ETIHAD_PARK,36047069200,110.0,future,Etihad Park
ETIHAD_PARK,36047069800,118.0,future,Etihad Park
ETIHAD_PARK,36047065800,117.0,future,Etihad Park
ETIHAD_PARK,36047066000,113.0,future,Etihad Park
ETIHAD_PARK,36047066200,112.0,future,Etihad Park
ETIHAD_PARK,36047066600,,future,Etihad Park
ETIHAD_PARK,36047067200,105.0,future,Etihad Park
ETIHAD_PARK,36047067400,109.0,future,Etihad Park
ETIHAD_PARK,36047067600,103.0,future,Etihad Park
ETIHAD_PARK,36047068000,108.0,future,Etihad Park
ETIHAD_PARK,36047068200,110.0,future,Etihad Park
ETIHAD_PARK,36047070000,,future,Etihad Park
ETIHAD_PARK,36047070201,,future,Etihad Park
ETIHAD_PARK,36047070202,,future,Etihad Park
ETIHAD_PARK,36047070203,,future,Etihad Park
ETIHAD_PARK,36047072000,102.0,future,Etihad Park
ETIHAD_PARK,36047072200,104.0,future,Etihad Park
ETIHAD_PARK,36047072400,101.0,future,Etihad Park
ETIHAD_PARK,36047072600,105.0,future,Etihad Park
ETIHAD_PARK,36047073200,109.0,future,Etihad Park
ETIHAD_PARK,36029015202,,future,Etihad Park
ETIHAD_PARK,36029015501,,future,Etihad Park
ETIHAD_PARK,36029008500,,future,Etihad Park
ETIHAD_PARK,36029011400,,future,Etihad Park
ETIHAD_PARK,36047022000,86.0,future,Etihad Park
ETIHAD_PARK,36047022400,89.0,future,Etihad Park
ETIHAD_PARK,36047022600,89.0,future,Etihad Park
ETIHAD_PARK,36047022700,72.0,future,Etihad Park
ETIHAD_PARK,36047022800,86.0,future,Etihad Park
ETIHAD_PARK,36047023000,90.0,future,Etihad Park
ETIHAD_PARK,36047023100,65.0,future,Etihad Park
ETIHAD_PARK,36047023300,62.0,future,Etihad Park
ETIHAD_PARK,36047023400,96.0,future,Etihad Park
ETIHAD_PARK,36047023500,67.0,future,Etihad Park
ETIHAD_PARK,36047023600,96.0,future,Etihad Park
ETIHAD_PARK,36047022100,77.0,future,Etihad Park
ETIHAD_PARK,36047024000,93.0,future,Etihad Park
ETIHAD_PARK,36047024200,95.0,future,Etihad Park
ETIHAD_PARK,36047024400,95.0,future,Etihad Park
ETIHAD_PARK,36047024500,73.0,future,Etihad Park
ETIHAD_PARK,36047024600,94.0,future,Etihad Park
ETIHAD_PARK,36047024800,96.0,future,Etihad Park
ETIHAD_PARK,36047024900,74.0,future,Etihad Park
ETIHAD_PARK,36047025000,93.0,future,Etihad Park
ETIHAD_PARK,36047025100,66.0,future,Etihad Park
ETIHAD_PARK,36047025200,97.0,future,Etihad Park
ETIHAD_PARK,36047025300,60.0,future,Etihad Park
ETIHAD_PARK,36047025600,98.0,future,Etihad Park
ETIHAD_PARK,36047025700,62.0,future,Etihad Park
ETIHAD_PARK,36047025901,59.0,future,Etihad Park
ETIHAD_PARK,36047026000,97.0,future,Etihad Park
ETIHAD_PARK,36083041400,,future,Etihad Park
ETIHAD_PARK,36083051702,,future,Etihad Park
ETIHAD_PARK,36083051800,,future,Etihad Park
ETIHAD_PARK,36047035000,110.0,future,Etihad Park
ETIHAD_PARK,36047035200,114.0,future,Etihad Park
ETIHAD_PARK,36047035400,108.0,future,Etihad Park
ETIHAD_PARK,36047035500,85.0,future,Etihad Park
ETIHAD_PARK,36047035900,89.0,future,Etihad Park
ETIHAD_PARK,36047073400,105.0,future,Etihad Park
ETIHAD_PARK,36047075600,106.0,future,Etihad Park
ETIHAD_PARK,36047073600,103.0,future,Etihad Park
ETIHAD_PARK,36047074000,99.0,future,Etihad Park
ETIHAD_PARK,36047074400,99.0,future,Etihad Park
ETIHAD_PARK,36047074600,105.0,future,Etihad Park
ETIHAD_PARK,36047074800,98.0,future,Etihad Park
ETIHAD_PARK,36047075800,102.0,future,Etihad Park
ETIHAD_PARK,36047076000,97.0,future,Etihad Park
ETIHAD_PARK,36047076200,93.0,future,Etihad Park
ETIHAD_PARK,36047076600,97.0,future,Etihad Park
ETIHAD_PARK,36047077000,102.0,future,Etihad Park
ETIHAD_PARK,36047095800,95.0,future,Etihad Park
ETIHAD_PARK,36047096000,98.0,future,Etihad Park
ETIHAD_PARK,36047096200,92.0,future,Etihad Park
ETIHAD_PARK,36047096400,90.0,future,Etihad Park
ETIHAD_PARK,36047096800,84.0,future,Etihad Park
ETIHAD_PARK,36047097000,86.0,future,Etihad Park
ETIHAD_PARK,36047097400,81.0,future,Etihad Park
ETIHAD_PARK,36047098400,88.0,future,Etihad Park
ETIHAD_PARK,36047098600,86.0,future,Etihad Park
ETIHAD_PARK,36047099000,90.0,future,Etihad Park
ETIHAD_PARK,36047099400,98.0,future,Etihad Park
ETIHAD_PARK,36047099800,103.0,future,Etihad Park
ETIHAD_PARK,36047100400,103.0,future,Etihad Park
ETIHAD_PARK,36047100800,98.0,future,Etihad Park
ETIHAD_PARK,36047101000,93.0,future,Etihad Park
ETIHAD_PARK,36047101200,92.0,future,Etihad Park
ETIHAD_PARK,36047101400,94.0,future,Etihad Park
ETIHAD_PARK,36047101600,96.0,future,Etihad Park
ETIHAD_PARK,36085027706,109.0,future,Etihad Park
ETIHAD_PARK,36085018100,,future,Etihad Park
ETIHAD_PARK,36047026200,92.0,future,Etihad Park
ETIHAD_PARK,36047026300,67.0,future,Etihad Park
ETIHAD_PARK,36047026400,99.0,future,Etihad Park
ETIHAD_PARK,36047026600,104.0,future,Etihad Park
ETIHAD_PARK,36047026700,71.0,future,Etihad Park
ETIHAD_PARK,36047027000,100.0,future,Etihad Park
ETIHAD_PARK,36047027200,104.0,future,Etihad Park
ETIHAD_PARK,36047027400,101.0,future,Etihad Park
ETIHAD_PARK,36047027500,78.0,future,Etihad Park
ETIHAD_PARK,36047027600,97.0,future,Etihad Park
ETIHAD_PARK,36047027700,75.0,future,Etihad Park
ETIHAD_PARK,36047027800,95.0,future,Etihad Park
ETIHAD_PARK,36047028100,71.0,future,Etihad Park
ETIHAD_PARK,36047028400,98.0,future,Etihad Park
ETIHAD_PARK,36047028502,66.0,future,Etihad Park
ETIHAD_PARK,36047028600,108.0,future,Etihad Park
ETIHAD_PARK,36047028700,67.0,future,Etihad Park
ETIHAD_PARK,36047028800,97.0,future,Etihad Park
ETIHAD_PARK,36047029000,99.0,future,Etihad Park
ETIHAD_PARK,36047029100,74.0,future,Etihad Park
ETIHAD_PARK,36047029200,105.0,future,Etihad Park
ETIHAD_PARK,36047029300,77.0,future,Etihad Park
ETIHAD_PARK,36047029700,79.0,future,Etihad Park
ETIHAD_PARK,36047029800,105.0,future,Etihad Park
ETIHAD_PARK,36047029900,83.0,future,Etihad Park
ETIHAD_PARK,36047030000,102.0,future,Etihad Park
ETIHAD_PARK,36047037000,110.0,future,Etihad Park
ETIHAD_PARK,36047037100,79.0,future,Etihad Park
ETIHAD_PARK,36047037300,76.0,future,Etihad Park
ETIHAD_PARK,36047036001,106.0,future,Etihad Park
ETIHAD_PARK,36047037500,74.0,future,Etihad Park
ETIHAD_PARK,36047037700,79.0,future,Etihad Park
ETIHAD_PARK,36047037900,82.0,future,Etihad Park
ETIHAD_PARK,36047036200,104.0,future,Etihad Park
ETIHAD_PARK,36047036400,106.0,future,Etihad Park
ETIHAD_PARK,36047036501,77.0,future,Etihad Park
ETIHAD_PARK,36047036502,70.0,future,Etihad Park
ETIHAD_PARK,36047036600,110.0,future,Etihad Park
ETIHAD_PARK,36047036900,75.0,future,Etihad Park
ETIHAD_PARK,36047038200,109.0,future,Etihad Park
ETIHAD_PARK,36047038600,101.0,future,Etihad Park
ETIHAD_PARK,36047038700,72.0,future,Etihad Park
ETIHAD_PARK,36047038800,105.0,future,Etihad Park
ETIHAD_PARK,36047038900,65.0,future,Etihad Park
ETIHAD_PARK,36047039000,110.0,future,Etihad Park
ETIHAD_PARK,36047039100,68.0,future,Etihad Park
ETIHAD_PARK,36047039300,71.0,future,Etihad Park
ETIHAD_PARK,36047077200,101.0,future,Etihad Park
ETIHAD_PARK,36047077400,96.0,future,Etihad Park
ETIHAD_PARK,36047077600,105.0,future,Etihad Park
ETIHAD_PARK,36047078200,104.0,future,Etihad Park
ETIHAD_PARK,36047058400,101.0,future,Etihad Park
ETIHAD_PARK,36047007700,73.0,future,Etihad Park
ETIHAD_PARK,36047046201,90.0,future,Etihad Park
ETIHAD_PARK,36047036700,70.0,future,Etihad Park
ETIHAD_PARK,36047003000,87.0,future,Etihad Park
ETIHAD_PARK,36047030400,111.0,future,Etihad Park
ETIHAD_PARK,36047030600,107.0,future,Etihad Park
ETIHAD_PARK,36047030700,87.0,future,Etihad Park
ETIHAD_PARK,36047030100,82.0,future,Etihad Park
ETIHAD_PARK,36047030800,110.0,future,Etihad Park
ETIHAD_PARK,36047031100,81.0,future,Etihad Park
ETIHAD_PARK,36047031500,72.0,future,Etihad Park
ETIHAD_PARK,36047031701,76.0,future,Etihad Park
ETIHAD_PARK,36047030200,106.0,future,Etihad Park
ETIHAD_PARK,36047031900,81.0,future,Etihad Park
ETIHAD_PARK,36047032300,84.0,future,Etihad Park
ETIHAD_PARK,36047032700,82.0,future,Etihad Park
ETIHAD_PARK,36047032800,,future,Etihad Park
ETIHAD_PARK,36047033000,,future,Etihad Park
ETIHAD_PARK,36047033100,87.0,future,Etihad Park
ETIHAD_PARK,36047033500,81.0,future,Etihad Park
ETIHAD_PARK,36047033600,,future,Etihad Park
ETIHAD_PARK,36047033900,81.0,future,Etihad Park
ETIHAD_PARK,36047034100,78.0,future,Etihad Park
ETIHAD_PARK,36047034200,,future,Etihad Park
ETIHAD_PARK,36047034300,85.0,future,Etihad Park
ETIHAD_PARK,36047034500,84.0,future,Etihad Park
ETIHAD_PARK,36083040400,,future,Etihad Park
ETIHAD_PARK,36083040500,,future,Etihad Park
ETIHAD_PARK,36083040600,,future,Etihad Park
ETIHAD_PARK,36083040800,,future,Etihad Park
ETIHAD_PARK,36047040300,73.0,future,Etihad Park
ETIHAD_PARK,36047040500,71.0,future,Etihad Park
ETIHAD_PARK,36047041100,78.0,future,Etihad Park
ETIHAD_PARK,36047041200,93.0,future,Etihad Park
ETIHAD_PARK,36047039500,75.0,future,Etihad Park
ETIHAD_PARK,36047041300,80.0,future,Etihad Park
ETIHAD_PARK,36047039600,100.0,future,Etihad Park
ETIHAD_PARK,36047039700,74.0,future,Etihad Park
ETIHAD_PARK,36047039800,99.0,future,Etihad Park
ETIHAD_PARK,36047039900,78.0,future,Etihad Park
ETIHAD_PARK,36047040000,100.0,future,Etihad Park
ETIHAD_PARK,36047040200,104.0,future,Etihad Park
ETIHAD_PARK,36047041401,93.0,future,Etihad Park
ETIHAD_PARK,36047041500,79.0,future,Etihad Park
ETIHAD_PARK,36047041600,104.0,future,Etihad Park
ETIHAD_PARK,36047041800,102.0,future,Etihad Park
ETIHAD_PARK,36047041900,75.0,future,Etihad Park
ETIHAD_PARK,36047042100,72.0,future,Etihad Park
ETIHAD_PARK,36047042300,70.0,future,Etihad Park
ETIHAD_PARK,36047042500,72.0,future,Etihad Park
ETIHAD_PARK,36047042600,95.0,future,Etihad Park
ETIHAD_PARK,36047042700,70.0,future,Etihad Park
ETIHAD_PARK,36047042800,97.0,future,Etihad Park
ETIHAD_PARK,36047042900,74.0,future,Etihad Park
ETIHAD_PARK,36047043000,99.0,future,Etihad Park
ETIHAD_PARK,36047043100,70.0,future,Etihad Park
ETIHAD_PARK,36029009104,,future,Etihad Park
ETIHAD_PARK,36039080202,,future,Etihad Park
ETIHAD_PARK,36039080502,,future,Etihad Park
ETIHAD_PARK,36039080402,,future,Etihad Park
ETIHAD_PARK,36039081102,,future,Etihad Park
ETIHAD_PARK,36039081101,,future,Etihad Park
ETIHAD_PARK,36039080201,,future,Etihad Park
ETIHAD_PARK,36039080501,,future,Etihad Park
ETIHAD_PARK,36047039200,107.0,future,Etihad Park
ETIHAD_PARK,36047041402,97.0,future,Etihad Park
ETIHAD_PARK,36047021200,94.0,future,Etihad Park
ETIHAD_PARK,36047019400,96.0,future,Etihad Park
ETIHAD_PARK,36047117602,70.0,future,Etihad Park
ETIHAD_PARK,36047041700,75.0,future,Etihad Park
ETIHAD_PARK,36047089800,88.0,future,Etihad Park
ETIHAD_PARK,36047072800,103.0,future,Etihad Park
ETIHAD_PARK,36047036002,101.0,future,Etihad Park
ETIHAD_PARK,36047098800,90.0,future,Etihad Park
ETIHAD_PARK,36047059600,112.0,future,Etihad Park
ETIHAD_PARK,36047058200,100.0,future,Etihad Park
ETIHAD_PARK,36047068600,118.0,future,Etihad Park
ETIHAD_PARK,36047025400,96.0,future,Etihad Park
ETIHAD_PARK,36047032100,82.0,future,Etihad Park
ETIHAD_PARK,36047081600,96.0,future,Etihad Park
ETIHAD_PARK,36047019500,65.0,future,Etihad Park
ETIHAD_PARK,36047044800,94.0,future,Etihad Park
ETIHAD_PARK,36047007400,85.0,future,Etihad Park
ETIHAD_PARK,36047004600,101.0,future,Etihad Park
ETIHAD_PARK,36083040900,,future,Etihad Park
ETIHAD_PARK,36083041000,,future,Etihad Park
ETIHAD_PARK,36083041200,,future,Etihad Park
ETIHAD_PARK,36083041300,,future,Etihad Park
ETIHAD_PARK,36047043200,96.0,future,Etihad Park
ETIHAD_PARK,36047043300,72.0,future,Etihad Park
ETIHAD_PARK,36047043400,95.0,future,Etihad Park
ETIHAD_PARK,36047043500,76.0,future,Etihad Park
ETIHAD_PARK,36047043900,70.0,future,Etihad Park
ETIHAD_PARK,36047044000,94.0,future,Etihad Park
ETIHAD_PARK,36047044100,72.0,future,Etihad Park
ETIHAD_PARK,36047044200,103.0,future,Etihad Park
ETIHAD_PARK,36047044300,70.0,future,Etihad Park
ETIHAD_PARK,36047044400,96.0,future,Etihad Park
ETIHAD_PARK,36047044500,70.0,future,Etihad Park
ETIHAD_PARK,36047044600,91.0,future,Etihad Park
ETIHAD_PARK,36047045000,88.0,future,Etihad Park
ETIHAD_PARK,36047045200,99.0,future,Etihad Park
ETIHAD_PARK,36047045300,69.0,future,Etihad Park
ETIHAD_PARK,36047045400,100.0,future,Etihad Park
ETIHAD_PARK,36047079400,94.0,future,Etihad Park
ETIHAD_PARK,36047080400,88.0,future,Etihad Park
ETIHAD_PARK,36047080600,89.0,future,Etihad Park
ETIHAD_PARK,36047048200,96.0,future,Etihad Park
ETIHAD_PARK,36047007800,91.0,future,Etihad Park
ETIHAD_PARK,36047028501,63.0,future,Etihad Park
ETIHAD_PARK,36047026100,63.0,future,Etihad Park
ETIHAD_PARK,36047067800,105.0,future,Etihad Park
ETIHAD_PARK,36047075400,97.0,future,Etihad Park
ETIHAD_PARK,36047018100,65.0,future,Etihad Park
ETIHAD_PARK,36047080200,88.0,future,Etihad Park
ETIHAD_PARK,36047083800,103.0,future,Etihad Park
ETIHAD_PARK,36047055100,73.0,future,Etihad Park
ETIHAD_PARK,36047019300,68.0,future,Etihad Park
ETIHAD_PARK,36047086800,93.0,future,Etihad Park
ETIHAD_PARK,36047099600,99.0,future,Etihad Park
ETIHAD_PARK,36047042000,100.0,future,Etihad Park
ETIHAD_PARK,36047020200,111.0,future,Etihad Park
ETIHAD_PARK,36047065400,112.0,future,Etihad Park
ETIHAD_PARK,36047040400,104.0,future,Etihad Park
ETIHAD_PARK,36047004100,67.0,future,Etihad Park
ETIHAD_PARK,36047032900,84.0,future,Etihad Park
ETIHAD_PARK,36047013900,75.0,future,Etihad Park
ETIHAD_PARK,36047002300,68.0,future,Etihad Park
ETIHAD_PARK,36047016000,104.0,future,Etihad Park
ETIHAD_PARK,36047036300,85.0,future,Etihad Park
ETIHAD_PARK,36047092800,91.0,future,Etihad Park
ETIHAD_PARK,36047012801,100.0,future,Etihad Park
ETIHAD_PARK,36047046800,93.0,future,Etihad Park
ETIHAD_PARK,36047047000,97.0,future,Etihad Park
ETIHAD_PARK,36047045800,94.0,future,Etihad Park
ETIHAD_PARK,36047046202,89.0,future,Etihad Park
ETIHAD_PARK,36047046400,88.0,future,Etihad Park
ETIHAD_PARK,36047047400,93.0,future,Etihad Park
ETIHAD_PARK,36047047600,89.0,future,Etihad Park
ETIHAD_PARK,36047047700,59.0,future,Etihad Park
ETIHAD_PARK,36047047800,85.0,future,Etihad Park
ETIHAD_PARK,36047048000,86.0,future,Etihad Park
ETIHAD_PARK,36047048100,63.0,future,Etihad Park
ETIHAD_PARK,36047081400,99.0,future,Etihad Park
ETIHAD_PARK,36047082000,89.0,future,Etihad Park
ETIHAD_PARK,36047082200,92.0,future,Etihad Park
ETIHAD_PARK,36047082600,89.0,future,Etihad Park
ETIHAD_PARK,36047082800,94.0,future,Etihad Park
ETIHAD_PARK,36047083000,96.0,future,Etihad Park
ETIHAD_PARK,36047083200,102.0,future,Etihad Park
ETIHAD_PARK,36047083400,106.0,future,Etihad Park
ETIHAD_PARK,36107020600,,future,Etihad Park
ETIHAD_PARK,36047057400,111.0,future,Etihad Park
ETIHAD_PARK,36047102400,98.0,future,Etihad Park
ETIHAD_PARK,36047048400,89.0,future,Etihad Park
ETIHAD_PARK,36047024100,65.0,future,Etihad Park
ETIHAD_PARK,36047026500,69.0,future,Etihad Park
ETIHAD_PARK,36047029500,80.0,future,Etihad Park
ETIHAD_PARK,36047015100,74.0,future,Etihad Park
ETIHAD_PARK,36047021700,77.0,future,Etihad Park
ETIHAD_PARK,36047055800,103.0,future,Etihad Park
ETIHAD_PARK,36047007600,90.0,future,Etihad Park
ETIHAD_PARK,36047012200,92.0,future,Etihad Park
ETIHAD_PARK,36047010200,93.0,future,Etihad Park
ETIHAD_PARK,36047040900,78.0,future,Etihad Park
ETIHAD_PARK,36047116800,72.0,future,Etihad Park
ETIHAD_PARK,36047096600,89.0,future,Etihad Park
ETIHAD_PARK,36047005202,101.0,future,Etihad Park
ETIHAD_PARK,36047042200,95.0,future,Etihad Park
ETIHAD_PARK,36047073800,101.0,future,Etihad Park
ETIHAD_PARK,36047054600,103.0,future,Etihad Park
ETIHAD_PARK,36047017600,107.0,future,Etihad Park
ETIHAD_PARK,36047028200,110.0,future,Etihad Park
ETIHAD_PARK,36047031300,75.0,future,Etihad Park
ETIHAD_PARK,36047081000,92.0,future,Etihad Park
ETIHAD_PARK,36047085800,100.0,future,Etihad Park
ETIHAD_PARK,36047013500,81.0,future,Etihad Park
ETIHAD_PARK,36047032500,80.0,future,Etihad Park
ETIHAD_PARK,36091060902,,future,Etihad Park
ETIHAD_PARK,36047049400,85.0,future,Etihad Park
ETIHAD_PARK,36047048800,86.0,future,Etihad Park
ETIHAD_PARK,36047049000,91.0,future,Etihad Park
ETIHAD_PARK,36047049200,94.0,future,Etihad Park
ETIHAD_PARK,36047049600,81.0,future,Etihad Park
ETIHAD_PARK,36047049700,61.0,future,Etihad Park
ETIHAD_PARK,36047049800,83.0,future,Etihad Park
ETIHAD_PARK,36047049900,57.0,future,Etihad Park
ETIHAD_PARK,36047050100,59.0,future,Etihad Park
ETIHAD_PARK,36047051300,54.0,future,Etihad Park
ETIHAD_PARK,36047040700,79.0,future,Etihad Park
ETIHAD_PARK,36047014300,83.0,future,Etihad Park
ETIHAD_PARK,36047018400,104.0,future,Etihad Park
ETIHAD_PARK,36047029600,97.0,future,Etihad Park
ETIHAD_PARK,36047028300,67.0,future,Etihad Park
ETIHAD_PARK,36047076400,94.0,future,Etihad Park
ETIHAD_PARK,36047015500,80.0,future,Etihad Park
ETIHAD_PARK,36047021300,78.0,future,Etihad Park
ETIHAD_PARK,36047038100,82.0,future,Etihad Park
ETIHAD_PARK,36063022803,,future,Etihad Park
ETIHAD_PARK,36047114202,79.0,future,Etihad Park
ETIHAD_PARK,36047005601,106.0,future,Etihad Park
ETIHAD_PARK,36047003600,93.0,future,Etihad Park
ETIHAD_PARK,36047008000,87.0,future,Etihad Park
ETIHAD_PARK,36047093800,98.0,future,Etihad Park
ETIHAD_PARK,36047064800,107.0,future,Etihad Park
ETIHAD_PARK,36047025902,65.0,future,Etihad Park
ETIHAD_PARK,36047034000,,future,Etihad Park
ETIHAD_PARK,36047086600,94.0,future,Etihad Park
ETIHAD_PARK,36047110600,93.0,future,Etihad Park
ETIHAD_PARK,36047117601,73.0,future,Etihad Park
ETIHAD_PARK,36047059402,114.0,future,Etihad Park
ETIHAD_PARK,36047043600,95.0,future,Etihad Park
ETIHAD_PARK,36047057200,113.0,future,Etihad Park
ETIHAD_PARK,36063023100,,future,Etihad Park
ETIHAD_PARK,36031961002,,future,Etihad Park
ETIHAD_PARK,36065023901,,future,Etihad Park
ETIHAD_PARK,36065023902,,future,Etihad Park
ETIHAD_PARK,36065024200,,future,Etihad Park
ETIHAD_PARK,36047050202,80.0,future,Etihad Park
ETIHAD_PARK,36047050500,62.0,future,Etihad Park
ETIHAD_PARK,36047050600,90.0,future,Etihad Park
ETIHAD_PARK,36047050700,60.0,future,Etihad Park
ETIHAD_PARK,36047051100,57.0,future,Etihad Park
ETIHAD_PARK,36047051200,89.0,future,Etihad Park
ETIHAD_PARK,36065023000,,future,Etihad Park
ETIHAD_PARK,36063023200,,future,Etihad Park
ETIHAD_PARK,36021001000,,future,Etihad Park
ETIHAD_PARK,36021000700,,future,Etihad Park
ETIHAD_PARK,36047075000,102.0,future,Etihad Park
ETIHAD_PARK,36047018800,98.0,future,Etihad Park
ETIHAD_PARK,36047025800,101.0,future,Etihad Park
ETIHAD_PARK,36047049500,63.0,future,Etihad Park
ETIHAD_PARK,36047088800,95.0,future,Etihad Park
ETIHAD_PARK,36047011800,89.0,future,Etihad Park
ETIHAD_PARK,36047053200,89.0,future,Etihad Park
ETIHAD_PARK,36047022900,68.0,future,Etihad Park
ETIHAD_PARK,36047040100,77.0,future,Etihad Park
ETIHAD_PARK,36047112000,90.0,future,Etihad Park
ETIHAD_PARK,36047058600,96.0,future,Etihad Park
ETIHAD_PARK,36047005800,100.0,future,Etihad Park
ETIHAD_PARK,36047014000,111.0,future,Etihad Park
ETIHAD_PARK,36047014800,110.0,future,Etihad Park
ETIHAD_PARK,36047064200,107.0,future,Etihad Park
ETIHAD_PARK,36047030900,83.0,future,Etihad Park
ETIHAD_PARK,36047082400,87.0,future,Etihad Park
ETIHAD_PARK,36047021500,80.0,future,Etihad Park
ETIHAD_PARK,36047038500,77.0,future,Etihad Park
ETIHAD_PARK,36047094402,99.0,future,Etihad Park
ETIHAD_PARK,36047024300,65.0,future,Etihad Park
ETIHAD_PARK,36047003800,104.0,future,Etihad Park
ETIHAD_PARK,36047033300,84.0,future,Etihad Park
ETIHAD_PARK,36047003500,65.0,future,Etihad Park
ETIHAD_PARK,36063023700,,future,Etihad Park
ETIHAD_PARK,36047051400,88.0,future,Etihad Park
ETIHAD_PARK,36047052600,93.0,future,Etihad Park
ETIHAD_PARK,36047051500,58.0,future,Etihad Park
ETIHAD_PARK,36047051700,56.0,future,Etihad Park
ETIHAD_PARK,36047051800,91.0,future,Etihad Park
ETIHAD_PARK,36047051900,59.0,future,Etihad Park
ETIHAD_PARK,36047052000,92.0,future,Etihad Park
ETIHAD_PARK,36047052300,65.0,future,Etihad Park
ETIHAD_PARK,36047052700,59.0,future,Etihad Park
ETIHAD_PARK,36047052900,59.0,future,Etihad Park
ETIHAD_PARK,36047053000,95.0,future,Etihad Park
ETIHAD_PARK,36047053300,64.0,future,Etihad Park
ETIHAD_PARK,36047053400,95.0,future,Etihad Park
ETIHAD_PARK,36047053500,68.0,future,Etihad Park
ETIHAD_PARK,36063024401,,future,Etihad Park
ETIHAD_PARK,36063023800,,future,Etihad Park
ETIHAD_PARK,36063940001,,future,Etihad Park
ETIHAD_PARK,36063024501,,future,Etihad Park
ETIHAD_PARK,36063024502,,future,Etihad Park
ETIHAD_PARK,36047067000,110.0,future,Etihad Park
ETIHAD_PARK,36047025500,61.0,future,Etihad Park
ETIHAD_PARK,36047029400,105.0,future,Etihad Park
ETIHAD_PARK,36047027900,72.0,future,Etihad Park
ETIHAD_PARK,36047062600,119.0,future,Etihad Park
ETIHAD_PARK,36047005100,81.0,future,Etihad Park
ETIHAD_PARK,36047111800,88.0,future,Etihad Park
ETIHAD_PARK,36047021600,95.0,future,Etihad Park
ETIHAD_PARK,36047020500,80.0,future,Etihad Park
ETIHAD_PARK,36047015700,82.0,future,Etihad Park
ETIHAD_PARK,36047003300,66.0,future,Etihad Park
ETIHAD_PARK,36047040800,98.0,future,Etihad Park
ETIHAD_PARK,36047050900,57.0,future,Etihad Park
ETIHAD_PARK,36047026900,73.0,future,Etihad Park
ETIHAD_PARK,36047045600,95.0,future,Etihad Park
ETIHAD_PARK,36047100600,100.0,future,Etihad Park
ETIHAD_PARK,36047040600,103.0,future,Etihad Park
ETIHAD_PARK,36047084800,98.0,future,Etihad Park
ETIHAD_PARK,36065024301,,future,Etihad Park
ETIHAD_PARK,36047056000,108.0,future,Etihad Park
ETIHAD_PARK,36047023200,93.0,future,Etihad Park
ETIHAD_PARK,36047091600,85.0,future,Etihad Park
ETIHAD_PARK,36047048900,68.0,future,Etihad Park
ETIHAD_PARK,36047013300,82.0,future,Etihad Park
ETIHAD_PARK,36047054500,74.0,future,Etihad Park
ETIHAD_PARK,36047006200,99.0,future,Etihad Park
ETIHAD_PARK,36065023300,,future,Etihad Park
ETIHAD_PARK,36065023501,,future,Etihad Park
ETIHAD_PARK,36005014701,85.0,future,Etihad Park
ETIHAD_PARK,36005017901,74.0,future,Etihad Park
ETIHAD_PARK,36005018301,71.0,future,Etihad Park
ETIHAD_PARK,36005022102,72.0,future,Etihad Park
ETIHAD_PARK,36005023703,79.0,future,Etihad Park
ETIHAD_PARK,36005026702,85.0,future,Etihad Park
ETIHAD_PARK,36005033201,83.0,future,Etihad Park
ETIHAD_PARK,36005040303,81.0,future,Etihad Park
ETIHAD_PARK,36005021700,70.0,future,Etihad Park
ETIHAD_PARK,36005023702,79.0,future,Etihad Park
ETIHAD_PARK,36005040302,82.0,future,Etihad Park
ETIHAD_PARK,36005007600,67.0,future,Etihad Park
ETIHAD_PARK,36005009000,74.0,future,Etihad Park
ETIHAD_PARK,36005015900,70.0,future,Etihad Park
ETIHAD_PARK,36005005001,78.0,future,Etihad Park
ETIHAD_PARK,36063022804,,future,Etihad Park
ETIHAD_PARK,36063023901,,future,Etihad Park
ETIHAD_PARK,36047053700,67.0,future,Etihad Park
ETIHAD_PARK,36047054700,74.0,future,Etihad Park
ETIHAD_PARK,36047054800,102.0,future,Etihad Park
ETIHAD_PARK,36047053900,71.0,future,Etihad Park
ETIHAD_PARK,36047054300,79.0,future,Etihad Park
ETIHAD_PARK,36047054400,99.0,future,Etihad Park
ETIHAD_PARK,36047054900,72.0,future,Etihad Park
ETIHAD_PARK,36047055000,100.0,future,Etihad Park
ETIHAD_PARK,36047055300,63.0,future,Etihad Park
ETIHAD_PARK,36047055400,95.0,future,Etihad Park
ETIHAD_PARK,36047055500,70.0,future,Etihad Park
ETIHAD_PARK,36047055600,104.0,future,Etihad Park
ETIHAD_PARK,36047055700,63.0,future,Etihad Park
ETIHAD_PARK,36047056200,109.0,future,Etihad Park
ETIHAD_PARK,36047056400,105.0,future,Etihad Park
ETIHAD_PARK,36063023902,,future,Etihad Park
ETIHAD_PARK,36063024101,,future,Etihad Park
ETIHAD_PARK,36063024301,,future,Etihad Park
ETIHAD_PARK,36055014003,,future,Etihad Park
ETIHAD_PARK,36055000200,,future,Etihad Park
ETIHAD_PARK,36063940100,,future,Etihad Park
ETIHAD_PARK,36115082002,,future,Etihad Park
ETIHAD_PARK,36115082001,,future,Etihad Park
ETIHAD_PARK,36047008200,84.0,future,Etihad Park
ETIHAD_PARK,36047028900,72.0,future,Etihad Park
ETIHAD_PARK,36047026800,104.0,future,Etihad Park
ETIHAD_PARK,36047078400,101.0,future,Etihad Park
ETIHAD_PARK,36047057100,53.0,future,Etihad Park
ETIHAD_PARK,36047086200,95.0,future,Etihad Park
ETIHAD_PARK,36047111000,96.0,future,Etihad Park
ETIHAD_PARK,36047004300,68.0,future,Etihad Park
ETIHAD_PARK,36047030300,85.0,future,Etihad Park
ETIHAD_PARK,36047031702,77.0,future,Etihad Park
ETIHAD_PARK,36063023001,,future,Etihad Park
ETIHAD_PARK,36055003300,,future,Etihad Park
ETIHAD_PARK,36055013902,,future,Etihad Park
ETIHAD_PARK,36055007100,,future,Etihad Park
ETIHAD_PARK,36055012100,,future,Etihad Park
ETIHAD_PARK,36055015301,,future,Etihad Park
ETIHAD_PARK,36055004800,,future,Etihad Park
ETIHAD_PARK,36047036100,88.0,future,Etihad Park
ETIHAD_PARK,36047038300,79.0,future,Etihad Park
ETIHAD_PARK,36047039400,103.0,future,Etihad Park
ETIHAD_PARK,36047042400,95.0,future,Etihad Park
ETIHAD_PARK,36047043800,92.0,future,Etihad Park
ETIHAD_PARK,36047044700,66.0,future,Etihad Park
ETIHAD_PARK,36047047200,95.0,future,Etihad Park
ETIHAD_PARK,36047049100,62.0,future,Etihad Park
ETIHAD_PARK,36047050300,57.0,future,Etihad Park
ETIHAD_PARK,36047055200,94.0,future,Etihad Park
ETIHAD_PARK,36055000700,,future,Etihad Park
ETIHAD_PARK,36055001300,,future,Etihad Park
ETIHAD_PARK,36063024303,,future,Etihad Park
ETIHAD_PARK,36055001800,,future,Etihad Park
ETIHAD_PARK,36055001900,,future,Etihad Park
ETIHAD_PARK,36055001000,,future,Etihad Park
ETIHAD_PARK,36055002000,,future,Etihad Park
ETIHAD_PARK,36055002200,,future,Etihad Park
ETIHAD_PARK,36055002300,,future,Etihad Park
ETIHAD_PARK,36055002400,,future,Etihad Park
ETIHAD_PARK,36055002700,,future,Etihad Park
ETIHAD_PARK,36055002900,,future,Etihad Park
ETIHAD_PARK,36055003200,,future,Etihad Park
ETIHAD_PARK,36055003400,,future,Etihad Park
ETIHAD_PARK,36055003500,,future,Etihad Park
ETIHAD_PARK,36047056500,51.0,future,Etihad Park
ETIHAD_PARK,36047057500,49.0,future,Etihad Park
ETIHAD_PARK,36047057600,105.0,future,Etihad Park
ETIHAD_PARK,36047056600,109.0,future,Etihad Park
ETIHAD_PARK,36047056800,113.0,future,Etihad Park
ETIHAD_PARK,36047056900,51.0,future,Etihad Park
ETIHAD_PARK,36047057000,113.0,future,Etihad Park
ETIHAD_PARK,36047057300,58.0,future,Etihad Park
ETIHAD_PARK,36047057800,100.0,future,Etihad Park
ETIHAD_PARK,36063024302,,future,Etihad Park
ETIHAD_PARK,36055006100,,future,Etihad Park
ETIHAD_PARK,36055014102,,future,Etihad Park
ETIHAD_PARK,36055002100,,future,Etihad Park
ETIHAD_PARK,36055013401,,future,Etihad Park
ETIHAD_PARK,36055009500,,future,Etihad Park
ETIHAD_PARK,36047058000,94.0,future,Etihad Park
ETIHAD_PARK,36047058800,107.0,future,Etihad Park
ETIHAD_PARK,36047059000,103.0,future,Etihad Park
ETIHAD_PARK,36047083600,107.0,future,Etihad Park
ETIHAD_PARK,36047084000,97.0,future,Etihad Park
ETIHAD_PARK,36047085000,99.0,future,Etihad Park
ETIHAD_PARK,36047085200,106.0,future,Etihad Park
ETIHAD_PARK,36047085400,99.0,future,Etihad Park
ETIHAD_PARK,36055007500,,future,Etihad Park
ETIHAD_PARK,36055004702,,future,Etihad Park
ETIHAD_PARK,36055012201,,future,Etihad Park
ETIHAD_PARK,36055005400,,future,Etihad Park
ETIHAD_PARK,36055010902,,future,Etihad Park
ETIHAD_PARK,36055011604,,future,Etihad Park
ETIHAD_PARK,36055003000,,future,Etihad Park
ETIHAD_PARK,36055007801,,future,Etihad Park
ETIHAD_PARK,36055011000,,future,Etihad Park
ETIHAD_PARK,36055013203,,future,Etihad Park
ETIHAD_PARK,36047090000,86.0,future,Etihad Park
ETIHAD_PARK,36047092000,77.0,future,Etihad Park
ETIHAD_PARK,36047090200,89.0,future,Etihad Park
ETIHAD_PARK,36047090600,80.0,future,Etihad Park
ETIHAD_PARK,36047090800,74.0,future,Etihad Park
ETIHAD_PARK,36047091000,77.0,future,Etihad Park
ETIHAD_PARK,36047091800,79.0,future,Etihad Park
ETIHAD_PARK,36047092200,85.0,future,Etihad Park
ETIHAD_PARK,36047093000,97.0,future,Etihad Park
ETIHAD_PARK,36047093400,100.0,future,Etihad Park
ETIHAD_PARK,36047093600,101.0,future,Etihad Park
ETIHAD_PARK,36065025700,,future,Etihad Park
ETIHAD_PARK,36065025800,,future,Etihad Park
ETIHAD_PARK,36087011405,,future,Etihad Park
ETIHAD_PARK,36087011505,,future,Etihad Park
ETIHAD_PARK,36087011506,,future,Etihad Park
ETIHAD_PARK,36047059200,105.0,future,Etihad Park
ETIHAD_PARK,36047060600,103.0,future,Etihad Park
ETIHAD_PARK,36047063200,118.0,future,Etihad Park
ETIHAD_PARK,36047065600,112.0,future,Etihad Park
ETIHAD_PARK,36047059100,59.0,future,Etihad Park
ETIHAD_PARK,36047069000,115.0,future,Etihad Park
ETIHAD_PARK,36047073000,103.0,future,Etihad Park
ETIHAD_PARK,36047074200,102.0,future,Etihad Park
ETIHAD_PARK,36047078000,103.0,future,Etihad Park
ETIHAD_PARK,36047080000,87.0,future,Etihad Park
ETIHAD_PARK,36047084600,98.0,future,Etihad Park
ETIHAD_PARK,36047087200,99.0,future,Etihad Park
ETIHAD_PARK,36047091200,82.0,future,Etihad Park
ETIHAD_PARK,36047098200,82.0,future,Etihad Park
ETIHAD_PARK,36047099200,96.0,future,Etihad Park
ETIHAD_PARK,36047115000,82.0,future,Etihad Park
ETIHAD_PARK,36047116200,84.0,future,Etihad Park
ETIHAD_PARK,36047119000,74.0,future,Etihad Park
ETIHAD_PARK,36047000100,69.0,future,Etihad Park
ETIHAD_PARK,36087011902,,future,Etihad Park
ETIHAD_PARK,36087012204,,future,Etihad Park
ETIHAD_PARK,36087012203,,future,Etihad Park
ETIHAD_PARK,36087013402,,future,Etihad Park
ETIHAD_PARK,36087013401,,future,Etihad Park
ETIHAD_PARK,36047000200,89.0,future,Etihad Park
ETIHAD_PARK,36047000301,73.0,future,Etihad Park
ETIHAD_PARK,36065024900,,future,Etihad Park
ETIHAD_PARK,36087011404,,future,Etihad Park
ETIHAD_PARK,36087011901,,future,Etihad Park
ETIHAD_PARK,36047014200,106.0,future,Etihad Park
ETIHAD_PARK,36047014500,85.0,future,Etihad Park
ETIHAD_PARK,36047014700,87.0,future,Etihad Park
ETIHAD_PARK,36047015000,110.0,future,Etihad Park
ETIHAD_PARK,36047015300,74.0,future,Etihad Park
ETIHAD_PARK,36047015400,,future,Etihad Park
ETIHAD_PARK,36047015900,75.0,future,Etihad Park
ETIHAD_PARK,36047016100,75.0,future,Etihad Park
ETIHAD_PARK,36047016200,94.0,future,Etihad Park
ETIHAD_PARK,36047016300,77.0,future,Etihad Park
ETIHAD_PARK,36047016400,109.0,future,Etihad Park
ETIHAD_PARK,36047016500,84.0,future,Etihad Park
ETIHAD_PARK,36047016700,75.0,future,Etihad Park
ETIHAD_PARK,36047016800,113.0,future,Etihad Park
ETIHAD_PARK,36047016900,75.0,future,Etihad Park
ETIHAD_PARK,36047017100,81.0,future,Etihad Park
ETIHAD_PARK,36047017200,106.0,future,Etihad Park
ETIHAD_PARK,36047017400,108.0,future,Etihad Park
ETIHAD_PARK,36047017500,98.0,future,Etihad Park
ETIHAD_PARK,36065025001,,future,Etihad Park
ETIHAD_PARK,36065025003,,future,Etihad Park
ETIHAD_PARK,36047085600,94.0,future,Etihad Park
ETIHAD_PARK,36047086000,95.0,future,Etihad Park
ETIHAD_PARK,36047086400,95.0,future,Etihad Park
ETIHAD_PARK,36047087000,95.0,future,Etihad Park
ETIHAD_PARK,36047087401,96.0,future,Etihad Park
ETIHAD_PARK,36047087600,92.0,future,Etihad Park
ETIHAD_PARK,36047087800,88.0,future,Etihad Park
ETIHAD_PARK,36047088200,91.0,future,Etihad Park
ETIHAD_PARK,36047059800,118.0,future,Etihad Park
ETIHAD_PARK,36065025100,,future,Etihad Park
ETIHAD_PARK,36065025200,,future,Etihad Park
ETIHAD_PARK,36047061002,113.0,future,Etihad Park
ETIHAD_PARK,36047061200,114.0,future,Etihad Park
ETIHAD_PARK,36047060000,112.0,future,Etihad Park
ETIHAD_PARK,36047060800,108.0,future,Etihad Park
ETIHAD_PARK,36047061600,116.0,future,Etihad Park
ETIHAD_PARK,36047062200,118.0,future,Etihad Park
ETIHAD_PARK,36047062800,,future,Etihad Park
ETIHAD_PARK,36047063600,110.0,future,Etihad Park
ETIHAD_PARK,36047063800,109.0,future,Etihad Park
ETIHAD_PARK,36047064000,110.0,future,Etihad Park
ETIHAD_PARK,36047064400,107.0,future,Etihad Park
ETIHAD_PARK,36047065000,104.0,future,Etihad Park
ETIHAD_PARK,36047094401,108.0,future,Etihad Park
ETIHAD_PARK,36047095000,99.0,future,Etihad Park
ETIHAD_PARK,36047095400,97.0,future,Etihad Park
ETIHAD_PARK,36047095600,93.0,future,Etihad Park
ETIHAD_PARK,36005044902,93.0,future,Etihad Park
ETIHAD_PARK,36005025100,78.0,future,Etihad Park
ETIHAD_PARK,36005022404,83.0,future,Etihad Park
ETIHAD_PARK,36005039901,81.0,future,Etihad Park
ETIHAD_PARK,36005023704,77.0,future,Etihad Park
ETIHAD_PARK,36005015300,76.0,future,Etihad Park
ETIHAD_PARK,36047000700,75.0,future,Etihad Park
ETIHAD_PARK,36047000900,66.0,future,Etihad Park
ETIHAD_PARK,36047001100,63.0,future,Etihad Park
ETIHAD_PARK,36047001300,67.0,future,Etihad Park
ETIHAD_PARK,36047002000,92.0,future,Etihad Park
ETIHAD_PARK,36047002100,64.0,future,Etihad Park
ETIHAD_PARK,36047002200,91.0,future,Etihad Park
ETIHAD_PARK,36047002901,75.0,future,Etihad Park
ETIHAD_PARK,36047003400,102.0,future,Etihad Park
ETIHAD_PARK,36047003700,66.0,future,Etihad Park
ETIHAD_PARK,36047003900,70.0,future,Etihad Park
ETIHAD_PARK,36005014100,74.0,future,Etihad Park
ETIHAD_PARK,36005033000,83.0,future,Etihad Park
ETIHAD_PARK,36005021100,75.0,future,Etihad Park
ETIHAD_PARK,36005004600,83.0,future,Etihad Park
ETIHAD_PARK,36005005902,71.0,future,Etihad Park
ETIHAD_PARK,36005028100,91.0,future,Etihad Park
ETIHAD_PARK,36005022701,73.0,future,Etihad Park
ETIHAD_PARK,36005031600,91.0,future,Etihad Park
ETIHAD_PARK,36005019500,71.0,future,Etihad Park
ETIHAD_PARK,36005028600,85.0,future,Etihad Park
ETIHAD_PARK,36005016400,68.0,future,Etihad Park
ETIHAD_PARK,36005036800,97.0,future,Etihad Park
ETIHAD_PARK,36005006000,70.0,future,Etihad Park
ETIHAD_PARK,36005037600,88.0,future,Etihad Park
ETIHAD_PARK,36005023301,74.0,future,Etihad Park
ETIHAD_PARK,36005004001,72.0,future,Etihad Park
ETIHAD_PARK,36005006900,72.0,future,Etihad Park
ETIHAD_PARK,36005003100,70.0,future,Etihad Park
ETIHAD_PARK,36005039000,91.0,future,Etihad Park
ETIHAD_PARK,36005042800,105.0,future,Etihad Park
ETIHAD_PARK,36005038800,97.0,future,Etihad Park
ETIHAD_PARK,36005005600,74.0,future,Etihad Park
ETIHAD_PARK,36005014500,82.0,future,Etihad Park
ETIHAD_PARK,36091060602,,future,Etihad Park
ETIHAD_PARK,36091062507,,future,Etihad Park
ETIHAD_PARK,36091062509,,future,Etihad Park
ETIHAD_PARK,36091060601,,future,Etihad Park
ETIHAD_PARK,36047017700,89.0,future,Etihad Park
ETIHAD_PARK,36047017800,99.0,future,Etihad Park
ETIHAD_PARK,36047017900,70.0,future,Etihad Park
ETIHAD_PARK,36047018000,103.0,future,Etihad Park
ETIHAD_PARK,36047018200,97.0,future,Etihad Park
ETIHAD_PARK,36047018300,71.0,future,Etihad Park
ETIHAD_PARK,36047018501,76.0,future,Etihad Park
ETIHAD_PARK,36047018600,99.0,future,Etihad Park
ETIHAD_PARK,36047018700,73.0,future,Etihad Park
ETIHAD_PARK,36047019000,93.0,future,Etihad Park
ETIHAD_PARK,36047019100,73.0,future,Etihad Park
ETIHAD_PARK,36047019200,92.0,future,Etihad Park
ETIHAD_PARK,36047019600,100.0,future,Etihad Park
ETIHAD_PARK,36047019700,59.0,future,Etihad Park
ETIHAD_PARK,36047019800,105.0,future,Etihad Park
ETIHAD_PARK,36047019900,68.0,future,Etihad Park
ETIHAD_PARK,36047020000,109.0,future,Etihad Park
ETIHAD_PARK,36047020300,75.0,future,Etihad Park
ETIHAD_PARK,36047020400,110.0,future,Etihad Park
ETIHAD_PARK,36047020600,110.0,future,Etihad Park
ETIHAD_PARK,36047020700,79.0,future,Etihad Park
ETIHAD_PARK,36005026300,82.0,future,Etihad Park
ETIHAD_PARK,36005029700,103.0,future,Etihad Park
ETIHAD_PARK,36005020601,71.0,future,Etihad Park
ETIHAD_PARK,36005042000,90.0,future,Etihad Park
ETIHAD_PARK,36005015800,78.0,future,Etihad Park
ETIHAD_PARK,36005007400,75.0,future,Etihad Park
ETIHAD_PARK,36005028800,88.0,future,Etihad Park
ETIHAD_PARK,36005022902,78.0,future,Etihad Park
ETIHAD_PARK,36005013300,73.0,future,Etihad Park
ETIHAD_PARK,36005017100,81.0,future,Etihad Park
ETIHAD_PARK,36005045101,93.0,future,Etihad Park
ETIHAD_PARK,36005008300,72.0,future,Etihad Park
ETIHAD_PARK,36005040400,99.0,future,Etihad Park
ETIHAD_PARK,36005046000,102.0,future,Etihad Park
ETIHAD_PARK,36005025200,81.0,future,Etihad Park
ETIHAD_PARK,36005023501,75.0,future,Etihad Park
ETIHAD_PARK,36005036501,77.0,future,Etihad Park
ETIHAD_PARK,36005021601,68.0,future,Etihad Park
ETIHAD_PARK,36005040304,78.0,future,Etihad Park
ETIHAD_PARK,36005022800,87.0,future,Etihad Park
ETIHAD_PARK,36005003800,81.0,future,Etihad Park
ETIHAD_PARK,36005020400,74.0,future,Etihad Park
ETIHAD_PARK,36005003300,71.0,future,Etihad Park
ETIHAD_PARK,36005037100,78.0,future,Etihad Park
ETIHAD_PARK,36005013100,74.0,future,Etihad Park
ETIHAD_PARK,36047020800,103.0,future,Etihad Park
ETIHAD_PARK,36047021000,100.0,future,Etihad Park
ETIHAD_PARK,36047021400,93.0,future,Etihad Park
ETIHAD_PARK,36047021800,91.0,future,Etihad Park
ETIHAD_PARK,36047021900,78.0,future,Etihad Park
ETIHAD_PARK,36059413500,105.0,future,Etihad Park
ETIHAD_PARK,36059413600,83.0,future,Etihad Park
ETIHAD_PARK,36059413700,102.0,future,Etihad Park
ETIHAD_PARK,36059413803,,future,Etihad Park
ETIHAD_PARK,36059413804,,future,Etihad Park
ETIHAD_PARK,36059413900,,future,Etihad Park
ETIHAD_PARK,36059414002,,future,Etihad Park
ETIHAD_PARK,36059414201,98.0,future,Etihad Park
ETIHAD_PARK,36065025300,,future,Etihad Park
ETIHAD_PARK,36059408800,,future,Etihad Park
ETIHAD_PARK,36059416600,,future,Etihad Park
ETIHAD_PARK,36059405800,,future,Etihad Park
ETIHAD_PARK,36059412500,99.0,future,Etihad Park
ETIHAD_PARK,36059519602,,future,Etihad Park
ETIHAD_PARK,36065025400,,future,Etihad Park
ETIHAD_PARK,36067015800,,future,Etihad Park
ETIHAD_PARK,36067016001,,future,Etihad Park
ETIHAD_PARK,36067016002,,future,Etihad Park
ETIHAD_PARK,36067016100,,future,Etihad Park
ETIHAD_PARK,36059302400,,future,Etihad Park
ETIHAD_PARK,36059302501,,future,Etihad Park
ETIHAD_PARK,36059302502,,future,Etihad Park
ETIHAD_PARK,36059302900,,future,Etihad Park
ETIHAD_PARK,36059303000,86.0,future,Etihad Park
ETIHAD_PARK,36081019400,63.0,future,Etihad Park
ETIHAD_PARK,36081020500,56.0,future,Etihad Park
ETIHAD_PARK,36081095400,97.0,future,Etihad Park
ETIHAD_PARK,36081127700,60.0,future,Etihad Park
ETIHAD_PARK,36081042400,70.0,future,Etihad Park
ETIHAD_PARK,36059303101,,future,Etihad Park
ETIHAD_PARK,36059303102,,future,Etihad Park
ETIHAD_PARK,36059414202,92.0,future,Etihad Park
ETIHAD_PARK,36059414301,98.0,future,Etihad Park
ETIHAD_PARK,36059414400,100.0,future,Etihad Park
ETIHAD_PARK,36059414501,,future,Etihad Park
ETIHAD_PARK,36059414502,,future,Etihad Park
ETIHAD_PARK,36059414600,,future,Etihad Park
ETIHAD_PARK,36059414700,,future,Etihad Park
ETIHAD_PARK,36055990000,,future,Etihad Park
ETIHAD_PARK,36055980100,,future,Etihad Park
ETIHAD_PARK,36055012401,,future,Etihad Park
ETIHAD_PARK,36055012402,,future,Etihad Park
ETIHAD_PARK,36081062200,88.0,future,Etihad Park
ETIHAD_PARK,36081079702,30.0,future,Etihad Park
ETIHAD_PARK,36081990100,,future,Etihad Park
ETIHAD_PARK,36081030600,70.0,future,Etihad Park
ETIHAD_PARK,36065025500,,future,Etihad Park
ETIHAD_PARK,36027120000,,future,Etihad Park
ETIHAD_PARK,36027140500,,future,Etihad Park
ETIHAD_PARK,36075020102,,future,Etihad Park
ETIHAD_PARK,36075021202,,future,Etihad Park
ETIHAD_PARK,36075021003,,future,Etihad Park
ETIHAD_PARK,36075020503,,future,Etihad Park
ETIHAD_PARK,36075020303,,future,Etihad Park
ETIHAD_PARK,36075021001,,future,Etihad Park
ETIHAD_PARK,36075020501,,future,Etihad Park
ETIHAD_PARK,36075020903,,future,Etihad Park
ETIHAD_PARK,36075020101,,future,Etihad Park
ETIHAD_PARK,36075020904,,future,Etihad Park
ETIHAD_PARK,36075021203,,future,Etihad Park
ETIHAD_PARK,36075020905,,future,Etihad Park
ETIHAD_PARK,36075021201,,future,Etihad Park
ETIHAD_PARK,36075020201,,future,Etihad Park
ETIHAD_PARK,36075021002,,future,Etihad Park
ETIHAD_PARK,36075020304,,future,Etihad Park
ETIHAD_PARK,36075021503,,future,Etihad Park
ETIHAD_PARK,36075021504,,future,Etihad Park
ETIHAD_PARK,36075020707,,future,Etihad Park
ETIHAD_PARK,36067016801,,future,Etihad Park
ETIHAD_PARK,36067010100,,future,Etihad Park
ETIHAD_PARK,36067005300,,future,Etihad Park
ETIHAD_PARK,36067000300,,future,Etihad Park
ETIHAD_PARK,36067002300,,future,Etihad Park
ETIHAD_PARK,36067015000,,future,Etihad Park
ETIHAD_PARK,36067015400,,future,Etihad Park
ETIHAD_PARK,36067011402,,future,Etihad Park
ETIHAD_PARK,36067016802,,future,Etihad Park
ETIHAD_PARK,36067011011,,future,Etihad Park
ETIHAD_PARK,36067010400,,future,Etihad Park
ETIHAD_PARK,36067001400,,future,Etihad Park
ETIHAD_PARK,36067000100,,future,Etihad Park
ETIHAD_PARK,36067005602,,future,Etihad Park
ETIHAD_PARK,36067000600,,future,Etihad Park
ETIHAD_PARK,36067011300,,future,Etihad Park
ETIHAD_PARK,36067016200,,future,Etihad Park
ETIHAD_PARK,36067012700,,future,Etihad Park
ETIHAD_PARK,36067004302,,future,Etihad Park
ETIHAD_PARK,36067013701,,future,Etihad Park
ETIHAD_PARK,36067015601,,future,Etihad Park
ETIHAD_PARK,36067012900,,future,Etihad Park
ETIHAD_PARK,36067013000,,future,Etihad Park
ETIHAD_PARK,36067013100,,future,Etihad Park
ETIHAD_PARK,36045062200,,future,Etihad Park
ETIHAD_PARK,36045061400,,future,Etihad Park
ETIHAD_PARK,36059303301,,future,Etihad Park
ETIHAD_PARK,36059303302,,future,Etihad Park
ETIHAD_PARK,36059303400,,future,Etihad Park
ETIHAD_PARK,36059303500,99.0,future,Etihad Park
ETIHAD_PARK,36059303600,86.0,future,Etihad Park
ETIHAD_PARK,36059303700,104.0,future,Etihad Park
ETIHAD_PARK,36059303800,96.0,future,Etihad Park
ETIHAD_PARK,36059414800,,future,Etihad Park
ETIHAD_PARK,36059414900,,future,Etihad Park
ETIHAD_PARK,36059415000,112.0,future,Etihad Park
ETIHAD_PARK,36059415101,103.0,future,Etihad Park
ETIHAD_PARK,36059415102,,future,Etihad Park
ETIHAD_PARK,36059415201,93.0,future,Etihad Park
ETIHAD_PARK,36059415202,,future,Etihad Park
ETIHAD_PARK,36059415300,102.0,future,Etihad Park
ETIHAD_PARK,36067016502,,future,Etihad Park
ETIHAD_PARK,36067016600,,future,Etihad Park
ETIHAD_PARK,36081015802,65.0,future,Etihad Park
ETIHAD_PARK,36081018102,31.0,future,Etihad Park
ETIHAD_PARK,36037951300,,future,Etihad Park
ETIHAD_PARK,36037951100,,future,Etihad Park
ETIHAD_PARK,36037940100,,future,Etihad Park
ETIHAD_PARK,36037950100,,future,Etihad Park
ETIHAD_PARK,36067001900,,future,Etihad Park
ETIHAD_PARK,36067002000,,future,Etihad Park
ETIHAD_PARK,36067013200,,future,Etihad Park
ETIHAD_PARK,36083051902,,future,Etihad Park
ETIHAD_PARK,36083052003,,future,Etihad Park
ETIHAD_PARK,36083052101,,future,Etihad Park
ETIHAD_PARK,36059303900,110.0,future,Etihad Park
ETIHAD_PARK,36059304001,91.0,future,Etihad Park
ETIHAD_PARK,36059304002,99.0,future,Etihad Park
ETIHAD_PARK,36059304100,100.0,future,Etihad Park
ETIHAD_PARK,36059304202,,future,Etihad Park
ETIHAD_PARK,36059404400,94.0,future,Etihad Park
ETIHAD_PARK,36059415401,115.0,future,Etihad Park
ETIHAD_PARK,36059415402,,future,Etihad Park
ETIHAD_PARK,36089490400,,future,Etihad Park
ETIHAD_PARK,36089490600,,future,Etihad Park
ETIHAD_PARK,36089490900,,future,Etihad Park
ETIHAD_PARK,36059415500,,future,Etihad Park
ETIHAD_PARK,36059415600,110.0,future,Etihad Park
ETIHAD_PARK,36059415700,,future,Etihad Park
ETIHAD_PARK,36013036600,,future,Etihad Park
ETIHAD_PARK,36059416000,109.0,future,Etihad Park
ETIHAD_PARK,36059416100,,future,Etihad Park
ETIHAD_PARK,36063021200,,future,Etihad Park
ETIHAD_PARK,36063021700,,future,Etihad Park
ETIHAD_PARK,36063022000,,future,Etihad Park
ETIHAD_PARK,36067003500,,future,Etihad Park
ETIHAD_PARK,36067003602,,future,Etihad Park
ETIHAD_PARK,36067003800,,future,Etihad Park
ETIHAD_PARK,36067004200,,future,Etihad Park
ETIHAD_PARK,36067004500,,future,Etihad Park
ETIHAD_PARK,36067004600,,future,Etihad Park
ETIHAD_PARK,36067003601,,future,Etihad Park
ETIHAD_PARK,36067004800,,future,Etihad Park
ETIHAD_PARK,36067004900,,future,Etihad Park
ETIHAD_PARK,36059407000,,future,Etihad Park
ETIHAD_PARK,36059407101,,future,Etihad Park
ETIHAD_PARK,36059407102,,future,Etihad Park
ETIHAD_PARK,36059407201,,future,Etihad Park
ETIHAD_PARK,36059407301,,future,Etihad Park
ETIHAD_PARK,36059407302,,future,Etihad Park
ETIHAD_PARK,36059407401,,future,Etihad Park
ETIHAD_PARK,36083052102,,future,Etihad Park
ETIHAD_PARK,36083052103,,future,Etihad Park
ETIHAD_PARK,36083052201,,future,Etihad Park
ETIHAD_PARK,36037950200,,future,Etihad Park
ETIHAD_PARK,36083052303,,future,Etihad Park
ETIHAD_PARK,36083052402,,future,Etihad Park
ETIHAD_PARK,36059404500,102.0,future,Etihad Park
ETIHAD_PARK,36059404700,86.0,future,Etihad Park
ETIHAD_PARK,36059404800,116.0,future,Etihad Park
ETIHAD_PARK,36059404902,104.0,future,Etihad Park
ETIHAD_PARK,36059405000,,future,Etihad Park
ETIHAD_PARK,36059405100,,future,Etihad Park
ETIHAD_PARK,36059405200,,future,Etihad Park
ETIHAD_PARK,36059405301,,future,Etihad Park
ETIHAD_PARK,36059405302,,future,Etihad Park
ETIHAD_PARK,36059416201,,future,Etihad Park
ETIHAD_PARK,36059416500,,future,Etihad Park
ETIHAD_PARK,36059416701,,future,Etihad Park
ETIHAD_PARK,36059416900,,future,Etihad Park
ETIHAD_PARK,36059517000,,future,Etihad Park
ETIHAD_PARK,36059517101,,future,Etihad Park
ETIHAD_PARK,36033950502,,future,Etihad Park
ETIHAD_PARK,36043011502,,future,Etihad Park
ETIHAD_PARK,36109000500,,future,Etihad Park
ETIHAD_PARK,36109000800,,future,Etihad Park
ETIHAD_PARK,36107020102,,future,Etihad Park
ETIHAD_PARK,36107020101,,future,Etihad Park
ETIHAD_PARK,36019103512,,future,Etihad Park
ETIHAD_PARK,36019104200,,future,Etihad Park
ETIHAD_PARK,36019103800,,future,Etihad Park
ETIHAD_PARK,36055014602,,future,Etihad Park
ETIHAD_PARK,36059407501,,future,Etihad Park
ETIHAD_PARK,36059407502,,future,Etihad Park
ETIHAD_PARK,36059407600,,future,Etihad Park
ETIHAD_PARK,36059414001,,future,Etihad Park
ETIHAD_PARK,36059302800,100.0,future,Etihad Park
ETIHAD_PARK,36059416702,,future,Etihad Park
ETIHAD_PARK,36059410100,104.0,future,Etihad Park
ETIHAD_PARK,36059520402,,future,Etihad Park
ETIHAD_PARK,36059406300,89.0,future,Etihad Park
ETIHAD_PARK,36059404600,107.0,future,Etihad Park
ETIHAD_PARK,36059517801,,future,Etihad Park
ETIHAD_PARK,36059407802,,future,Etihad Park
ETIHAD_PARK,36059407700,,future,Etihad Park
ETIHAD_PARK,36059407801,,future,Etihad Park
ETIHAD_PARK,36059407900,,future,Etihad Park
ETIHAD_PARK,36059408000,,future,Etihad Park
ETIHAD_PARK,36063022100,,future,Etihad Park
ETIHAD_PARK,36059517901,,future,Etihad Park
ETIHAD_PARK,36067010301,,future,Etihad Park
ETIHAD_PARK,36067010321,,future,Etihad Park
ETIHAD_PARK,36067010322,,future,Etihad Park
ETIHAD_PARK,36059518300,111.0,future,Etihad Park
ETIHAD_PARK,36083052503,,future,Etihad Park
ETIHAD_PARK,36083052602,,future,Etihad Park
ETIHAD_PARK,36083052603,,future,Etihad Park
ETIHAD_PARK,36059405400,,future,Etihad Park
ETIHAD_PARK,36059405500,,future,Etihad Park
ETIHAD_PARK,36059405600,,future,Etihad Park
ETIHAD_PARK,36059405700,,future,Etihad Park
ETIHAD_PARK,36111955300,,future,Etihad Park
ETIHAD_PARK,36093033500,,future,Etihad Park
ETIHAD_PARK,36059405900,114.0,future,Etihad Park
ETIHAD_PARK,36059406001,115.0,future,Etihad Park
ETIHAD_PARK,36059406002,103.0,future,Etihad Park
ETIHAD_PARK,36059406100,,future,Etihad Park
ETIHAD_PARK,36059517102,,future,Etihad Park
ETIHAD_PARK,36059517301,,future,Etihad Park
ETIHAD_PARK,36037951200,,future,Etihad Park
ETIHAD_PARK,36037951400,,future,Etihad Park
ETIHAD_PARK,36037950700,,future,Etihad Park
ETIHAD_PARK,36067011900,,future,Etihad Park
ETIHAD_PARK,36059517302,,future,Etihad Park
ETIHAD_PARK,36059517400,,future,Etihad Park
ETIHAD_PARK,36059517500,,future,Etihad Park
ETIHAD_PARK,36037951000,,future,Etihad Park
ETIHAD_PARK,36027110003,,future,Etihad Park
ETIHAD_PARK,36059408100,,future,Etihad Park
ETIHAD_PARK,36027170000,,future,Etihad Park
ETIHAD_PARK,36027180001,,future,Etihad Park
ETIHAD_PARK,36059408200,,future,Etihad Park
ETIHAD_PARK,36059408300,,future,Etihad Park
ETIHAD_PARK,36059408400,,future,Etihad Park
ETIHAD_PARK,36059408500,,future,Etihad Park
ETIHAD_PARK,36059408600,,future,Etihad Park
ETIHAD_PARK,36059408700,,future,Etihad Park
ETIHAD_PARK,36059409000,,future,Etihad Park
ETIHAD_PARK,36059517902,,future,Etihad Park
ETIHAD_PARK,36059302600,93.0,future,Etihad Park
ETIHAD_PARK,36059414100,108.0,future,Etihad Park
ETIHAD_PARK,36059517701,,future,Etihad Park
ETIHAD_PARK,36059520900,,future,Etihad Park
ETIHAD_PARK,36027210101,,future,Etihad Park
ETIHAD_PARK,36109002100,,future,Etihad Park
ETIHAD_PARK,36109000300,,future,Etihad Park
ETIHAD_PARK,36109001100,,future,Etihad Park
ETIHAD_PARK,36109001800,,future,Etihad Park
ETIHAD_PARK,36109000700,,future,Etihad Park
ETIHAD_PARK,36109001400,,future,Etihad Park
ETIHAD_PARK,36109002200,,future,Etihad Park
ETIHAD_PARK,36109001700,,future,Etihad Park
ETIHAD_PARK,36059518000,,future,Etihad Park
ETIHAD_PARK,36059518100,,future,Etihad Park
ETIHAD_PARK,36059518203,,future,Etihad Park
ETIHAD_PARK,36059518204,,future,Etihad Park
ETIHAD_PARK,36059518400,118.0,future,Etihad Park
ETIHAD_PARK,36059518501,,future,Etihad Park
ETIHAD_PARK,36059518502,,future,Etihad Park
ETIHAD_PARK,36063022200,,future,Etihad Park
ETIHAD_PARK,36059404901,102.0,future,Etihad Park
ETIHAD_PARK,36059416300,,future,Etihad Park
ETIHAD_PARK,36059410600,100.0,future,Etihad Park
ETIHAD_PARK,36109001000,,future,Etihad Park
ETIHAD_PARK,36109001500,,future,Etihad Park
ETIHAD_PARK,36109000100,,future,Etihad Park
ETIHAD_PARK,36109000600,,future,Etihad Park
ETIHAD_PARK,36089490800,,future,Etihad Park
ETIHAD_PARK,36059518600,,future,Etihad Park
ETIHAD_PARK,36059518700,,future,Etihad Park
ETIHAD_PARK,36059518800,,future,Etihad Park
ETIHAD_PARK,36059520600,,future,Etihad Park
ETIHAD_PARK,36059520700,,future,Etihad Park
ETIHAD_PARK,36059520800,,future,Etihad Park
ETIHAD_PARK,36059521000,,future,Etihad Park
ETIHAD_PARK,36059521100,119.0,future,Etihad Park
ETIHAD_PARK,36063022300,,future,Etihad Park
ETIHAD_PARK,36059521301,105.0,future,Etihad Park
ETIHAD_PARK,36059521302,,future,Etihad Park
ETIHAD_PARK,36059521500,,future,Etihad Park
ETIHAD_PARK,36059521602,,future,Etihad Park
ETIHAD_PARK,36059521700,,future,Etihad Park
ETIHAD_PARK,36063022500,,future,Etihad Park
ETIHAD_PARK,36063022401,,future,Etihad Park
ETIHAD_PARK,36059406201,113.0,future,Etihad Park
ETIHAD_PARK,36059406202,116.0,future,Etihad Park
ETIHAD_PARK,36059406400,97.0,future,Etihad Park
ETIHAD_PARK,36059406501,,future,Etihad Park
ETIHAD_PARK,36059406600,,future,Etihad Park
ETIHAD_PARK,36059406900,,future,Etihad Park
ETIHAD_PARK,36059517600,,future,Etihad Park
ETIHAD_PARK,36059517705,,future,Etihad Park
ETIHAD_PARK,36059517802,,future,Etihad Park
ETIHAD_PARK,36027070201,,future,Etihad Park
ETIHAD_PARK,36027190204,,future,Etihad Park
ETIHAD_PARK,36027050102,,future,Etihad Park
ETIHAD_PARK,36027210201,,future,Etihad Park
ETIHAD_PARK,36027040001,,future,Etihad Park
ETIHAD_PARK,36027050205,,future,Etihad Park
ETIHAD_PARK,36027060100,,future,Etihad Park
ETIHAD_PARK,36027010000,,future,Etihad Park
ETIHAD_PARK,36027140801,,future,Etihad Park
ETIHAD_PARK,36027140700,,future,Etihad Park
ETIHAD_PARK,36027020005,,future,Etihad Park
ETIHAD_PARK,36027080103,,future,Etihad Park
ETIHAD_PARK,36027140400,,future,Etihad Park
ETIHAD_PARK,36027190203,,future,Etihad Park
ETIHAD_PARK,36027130003,,future,Etihad Park
ETIHAD_PARK,36055980200,,future,Etihad Park
ETIHAD_PARK,36055013511,,future,Etihad Park
ETIHAD_PARK,36063022602,,future,Etihad Park
ETIHAD_PARK,36027210301,,future,Etihad Park
ETIHAD_PARK,36027220300,,future,Etihad Park
ETIHAD_PARK,36027221100,,future,Etihad Park
ETIHAD_PARK,36063022601,,future,Etihad Park
ETIHAD_PARK,36081012500,48.0,future,Etihad Park
ETIHAD_PARK,36081065703,51.0,future,Etihad Park
ETIHAD_PARK,36081008500,48.0,future,Etihad Park
ETIHAD_PARK,36081026901,22.0,future,Etihad Park
ETIHAD_PARK,36081074900,50.0,future,Etihad Park
ETIHAD_PARK,36081099802,111.0,future,Etihad Park
ETIHAD_PARK,36081035700,36.0,future,Etihad Park
ETIHAD_PARK,36081006502,50.0,future,Etihad Park
ETIHAD_PARK,36081029400,68.0,future,Etihad Park
ETIHAD_PARK,36059409100,,future,Etihad Park
ETIHAD_PARK,36059409200,,future,Etihad Park
ETIHAD_PARK,36023970202,,future,Etihad Park
ETIHAD_PARK,36023970201,,future,Etihad Park
ETIHAD_PARK,36081061301,67.0,future,Etihad Park
ETIHAD_PARK,36081072300,43.0,future,Etihad Park
ETIHAD_PARK,36081086900,23.0,future,Etihad Park
ETIHAD_PARK,36059409300,,future,Etihad Park
ETIHAD_PARK,36059409400,,future,Etihad Park
ETIHAD_PARK,36059409500,,future,Etihad Park
ETIHAD_PARK,36059409600,,future,Etihad Park
ETIHAD_PARK,36059409700,,future,Etihad Park
ETIHAD_PARK,36059409800,108.0,future,Etihad Park
ETIHAD_PARK,36059518900,108.0,future,Etihad Park
ETIHAD_PARK,36059519100,,future,Etihad Park
ETIHAD_PARK,36059519200,,future,Etihad Park
ETIHAD_PARK,36059519300,110.0,future,Etihad Park
ETIHAD_PARK,36059519400,,future,Etihad Park
ETIHAD_PARK,36059519500,,future,Etihad Park
ETIHAD_PARK,36059519601,,future,Etihad Park
ETIHAD_PARK,36059521801,,future,Etihad Park
ETIHAD_PARK,36059521802,,future,Etihad Park
ETIHAD_PARK,36059522000,114.0,future,Etihad Park
ETIHAD_PARK,36027070401,,future,Etihad Park
ETIHAD_PARK,36027070102,,future,Etihad Park
ETIHAD_PARK,36001014303,,future,Etihad Park
ETIHAD_PARK,36001001803,,future,Etihad Park
ETIHAD_PARK,36001000302,,future,Etihad Park
ETIHAD_PARK,36001014617,,future,Etihad Park
ETIHAD_PARK,36001001804,,future,Etihad Park
ETIHAD_PARK,36001014616,,future,Etihad Park
ETIHAD_PARK,36001013509,,future,Etihad Park
ETIHAD_PARK,36001014304,,future,Etihad Park
ETIHAD_PARK,36001013603,,future,Etihad Park
ETIHAD_PARK,36027220700,,future,Etihad Park
ETIHAD_PARK,36027220901,,future,Etihad Park
ETIHAD_PARK,36027221001,,future,Etihad Park
ETIHAD_PARK,36067011202,,future,Etihad Park
ETIHAD_PARK,36027220801,,future,Etihad Park
ETIHAD_PARK,36067011231,,future,Etihad Park
ETIHAD_PARK,36059410000,,future,Etihad Park
ETIHAD_PARK,36059410200,104.0,future,Etihad Park
ETIHAD_PARK,36059410300,98.0,future,Etihad Park
ETIHAD_PARK,36059410400,92.0,future,Etihad Park
ETIHAD_PARK,36059410500,88.0,future,Etihad Park
ETIHAD_PARK,36059410700,84.0,future,Etihad Park
ETIHAD_PARK,36059409900,108.0,future,Etihad Park
ETIHAD_PARK,36059410800,87.0,future,Etihad Park
ETIHAD_PARK,36081015801,66.0,future,Etihad Park
ETIHAD_PARK,36059519702,,future,Etihad Park
ETIHAD_PARK,36059519703,,future,Etihad Park
ETIHAD_PARK,36059519704,,future,Etihad Park
ETIHAD_PARK,36059519801,,future,Etihad Park
ETIHAD_PARK,36059519802,,future,Etihad Park
ETIHAD_PARK,36059519900,,future,Etihad Park
ETIHAD_PARK,36059520001,,future,Etihad Park
ETIHAD_PARK,36059521601,112.0,future,Etihad Park
ETIHAD_PARK,36059415802,116.0,future,Etihad Park
ETIHAD_PARK,36047101800,100.0,future,Etihad Park
ETIHAD_PARK,36047102000,99.0,future,Etihad Park
ETIHAD_PARK,36047102600,103.0,future,Etihad Park
ETIHAD_PARK,36081018501,37.0,future,Etihad Park
ETIHAD_PARK,36047107800,97.0,future,Etihad Park
ETIHAD_PARK,36067016700,,future,Etihad Park
ETIHAD_PARK,36067016901,,future,Etihad Park
ETIHAD_PARK,36067016902,,future,Etihad Park
ETIHAD_PARK,36067012600,,future,Etihad Park
ETIHAD_PARK,36047109800,84.0,future,Etihad Park
ETIHAD_PARK,36047112200,88.0,future,Etihad Park
ETIHAD_PARK,36047112400,88.0,future,Etihad Park
ETIHAD_PARK,36047112600,80.0,future,Etihad Park
ETIHAD_PARK,36047112800,83.0,future,Etihad Park
ETIHAD_PARK,36047113000,78.0,future,Etihad Park
ETIHAD_PARK,36047113200,75.0,future,Etihad Park
ETIHAD_PARK,36027030000,,future,Etihad Park
ETIHAD_PARK,36027070101,,future,Etihad Park
ETIHAD_PARK,36027300000,,future,Etihad Park
ETIHAD_PARK,36027610000,,future,Etihad Park
ETIHAD_PARK,36001013708,,future,Etihad Park
ETIHAD_PARK,36001013804,,future,Etihad Park
ETIHAD_PARK,36001013604,,future,Etihad Park
ETIHAD_PARK,36001013803,,future,Etihad Park
ETIHAD_PARK,36001013511,,future,Etihad Park
ETIHAD_PARK,36001000202,,future,Etihad Park
ETIHAD_PARK,36001013512,,future,Etihad Park
ETIHAD_PARK,36001013709,,future,Etihad Park
ETIHAD_PARK,36001000301,,future,Etihad Park
ETIHAD_PARK,36001013510,,future,Etihad Park
ETIHAD_PARK,36001000201,,future,Etihad Park
ETIHAD_PARK,36111952901,,future,Etihad Park
ETIHAD_PARK,36111952902,,future,Etihad Park
ETIHAD_PARK,36111955001,,future,Etihad Park
ETIHAD_PARK,36111955002,,future,Etihad Park
ETIHAD_PARK,36111954402,,future,Etihad Park
ETIHAD_PARK,36111954401,,future,Etihad Park
ETIHAD_PARK,36019100102,,future,Etihad Park
ETIHAD_PARK,36019102800,,future,Etihad Park
ETIHAD_PARK,36019101901,,future,Etihad Park
ETIHAD_PARK,36019100101,,future,Etihad Park
ETIHAD_PARK,36019103200,,future,Etihad Park
ETIHAD_PARK,36019103900,,future,Etihad Park
ETIHAD_PARK,36019101902,,future,Etihad Park
ETIHAD_PARK,36019103100,,future,Etihad Park
ETIHAD_PARK,36019103000,,future,Etihad Park
ETIHAD_PARK,36019100902,,future,Etihad Park
ETIHAD_PARK,36067005000,,future,Etihad Park
ETIHAD_PARK,36067005100,,future,Etihad Park
ETIHAD_PARK,36093021802,,future,Etihad Park
ETIHAD_PARK,36093031902,,future,Etihad Park
ETIHAD_PARK,36093031901,,future,Etihad Park
ETIHAD_PARK,36093021801,,future,Etihad Park
ETIHAD_PARK,36089491100,,future,Etihad Park
ETIHAD_PARK,36089492900,,future,Etihad Park
ETIHAD_PARK,36089492000,,future,Etihad Park
ETIHAD_PARK,36089491800,,future,Etihad Park
ETIHAD_PARK,36019100901,,future,Etihad Park
ETIHAD_PARK,36059410900,90.0,future,Etihad Park
ETIHAD_PARK,36059411000,109.0,future,Etihad Park
ETIHAD_PARK,36059411100,94.0,future,Etihad Park
ETIHAD_PARK,36059411200,89.0,future,Etihad Park
ETIHAD_PARK,36059411301,,future,Etihad Park
ETIHAD_PARK,36059411302,94.0,future,Etihad Park
ETIHAD_PARK,36059520002,,future,Etihad Park
ETIHAD_PARK,36059520100,,future,Etihad Park
ETIHAD_PARK,36059520200,,future,Etihad Park
ETIHAD_PARK,36059520300,,future,Etihad Park
ETIHAD_PARK,36047114201,83.0,future,Etihad Park
ETIHAD_PARK,36047114600,72.0,future,Etihad Park
ETIHAD_PARK,36047115200,78.0,future,Etihad Park
ETIHAD_PARK,36047115600,79.0,future,Etihad Park
ETIHAD_PARK,36047116000,82.0,future,Etihad Park
ETIHAD_PARK,36047116400,86.0,future,Etihad Park
ETIHAD_PARK,36047117000,73.0,future,Etihad Park
ETIHAD_PARK,36047117201,73.0,future,Etihad Park
ETIHAD_PARK,36047117202,75.0,future,Etihad Park
ETIHAD_PARK,36059520401,,future,Etihad Park
ETIHAD_PARK,36059520501,,future,Etihad Park
ETIHAD_PARK,36059520502,,future,Etihad Park
ETIHAD_PARK,36047117400,70.0,future,Etihad Park
ETIHAD_PARK,36047117800,68.0,future,Etihad Park
ETIHAD_PARK,36047118000,71.0,future,Etihad Park
ETIHAD_PARK,36047118201,66.0,future,Etihad Park
ETIHAD_PARK,36047118202,69.0,future,Etihad Park
ETIHAD_PARK,36047118400,70.0,future,Etihad Park
ETIHAD_PARK,36047118600,74.0,future,Etihad Park
ETIHAD_PARK,36047118800,74.0,future,Etihad Park
ETIHAD_PARK,36047119200,76.0,future,Etihad Park
ETIHAD_PARK,36047119400,83.0,future,Etihad Park
ETIHAD_PARK,36047119600,74.0,future,Etihad Park
ETIHAD_PARK,36047120000,75.0,future,Etihad Park
ETIHAD_PARK,36047120200,71.0,future,Etihad Park
ETIHAD_PARK,36047121000,83.0,future,Etihad Park
ETIHAD_PARK,36081067100,47.0,future,Etihad Park
ETIHAD_PARK,36081053100,57.0,future,Etihad Park
ETIHAD_PARK,36081006201,75.0,future,Etihad Park
ETIHAD_PARK,36081006501,51.0,future,Etihad Park
ETIHAD_PARK,36081018101,29.0,future,Etihad Park
ETIHAD_PARK,36067010500,,future,Etihad Park
ETIHAD_PARK,36067010600,,future,Etihad Park
ETIHAD_PARK,36067010700,,future,Etihad Park
ETIHAD_PARK,36067010800,,future,Etihad Park
ETIHAD_PARK,36067010900,,future,Etihad Park
ETIHAD_PARK,36059404300,77.0,future,Etihad Park
ETIHAD_PARK,36059413001,108.0,future,Etihad Park
ETIHAD_PARK,36059412301,90.0,future,Etihad Park
ETIHAD_PARK,36059408900,,future,Etihad Park
ETIHAD_PARK,36059521400,,future,Etihad Park
ETIHAD_PARK,36059301400,,future,Etihad Park
ETIHAD_PARK,36059521200,103.0,future,Etihad Park
ETIHAD_PARK,36059302700,90.0,future,Etihad Park
ETIHAD_PARK,36059519000,,future,Etihad Park
ETIHAD_PARK,36059300100,,future,Etihad Park
ETIHAD_PARK,36059300300,,future,Etihad Park
ETIHAD_PARK,36047122000,102.0,future,Etihad Park
ETIHAD_PARK,36047013000,93.0,future,Etihad Park
ETIHAD_PARK,36047017000,107.0,future,Etihad Park
ETIHAD_PARK,36047020100,71.0,future,Etihad Park
ETIHAD_PARK,36047022200,88.0,future,Etihad Park
ETIHAD_PARK,36047121400,90.0,future,Etihad Park
ETIHAD_PARK,36047023800,94.0,future,Etihad Park
ETIHAD_PARK,36047024700,70.0,future,Etihad Park
ETIHAD_PARK,36047027300,79.0,future,Etihad Park
ETIHAD_PARK,36047028000,107.0,future,Etihad Park
ETIHAD_PARK,36047032600,111.0,future,Etihad Park
ETIHAD_PARK,36047034700,88.0,future,Etihad Park
ETIHAD_PARK,36047041000,96.0,future,Etihad Park
ETIHAD_PARK,36047048600,84.0,future,Etihad Park
ETIHAD_PARK,36047052500,63.0,future,Etihad Park
ETIHAD_PARK,36067000200,,future,Etihad Park
ETIHAD_PARK,36067001600,,future,Etihad Park
ETIHAD_PARK,36067001701,,future,Etihad Park
ETIHAD_PARK,36067001702,,future,Etihad Park
ETIHAD_PARK,36067001800,,future,Etihad Park
ETIHAD_PARK,36059411400,83.0,future,Etihad Park
ETIHAD_PARK,36059411500,106.0,future,Etihad Park
ETIHAD_PARK,36059411600,,future,Etihad Park
ETIHAD_PARK,36059411700,94.0,future,Etihad Park
ETIHAD_PARK,36059411800,90.0,future,Etihad Park
ETIHAD_PARK,36059411901,82.0,future,Etihad Park
ETIHAD_PARK,36059411902,91.0,future,Etihad Park
ETIHAD_PARK,36047052800,92.0,future,Etihad Park
ETIHAD_PARK,36047053800,93.0,future,Etihad Park
ETIHAD_PARK,36047054200,101.0,future,Etihad Park
ETIHAD_PARK,36047059300,64.0,future,Etihad Park
ETIHAD_PARK,36047064600,111.0,future,Etihad Park
ETIHAD_PARK,36047075200,99.0,future,Etihad Park
ETIHAD_PARK,36047081800,90.0,future,Etihad Park
ETIHAD_PARK,36047102200,95.0,future,Etihad Park
ETIHAD_PARK,36047113400,74.0,future,Etihad Park
ETIHAD_PARK,36047115800,81.0,future,Etihad Park
ETIHAD_PARK,36047116600,80.0,future,Etihad Park
ETIHAD_PARK,36085029106,103.0,future,Etihad Park
ETIHAD_PARK,36085004001,111.0,future,Etihad Park
ETIHAD_PARK,36085005902,,future,Etihad Park
ETIHAD_PARK,36085007001,95.0,future,Etihad Park
ETIHAD_PARK,36067011232,,future,Etihad Park
ETIHAD_PARK,36059301101,,future,Etihad Park
ETIHAD_PARK,36059518201,,future,Etihad Park
ETIHAD_PARK,36059416202,,future,Etihad Park
ETIHAD_PARK,36113070604,,future,Etihad Park
ETIHAD_PARK,36113070802,,future,Etihad Park
ETIHAD_PARK,36113070801,,future,Etihad Park
ETIHAD_PARK,36059300400,,future,Etihad Park
ETIHAD_PARK,36059300500,,future,Etihad Park
ETIHAD_PARK,36059300600,51.0,future,Etihad Park
ETIHAD_PARK,36059300700,40.0,future,Etihad Park
ETIHAD_PARK,36059300800,63.0,future,Etihad Park
ETIHAD_PARK,36059301000,,future,Etihad Park
ETIHAD_PARK,36113070603,,future,Etihad Park
ETIHAD_PARK,36113075002,,future,Etihad Park
ETIHAD_PARK,36113075001,,future,Etihad Park
ETIHAD_PARK,36113072002,,future,Etihad Park
ETIHAD_PARK,36113072001,,future,Etihad Park
ETIHAD_PARK,36059412000,94.0,future,Etihad Park
ETIHAD_PARK,36059412100,103.0,future,Etihad Park
ETIHAD_PARK,36059412200,,future,Etihad Park
ETIHAD_PARK,36059412302,100.0,future,Etihad Park
ETIHAD_PARK,36059412400,91.0,future,Etihad Park
ETIHAD_PARK,36059412600,,future,Etihad Park
ETIHAD_PARK,36059412700,,future,Etihad Park
ETIHAD_PARK,36045061900,,future,Etihad Park
ETIHAD_PARK,36045061600,,future,Etihad Park
ETIHAD_PARK,36045060700,,future,Etihad Park
ETIHAD_PARK,36045061500,,future,Etihad Park
ETIHAD_PARK,36045062500,,future,Etihad Park
ETIHAD_PARK,36045062400,,future,Etihad Park
ETIHAD_PARK,36045061000,,future,Etihad Park
ETIHAD_PARK,36045061700,,future,Etihad Park
ETIHAD_PARK,36045060500,,future,Etihad Park
ETIHAD_PARK,36065026200,,future,Etihad Park
ETIHAD_PARK,36045062100,,future,Etihad Park
ETIHAD_PARK,36045061200,,future,Etihad Park
ETIHAD_PARK,36045061300,,future,Etihad Park
ETIHAD_PARK,36081099703,54.0,future,Etihad Park
ETIHAD_PARK,36081099704,52.0,future,Etihad Park
ETIHAD_PARK,36081099705,65.0,future,Etihad Park
ETIHAD_PARK,36081099801,101.0,future,Etihad Park
ETIHAD_PARK,36121970300,,future,Etihad Park
ETIHAD_PARK,36121971000,,future,Etihad Park
ETIHAD_PARK,36121970100,,future,Etihad Park
ETIHAD_PARK,36121970600,,future,Etihad Park
ETIHAD_PARK,36121970700,,future,Etihad Park
ETIHAD_PARK,36121970800,,future,Etihad Park
ETIHAD_PARK,36121970500,,future,Etihad Park
ETIHAD_PARK,36059301102,,future,Etihad Park
ETIHAD_PARK,36059301200,79.0,future,Etihad Park
ETIHAD_PARK,36059301300,56.0,future,Etihad Park
ETIHAD_PARK,36059301500,55.0,future,Etihad Park
ETIHAD_PARK,36059301600,80.0,future,Etihad Park
ETIHAD_PARK,36059301700,73.0,future,Etihad Park
ETIHAD_PARK,36081075702,40.0,future,Etihad Park
ETIHAD_PARK,36081079701,30.0,future,Etihad Park
ETIHAD_PARK,36081044302,35.0,future,Etihad Park
ETIHAD_PARK,36059301800,73.0,future,Etihad Park
ETIHAD_PARK,36059412800,,future,Etihad Park
ETIHAD_PARK,36059412900,,future,Etihad Park
ETIHAD_PARK,36059413002,116.0,future,Etihad Park
ETIHAD_PARK,36059413100,,future,Etihad Park
ETIHAD_PARK,36059413200,,future,Etihad Park
ETIHAD_PARK,36059413300,,future,Etihad Park
ETIHAD_PARK,36059413400,,future,Etihad Park
ETIHAD_PARK,36081129103,68.0,future,Etihad Park
ETIHAD_PARK,36081129104,58.0,future,Etihad Park
ETIHAD_PARK,36081071303,41.0,future,Etihad Park
ETIHAD_PARK,36081071304,45.0,future,Etihad Park
ETIHAD_PARK,36081071305,41.0,future,Etihad Park
ETIHAD_PARK,36081071701,40.0,future,Etihad Park
ETIHAD_PARK,36081071702,43.0,future,Etihad Park
ETIHAD_PARK,36081075701,39.0,future,Etihad Park
ETIHAD_PARK,36081093401,106.0,future,Etihad Park
ETIHAD_PARK,36081093402,108.0,future,Etihad Park
ETIHAD_PARK,36081038301,15.0,future,Etihad Park
ETIHAD_PARK,36029006702,,future,Etihad Park
ETIHAD_PARK,36029009106,,future,Etihad Park
ETIHAD_PARK,36029009109,,future,Etihad Park
ETIHAD_PARK,36055015101,,future,Etihad Park
ETIHAD_PARK,36055015102,,future,Etihad Park
ETIHAD_PARK,36055015200,,future,Etihad Park
ETIHAD_PARK,36071014201,,future,Etihad Park
ETIHAD_PARK,36071014202,,future,Etihad Park
ETIHAD_PARK,36077591000,,future,Etihad Park
ETIHAD_PARK,36077591500,,future,Etihad Park
ETIHAD_PARK,36077590500,,future,Etihad Park
ETIHAD_PARK,36077590800,,future,Etihad Park
ETIHAD_PARK,36077590900,,future,Etihad Park
ETIHAD_PARK,36121971100,,future,Etihad Park
ETIHAD_PARK,36121970400,,future,Etihad Park
ETIHAD_PARK,36121970900,,future,Etihad Park
ETIHAD_PARK,36059301900,,future,Etihad Park
ETIHAD_PARK,36027070301,,future,Etihad Park
ETIHAD_PARK,36027090000,,future,Etihad Park
ETIHAD_PARK,36059302000,,future,Etihad Park
ETIHAD_PARK,36059302101,,future,Etihad Park
ETIHAD_PARK,36059302102,,future,Etihad Park
ETIHAD_PARK,36059302200,,future,Etihad Park
ETIHAD_PARK,36059302300,,future,Etihad Park
ETIHAD_PARK,36027100000,,future,Etihad Park
ETIHAD_PARK,36071012700,,future,Etihad Park
ETIHAD_PARK,36061021303,68.0,future,Etihad Park
ETIHAD_PARK,36061023100,66.0,future,Etihad Park
ETIHAD_PARK,36061023802,58.0,future,Etihad Park
ETIHAD_PARK,36061031704,72.0,future,Etihad Park
ETIHAD_PARK,36055015400,,future,Etihad Park
ETIHAD_PARK,36071000200,,future,Etihad Park
ETIHAD_PARK,36071013900,,future,Etihad Park
ETIHAD_PARK,36071013100,,future,Etihad Park
ETIHAD_PARK,36071001100,,future,Etihad Park
ETIHAD_PARK,36071014400,,future,Etihad Park
ETIHAD_PARK,36071010300,,future,Etihad Park
ETIHAD_PARK,36071000400,,future,Etihad Park
ETIHAD_PARK,36071013400,,future,Etihad Park
ETIHAD_PARK,36071011000,,future,Etihad Park
ETIHAD_PARK,36071011900,,future,Etihad Park
ETIHAD_PARK,36071000100,,future,Etihad Park
ETIHAD_PARK,36087010601,,future,Etihad Park
ETIHAD_PARK,36029014209,,future,Etihad Park
ETIHAD_PARK,36001014614,,future,Etihad Park
ETIHAD_PARK,36069050101,,future,Etihad Park
ETIHAD_PARK,36069050601,,future,Etihad Park
ETIHAD_PARK,36071000600,,future,Etihad Park
ETIHAD_PARK,36071001200,,future,Etihad Park
ETIHAD_PARK,36071001300,,future,Etihad Park
ETIHAD_PARK,36071001500,,future,Etihad Park
ETIHAD_PARK,36071014301,,future,Etihad Park
ETIHAD_PARK,36071014900,,future,Etihad Park
ETIHAD_PARK,36091061301,,future,Etihad Park
ETIHAD_PARK,36091060901,,future,Etihad Park
ETIHAD_PARK,36091061702,,future,Etihad Park
ETIHAD_PARK,36091062505,,future,Etihad Park
ETIHAD_PARK,36091062800,,future,Etihad Park
ETIHAD_PARK,36091062602,,future,Etihad Park
ETIHAD_PARK,36029004002,,future,Etihad Park
ETIHAD_PARK,36029003502,,future,Etihad Park
ETIHAD_PARK,36029003501,,future,Etihad Park
ETIHAD_PARK,36029001404,,future,Etihad Park
ETIHAD_PARK,36029001403,,future,Etihad Park
ETIHAD_PARK,36029007305,,future,Etihad Park
ETIHAD_PARK,36029002704,,future,Etihad Park
ETIHAD_PARK,36029002802,,future,Etihad Park
ETIHAD_PARK,36063024600,,future,Etihad Park
ETIHAD_PARK,36111955400,,future,Etihad Park
ETIHAD_PARK,36029016300,,future,Etihad Park
ETIHAD_PARK,36029017400,,future,Etihad Park
ETIHAD_PARK,36069051700,,future,Etihad Park
ETIHAD_PARK,36071002100,,future,Etihad Park
ETIHAD_PARK,36071002200,,future,Etihad Park
ETIHAD_PARK,36071002300,,future,Etihad Park
ETIHAD_PARK,36069051900,,future,Etihad Park
ETIHAD_PARK,36069051400,,future,Etihad Park
ETIHAD_PARK,36103200901,,future,Etihad Park
ETIHAD_PARK,36045060803,,future,Etihad Park
ETIHAD_PARK,36067004301,,future,Etihad Park
ETIHAD_PARK,36119981000,,future,Etihad Park
ETIHAD_PARK,36119983000,,future,Etihad Park
ETIHAD_PARK,36119984000,,future,Etihad Park
ETIHAD_PARK,36119985000,,future,Etihad Park
ETIHAD_PARK,36119014903,,future,Etihad Park
ETIHAD_PARK,36119014909,,future,Etihad Park
ETIHAD_PARK,36103147004,,future,Etihad Park
ETIHAD_PARK,36103159509,,future,Etihad Park
ETIHAD_PARK,36103169703,,future,Etihad Park
ETIHAD_PARK,36103159510,,future,Etihad Park
ETIHAD_PARK,36103135208,,future,Etihad Park
ETIHAD_PARK,36103147003,,future,Etihad Park
ETIHAD_PARK,36113070702,,future,Etihad Park
ETIHAD_PARK,36019102200,,future,Etihad Park
ETIHAD_PARK,36019102100,,future,Etihad Park
ETIHAD_PARK,36103158011,,future,Etihad Park
ETIHAD_PARK,36103158010,,future,Etihad Park
ETIHAD_PARK,36103158410,,future,Etihad Park
ETIHAD_PARK,36029990000,,future,Etihad Park
ETIHAD_PARK,36029009115,,future,Etihad Park
ETIHAD_PARK,36029009009,,future,Etihad Park
ETIHAD_PARK,36029009116,,future,Etihad Park
ETIHAD_PARK,36029017502,,future,Etihad Park
ETIHAD_PARK,36029016200,,future,Etihad Park
ETIHAD_PARK,36103158409,,future,Etihad Park
ETIHAD_PARK,36103190503,,future,Etihad Park
ETIHAD_PARK,36103190604,,future,Etihad Park
ETIHAD_PARK,36103190603,,future,Etihad Park
ETIHAD_PARK,36103158322,,future,Etihad Park
ETIHAD_PARK,36103159411,,future,Etihad Park
ETIHAD_PARK,36103159511,,future,Etihad Park
ETIHAD_PARK,36103146106,,future,Etihad Park
ETIHAD_PARK,36009960500,,future,Etihad Park
ETIHAD_PARK,36009961100,,future,Etihad Park
ETIHAD_PARK,36009960100,,future,Etihad Park
ETIHAD_PARK,36009960600,,future,Etihad Park
ETIHAD_PARK,36009961400,,future,Etihad Park
ETIHAD_PARK,36009960400,,future,Etihad Park
ETIHAD_PARK,36009960200,,future,Etihad Park
ETIHAD_PARK,36009960800,,future,Etihad Park
ETIHAD_PARK,36009940200,,future,Etihad Park
ETIHAD_PARK,36009960300,,future,Etihad Park
ETIHAD_PARK,36055011304,,future,Etihad Park
ETIHAD_PARK,36055011904,,future,Etihad Park
ETIHAD_PARK,36055011903,,future,Etihad Park
ETIHAD_PARK,36055009403,,future,Etihad Park
ETIHAD_PARK,36055011507,,future,Etihad Park
ETIHAD_PARK,36091060400,,future,Etihad Park
ETIHAD_PARK,36091062406,,future,Etihad Park
ETIHAD_PARK,36055013003,,future,Etihad Park
ETIHAD_PARK,36055011709,,future,Etihad Park
ETIHAD_PARK,36055013510,,future,Etihad Park
ETIHAD_PARK,36055013509,,future,Etihad Park
ETIHAD_PARK,36091062508,,future,Etihad Park
ETIHAD_PARK,36055008801,,future,Etihad Park
ETIHAD_PARK,36055011401,,future,Etihad Park
ETIHAD_PARK,36055013005,,future,Etihad Park
ETIHAD_PARK,36055013208,,future,Etihad Park
ETIHAD_PARK,36055009404,,future,Etihad Park
ETIHAD_PARK,36055009401,,future,Etihad Park
ETIHAD_PARK,36055013004,,future,Etihad Park
ETIHAD_PARK,36055012308,,future,Etihad Park
ETIHAD_PARK,36007013800,,future,Etihad Park
ETIHAD_PARK,36007014000,,future,Etihad Park
ETIHAD_PARK,36007014100,,future,Etihad Park
ETIHAD_PARK,36007014200,,future,Etihad Park
ETIHAD_PARK,36007014302,,future,Etihad Park
ETIHAD_PARK,36007012202,,future,Etihad Park
ETIHAD_PARK,36007013304,,future,Etihad Park
ETIHAD_PARK,36009940000,,future,Etihad Park
ETIHAD_PARK,36007014600,,future,Etihad Park
ETIHAD_PARK,36009961200,,future,Etihad Park
ETIHAD_PARK,36043010502,,future,Etihad Park
ETIHAD_PARK,36027020004,,future,Etihad Park
ETIHAD_PARK,36027080202,,future,Etihad Park
ETIHAD_PARK,36027110004,,future,Etihad Park
ETIHAD_PARK,36027160005,,future,Etihad Park
ETIHAD_PARK,36027190402,,future,Etihad Park
ETIHAD_PARK,36027190401,,future,Etihad Park
ETIHAD_PARK,36027150005,,future,Etihad Park
ETIHAD_PARK,36027640001,,future,Etihad Park
ETIHAD_PARK,36027110005,,future,Etihad Park
ETIHAD_PARK,36027200002,,future,Etihad Park
ETIHAD_PARK,36027020003,,future,Etihad Park
ETIHAD_PARK,36027220201,,future,Etihad Park
ETIHAD_PARK,36071010102,,future,Etihad Park
ETIHAD_PARK,36067002901,,future,Etihad Park
ETIHAD_PARK,36001014615,,future,Etihad Park
ETIHAD_PARK,36001013507,,future,Etihad Park
ETIHAD_PARK,36009961500,,future,Etihad Park
ETIHAD_PARK,36009961600,,future,Etihad Park
ETIHAD_PARK,36009961700,,future,Etihad Park
ETIHAD_PARK,36009961800,,future,Etihad Park
ETIHAD_PARK,36009961000,,future,Etihad Park
ETIHAD_PARK,36005018102,74.0,future,Etihad Park
ETIHAD_PARK,36005020502,86.0,future,Etihad Park
ETIHAD_PARK,36005022101,70.0,future,Etihad Park
ETIHAD_PARK,36005024501,82.0,future,Etihad Park
ETIHAD_PARK,36005027401,71.0,future,Etihad Park
ETIHAD_PARK,36005029302,98.0,future,Etihad Park
ETIHAD_PARK,36005038301,79.0,future,Etihad Park
ETIHAD_PARK,36005040501,84.0,future,Etihad Park
ETIHAD_PARK,36005032600,87.0,future,Etihad Park
ETIHAD_PARK,36055013207,,future,Etihad Park
ETIHAD_PARK,36005005002,73.0,future,Etihad Park
ETIHAD_PARK,36005012901,72.0,future,Etihad Park
ETIHAD_PARK,36005015200,71.0,future,Etihad Park
ETIHAD_PARK,36005014702,85.0,future,Etihad Park
ETIHAD_PARK,36005017701,80.0,future,Etihad Park
ETIHAD_PARK,36005017702,78.0,future,Etihad Park
ETIHAD_PARK,36005017902,75.0,future,Etihad Park
ETIHAD_PARK,36005018101,76.0,future,Etihad Park
ETIHAD_PARK,36005018302,73.0,future,Etihad Park
ETIHAD_PARK,36005020501,87.0,future,Etihad Park
ETIHAD_PARK,36055012307,,future,Etihad Park
ETIHAD_PARK,36005021001,71.0,future,Etihad Park
ETIHAD_PARK,36005021002,71.0,future,Etihad Park
ETIHAD_PARK,36005022403,80.0,future,Etihad Park
ETIHAD_PARK,36005024502,80.0,future,Etihad Park
ETIHAD_PARK,36005026701,81.0,future,Etihad Park
ETIHAD_PARK,36005027402,82.0,future,Etihad Park
ETIHAD_PARK,36005029301,115.0,future,Etihad Park
ETIHAD_PARK,36005030900,,future,Etihad Park
ETIHAD_PARK,36005033202,84.0,future,Etihad Park
ETIHAD_PARK,36055011209,,future,Etihad Park
ETIHAD_PARK,36005040502,88.0,future,Etihad Park
ETIHAD_PARK,36005020000,73.0,future,Etihad Park
ETIHAD_PARK,36005033500,106.0,future,Etihad Park
ETIHAD_PARK,36005033700,110.0,future,Etihad Park
ETIHAD_PARK,36005034800,96.0,future,Etihad Park
ETIHAD_PARK,36005036000,88.0,future,Etihad Park
ETIHAD_PARK,36005039500,85.0,future,Etihad Park
ETIHAD_PARK,36075020704,,future,Etihad Park
ETIHAD_PARK,36005043400,91.0,future,Etihad Park
ETIHAD_PARK,36005044400,99.0,future,Etihad Park
ETIHAD_PARK,36005004200,75.0,future,Etihad Park
ETIHAD_PARK,36005005100,60.0,future,Etihad Park
ETIHAD_PARK,36005009600,68.0,future,Etihad Park
ETIHAD_PARK,36005020900,70.0,future,Etihad Park
ETIHAD_PARK,36005022200,68.0,future,Etihad Park
ETIHAD_PARK,36005023800,79.0,future,Etihad Park
ETIHAD_PARK,36005037504,80.0,future,Etihad Park
ETIHAD_PARK,36005045600,100.0,future,Etihad Park
ETIHAD_PARK,36005005300,90.0,future,Etihad Park
ETIHAD_PARK,36059990400,,future,Etihad Park
ETIHAD_PARK,36059304203,,future,Etihad Park
ETIHAD_PARK,36059304204,107.0,future,Etihad Park
ETIHAD_PARK,36059406701,119.0,future,Etihad Park
ETIHAD_PARK,36059406702,,future,Etihad Park
ETIHAD_PARK,36059406802,,future,Etihad Park
ETIHAD_PARK,36059414303,109.0,future,Etihad Park
ETIHAD_PARK,36059414304,95.0,future,Etihad Park
ETIHAD_PARK,36059406801,,future,Etihad Park
ETIHAD_PARK,36069051200,,future,Etihad Park
ETIHAD_PARK,36069052200,,future,Etihad Park
ETIHAD_PARK,36069050800,,future,Etihad Park
ETIHAD_PARK,36069050302,,future,Etihad Park
ETIHAD_PARK,36091060200,,future,Etihad Park
ETIHAD_PARK,36091062404,,future,Etihad Park
ETIHAD_PARK,36091060501,,future,Etihad Park
ETIHAD_PARK,36091060102,,future,Etihad Park
ETIHAD_PARK,36069050900,,future,Etihad Park
ETIHAD_PARK,36061012602,48.0,future,Etihad Park
ETIHAD_PARK,36061015301,56.0,future,Etihad Park
ETIHAD_PARK,36061012601,49.0,future,Etihad Park
ETIHAD_PARK,36061010801,44.0,future,Etihad Park
ETIHAD_PARK,36061009903,55.0,future,Etihad Park
ETIHAD_PARK,36061023804,47.0,future,Etihad Park
ETIHAD_PARK,36061023803,45.0,future,Etihad Park
ETIHAD_PARK,36061015102,71.0,future,Etihad Park
ETIHAD_PARK,36061015502,71.0,future,Etihad Park
ETIHAD_PARK,36061015401,53.0,future,Etihad Park
ETIHAD_PARK,36061004002,57.0,future,Etihad Park
ETIHAD_PARK,36061002902,63.0,future,Etihad Park
ETIHAD_PARK,36061013603,60.0,future,Etihad Park
ETIHAD_PARK,36061013201,61.0,future,Etihad Park
ETIHAD_PARK,36061013202,61.0,future,Etihad Park
ETIHAD_PARK,36061013601,67.0,future,Etihad Park
ETIHAD_PARK,36061013501,64.0,future,Etihad Park
ETIHAD_PARK,36069051600,,future,Etihad Park
ETIHAD_PARK,36061015101,61.0,future,Etihad Park
ETIHAD_PARK,36061012901,59.0,future,Etihad Park
ETIHAD_PARK,36061009901,65.0,future,Etihad Park
ETIHAD_PARK,36061013502,65.0,future,Etihad Park
ETIHAD_PARK,36061009902,62.0,future,Etihad Park
ETIHAD_PARK,36061012902,67.0,future,Etihad Park
ETIHAD_PARK,36061007001,57.0,future,Etihad Park
ETIHAD_PARK,36061015302,55.0,future,Etihad Park
ETIHAD_PARK,36061002901,57.0,future,Etihad Park
ETIHAD_PARK,36061007002,54.0,future,Etihad Park
ETIHAD_PARK,36061012102,56.0,future,Etihad Park
ETIHAD_PARK,36061015501,60.0,future,Etihad Park
ETIHAD_PARK,36055011506,,future,Etihad Park
ETIHAD_PARK,36055011402,,future,Etihad Park
ETIHAD_PARK,36055003807,,future,Etihad Park
ETIHAD_PARK,36055014805,,future,Etihad Park
ETIHAD_PARK,36055009402,,future,Etihad Park
ETIHAD_PARK,36055011710,,future,Etihad Park
ETIHAD_PARK,36055014205,,future,Etihad Park
ETIHAD_PARK,36055014206,,future,Etihad Park
ETIHAD_PARK,36029004702,,future,Etihad Park
ETIHAD_PARK,36029004701,,future,Etihad Park
ETIHAD_PARK,36029012904,,future,Etihad Park
ETIHAD_PARK,36029007103,,future,Etihad Park
ETIHAD_PARK,36029011202,,future,Etihad Park
ETIHAD_PARK,36029009504,,future,Etihad Park
ETIHAD_PARK,36029013104,,future,Etihad Park
ETIHAD_PARK,36029980300,,future,Etihad Park
ETIHAD_PARK,36029013103,,future,Etihad Park
ETIHAD_PARK,36029014606,,future,Etihad Park
ETIHAD_PARK,36029007306,,future,Etihad Park
ETIHAD_PARK,36029009503,,future,Etihad Park
ETIHAD_PARK,36029980000,,future,Etihad Park
ETIHAD_PARK,36029980400,,future,Etihad Park
ETIHAD_PARK,36029006904,,future,Etihad Park
ETIHAD_PARK,36029006903,,future,Etihad Park
ETIHAD_PARK,36055013006,,future,Etihad Park
ETIHAD_PARK,36055003806,,future,Etihad Park
ETIHAD_PARK,36055003102,,future,Etihad Park
ETIHAD_PARK,36055011303,,future,Etihad Park
ETIHAD_PARK,36055011403,,future,Etihad Park
ETIHAD_PARK,36055003101,,future,Etihad Park
ETIHAD_PARK,36055014806,,future,Etihad Park
ETIHAD_PARK,36055011210,,future,Etihad Park
ETIHAD_PARK,36103122406,,future,Etihad Park
ETIHAD_PARK,36103122501,,future,Etihad Park
ETIHAD_PARK,36103122502,,future,Etihad Park
ETIHAD_PARK,36103122603,,future,Etihad Park
ETIHAD_PARK,36103122704,,future,Etihad Park
ETIHAD_PARK,36103122705,,future,Etihad Park
ETIHAD_PARK,36103122707,,future,Etihad Park
ETIHAD_PARK,36103122801,,future,Etihad Park
ETIHAD_PARK,36103122802,,future,Etihad Park
ETIHAD_PARK,36101961100,,future,Etihad Park
ETIHAD_PARK,36101961200,,future,Etihad Park
ETIHAD_PARK,36101961400,,future,Etihad Park
ETIHAD_PARK,36101961500,,future,Etihad Park
ETIHAD_PARK,36101961600,,future,Etihad Park
ETIHAD_PARK,36103158711,,future,Etihad Park
ETIHAD_PARK,36103158712,,future,Etihad Park
ETIHAD_PARK,36103158802,,future,Etihad Park
ETIHAD_PARK,36103158803,,future,Etihad Park
ETIHAD_PARK,36103159000,,future,Etihad Park
ETIHAD_PARK,36103146800,,future,Etihad Park
ETIHAD_PARK,36103123801,,future,Etihad Park
ETIHAD_PARK,36103124401,,future,Etihad Park
ETIHAD_PARK,36103122706,,future,Etihad Park
ETIHAD_PARK,36103159107,,future,Etihad Park
ETIHAD_PARK,36103111803,,future,Etihad Park
ETIHAD_PARK,36103122405,,future,Etihad Park
ETIHAD_PARK,36103158001,,future,Etihad Park
ETIHAD_PARK,36103123001,,future,Etihad Park
ETIHAD_PARK,36103122901,,future,Etihad Park
ETIHAD_PARK,36103123002,,future,Etihad Park
ETIHAD_PARK,36103122902,,future,Etihad Park
ETIHAD_PARK,36103123101,,future,Etihad Park
ETIHAD_PARK,36103123102,,future,Etihad Park
ETIHAD_PARK,36103123201,,future,Etihad Park
ETIHAD_PARK,36013030100,,future,Etihad Park
ETIHAD_PARK,36013030200,,future,Etihad Park
ETIHAD_PARK,36071010601,,future,Etihad Park
ETIHAD_PARK,36071014801,,future,Etihad Park
ETIHAD_PARK,36071014601,,future,Etihad Park
ETIHAD_PARK,36071013302,,future,Etihad Park
ETIHAD_PARK,36071010702,,future,Etihad Park
ETIHAD_PARK,36071010701,,future,Etihad Park
ETIHAD_PARK,36071014802,,future,Etihad Park
ETIHAD_PARK,36071010502,,future,Etihad Park
ETIHAD_PARK,36071015201,,future,Etihad Park
ETIHAD_PARK,36071011301,,future,Etihad Park
ETIHAD_PARK,36071010501,,future,Etihad Park
ETIHAD_PARK,36071015203,,future,Etihad Park
ETIHAD_PARK,36071015009,,future,Etihad Park
ETIHAD_PARK,36071015007,,future,Etihad Park
ETIHAD_PARK,36071010602,,future,Etihad Park
ETIHAD_PARK,36071013301,,future,Etihad Park
ETIHAD_PARK,36071011302,,future,Etihad Park
ETIHAD_PARK,36071001601,,future,Etihad Park
ETIHAD_PARK,36071015202,,future,Etihad Park
ETIHAD_PARK,36071014602,,future,Etihad Park
ETIHAD_PARK,36071001602,,future,Etihad Park
ETIHAD_PARK,36071000302,,future,Etihad Park
ETIHAD_PARK,36071000301,,future,Etihad Park
ETIHAD_PARK,36071015008,,future,Etihad Park
ETIHAD_PARK,36071015010,,future,Etihad Park
ETIHAD_PARK,36031960100,,future,Etihad Park
ETIHAD_PARK,36031961400,,future,Etihad Park
ETIHAD_PARK,36031960300,,future,Etihad Park
ETIHAD_PARK,36031960200,,future,Etihad Park
ETIHAD_PARK,36013030300,,future,Etihad Park
ETIHAD_PARK,36013030400,,future,Etihad Park
ETIHAD_PARK,36013030500,,future,Etihad Park
ETIHAD_PARK,36013030700,,future,Etihad Park
ETIHAD_PARK,36043010100,,future,Etihad Park
ETIHAD_PARK,36101961800,,future,Etihad Park
ETIHAD_PARK,36101961900,,future,Etihad Park
ETIHAD_PARK,36101962000,,future,Etihad Park
ETIHAD_PARK,36101962100,,future,Etihad Park
ETIHAD_PARK,36101962200,,future,Etihad Park
ETIHAD_PARK,36103159103,,future,Etihad Park
ETIHAD_PARK,36103159106,,future,Etihad Park
ETIHAD_PARK,36103159108,,future,Etihad Park
ETIHAD_PARK,36103159201,,future,Etihad Park
ETIHAD_PARK,36103159203,,future,Etihad Park
ETIHAD_PARK,36103146703,,future,Etihad Park
ETIHAD_PARK,36013030800,,future,Etihad Park
ETIHAD_PARK,36103158609,,future,Etihad Park
ETIHAD_PARK,36103123802,,future,Etihad Park
ETIHAD_PARK,36103147701,,future,Etihad Park
ETIHAD_PARK,36103122602,,future,Etihad Park
ETIHAD_PARK,36103158710,,future,Etihad Park
ETIHAD_PARK,36103145807,,future,Etihad Park
ETIHAD_PARK,36103123401,,future,Etihad Park
ETIHAD_PARK,36103123500,106.0,future,Etihad Park
ETIHAD_PARK,36103123701,113.0,future,Etihad Park
ETIHAD_PARK,36013035600,,future,Etihad Park
ETIHAD_PARK,36013035700,,future,Etihad Park
ETIHAD_PARK,36103158103,,future,Etihad Park
ETIHAD_PARK,36103158107,,future,Etihad Park
ETIHAD_PARK,36103158108,,future,Etihad Park
ETIHAD_PARK,36039080700,,future,Etihad Park
ETIHAD_PARK,36039080600,,future,Etihad Park
ETIHAD_PARK,36039080900,,future,Etihad Park
ETIHAD_PARK,36013035400,,future,Etihad Park
ETIHAD_PARK,36013035500,,future,Etihad Park
ETIHAD_PARK,36039080800,,future,Etihad Park
ETIHAD_PARK,36063022902,,future,Etihad Park
ETIHAD_PARK,36063022901,,future,Etihad Park
ETIHAD_PARK,36103159204,,future,Etihad Park
ETIHAD_PARK,36103159300,,future,Etihad Park
ETIHAD_PARK,36103159406,,future,Etihad Park
ETIHAD_PARK,36103146002,,future,Etihad Park
ETIHAD_PARK,36103158318,,future,Etihad Park
ETIHAD_PARK,36103158708,,future,Etihad Park
ETIHAD_PARK,36103158607,,future,Etihad Park
ETIHAD_PARK,36103190706,,future,Etihad Park
ETIHAD_PARK,36103111801,,future,Etihad Park
ETIHAD_PARK,36103147402,,future,Etihad Park
ETIHAD_PARK,36103158707,,future,Etihad Park
ETIHAD_PARK,36103123900,,future,Etihad Park
ETIHAD_PARK,36103124001,,future,Etihad Park
ETIHAD_PARK,36103124002,,future,Etihad Park
ETIHAD_PARK,36103124101,,future,Etihad Park
ETIHAD_PARK,36103124102,,future,Etihad Park
ETIHAD_PARK,36103124200,,future,Etihad Park
ETIHAD_PARK,36103124402,,future,Etihad Park
ETIHAD_PARK,36103124500,,future,Etihad Park
ETIHAD_PARK,36103124601,,future,Etihad Park
ETIHAD_PARK,36101962400,,future,Etihad Park
ETIHAD_PARK,36101962500,,future,Etihad Park
ETIHAD_PARK,36101962700,,future,Etihad Park
ETIHAD_PARK,36101962900,,future,Etihad Park
ETIHAD_PARK,36101963000,,future,Etihad Park
ETIHAD_PARK,36077590202,,future,Etihad Park
ETIHAD_PARK,36077590201,,future,Etihad Park
ETIHAD_PARK,36013036000,,future,Etihad Park
ETIHAD_PARK,36013035901,,future,Etihad Park
ETIHAD_PARK,36013990000,,future,Etihad Park
ETIHAD_PARK,36013035902,,future,Etihad Park
ETIHAD_PARK,36013036100,,future,Etihad Park
ETIHAD_PARK,36013037100,,future,Etihad Park
ETIHAD_PARK,36013030600,,future,Etihad Park
ETIHAD_PARK,36103158111,,future,Etihad Park
ETIHAD_PARK,36103158112,,future,Etihad Park
ETIHAD_PARK,36103158114,,future,Etihad Park
ETIHAD_PARK,36103159407,,future,Etihad Park
ETIHAD_PARK,36103159408,,future,Etihad Park
ETIHAD_PARK,36073040801,,future,Etihad Park
ETIHAD_PARK,36073040802,,future,Etihad Park
ETIHAD_PARK,36073401300,,future,Etihad Park
ETIHAD_PARK,36073401200,,future,Etihad Park
ETIHAD_PARK,36103134704,,future,Etihad Park
ETIHAD_PARK,36103135205,,future,Etihad Park
ETIHAD_PARK,36103146205,,future,Etihad Park
ETIHAD_PARK,36103158009,,future,Etihad Park
ETIHAD_PARK,36103158310,,future,Etihad Park
ETIHAD_PARK,36103158606,,future,Etihad Park
ETIHAD_PARK,36103110101,,future,Etihad Park
ETIHAD_PARK,36103124602,,future,Etihad Park
ETIHAD_PARK,36091062506,,future,Etihad Park
ETIHAD_PARK,36103159410,,future,Etihad Park
ETIHAD_PARK,36103134702,,future,Etihad Park
ETIHAD_PARK,36103134703,,future,Etihad Park
ETIHAD_PARK,36103134902,,future,Etihad Park
ETIHAD_PARK,36103134906,,future,Etihad Park
ETIHAD_PARK,36091061403,,future,Etihad Park
ETIHAD_PARK,36113070701,,future,Etihad Park
ETIHAD_PARK,36103159602,,future,Etihad Park
ETIHAD_PARK,36103169701,,future,Etihad Park
ETIHAD_PARK,36103110200,,future,Etihad Park
ETIHAD_PARK,36103110300,,future,Etihad Park
ETIHAD_PARK,36103110401,,future,Etihad Park
ETIHAD_PARK,36103110402,,future,Etihad Park
ETIHAD_PARK,36103110501,,future,Etihad Park
ETIHAD_PARK,36103134907,,future,Etihad Park
ETIHAD_PARK,36103135002,,future,Etihad Park
ETIHAD_PARK,36103135003,,future,Etihad Park
ETIHAD_PARK,36103135004,,future,Etihad Park
ETIHAD_PARK,36103135005,,future,Etihad Park
ETIHAD_PARK,36103135101,,future,Etihad Park
ETIHAD_PARK,36029007304,,future,Etihad Park
ETIHAD_PARK,36029007700,,future,Etihad Park
ETIHAD_PARK,36029007800,,future,Etihad Park
ETIHAD_PARK,36029007901,,future,Etihad Park
ETIHAD_PARK,36029007303,,future,Etihad Park
ETIHAD_PARK,36103169800,,future,Etihad Park
ETIHAD_PARK,36085014604,,future,Etihad Park
ETIHAD_PARK,36103170101,,future,Etihad Park
ETIHAD_PARK,36103110502,,future,Etihad Park
ETIHAD_PARK,36103110801,,future,Etihad Park
ETIHAD_PARK,36103110803,,future,Etihad Park
ETIHAD_PARK,36103110901,,future,Etihad Park
ETIHAD_PARK,36103110902,,future,Etihad Park
ETIHAD_PARK,36103111001,,future,Etihad Park
ETIHAD_PARK,36103135102,,future,Etihad Park
ETIHAD_PARK,36103135103,,future,Etihad Park
ETIHAD_PARK,36103135104,,future,Etihad Park
ETIHAD_PARK,36103135201,,future,Etihad Park
ETIHAD_PARK,36029007000,,future,Etihad Park
ETIHAD_PARK,36029007102,,future,Etihad Park
ETIHAD_PARK,36029007902,,future,Etihad Park
ETIHAD_PARK,36029008600,,future,Etihad Park
ETIHAD_PARK,36029008700,,future,Etihad Park
ETIHAD_PARK,36029009402,,future,Etihad Park
ETIHAD_PARK,36029013101,,future,Etihad Park
ETIHAD_PARK,36029008900,,future,Etihad Park
ETIHAD_PARK,36103180300,,future,Etihad Park
ETIHAD_PARK,36103190403,,future,Etihad Park
ETIHAD_PARK,36103190502,,future,Etihad Park
ETIHAD_PARK,36103111002,,future,Etihad Park
ETIHAD_PARK,36103111201,,future,Etihad Park
ETIHAD_PARK,36103111202,,future,Etihad Park
ETIHAD_PARK,36103111300,,future,Etihad Park
ETIHAD_PARK,36103111401,,future,Etihad Park
ETIHAD_PARK,36085024800,,future,Etihad Park
ETIHAD_PARK,36103146607,,future,Etihad Park
ETIHAD_PARK,36103146611,,future,Etihad Park
ETIHAD_PARK,36103146612,,future,Etihad Park
ETIHAD_PARK,36029007202,,future,Etihad Park
ETIHAD_PARK,36103135303,,future,Etihad Park
ETIHAD_PARK,36103135401,,future,Etihad Park
ETIHAD_PARK,36085025100,117.0,future,Etihad Park
ETIHAD_PARK,36085027301,,future,Etihad Park
ETIHAD_PARK,36085027702,107.0,future,Etihad Park
ETIHAD_PARK,36085027900,,future,Etihad Park
ETIHAD_PARK,36085029102,,future,Etihad Park
ETIHAD_PARK,36085030301,102.0,future,Etihad Park
ETIHAD_PARK,36085031901,,future,Etihad Park
ETIHAD_PARK,36103146613,,future,Etihad Park
ETIHAD_PARK,36103146614,,future,Etihad Park
ETIHAD_PARK,36103146704,,future,Etihad Park
ETIHAD_PARK,36103146705,,future,Etihad Park
ETIHAD_PARK,36103146706,,future,Etihad Park
ETIHAD_PARK,36103146901,,future,Etihad Park
ETIHAD_PARK,36103147902,,future,Etihad Park
ETIHAD_PARK,36029007904,,future,Etihad Park
ETIHAD_PARK,36029007905,,future,Etihad Park
ETIHAD_PARK,36029008001,,future,Etihad Park
ETIHAD_PARK,36029008002,,future,Etihad Park
ETIHAD_PARK,36103158116,,future,Etihad Park
ETIHAD_PARK,36029008003,,future,Etihad Park
ETIHAD_PARK,36029008101,,future,Etihad Park
ETIHAD_PARK,36029008102,,future,Etihad Park
ETIHAD_PARK,36029008201,,future,Etihad Park
ETIHAD_PARK,36029008202,,future,Etihad Park
ETIHAD_PARK,36029008300,,future,Etihad Park
ETIHAD_PARK,36103158309,,future,Etihad Park
ETIHAD_PARK,36103158511,,future,Etihad Park
ETIHAD_PARK,36103158512,,future,Etihad Park
ETIHAD_PARK,36103158604,,future,Etihad Park
ETIHAD_PARK,36103158605,,future,Etihad Park
ETIHAD_PARK,36103158608,,future,Etihad Park
ETIHAD_PARK,36103158705,,future,Etihad Park
ETIHAD_PARK,36103190708,,future,Etihad Park
ETIHAD_PARK,36103111402,,future,Etihad Park
ETIHAD_PARK,36103111503,,future,Etihad Park
ETIHAD_PARK,36029013802,,future,Etihad Park
ETIHAD_PARK,36029004902,,future,Etihad Park
ETIHAD_PARK,36029004901,,future,Etihad Park
ETIHAD_PARK,36029016801,,future,Etihad Park
ETIHAD_PARK,36029014704,,future,Etihad Park
ETIHAD_PARK,36029014804,,future,Etihad Park
ETIHAD_PARK,36029007104,,future,Etihad Park
ETIHAD_PARK,36029006802,,future,Etihad Park
ETIHAD_PARK,36103122300,,future,Etihad Park
ETIHAD_PARK,36103111504,,future,Etihad Park
ETIHAD_PARK,36103135402,,future,Etihad Park
ETIHAD_PARK,36103135403,,future,Etihad Park
ETIHAD_PARK,36103145602,,future,Etihad Park
ETIHAD_PARK,36103145603,,future,Etihad Park
ETIHAD_PARK,36103146902,,future,Etihad Park
ETIHAD_PARK,36103145604,,future,Etihad Park
ETIHAD_PARK,36103145605,,future,Etihad Park
ETIHAD_PARK,36103145701,,future,Etihad Park
ETIHAD_PARK,36103145702,,future,Etihad Park
ETIHAD_PARK,36103145703,,future,Etihad Park
ETIHAD_PARK,36103158102,,future,Etihad Park
ETIHAD_PARK,36057072700,,future,Etihad Park
ETIHAD_PARK,36057070600,,future,Etihad Park
ETIHAD_PARK,36057072100,,future,Etihad Park
ETIHAD_PARK,36057070200,,future,Etihad Park
ETIHAD_PARK,36057072800,,future,Etihad Park
ETIHAD_PARK,36057070300,,future,Etihad Park
ETIHAD_PARK,36085032300,,future,Etihad Park
ETIHAD_PARK,36085001800,113.0,future,Etihad Park
ETIHAD_PARK,36085014100,119.0,future,Etihad Park
ETIHAD_PARK,36029008400,,future,Etihad Park
ETIHAD_PARK,36103123600,,future,Etihad Park
ETIHAD_PARK,36103146001,,future,Etihad Park
ETIHAD_PARK,36103190402,,future,Etihad Park
ETIHAD_PARK,36103158709,,future,Etihad Park
ETIHAD_PARK,36085024402,,future,Etihad Park
ETIHAD_PARK,36085027705,117.0,future,Etihad Park
ETIHAD_PARK,36085012806,,future,Etihad Park
ETIHAD_PARK,36057070400,,future,Etihad Park
ETIHAD_PARK,36057070500,,future,Etihad Park
ETIHAD_PARK,36119000602,,future,Etihad Park
ETIHAD_PARK,36119006302,,future,Etihad Park
ETIHAD_PARK,36119000502,,future,Etihad Park
ETIHAD_PARK,36119000601,,future,Etihad Park
ETIHAD_PARK,36119000501,,future,Etihad Park
ETIHAD_PARK,36119000204,,future,Etihad Park
ETIHAD_PARK,36119000205,,future,Etihad Park
ETIHAD_PARK,36119014813,,future,Etihad Park
ETIHAD_PARK,36119001305,118.0,future,Etihad Park
ETIHAD_PARK,36119001304,114.0,future,Etihad Park
ETIHAD_PARK,36119005704,,future,Etihad Park
ETIHAD_PARK,36119001702,,future,Etihad Park
ETIHAD_PARK,36119006301,,future,Etihad Park
ETIHAD_PARK,36119004001,,future,Etihad Park
ETIHAD_PARK,36119012803,,future,Etihad Park
ETIHAD_PARK,36119007902,,future,Etihad Park
ETIHAD_PARK,36119004002,,future,Etihad Park
ETIHAD_PARK,36119005703,,future,Etihad Park
ETIHAD_PARK,36119011601,,future,Etihad Park
ETIHAD_PARK,36103145803,,future,Etihad Park
ETIHAD_PARK,36057070700,,future,Etihad Park
ETIHAD_PARK,36057070800,,future,Etihad Park
ETIHAD_PARK,36057070900,,future,Etihad Park
ETIHAD_PARK,36057072200,,future,Etihad Park
ETIHAD_PARK,36103145804,,future,Etihad Park
ETIHAD_PARK,36103145808,,future,Etihad Park
ETIHAD_PARK,36103145901,,future,Etihad Park
ETIHAD_PARK,36103145903,,future,Etihad Park
ETIHAD_PARK,36103158206,,future,Etihad Park
ETIHAD_PARK,36103158207,,future,Etihad Park
ETIHAD_PARK,36103158205,,future,Etihad Park
ETIHAD_PARK,36103158304,,future,Etihad Park
ETIHAD_PARK,36085017702,109.0,future,Etihad Park
ETIHAD_PARK,36085017701,,future,Etihad Park
ETIHAD_PARK,36085020805,,future,Etihad Park
ETIHAD_PARK,36085018704,,future,Etihad Park
ETIHAD_PARK,36057072300,,future,Etihad Park
ETIHAD_PARK,36057072600,,future,Etihad Park
ETIHAD_PARK,36057072400,,future,Etihad Park
ETIHAD_PARK,36057072500,,future,Etihad Park
ETIHAD_PARK,36103158315,,future,Etihad Park
ETIHAD_PARK,36103158317,,future,Etihad Park
ETIHAD_PARK,36103158319,,future,Etihad Park
ETIHAD_PARK,36103158401,,future,Etihad Park
ETIHAD_PARK,36103158402,,future,Etihad Park
ETIHAD_PARK,36103111506,,future,Etihad Park
ETIHAD_PARK,36103111601,,future,Etihad Park
ETIHAD_PARK,36103111602,,future,Etihad Park
ETIHAD_PARK,36103111701,,future,Etihad Park
ETIHAD_PARK,36103111703,,future,Etihad Park
ETIHAD_PARK,36103111704,,future,Etihad Park
ETIHAD_PARK,36103111802,,future,Etihad Park
ETIHAD_PARK,36103146102,,future,Etihad Park
ETIHAD_PARK,36103146103,,future,Etihad Park
ETIHAD_PARK,36103146105,,future,Etihad Park
ETIHAD_PARK,36103146201,,future,Etihad Park
ETIHAD_PARK,36103146202,,future,Etihad Park
ETIHAD_PARK,36103146203,,future,Etihad Park
ETIHAD_PARK,36103146204,,future,Etihad Park
ETIHAD_PARK,36103146206,,future,Etihad Park
ETIHAD_PARK,36103146300,,future,Etihad Park
ETIHAD_PARK,36103147001,,future,Etihad Park
ETIHAD_PARK,36027050204,,future,Etihad Park
ETIHAD_PARK,36103147100,,future,Etihad Park
ETIHAD_PARK,36031960902,,future,Etihad Park
ETIHAD_PARK,36031961001,,future,Etihad Park
ETIHAD_PARK,36031961201,,future,Etihad Park
ETIHAD_PARK,36031960502,,future,Etihad Park
ETIHAD_PARK,36031960401,,future,Etihad Park
ETIHAD_PARK,36031961202,,future,Etihad Park
ETIHAD_PARK,36031960901,,future,Etihad Park
ETIHAD_PARK,36031960501,,future,Etihad Park
ETIHAD_PARK,36031960402,,future,Etihad Park
ETIHAD_PARK,36103147401,,future,Etihad Park
ETIHAD_PARK,36103147502,,future,Etihad Park
ETIHAD_PARK,36085022602,,future,Etihad Park
ETIHAD_PARK,36085007002,114.0,future,Etihad Park
ETIHAD_PARK,36085020806,,future,Etihad Park
ETIHAD_PARK,36085017015,,future,Etihad Park
ETIHAD_PARK,36029014605,,future,Etihad Park
ETIHAD_PARK,36029014703,,future,Etihad Park
ETIHAD_PARK,36029012903,,future,Etihad Park
ETIHAD_PARK,36029004003,,future,Etihad Park
ETIHAD_PARK,36029009601,,future,Etihad Park
ETIHAD_PARK,36029009602,,future,Etihad Park
ETIHAD_PARK,36029001601,,future,Etihad Park
ETIHAD_PARK,36029002801,,future,Etihad Park
ETIHAD_PARK,36011041300,,future,Etihad Park
ETIHAD_PARK,36011041500,,future,Etihad Park
ETIHAD_PARK,36011041600,,future,Etihad Park
ETIHAD_PARK,36011041700,,future,Etihad Park
ETIHAD_PARK,36011041800,,future,Etihad Park
ETIHAD_PARK,36011040500,,future,Etihad Park
ETIHAD_PARK,36119011602,,future,Etihad Park
ETIHAD_PARK,36119011402,,future,Etihad Park
ETIHAD_PARK,36119012202,,future,Etihad Park
ETIHAD_PARK,36119012201,,future,Etihad Park
ETIHAD_PARK,36061001501,67.0,future,Etihad Park
ETIHAD_PARK,36061001600,61.0,future,Etihad Park
ETIHAD_PARK,36061001800,59.0,future,Etihad Park
ETIHAD_PARK,36061002000,74.0,future,Etihad Park
ETIHAD_PARK,36061002201,67.0,future,Etihad Park
ETIHAD_PARK,36061002202,65.0,future,Etihad Park
ETIHAD_PARK,36061002400,73.0,future,Etihad Park
ETIHAD_PARK,36061002601,67.0,future,Etihad Park
ETIHAD_PARK,36061002602,66.0,future,Etihad Park
ETIHAD_PARK,36119014812,,future,Etihad Park
ETIHAD_PARK,36119015100,,future,Etihad Park
ETIHAD_PARK,36119007901,,future,Etihad Park
ETIHAD_PARK,36119001701,,future,Etihad Park
ETIHAD_PARK,36119013402,,future,Etihad Park
ETIHAD_PARK,36119000403,,future,Etihad Park
ETIHAD_PARK,36119000404,,future,Etihad Park
ETIHAD_PARK,36119011401,,future,Etihad Park
ETIHAD_PARK,36061002700,63.0,future,Etihad Park
ETIHAD_PARK,36061002800,62.0,future,Etihad Park
ETIHAD_PARK,36061003001,61.0,future,Etihad Park
ETIHAD_PARK,36061003100,58.0,future,Etihad Park
ETIHAD_PARK,36061003300,61.0,future,Etihad Park
ETIHAD_PARK,36061003601,57.0,future,Etihad Park
ETIHAD_PARK,36061003800,60.0,future,Etihad Park
ETIHAD_PARK,36061003900,73.0,future,Etihad Park
ETIHAD_PARK,36061004200,55.0,future,Etihad Park
ETIHAD_PARK,36061004300,56.0,future,Etihad Park
ETIHAD_PARK,36119008801,,future,Etihad Park
ETIHAD_PARK,36119008802,,future,Etihad Park
ETIHAD_PARK,36119009201,,future,Etihad Park
ETIHAD_PARK,36119009202,,future,Etihad Park
ETIHAD_PARK,36119013401,,future,Etihad Park
ETIHAD_PARK,36119012804,,future,Etihad Park
ETIHAD_PARK,36119004802,,future,Etihad Park
ETIHAD_PARK,36119004801,,future,Etihad Park
ETIHAD_PARK,36111953500,,future,Etihad Park
ETIHAD_PARK,36111953600,,future,Etihad Park
ETIHAD_PARK,36111954200,,future,Etihad Park
ETIHAD_PARK,36119014907,,future,Etihad Park
ETIHAD_PARK,36119014908,,future,Etihad Park
ETIHAD_PARK,36061008602,62.0,future,Etihad Park
ETIHAD_PARK,36061004500,60.0,future,Etihad Park
ETIHAD_PARK,36061004700,62.0,future,Etihad Park
ETIHAD_PARK,36061004900,58.0,future,Etihad Park
ETIHAD_PARK,36061005400,54.0,future,Etihad Park
ETIHAD_PARK,36061005501,57.0,future,Etihad Park
ETIHAD_PARK,36061005600,54.0,future,Etihad Park
ETIHAD_PARK,36061005700,55.0,future,Etihad Park
ETIHAD_PARK,36061005800,51.0,future,Etihad Park
ETIHAD_PARK,36061006000,70.0,future,Etihad Park
ETIHAD_PARK,36061006100,55.0,future,Etihad Park
ETIHAD_PARK,36061006200,71.0,future,Etihad Park
ETIHAD_PARK,36061006400,58.0,future,Etihad Park
ETIHAD_PARK,36061006500,54.0,future,Etihad Park
ETIHAD_PARK,36061006700,55.0,future,Etihad Park
ETIHAD_PARK,36061006800,53.0,future,Etihad Park
ETIHAD_PARK,36061006900,70.0,future,Etihad Park
ETIHAD_PARK,36061007100,55.0,future,Etihad Park
ETIHAD_PARK,36061007300,55.0,future,Etihad Park
ETIHAD_PARK,36111951000,,future,Etihad Park
ETIHAD_PARK,36029017301,,future,Etihad Park
ETIHAD_PARK,36029009012,,future,Etihad Park
ETIHAD_PARK,36029011201,,future,Etihad Park
ETIHAD_PARK,36029014805,,future,Etihad Park
ETIHAD_PARK,36029017302,,future,Etihad Park
ETIHAD_PARK,36029013801,,future,Etihad Park
ETIHAD_PARK,36019101000,,future,Etihad Park
ETIHAD_PARK,36029009011,,future,Etihad Park
ETIHAD_PARK,36047043700,77.0,future,Etihad Park
ETIHAD_PARK,36061007500,69.0,future,Etihad Park
ETIHAD_PARK,36061007600,49.0,future,Etihad Park
ETIHAD_PARK,36061007800,53.0,future,Etihad Park
ETIHAD_PARK,36061007900,67.0,future,Etihad Park
ETIHAD_PARK,36061008100,52.0,future,Etihad Park
ETIHAD_PARK,36061008400,48.0,future,Etihad Park
ETIHAD_PARK,36061008700,54.0,future,Etihad Park
ETIHAD_PARK,36061008800,47.0,future,Etihad Park
ETIHAD_PARK,36119012000,,future,Etihad Park
ETIHAD_PARK,36061009000,45.0,future,Etihad Park
ETIHAD_PARK,36061009200,42.0,future,Etihad Park
ETIHAD_PARK,36061009300,54.0,future,Etihad Park
ETIHAD_PARK,36061009400,42.0,future,Etihad Park
ETIHAD_PARK,36061009600,47.0,future,Etihad Park
ETIHAD_PARK,36061009800,43.0,future,Etihad Park
ETIHAD_PARK,36061010000,42.0,future,Etihad Park
ETIHAD_PARK,36061010200,42.0,future,Etihad Park
ETIHAD_PARK,36061010300,54.0,future,Etihad Park
ETIHAD_PARK,36061010400,46.0,future,Etihad Park
ETIHAD_PARK,36119012102,,future,Etihad Park
ETIHAD_PARK,36119012301,,future,Etihad Park
ETIHAD_PARK,36059982100,,future,Etihad Park
ETIHAD_PARK,36059990100,,future,Etihad Park
ETIHAD_PARK,36059990302,,future,Etihad Park
ETIHAD_PARK,36119015000,,future,Etihad Park
ETIHAD_PARK,36119004900,,future,Etihad Park
ETIHAD_PARK,36119008500,,future,Etihad Park
ETIHAD_PARK,36119012304,,future,Etihad Park
ETIHAD_PARK,36119013800,,future,Etihad Park
ETIHAD_PARK,36119014701,,future,Etihad Park
ETIHAD_PARK,36019101600,,future,Etihad Park
ETIHAD_PARK,36061011401,45.0,future,Etihad Park
ETIHAD_PARK,36061011402,40.0,future,Etihad Park
ETIHAD_PARK,36061011500,53.0,future,Etihad Park
ETIHAD_PARK,36061011700,59.0,future,Etihad Park
ETIHAD_PARK,36061011900,48.0,future,Etihad Park
ETIHAD_PARK,36061012000,43.0,future,Etihad Park
ETIHAD_PARK,36061012400,56.0,future,Etihad Park
ETIHAD_PARK,36085017014,,future,Etihad Park
ETIHAD_PARK,36085017016,,future,Etihad Park
ETIHAD_PARK,36085017013,,future,Etihad Park
ETIHAD_PARK,36085018703,,future,Etihad Park
ETIHAD_PARK,36085020701,117.0,future,Etihad Park
ETIHAD_PARK,36085020702,,future,Etihad Park
ETIHAD_PARK,36119012501,,future,Etihad Park
ETIHAD_PARK,36119012503,,future,Etihad Park
ETIHAD_PARK,36119012900,,future,Etihad Park
ETIHAD_PARK,36119013103,,future,Etihad Park
ETIHAD_PARK,36085009701,,future,Etihad Park
ETIHAD_PARK,36085009702,,future,Etihad Park
ETIHAD_PARK,36085005901,,future,Etihad Park
ETIHAD_PARK,36085029105,111.0,future,Etihad Park
ETIHAD_PARK,36085004004,103.0,future,Etihad Park
ETIHAD_PARK,36085022601,,future,Etihad Park
ETIHAD_PARK,36085004003,111.0,future,Etihad Park
ETIHAD_PARK,36085004002,,future,Etihad Park
ETIHAD_PARK,36027060301,,future,Etihad Park
ETIHAD_PARK,36061012700,51.0,future,Etihad Park
ETIHAD_PARK,36061012800,50.0,future,Etihad Park
ETIHAD_PARK,36061013000,50.0,future,Etihad Park
ETIHAD_PARK,36061013300,50.0,future,Etihad Park
ETIHAD_PARK,36061013400,51.0,future,Etihad Park
ETIHAD_PARK,36061013700,44.0,future,Etihad Park
ETIHAD_PARK,36119013500,,future,Etihad Park
ETIHAD_PARK,36119013600,,future,Etihad Park
ETIHAD_PARK,36119013900,,future,Etihad Park
ETIHAD_PARK,36119013301,,future,Etihad Park
ETIHAD_PARK,36061014000,52.0,future,Etihad Park
ETIHAD_PARK,36061014300,63.0,future,Etihad Park
ETIHAD_PARK,36061014401,57.0,future,Etihad Park
ETIHAD_PARK,36061014500,52.0,future,Etihad Park
ETIHAD_PARK,36061014601,49.0,future,Etihad Park
ETIHAD_PARK,36061014801,49.0,future,Etihad Park
ETIHAD_PARK,36061014802,51.0,future,Etihad Park
ETIHAD_PARK,36061014900,52.0,future,Etihad Park
ETIHAD_PARK,36061015700,56.0,future,Etihad Park
ETIHAD_PARK,36061015801,55.0,future,Etihad Park
ETIHAD_PARK,36061015900,61.0,future,Etihad Park
ETIHAD_PARK,36061016001,58.0,future,Etihad Park
ETIHAD_PARK,36061016100,61.0,future,Etihad Park
ETIHAD_PARK,36119014000,,future,Etihad Park
ETIHAD_PARK,36037950402,,future,Etihad Park
ETIHAD_PARK,36037950302,,future,Etihad Park
ETIHAD_PARK,36037950301,,future,Etihad Park
ETIHAD_PARK,36037950401,,future,Etihad Park
ETIHAD_PARK,36051031102,,future,Etihad Park
ETIHAD_PARK,36051030204,,future,Etihad Park
ETIHAD_PARK,36051031101,,future,Etihad Park
ETIHAD_PARK,36051030701,,future,Etihad Park
ETIHAD_PARK,36051030203,,future,Etihad Park
ETIHAD_PARK,36051030702,,future,Etihad Park
ETIHAD_PARK,36007012501,,future,Etihad Park
ETIHAD_PARK,36007012502,,future,Etihad Park
ETIHAD_PARK,36007001402,,future,Etihad Park
ETIHAD_PARK,36007001401,,future,Etihad Park
ETIHAD_PARK,36119014200,,future,Etihad Park
ETIHAD_PARK,36119014300,,future,Etihad Park
ETIHAD_PARK,36119014400,,future,Etihad Park
ETIHAD_PARK,36059981100,,future,Etihad Park
ETIHAD_PARK,36059990301,,future,Etihad Park
ETIHAD_PARK,36059416401,,future,Etihad Park
ETIHAD_PARK,36059416402,,future,Etihad Park
ETIHAD_PARK,36059416801,,future,Etihad Park
ETIHAD_PARK,36059521902,,future,Etihad Park
ETIHAD_PARK,36059522700,115.0,future,Etihad Park
ETIHAD_PARK,36059407204,,future,Etihad Park
ETIHAD_PARK,36059407203,,future,Etihad Park
ETIHAD_PARK,36061016200,75.0,future,Etihad Park
ETIHAD_PARK,36061016600,56.0,future,Etihad Park
ETIHAD_PARK,36061016700,69.0,future,Etihad Park
ETIHAD_PARK,36061016800,59.0,future,Etihad Park
ETIHAD_PARK,36061017000,63.0,future,Etihad Park
ETIHAD_PARK,36061017100,71.0,future,Etihad Park
ETIHAD_PARK,36061017300,60.0,future,Etihad Park
ETIHAD_PARK,36061017402,61.0,future,Etihad Park
ETIHAD_PARK,36061017500,71.0,future,Etihad Park
ETIHAD_PARK,36061017700,64.0,future,Etihad Park
ETIHAD_PARK,36061017800,70.0,future,Etihad Park
ETIHAD_PARK,36061018100,60.0,future,Etihad Park
ETIHAD_PARK,36061018200,57.0,future,Etihad Park
ETIHAD_PARK,36061018300,73.0,future,Etihad Park
ETIHAD_PARK,36061018400,62.0,future,Etihad Park
ETIHAD_PARK,36061018500,63.0,future,Etihad Park
ETIHAD_PARK,36061018600,64.0,future,Etihad Park
ETIHAD_PARK,36061018800,64.0,future,Etihad Park
ETIHAD_PARK,36061019200,78.0,future,Etihad Park
ETIHAD_PARK,36061019300,65.0,future,Etihad Park
ETIHAD_PARK,36061019400,62.0,future,Etihad Park
ETIHAD_PARK,36061019500,77.0,future,Etihad Park
ETIHAD_PARK,36061019600,55.0,future,Etihad Park
ETIHAD_PARK,36061019701,69.0,future,Etihad Park
ETIHAD_PARK,36061019702,62.0,future,Etihad Park
ETIHAD_PARK,36029009007,,future,Etihad Park
ETIHAD_PARK,36075020706,,future,Etihad Park
ETIHAD_PARK,36075021505,,future,Etihad Park
ETIHAD_PARK,36075020502,,future,Etihad Park
ETIHAD_PARK,36075020202,,future,Etihad Park
ETIHAD_PARK,36075020705,,future,Etihad Park
ETIHAD_PARK,36029002703,,future,Etihad Park
ETIHAD_PARK,36029001602,,future,Etihad Park
ETIHAD_PARK,36029016802,,future,Etihad Park
ETIHAD_PARK,36029006801,,future,Etihad Park
ETIHAD_PARK,36061020000,66.0,future,Etihad Park
ETIHAD_PARK,36061020102,62.0,future,Etihad Park
ETIHAD_PARK,36061020300,71.0,future,Etihad Park
ETIHAD_PARK,36061022700,71.0,future,Etihad Park
ETIHAD_PARK,36061020600,64.0,future,Etihad Park
ETIHAD_PARK,36061020901,65.0,future,Etihad Park
ETIHAD_PARK,36061021000,63.0,future,Etihad Park
ETIHAD_PARK,36061021100,79.0,future,Etihad Park
ETIHAD_PARK,36061021200,67.0,future,Etihad Park
ETIHAD_PARK,36061021400,71.0,future,Etihad Park
ETIHAD_PARK,36061021703,72.0,future,Etihad Park
ETIHAD_PARK,36061021800,63.0,future,Etihad Park
ETIHAD_PARK,36061021900,74.0,future,Etihad Park
ETIHAD_PARK,36061022102,66.0,future,Etihad Park
ETIHAD_PARK,36061022302,81.0,future,Etihad Park
ETIHAD_PARK,36061022400,70.0,future,Etihad Park
ETIHAD_PARK,36061022600,71.0,future,Etihad Park
ETIHAD_PARK,36061022800,68.0,future,Etihad Park
ETIHAD_PARK,36061022900,75.0,future,Etihad Park
ETIHAD_PARK,36061023000,73.0,future,Etihad Park
ETIHAD_PARK,36047152200,86.0,future,Etihad Park
ETIHAD_PARK,36025970700,,future,Etihad Park
ETIHAD_PARK,36025970900,,future,Etihad Park
ETIHAD_PARK,36025970200,,future,Etihad Park
ETIHAD_PARK,36025970800,,future,Etihad Park
ETIHAD_PARK,36025970300,,future,Etihad Park
ETIHAD_PARK,36025971000,,future,Etihad Park
ETIHAD_PARK,36025971400,,future,Etihad Park
ETIHAD_PARK,36073040400,,future,Etihad Park
ETIHAD_PARK,36073040500,,future,Etihad Park
ETIHAD_PARK,36073040200,,future,Etihad Park
ETIHAD_PARK,36073990000,,future,Etihad Park
ETIHAD_PARK,36073040300,,future,Etihad Park
ETIHAD_PARK,36005009302,94.0,future,Etihad Park
ETIHAD_PARK,36005009301,82.0,future,Etihad Park
ETIHAD_PARK,36005011701,83.0,future,Etihad Park
ETIHAD_PARK,36005051601,109.0,future,Etihad Park
ETIHAD_PARK,36005001902,68.0,future,Etihad Park
ETIHAD_PARK,36083052204,,future,Etihad Park
ETIHAD_PARK,36083052203,,future,Etihad Park
ETIHAD_PARK,36047150200,85.0,future,Etihad Park
ETIHAD_PARK,36005002001,91.0,future,Etihad Park
ETIHAD_PARK,36005002002,87.0,future,Etihad Park
ETIHAD_PARK,36005018501,78.0,future,Etihad Park
ETIHAD_PARK,36063022715,,future,Etihad Park
ETIHAD_PARK,36063022714,,future,Etihad Park
ETIHAD_PARK,36063022713,,future,Etihad Park
ETIHAD_PARK,36063023302,,future,Etihad Park
ETIHAD_PARK,36005001903,72.0,future,Etihad Park
ETIHAD_PARK,36005051602,,future,Etihad Park
ETIHAD_PARK,36005046208,91.0,future,Etihad Park
ETIHAD_PARK,36005046207,93.0,future,Etihad Park
ETIHAD_PARK,36005043101,84.0,future,Etihad Park
ETIHAD_PARK,36005046203,94.0,future,Etihad Park
ETIHAD_PARK,36005046209,97.0,future,Etihad Park
ETIHAD_PARK,36005048402,102.0,future,Etihad Park
ETIHAD_PARK,36005048401,94.0,future,Etihad Park
ETIHAD_PARK,36005001904,,future,Etihad Park
ETIHAD_PARK,36005046205,84.0,future,Etihad Park
ETIHAD_PARK,36005006301,67.0,future,Etihad Park
ETIHAD_PARK,36005030202,86.0,future,Etihad Park
ETIHAD_PARK,36005043102,95.0,future,Etihad Park
ETIHAD_PARK,36063022717,,future,Etihad Park
ETIHAD_PARK,36063022716,,future,Etihad Park
ETIHAD_PARK,36063023301,,future,Etihad Park
ETIHAD_PARK,36005030201,80.0,future,Etihad Park
ETIHAD_PARK,36005038303,84.0,future,Etihad Park
ETIHAD_PARK,36005011702,89.0,future,Etihad Park
ETIHAD_PARK,36005018502,75.0,future,Etihad Park
ETIHAD_PARK,36005006302,70.0,future,Etihad Park
ETIHAD_PARK,36005046204,92.0,future,Etihad Park
ETIHAD_PARK,36005046206,94.0,future,Etihad Park
ETIHAD_PARK,36005038304,88.0,future,Etihad Park
ETIHAD_PARK,36005001901,68.0,future,Etihad Park
ETIHAD_PARK,36021000401,,future,Etihad Park
ETIHAD_PARK,36027130005,,future,Etihad Park
ETIHAD_PARK,36027190102,,future,Etihad Park
ETIHAD_PARK,36027050103,,future,Etihad Park
ETIHAD_PARK,36027160004,,future,Etihad Park
ETIHAD_PARK,36027080201,,future,Etihad Park
ETIHAD_PARK,36027050203,,future,Etihad Park
ETIHAD_PARK,36027160003,,future,Etihad Park
ETIHAD_PARK,36027060201,,future,Etihad Park
ETIHAD_PARK,36097950300,,future,Etihad Park
ETIHAD_PARK,36097950200,,future,Etihad Park
ETIHAD_PARK,36097950500,,future,Etihad Park
ETIHAD_PARK,36097950100,,future,Etihad Park
ETIHAD_PARK,36097950400,,future,Etihad Park
ETIHAD_PARK,36017970400,,future,Etihad Park
ETIHAD_PARK,36017970700,,future,Etihad Park
ETIHAD_PARK,36023970500,,future,Etihad Park
ETIHAD_PARK,36075021103,,future,Etihad Park
ETIHAD_PARK,36075021104,,future,Etihad Park
ETIHAD_PARK,36075021102,,future,Etihad Park
ETIHAD_PARK,36029017100,,future,Etihad Park
ETIHAD_PARK,36029017200,,future,Etihad Park
ETIHAD_PARK,36029014701,,future,Etihad Park
ETIHAD_PARK,36029015201,,future,Etihad Park
ETIHAD_PARK,36029000200,,future,Etihad Park
ETIHAD_PARK,36029001900,,future,Etihad Park
ETIHAD_PARK,36029002300,,future,Etihad Park
ETIHAD_PARK,36029002400,,future,Etihad Park
ETIHAD_PARK,36029002502,,future,Etihad Park
ETIHAD_PARK,36029004100,,future,Etihad Park
ETIHAD_PARK,36029004300,,future,Etihad Park
ETIHAD_PARK,36089492600,,future,Etihad Park
ETIHAD_PARK,36029004401,,future,Etihad Park
ETIHAD_PARK,36029004402,,future,Etihad Park
ETIHAD_PARK,36089490200,,future,Etihad Park
ETIHAD_PARK,36029005801,,future,Etihad Park
ETIHAD_PARK,36029000110,,future,Etihad Park
ETIHAD_PARK,36017970602,,future,Etihad Park
ETIHAD_PARK,36017971000,,future,Etihad Park
ETIHAD_PARK,36017970300,,future,Etihad Park
ETIHAD_PARK,36017970601,,future,Etihad Park
ETIHAD_PARK,36089491200,,future,Etihad Park
ETIHAD_PARK,36023970400,,future,Etihad Park
ETIHAD_PARK,36029015503,,future,Etihad Park
ETIHAD_PARK,36029006901,,future,Etihad Park
ETIHAD_PARK,36051030500,,future,Etihad Park
ETIHAD_PARK,36051030900,,future,Etihad Park
ETIHAD_PARK,36051031000,,future,Etihad Park
ETIHAD_PARK,36013035800,,future,Etihad Park
ETIHAD_PARK,36013036700,,future,Etihad Park
ETIHAD_PARK,36013037000,,future,Etihad Park
ETIHAD_PARK,36031961100,,future,Etihad Park
ETIHAD_PARK,36031960700,,future,Etihad Park
ETIHAD_PARK,36051031300,,future,Etihad Park
ETIHAD_PARK,36051030100,,future,Etihad Park
ETIHAD_PARK,36051030600,,future,Etihad Park
ETIHAD_PARK,36051030400,,future,Etihad Park
ETIHAD_PARK,36051031200,,future,Etihad Park
ETIHAD_PARK,36051030800,,future,Etihad Park
ETIHAD_PARK,36031960800,,future,Etihad Park
ETIHAD_PARK,36051030201,,future,Etihad Park
ETIHAD_PARK,36051030300,,future,Etihad Park
ETIHAD_PARK,36085012805,,future,Etihad Park
ETIHAD_PARK,36085990100,,future,Etihad Park
ETIHAD_PARK,36029009200,,future,Etihad Park
ETIHAD_PARK,36029009301,,future,Etihad Park
ETIHAD_PARK,36085019800,,future,Etihad Park
ETIHAD_PARK,36085014607,,future,Etihad Park
ETIHAD_PARK,36013037200,,future,Etihad Park
ETIHAD_PARK,36013037400,,future,Etihad Park
ETIHAD_PARK,36013037500,,future,Etihad Park
ETIHAD_PARK,36029009401,,future,Etihad Park
ETIHAD_PARK,36103111103,,future,Etihad Park
ETIHAD_PARK,36103112217,,future,Etihad Park
ETIHAD_PARK,36103122605,,future,Etihad Park
ETIHAD_PARK,36103110601,,future,Etihad Park
ETIHAD_PARK,36103123304,,future,Etihad Park
ETIHAD_PARK,36103146005,,future,Etihad Park
ETIHAD_PARK,36103147301,,future,Etihad Park
ETIHAD_PARK,36103147302,,future,Etihad Park
ETIHAD_PARK,36051031400,,future,Etihad Park
ETIHAD_PARK,36029009701,,future,Etihad Park
ETIHAD_PARK,36029009702,,future,Etihad Park
ETIHAD_PARK,36003951000,,future,Etihad Park
ETIHAD_PARK,36003950900,,future,Etihad Park
ETIHAD_PARK,36003940200,,future,Etihad Park
ETIHAD_PARK,36029009800,,future,Etihad Park
ETIHAD_PARK,36029009900,,future,Etihad Park
ETIHAD_PARK,36029010001,,future,Etihad Park
ETIHAD_PARK,36013036500,,future,Etihad Park
ETIHAD_PARK,36013037300,,future,Etihad Park
ETIHAD_PARK,36029016500,,future,Etihad Park
ETIHAD_PARK,36029016600,,future,Etihad Park
ETIHAD_PARK,36029003800,,future,Etihad Park
ETIHAD_PARK,36031961300,,future,Etihad Park
ETIHAD_PARK,36029010003,,future,Etihad Park
ETIHAD_PARK,36029010002,,future,Etihad Park
ETIHAD_PARK,36029010102,,future,Etihad Park
ETIHAD_PARK,36029010103,,future,Etihad Park
ETIHAD_PARK,36029010300,,future,Etihad Park
ETIHAD_PARK,36029010500,,future,Etihad Park
ETIHAD_PARK,36029010600,,future,Etihad Park
ETIHAD_PARK,36029010700,,future,Etihad Park
ETIHAD_PARK,36055013507,,future,Etihad Park
ETIHAD_PARK,36055014905,,future,Etihad Park
ETIHAD_PARK,36089491400,,future,Etihad Park
ETIHAD_PARK,36103112215,,future,Etihad Park
ETIHAD_PARK,36103112220,,future,Etihad Park
ETIHAD_PARK,36103122407,,future,Etihad Park
ETIHAD_PARK,36103112216,,future,Etihad Park
ETIHAD_PARK,36103146617,,future,Etihad Park
ETIHAD_PARK,36103147202,,future,Etihad Park
ETIHAD_PARK,36103110104,,future,Etihad Park
ETIHAD_PARK,36103110103,,future,Etihad Park
ETIHAD_PARK,36103122604,,future,Etihad Park
ETIHAD_PARK,36103190606,,future,Etihad Park
ETIHAD_PARK,36103159515,,future,Etihad Park
ETIHAD_PARK,36103158806,,future,Etihad Park
ETIHAD_PARK,36103146620,,future,Etihad Park
ETIHAD_PARK,36103158120,,future,Etihad Park
ETIHAD_PARK,36103158326,,future,Etihad Park
ETIHAD_PARK,36103169905,,future,Etihad Park
ETIHAD_PARK,36103158015,,future,Etihad Park
ETIHAD_PARK,36103159604,,future,Etihad Park
ETIHAD_PARK,36103135305,,future,Etihad Park
ETIHAD_PARK,36055012304,,future,Etihad Park
ETIHAD_PARK,36071012300,,future,Etihad Park
ETIHAD_PARK,36071011400,,future,Etihad Park
ETIHAD_PARK,36071014302,,future,Etihad Park
ETIHAD_PARK,36103145706,,future,Etihad Park
ETIHAD_PARK,36103146619,,future,Etihad Park
ETIHAD_PARK,36103135306,,future,Etihad Park
ETIHAD_PARK,36103145810,,future,Etihad Park
ETIHAD_PARK,36103146618,,future,Etihad Park
ETIHAD_PARK,36103159109,,future,Etihad Park
ETIHAD_PARK,36103147505,,future,Etihad Park
ETIHAD_PARK,36103158805,,future,Etihad Park
ETIHAD_PARK,36103145809,,future,Etihad Park
ETIHAD_PARK,36103147504,,future,Etihad Park
ETIHAD_PARK,36103201010,,future,Etihad Park
ETIHAD_PARK,36103159700,,future,Etihad Park
ETIHAD_PARK,36103170206,,future,Etihad Park
ETIHAD_PARK,36103201006,,future,Etihad Park
ETIHAD_PARK,36103146616,,future,Etihad Park
ETIHAD_PARK,36103147201,,future,Etihad Park
ETIHAD_PARK,36103201008,,future,Etihad Park
ETIHAD_PARK,36103159518,,future,Etihad Park
ETIHAD_PARK,36103159514,,future,Etihad Park
ETIHAD_PARK,36103158325,,future,Etihad Park
ETIHAD_PARK,36103146004,,future,Etihad Park
ETIHAD_PARK,36103158017,,future,Etihad Park
ETIHAD_PARK,36103145705,,future,Etihad Park
ETIHAD_PARK,36103158329,,future,Etihad Park
ETIHAD_PARK,36103201007,,future,Etihad Park
ETIHAD_PARK,36103170005,,future,Etihad Park
ETIHAD_PARK,36103190713,,future,Etihad Park
ETIHAD_PARK,36103170204,,future,Etihad Park
ETIHAD_PARK,36103170006,,future,Etihad Park
ETIHAD_PARK,36103170205,,future,Etihad Park
ETIHAD_PARK,36103170203,,future,Etihad Park
ETIHAD_PARK,36103158901,,future,Etihad Park
ETIHAD_PARK,36103169706,,future,Etihad Park
ETIHAD_PARK,36103158411,,future,Etihad Park
ETIHAD_PARK,36103158209,,future,Etihad Park
ETIHAD_PARK,36103158118,,future,Etihad Park
ETIHAD_PARK,36103158327,,future,Etihad Park
ETIHAD_PARK,36103158902,,future,Etihad Park
ETIHAD_PARK,36103158412,,future,Etihad Park
ETIHAD_PARK,36103158014,,future,Etihad Park
ETIHAD_PARK,36103158513,,future,Etihad Park
ETIHAD_PARK,36103158013,,future,Etihad Park
ETIHAD_PARK,36103158119,,future,Etihad Park
ETIHAD_PARK,36103159110,,future,Etihad Park
ETIHAD_PARK,36103159112,,future,Etihad Park
ETIHAD_PARK,36103201009,,future,Etihad Park
ETIHAD_PARK,36103190711,,future,Etihad Park
ETIHAD_PARK,36103158117,,future,Etihad Park
ETIHAD_PARK,36103158328,,future,Etihad Park
ETIHAD_PARK,36103159513,,future,Etihad Park
ETIHAD_PARK,36103159517,,future,Etihad Park
ETIHAD_PARK,36103190712,,future,Etihad Park
ETIHAD_PARK,36103200906,,future,Etihad Park
ETIHAD_PARK,36103158514,,future,Etihad Park
ETIHAD_PARK,36103190710,,future,Etihad Park
ETIHAD_PARK,36103159414,,future,Etihad Park
ETIHAD_PARK,36103159413,,future,Etihad Park
ETIHAD_PARK,36103190714,,future,Etihad Park
ETIHAD_PARK,36103200903,,future,Etihad Park
ETIHAD_PARK,36103158713,,future,Etihad Park
ETIHAD_PARK,36103159416,,future,Etihad Park
ETIHAD_PARK,36103200905,,future,Etihad Park
ETIHAD_PARK,36103158324,,future,Etihad Park
ETIHAD_PARK,36103158714,,future,Etihad Park
ETIHAD_PARK,36103159516,,future,Etihad Park
ETIHAD_PARK,36103159415,,future,Etihad Park
ETIHAD_PARK,36103200904,,future,Etihad Park
ETIHAD_PARK,36103158715,,future,Etihad Park
ETIHAD_PARK,36103201005,,future,Etihad Park
ETIHAD_PARK,36103159111,,future,Etihad Park
ETIHAD_PARK,36103169906,,future,Etihad Park
ETIHAD_PARK,36103169705,,future,Etihad Park
ETIHAD_PARK,36103169903,,future,Etihad Park
ETIHAD_PARK,36103170003,,future,Etihad Park
ETIHAD_PARK,36103158016,,future,Etihad Park
ETIHAD_PARK,36103170004,,future,Etihad Park
ETIHAD_PARK,36103158012,,future,Etihad Park
ETIHAD_PARK,36103190802,,future,Etihad Park
ETIHAD_PARK,36103190709,,future,Etihad Park
ETIHAD_PARK,36103190801,,future,Etihad Park
ETIHAD_PARK,36103190404,,future,Etihad Park
ETIHAD_PARK,36103159603,,future,Etihad Park
ETIHAD_PARK,36103169904,,future,Etihad Park
ETIHAD_PARK,36103190605,,future,Etihad Park
ETIHAD_PARK,36103190405,,future,Etihad Park
ETIHAD_PARK,36103122408,,future,Etihad Park
ETIHAD_PARK,36103123204,,future,Etihad Park
ETIHAD_PARK,36103123203,,future,Etihad Park
ETIHAD_PARK,36103123403,,future,Etihad Park
ETIHAD_PARK,36103124301,,future,Etihad Park
ETIHAD_PARK,36103124302,,future,Etihad Park
ETIHAD_PARK,36103145601,,future,Etihad Park
ETIHAD_PARK,36103201200,,future,Etihad Park
ETIHAD_PARK,36103145905,,future,Etihad Park
ETIHAD_PARK,36103145904,,future,Etihad Park
ETIHAD_PARK,36103110602,,future,Etihad Park
ETIHAD_PARK,36103135500,,future,Etihad Park
ETIHAD_PARK,36103123404,,future,Etihad Park
ETIHAD_PARK,36103134909,,future,Etihad Park
ETIHAD_PARK,36103158208,,future,Etihad Park
ETIHAD_PARK,36103123303,,future,Etihad Park
ETIHAD_PARK,36103111102,,future,Etihad Park
ETIHAD_PARK,36103111101,,future,Etihad Park
ETIHAD_PARK,36103111508,,future,Etihad Park
ETIHAD_PARK,36103111507,,future,Etihad Park
ETIHAD_PARK,36103123703,,future,Etihad Park
ETIHAD_PARK,36103123704,,future,Etihad Park
ETIHAD_PARK,36103134908,,future,Etihad Park
ETIHAD_PARK,36103112219,,future,Etihad Park
ETIHAD_PARK,36103112218,,future,Etihad Park
ETIHAD_PARK,36029010803,,future,Etihad Park
ETIHAD_PARK,36029012800,,future,Etihad Park
ETIHAD_PARK,36029012902,,future,Etihad Park
ETIHAD_PARK,36029013001,,future,Etihad Park
ETIHAD_PARK,36055012500,,future,Etihad Park
ETIHAD_PARK,36055012600,,future,Etihad Park
ETIHAD_PARK,36055012700,,future,Etihad Park
ETIHAD_PARK,36055012800,,future,Etihad Park
ETIHAD_PARK,36055012900,,future,Etihad Park
ETIHAD_PARK,36055013101,,future,Etihad Park
ETIHAD_PARK,36035970300,,future,Etihad Park
ETIHAD_PARK,36035970400,,future,Etihad Park
ETIHAD_PARK,36035971400,,future,Etihad Park
ETIHAD_PARK,36055013103,,future,Etihad Park
ETIHAD_PARK,36055013104,,future,Etihad Park
ETIHAD_PARK,36055013206,,future,Etihad Park
ETIHAD_PARK,36029010804,,future,Etihad Park
ETIHAD_PARK,36029010805,,future,Etihad Park
ETIHAD_PARK,36029010807,,future,Etihad Park
ETIHAD_PARK,36027060202,,future,Etihad Park
ETIHAD_PARK,36027140101,,future,Etihad Park
ETIHAD_PARK,36027150004,,future,Etihad Park
ETIHAD_PARK,36027140602,,future,Etihad Park
ETIHAD_PARK,36055013402,,future,Etihad Park
ETIHAD_PARK,36055013503,,future,Etihad Park
ETIHAD_PARK,36055013505,,future,Etihad Park
ETIHAD_PARK,36055013601,,future,Etihad Park
ETIHAD_PARK,36055013603,,future,Etihad Park
ETIHAD_PARK,36027150003,,future,Etihad Park
ETIHAD_PARK,36027150006,,future,Etihad Park
ETIHAD_PARK,36005006100,72.0,future,Etihad Park
ETIHAD_PARK,36005006400,70.0,future,Etihad Park
ETIHAD_PARK,36005006700,69.0,future,Etihad Park
ETIHAD_PARK,36005006800,72.0,future,Etihad Park
ETIHAD_PARK,36005007000,71.0,future,Etihad Park
ETIHAD_PARK,36005007100,69.0,future,Etihad Park
ETIHAD_PARK,36005007300,67.0,future,Etihad Park
ETIHAD_PARK,36005007500,70.0,future,Etihad Park
ETIHAD_PARK,36005007700,69.0,future,Etihad Park
ETIHAD_PARK,36005007800,63.0,future,Etihad Park
ETIHAD_PARK,36005007900,69.0,future,Etihad Park
ETIHAD_PARK,36005008400,71.0,future,Etihad Park
ETIHAD_PARK,36023970100,,future,Etihad Park
ETIHAD_PARK,36089492301,,future,Etihad Park
ETIHAD_PARK,36089493000,,future,Etihad Park
ETIHAD_PARK,36089492501,,future,Etihad Park
ETIHAD_PARK,36089492302,,future,Etihad Park
ETIHAD_PARK,36089492401,,future,Etihad Park
ETIHAD_PARK,36095740300,,future,Etihad Park
ETIHAD_PARK,36095740700,,future,Etihad Park
ETIHAD_PARK,36095740800,,future,Etihad Park
ETIHAD_PARK,36095740200,,future,Etihad Park
ETIHAD_PARK,36095740400,,future,Etihad Park
ETIHAD_PARK,36095740500,,future,Etihad Park
ETIHAD_PARK,36005019700,66.0,future,Etihad Park
ETIHAD_PARK,36047114400,73.0,future,Etihad Park
ETIHAD_PARK,36005019900,72.0,future,Etihad Park
ETIHAD_PARK,36005020100,81.0,future,Etihad Park
ETIHAD_PARK,36047015200,109.0,future,Etihad Park
ETIHAD_PARK,36005021200,67.0,future,Etihad Park
ETIHAD_PARK,36005021301,78.0,future,Etihad Park
ETIHAD_PARK,36005021302,77.0,future,Etihad Park
ETIHAD_PARK,36005021501,78.0,future,Etihad Park
ETIHAD_PARK,36005021502,76.0,future,Etihad Park
ETIHAD_PARK,36005021602,68.0,future,Etihad Park
ETIHAD_PARK,36005021800,65.0,future,Etihad Park
ETIHAD_PARK,36005021900,69.0,future,Etihad Park
ETIHAD_PARK,36005022000,75.0,future,Etihad Park
ETIHAD_PARK,36047056100,58.0,future,Etihad Park
ETIHAD_PARK,36005022300,70.0,future,Etihad Park
ETIHAD_PARK,36005022401,82.0,future,Etihad Park
ETIHAD_PARK,36005022500,77.0,future,Etihad Park
ETIHAD_PARK,36005022702,69.0,future,Etihad Park
ETIHAD_PARK,36047092400,84.0,future,Etihad Park
ETIHAD_PARK,36035970800,,future,Etihad Park
ETIHAD_PARK,36029010901,,future,Etihad Park
ETIHAD_PARK,36055013604,,future,Etihad Park
ETIHAD_PARK,36055013701,,future,Etihad Park
ETIHAD_PARK,36055013702,,future,Etihad Park
ETIHAD_PARK,36055013800,,future,Etihad Park
ETIHAD_PARK,36055013901,,future,Etihad Park
ETIHAD_PARK,36055014001,,future,Etihad Park
ETIHAD_PARK,36055014004,,future,Etihad Park
ETIHAD_PARK,36055014103,,future,Etihad Park
ETIHAD_PARK,36055014104,,future,Etihad Park
ETIHAD_PARK,36043010701,,future,Etihad Park
ETIHAD_PARK,36043011001,,future,Etihad Park
ETIHAD_PARK,36005036901,81.0,future,Etihad Park
ETIHAD_PARK,36047000501,70.0,future,Etihad Park
ETIHAD_PARK,36005036400,94.0,future,Etihad Park
ETIHAD_PARK,36005007200,65.0,future,Etihad Park
ETIHAD_PARK,36005012101,75.0,future,Etihad Park
ETIHAD_PARK,36005000200,93.0,future,Etihad Park
ETIHAD_PARK,36047035601,112.0,future,Etihad Park
ETIHAD_PARK,36005005400,72.0,future,Etihad Park
ETIHAD_PARK,36047050801,88.0,future,Etihad Park
ETIHAD_PARK,36005002701,68.0,future,Etihad Park
ETIHAD_PARK,36005006200,72.0,future,Etihad Park
ETIHAD_PARK,36005028700,93.0,future,Etihad Park
ETIHAD_PARK,36047051001,92.0,future,Etihad Park
ETIHAD_PARK,36005023100,86.0,future,Etihad Park
ETIHAD_PARK,36005024100,72.0,future,Etihad Park
ETIHAD_PARK,36047051602,94.0,future,Etihad Park
ETIHAD_PARK,36047079601,86.0,future,Etihad Park
ETIHAD_PARK,36047079602,90.0,future,Etihad Park
ETIHAD_PARK,36005038200,101.0,future,Etihad Park
ETIHAD_PARK,36005039600,90.0,future,Etihad Park
ETIHAD_PARK,36043011100,,future,Etihad Park
ETIHAD_PARK,36043011200,,future,Etihad Park
ETIHAD_PARK,36043011301,,future,Etihad Park
ETIHAD_PARK,36029016900,,future,Etihad Park
ETIHAD_PARK,36005041500,92.0,future,Etihad Park
ETIHAD_PARK,36005042901,94.0,future,Etihad Park
ETIHAD_PARK,36005044901,91.0,future,Etihad Park
ETIHAD_PARK,36005000100,102.0,future,Etihad Park
ETIHAD_PARK,36005000400,86.0,future,Etihad Park
ETIHAD_PARK,36005001600,77.0,future,Etihad Park
ETIHAD_PARK,36029017000,,future,Etihad Park
ETIHAD_PARK,36005008500,74.0,future,Etihad Park
ETIHAD_PARK,36005013000,81.0,future,Etihad Park
ETIHAD_PARK,36005013200,92.0,future,Etihad Park
ETIHAD_PARK,36005013500,81.0,future,Etihad Park
ETIHAD_PARK,36005013800,108.0,future,Etihad Park
ETIHAD_PARK,36005014300,77.0,future,Etihad Park
ETIHAD_PARK,36005014400,78.0,future,Etihad Park
ETIHAD_PARK,36005014900,83.0,future,Etihad Park
ETIHAD_PARK,36005015100,79.0,future,Etihad Park
ETIHAD_PARK,36005015500,75.0,future,Etihad Park
ETIHAD_PARK,36005016000,107.0,future,Etihad Park
ETIHAD_PARK,36005016100,72.0,future,Etihad Park
ETIHAD_PARK,36005016200,74.0,future,Etihad Park
ETIHAD_PARK,36005016300,85.0,future,Etihad Park
ETIHAD_PARK,36005016500,89.0,future,Etihad Park
ETIHAD_PARK,36099950500,,future,Etihad Park
ETIHAD_PARK,36099950400,,future,Etihad Park
ETIHAD_PARK,36099950300,,future,Etihad Park
ETIHAD_PARK,36099950600,,future,Etihad Park
ETIHAD_PARK,36099950100,,future,Etihad Park
ETIHAD_PARK,36099950700,,future,Etihad Park
ETIHAD_PARK,36099950900,,future,Etihad Park
ETIHAD_PARK,36099950200,,future,Etihad Park
ETIHAD_PARK,36005008900,74.0,future,Etihad Park
ETIHAD_PARK,36047093200,100.0,future,Etihad Park
ETIHAD_PARK,36005009200,63.0,future,Etihad Park
ETIHAD_PARK,36047110400,89.0,future,Etihad Park
ETIHAD_PARK,36005009800,66.0,future,Etihad Park
ETIHAD_PARK,36047016600,111.0,future,Etihad Park
ETIHAD_PARK,36099951000,,future,Etihad Park
ETIHAD_PARK,36005008600,70.0,future,Etihad Park
ETIHAD_PARK,36005008700,70.0,future,Etihad Park
ETIHAD_PARK,36005011000,,future,Etihad Park
ETIHAD_PARK,36005011502,81.0,future,Etihad Park
ETIHAD_PARK,36047111600,95.0,future,Etihad Park
ETIHAD_PARK,36047004400,100.0,future,Etihad Park
ETIHAD_PARK,36047030500,78.0,future,Etihad Park
ETIHAD_PARK,36029011000,,future,Etihad Park
ETIHAD_PARK,36029011300,,future,Etihad Park
ETIHAD_PARK,36029011500,,future,Etihad Park
ETIHAD_PARK,36027190101,,future,Etihad Park
ETIHAD_PARK,36027040003,,future,Etihad Park
ETIHAD_PARK,36027410000,,future,Etihad Park
ETIHAD_PARK,36065022400,,future,Etihad Park
ETIHAD_PARK,36065022800,,future,Etihad Park
ETIHAD_PARK,36065023400,,future,Etihad Park
ETIHAD_PARK,36065024000,,future,Etihad Park
ETIHAD_PARK,36065024800,,future,Etihad Park
ETIHAD_PARK,36065025002,,future,Etihad Park
ETIHAD_PARK,36065020300,,future,Etihad Park
ETIHAD_PARK,36065021000,,future,Etihad Park
ETIHAD_PARK,36029011600,,future,Etihad Park
ETIHAD_PARK,36029011700,,future,Etihad Park
ETIHAD_PARK,36029011800,,future,Etihad Park
ETIHAD_PARK,36043010900,,future,Etihad Park
ETIHAD_PARK,36043011302,,future,Etihad Park
ETIHAD_PARK,36043011002,,future,Etihad Park
ETIHAD_PARK,36043010300,,future,Etihad Park
ETIHAD_PARK,36043010202,,future,Etihad Park
ETIHAD_PARK,36043010501,,future,Etihad Park
ETIHAD_PARK,36055014202,,future,Etihad Park
ETIHAD_PARK,36055014204,,future,Etihad Park
ETIHAD_PARK,36055014301,,future,Etihad Park
ETIHAD_PARK,36055014302,,future,Etihad Park
ETIHAD_PARK,36055014400,,future,Etihad Park
ETIHAD_PARK,36005002300,64.0,future,Etihad Park
ETIHAD_PARK,36005002400,97.0,future,Etihad Park
ETIHAD_PARK,36005002500,66.0,future,Etihad Park
ETIHAD_PARK,36005002702,66.0,future,Etihad Park
ETIHAD_PARK,36005002800,84.0,future,Etihad Park
ETIHAD_PARK,36005003500,72.0,future,Etihad Park
ETIHAD_PARK,36005003700,74.0,future,Etihad Park
ETIHAD_PARK,36005003900,68.0,future,Etihad Park
ETIHAD_PARK,36005004300,69.0,future,Etihad Park
ETIHAD_PARK,36005004400,78.0,future,Etihad Park
ETIHAD_PARK,36005004800,74.0,future,Etihad Park
ETIHAD_PARK,36065021103,,future,Etihad Park
ETIHAD_PARK,36065021201,,future,Etihad Park
ETIHAD_PARK,36065021202,,future,Etihad Park
ETIHAD_PARK,36065021301,,future,Etihad Park
ETIHAD_PARK,36065021303,,future,Etihad Park
ETIHAD_PARK,36029002900,,future,Etihad Park
ETIHAD_PARK,36029003000,,future,Etihad Park
ETIHAD_PARK,36029003100,,future,Etihad Park
ETIHAD_PARK,36029003301,,future,Etihad Park
ETIHAD_PARK,36029003302,,future,Etihad Park
ETIHAD_PARK,36029003400,,future,Etihad Park
ETIHAD_PARK,36029003600,,future,Etihad Park
ETIHAD_PARK,36029003901,,future,Etihad Park
ETIHAD_PARK,36043010201,,future,Etihad Park
ETIHAD_PARK,36055014501,,future,Etihad Park
ETIHAD_PARK,36055014503,,future,Etihad Park
ETIHAD_PARK,36055014504,,future,Etihad Park
ETIHAD_PARK,36087012401,,future,Etihad Park
ETIHAD_PARK,36065021402,,future,Etihad Park
ETIHAD_PARK,36065021500,,future,Etihad Park
ETIHAD_PARK,36065021601,,future,Etihad Park
ETIHAD_PARK,36065021602,,future,Etihad Park
ETIHAD_PARK,36065026300,,future,Etihad Park
ETIHAD_PARK,36071012800,,future,Etihad Park
ETIHAD_PARK,36071012900,,future,Etihad Park
ETIHAD_PARK,36001014503,,future,Etihad Park
ETIHAD_PARK,36001014606,,future,Etihad Park
ETIHAD_PARK,36005016700,85.0,future,Etihad Park
ETIHAD_PARK,36005016900,84.0,future,Etihad Park
ETIHAD_PARK,36005017300,76.0,future,Etihad Park
ETIHAD_PARK,36043010400,,future,Etihad Park
ETIHAD_PARK,36005016600,68.0,future,Etihad Park
ETIHAD_PARK,36005017500,79.0,future,Etihad Park
ETIHAD_PARK,36005018400,72.0,future,Etihad Park
ETIHAD_PARK,36005018900,73.0,future,Etihad Park
ETIHAD_PARK,36005019300,77.0,future,Etihad Park
ETIHAD_PARK,36005019400,74.0,future,Etihad Park
ETIHAD_PARK,36085024401,,future,Etihad Park
ETIHAD_PARK,36005011800,90.0,future,Etihad Park
ETIHAD_PARK,36005012102,74.0,future,Etihad Park
ETIHAD_PARK,36005012300,76.0,future,Etihad Park
ETIHAD_PARK,36005012500,74.0,future,Etihad Park
ETIHAD_PARK,36005012701,70.0,future,Etihad Park
ETIHAD_PARK,36047076800,94.0,future,Etihad Park
ETIHAD_PARK,36047094600,103.0,future,Etihad Park
ETIHAD_PARK,36035970100,,future,Etihad Park
ETIHAD_PARK,36035970700,,future,Etihad Park
ETIHAD_PARK,36035971300,,future,Etihad Park
ETIHAD_PARK,36035970200,,future,Etihad Park
ETIHAD_PARK,36035970500,,future,Etihad Park
ETIHAD_PARK,36047119800,75.0,future,Etihad Park
ETIHAD_PARK,36029012001,,future,Etihad Park
ETIHAD_PARK,36029012002,,future,Etihad Park
ETIHAD_PARK,36029012003,,future,Etihad Park
ETIHAD_PARK,36029012300,,future,Etihad Park
ETIHAD_PARK,36029012400,,future,Etihad Park
ETIHAD_PARK,36035970900,,future,Etihad Park
ETIHAD_PARK,36035971000,,future,Etihad Park
ETIHAD_PARK,36035971100,,future,Etihad Park
ETIHAD_PARK,36035971200,,future,Etihad Park
ETIHAD_PARK,36029012502,,future,Etihad Park
ETIHAD_PARK,36039080100,,future,Etihad Park
ETIHAD_PARK,36001014608,,future,Etihad Park
ETIHAD_PARK,36001014609,,future,Etihad Park
ETIHAD_PARK,36001014612,,future,Etihad Park
ETIHAD_PARK,36001014801,,future,Etihad Park
ETIHAD_PARK,36001014802,,future,Etihad Park
ETIHAD_PARK,36029005700,,future,Etihad Park
ETIHAD_PARK,36029005900,,future,Etihad Park
ETIHAD_PARK,36055014505,,future,Etihad Park
ETIHAD_PARK,36055014700,,future,Etihad Park
ETIHAD_PARK,36065023502,,future,Etihad Park
ETIHAD_PARK,36065024400,,future,Etihad Park
ETIHAD_PARK,36065024302,,future,Etihad Park
ETIHAD_PARK,36065024700,,future,Etihad Park
ETIHAD_PARK,36065024303,,future,Etihad Park
ETIHAD_PARK,36065021302,,future,Etihad Park
ETIHAD_PARK,36065024500,,future,Etihad Park
ETIHAD_PARK,36065022200,,future,Etihad Park
ETIHAD_PARK,36043011400,,future,Etihad Park
ETIHAD_PARK,36055014802,,future,Etihad Park
ETIHAD_PARK,36055014803,,future,Etihad Park
ETIHAD_PARK,36055014901,,future,Etihad Park
ETIHAD_PARK,36005040900,92.0,future,Etihad Park
ETIHAD_PARK,36005041100,86.0,future,Etihad Park
ETIHAD_PARK,36071013000,,future,Etihad Park
ETIHAD_PARK,36071013500,,future,Etihad Park
ETIHAD_PARK,36071013700,,future,Etihad Park
ETIHAD_PARK,36005041300,87.0,future,Etihad Park
ETIHAD_PARK,36005041400,96.0,future,Etihad Park
ETIHAD_PARK,36005041800,96.0,future,Etihad Park
ETIHAD_PARK,36005040800,90.0,future,Etihad Park
ETIHAD_PARK,36005041900,84.0,future,Etihad Park
ETIHAD_PARK,36005042100,83.0,future,Etihad Park
ETIHAD_PARK,36005042200,92.0,future,Etihad Park
ETIHAD_PARK,36005042300,92.0,future,Etihad Park
ETIHAD_PARK,36005042400,100.0,future,Etihad Park
ETIHAD_PARK,36005042500,96.0,future,Etihad Park
ETIHAD_PARK,36005042600,101.0,future,Etihad Park
ETIHAD_PARK,36005042902,95.0,future,Etihad Park
ETIHAD_PARK,36005043000,97.0,future,Etihad Park
ETIHAD_PARK,36005035100,105.0,future,Etihad Park
ETIHAD_PARK,36005035600,88.0,future,Etihad Park
ETIHAD_PARK,36005035800,96.0,future,Etihad Park
ETIHAD_PARK,36005035900,73.0,future,Etihad Park
ETIHAD_PARK,36005036100,71.0,future,Etihad Park
ETIHAD_PARK,36005036300,74.0,future,Etihad Park
ETIHAD_PARK,36005036502,79.0,future,Etihad Park
ETIHAD_PARK,36065021401,,future,Etihad Park
ETIHAD_PARK,36065023702,,future,Etihad Park
ETIHAD_PARK,36065023200,,future,Etihad Park
ETIHAD_PARK,36065020802,,future,Etihad Park
ETIHAD_PARK,36065022702,,future,Etihad Park
ETIHAD_PARK,36065025900,,future,Etihad Park
ETIHAD_PARK,36065020900,,future,Etihad Park
ETIHAD_PARK,36065020803,,future,Etihad Park
ETIHAD_PARK,36005036700,78.0,future,Etihad Park
ETIHAD_PARK,36005036902,84.0,future,Etihad Park
ETIHAD_PARK,36005043600,96.0,future,Etihad Park
ETIHAD_PARK,36005044200,96.0,future,Etihad Park
ETIHAD_PARK,36005044800,106.0,future,Etihad Park
ETIHAD_PARK,36005045102,96.0,future,Etihad Park
ETIHAD_PARK,36005045800,101.0,future,Etihad Park
ETIHAD_PARK,36005037200,90.0,future,Etihad Park
ETIHAD_PARK,36005037000,94.0,future,Etihad Park
ETIHAD_PARK,36005037300,78.0,future,Etihad Park
ETIHAD_PARK,36005037400,86.0,future,Etihad Park
ETIHAD_PARK,36005050400,101.0,future,Etihad Park
ETIHAD_PARK,36005004100,72.0,future,Etihad Park
ETIHAD_PARK,36005011900,75.0,future,Etihad Park
ETIHAD_PARK,36005024400,80.0,future,Etihad Park
ETIHAD_PARK,36005031200,89.0,future,Etihad Park
ETIHAD_PARK,36005031400,88.0,future,Etihad Park
ETIHAD_PARK,36005032800,89.0,future,Etihad Park
ETIHAD_PARK,36089491500,,future,Etihad Park
ETIHAD_PARK,36005039800,96.0,future,Etihad Park
ETIHAD_PARK,36065021701,,future,Etihad Park
ETIHAD_PARK,36065021702,,future,Etihad Park
ETIHAD_PARK,36065022500,,future,Etihad Park
ETIHAD_PARK,36055014903,,future,Etihad Park
ETIHAD_PARK,36055015000,,future,Etihad Park
ETIHAD_PARK,36065021900,,future,Etihad Park
ETIHAD_PARK,36065022000,,future,Etihad Park
ETIHAD_PARK,36065022100,,future,Etihad Park
ETIHAD_PARK,36071010400,,future,Etihad Park
ETIHAD_PARK,36071011200,,future,Etihad Park
ETIHAD_PARK,36071011500,,future,Etihad Park
ETIHAD_PARK,36071012100,,future,Etihad Park
ETIHAD_PARK,36065022701,,future,Etihad Park
ETIHAD_PARK,36065980100,,future,Etihad Park
ETIHAD_PARK,36119000701,,future,Etihad Park
ETIHAD_PARK,36119000702,,future,Etihad Park
ETIHAD_PARK,36119000801,,future,Etihad Park
ETIHAD_PARK,36119000802,,future,Etihad Park
ETIHAD_PARK,36119000900,,future,Etihad Park
ETIHAD_PARK,36119001000,,future,Etihad Park
ETIHAD_PARK,36119001102,,future,Etihad Park
ETIHAD_PARK,36119001200,,future,Etihad Park
ETIHAD_PARK,36047088400,87.0,future,Etihad Park
ETIHAD_PARK,36047088600,91.0,future,Etihad Park
ETIHAD_PARK,36047089000,89.0,future,Etihad Park
ETIHAD_PARK,36047089200,84.0,future,Etihad Park
ETIHAD_PARK,36047089400,80.0,future,Etihad Park
ETIHAD_PARK,36047089600,89.0,future,Etihad Park
ETIHAD_PARK,36047004500,72.0,future,Etihad Park
ETIHAD_PARK,36047004700,82.0,future,Etihad Park
ETIHAD_PARK,36047004900,76.0,future,Etihad Park
ETIHAD_PARK,36047005000,105.0,future,Etihad Park
ETIHAD_PARK,36047005201,98.0,future,Etihad Park
ETIHAD_PARK,36047005400,96.0,future,Etihad Park
ETIHAD_PARK,36047005602,104.0,future,Etihad Park
ETIHAD_PARK,36047005900,86.0,future,Etihad Park
ETIHAD_PARK,36047006000,101.0,future,Etihad Park
ETIHAD_PARK,36047006300,76.0,future,Etihad Park
ETIHAD_PARK,36047006400,96.0,future,Etihad Park
ETIHAD_PARK,36047006500,74.0,future,Etihad Park
ETIHAD_PARK,36047006600,92.0,future,Etihad Park
ETIHAD_PARK,36047006700,75.0,future,Etihad Park
ETIHAD_PARK,36047006800,86.0,future,Etihad Park
ETIHAD_PARK,36047007000,85.0,future,Etihad Park
ETIHAD_PARK,36047007100,73.0,future,Etihad Park
ETIHAD_PARK,36047007200,89.0,future,Etihad Park
ETIHAD_PARK,36047007500,72.0,future,Etihad Park
ETIHAD_PARK,36047008400,77.0,future,Etihad Park
ETIHAD_PARK,36029016400,,future,Etihad Park
ETIHAD_PARK,36119001301,,future,Etihad Park
ETIHAD_PARK,36119001302,,future,Etihad Park
ETIHAD_PARK,36119001401,,future,Etihad Park
ETIHAD_PARK,36119001402,,future,Etihad Park
ETIHAD_PARK,36119001403,116.0,future,Etihad Park
ETIHAD_PARK,36091062300,,future,Etihad Park
ETIHAD_PARK,36081038302,35.0,future,Etihad Park
ETIHAD_PARK,36047008500,85.0,future,Etihad Park
ETIHAD_PARK,36047008600,92.0,future,Etihad Park
ETIHAD_PARK,36047008800,87.0,future,Etihad Park
ETIHAD_PARK,36047009600,95.0,future,Etihad Park
ETIHAD_PARK,36047009800,99.0,future,Etihad Park
ETIHAD_PARK,36047010000,98.0,future,Etihad Park
ETIHAD_PARK,36047010100,82.0,future,Etihad Park
ETIHAD_PARK,36047011000,83.0,future,Etihad Park
ETIHAD_PARK,36047011200,86.0,future,Etihad Park
ETIHAD_PARK,36047011400,91.0,future,Etihad Park
ETIHAD_PARK,36047011600,100.0,future,Etihad Park
ETIHAD_PARK,36047011700,76.0,future,Etihad Park
ETIHAD_PARK,36047012000,95.0,future,Etihad Park
ETIHAD_PARK,36047012100,72.0,future,Etihad Park
ETIHAD_PARK,36047012700,77.0,future,Etihad Park
ETIHAD_PARK,36047012901,75.0,future,Etihad Park
ETIHAD_PARK,36047012902,72.0,future,Etihad Park
ETIHAD_PARK,36047013100,80.0,future,Etihad Park
ETIHAD_PARK,36047013200,106.0,future,Etihad Park
ETIHAD_PARK,36047013400,100.0,future,Etihad Park
ETIHAD_PARK,36047013600,101.0,future,Etihad Park
ETIHAD_PARK,36047013700,77.0,future,Etihad Park
ETIHAD_PARK,36047013800,103.0,future,Etihad Park
ETIHAD_PARK,36027190301,,future,Etihad Park
ETIHAD_PARK,36079010100,,future,Etihad Park
ETIHAD_PARK,36119014607,,future,Etihad Park
ETIHAD_PARK,36079011700,,future,Etihad Park
ETIHAD_PARK,36119014806,,future,Etihad Park
ETIHAD_PARK,36091062200,,future,Etihad Park
ETIHAD_PARK,36119001502,101.0,future,Etihad Park
ETIHAD_PARK,36119001503,,future,Etihad Park
ETIHAD_PARK,36119001504,,future,Etihad Park
ETIHAD_PARK,36119001505,112.0,future,Etihad Park
ETIHAD_PARK,36119001600,,future,Etihad Park
ETIHAD_PARK,36119001800,,future,Etihad Park
ETIHAD_PARK,36119001900,,future,Etihad Park
ETIHAD_PARK,36119002000,,future,Etihad Park
ETIHAD_PARK,36119002103,,future,Etihad Park
ETIHAD_PARK,36119002104,,future,Etihad Park
ETIHAD_PARK,36119002105,,future,Etihad Park
ETIHAD_PARK,36119002106,,future,Etihad Park
ETIHAD_PARK,36075021402,,future,Etihad Park
ETIHAD_PARK,36075021501,,future,Etihad Park
ETIHAD_PARK,36029010202,,future,Etihad Park
ETIHAD_PARK,36029010201,,future,Etihad Park
ETIHAD_PARK,36029016700,,future,Etihad Park
ETIHAD_PARK,36029013300,,future,Etihad Park
ETIHAD_PARK,36067002400,,future,Etihad Park
ETIHAD_PARK,36067002700,,future,Etihad Park
ETIHAD_PARK,36067003000,,future,Etihad Park
ETIHAD_PARK,36067003200,,future,Etihad Park
ETIHAD_PARK,36071011101,,future,Etihad Park
ETIHAD_PARK,36071015100,,future,Etihad Park
ETIHAD_PARK,36075021602,,future,Etihad Park
ETIHAD_PARK,36075021603,,future,Etihad Park
ETIHAD_PARK,36075021604,,future,Etihad Park
ETIHAD_PARK,36075021605,,future,Etihad Park
ETIHAD_PARK,36067003400,,future,Etihad Park
ETIHAD_PARK,36067012000,,future,Etihad Park
ETIHAD_PARK,36067012200,,future,Etihad Park
ETIHAD_PARK,36067012500,,future,Etihad Park
ETIHAD_PARK,36071010801,,future,Etihad Park
ETIHAD_PARK,36067011800,,future,Etihad Park
ETIHAD_PARK,36067011700,,future,Etihad Park
ETIHAD_PARK,36067013300,,future,Etihad Park
ETIHAD_PARK,36067013400,,future,Etihad Park
ETIHAD_PARK,36067013500,,future,Etihad Park
ETIHAD_PARK,36067013600,,future,Etihad Park
ETIHAD_PARK,36067013800,,future,Etihad Park
ETIHAD_PARK,36055013508,,future,Etihad Park
ETIHAD_PARK,36067005200,,future,Etihad Park
ETIHAD_PARK,36067005500,,future,Etihad Park
ETIHAD_PARK,36067005601,,future,Etihad Park
ETIHAD_PARK,36067005700,,future,Etihad Park
ETIHAD_PARK,36023971200,,future,Etihad Park
ETIHAD_PARK,36067005800,,future,Etihad Park
ETIHAD_PARK,36067005900,,future,Etihad Park
ETIHAD_PARK,36067006000,,future,Etihad Park
ETIHAD_PARK,36067006101,,future,Etihad Park
ETIHAD_PARK,36067006102,,future,Etihad Park
ETIHAD_PARK,36067006103,,future,Etihad Park
ETIHAD_PARK,36111954000,,future,Etihad Park
ETIHAD_PARK,36111952800,,future,Etihad Park
ETIHAD_PARK,36111950300,,future,Etihad Park
ETIHAD_PARK,36111951500,,future,Etihad Park
ETIHAD_PARK,36111952600,,future,Etihad Park
ETIHAD_PARK,36111954700,,future,Etihad Park
ETIHAD_PARK,36111950600,,future,Etihad Park
ETIHAD_PARK,36111950200,,future,Etihad Park
ETIHAD_PARK,36111953800,,future,Etihad Park
ETIHAD_PARK,36111954600,,future,Etihad Park
ETIHAD_PARK,36111953700,,future,Etihad Park
ETIHAD_PARK,36111951200,,future,Etihad Park
ETIHAD_PARK,36111950500,,future,Etihad Park
ETIHAD_PARK,36111953900,,future,Etihad Park
ETIHAD_PARK,36067013900,,future,Etihad Park
ETIHAD_PARK,36067014000,,future,Etihad Park
ETIHAD_PARK,36067014200,,future,Etihad Park
ETIHAD_PARK,36067014300,,future,Etihad Park
ETIHAD_PARK,36067014400,,future,Etihad Park
ETIHAD_PARK,36067014500,,future,Etihad Park
ETIHAD_PARK,36119006400,,future,Etihad Park
ETIHAD_PARK,36119006500,,future,Etihad Park
ETIHAD_PARK,36119006600,,future,Etihad Park
ETIHAD_PARK,36119006700,,future,Etihad Park
ETIHAD_PARK,36119006801,,future,Etihad Park
ETIHAD_PARK,36119008902,,future,Etihad Park
ETIHAD_PARK,36119009000,,future,Etihad Park
ETIHAD_PARK,36119009100,,future,Etihad Park
ETIHAD_PARK,36119009300,,future,Etihad Park
ETIHAD_PARK,36119009703,,future,Etihad Park
ETIHAD_PARK,36119009800,,future,Etihad Park
ETIHAD_PARK,36119009900,,future,Etihad Park
ETIHAD_PARK,36119010000,,future,Etihad Park
ETIHAD_PARK,36067000400,,future,Etihad Park
ETIHAD_PARK,36067000700,,future,Etihad Park
ETIHAD_PARK,36111951100,,future,Etihad Park
ETIHAD_PARK,36067011012,,future,Etihad Park
ETIHAD_PARK,36067011021,,future,Etihad Park
ETIHAD_PARK,36067011022,,future,Etihad Park
ETIHAD_PARK,36111951300,,future,Etihad Park
ETIHAD_PARK,36111951400,,future,Etihad Park
ETIHAD_PARK,36111951600,,future,Etihad Park
ETIHAD_PARK,36111951700,,future,Etihad Park
ETIHAD_PARK,36067011101,,future,Etihad Park
ETIHAD_PARK,36067011102,,future,Etihad Park
ETIHAD_PARK,36067011201,,future,Etihad Park
ETIHAD_PARK,36029009110,,future,Etihad Park
ETIHAD_PARK,36029013201,,future,Etihad Park
ETIHAD_PARK,36067014600,,future,Etihad Park
ETIHAD_PARK,36067014700,,future,Etihad Park
ETIHAD_PARK,36067014800,,future,Etihad Park
ETIHAD_PARK,36119007100,,future,Etihad Park
ETIHAD_PARK,36119009400,,future,Etihad Park
ETIHAD_PARK,36119009500,,future,Etihad Park
ETIHAD_PARK,36119009600,,future,Etihad Park
ETIHAD_PARK,36119009701,,future,Etihad Park
ETIHAD_PARK,36119009702,,future,Etihad Park
ETIHAD_PARK,36119014810,,future,Etihad Park
ETIHAD_PARK,36067014900,,future,Etihad Park
ETIHAD_PARK,36119014811,,future,Etihad Park
ETIHAD_PARK,36119010100,,future,Etihad Park
ETIHAD_PARK,36119010801,,future,Etihad Park
ETIHAD_PARK,36119010803,,future,Etihad Park
ETIHAD_PARK,36119010804,,future,Etihad Park
ETIHAD_PARK,36119010901,,future,Etihad Park
ETIHAD_PARK,36067016300,,future,Etihad Park
ETIHAD_PARK,36119010902,,future,Etihad Park
ETIHAD_PARK,36119010903,,future,Etihad Park
ETIHAD_PARK,36119011000,,future,Etihad Park
ETIHAD_PARK,36119011102,,future,Etihad Park
ETIHAD_PARK,36067000800,,future,Etihad Park
ETIHAD_PARK,36079010800,,future,Etihad Park
ETIHAD_PARK,36079011600,,future,Etihad Park
ETIHAD_PARK,36079011300,,future,Etihad Park
ETIHAD_PARK,36079011900,,future,Etihad Park
ETIHAD_PARK,36079010700,,future,Etihad Park
ETIHAD_PARK,36079011100,,future,Etihad Park
ETIHAD_PARK,36079010500,,future,Etihad Park
ETIHAD_PARK,36079011400,,future,Etihad Park
ETIHAD_PARK,36079010300,,future,Etihad Park
ETIHAD_PARK,36079010400,,future,Etihad Park
ETIHAD_PARK,36079011000,,future,Etihad Park
ETIHAD_PARK,36079010600,,future,Etihad Park
ETIHAD_PARK,36067000900,,future,Etihad Park
ETIHAD_PARK,36067001000,,future,Etihad Park
ETIHAD_PARK,36067001500,,future,Etihad Park
ETIHAD_PARK,36111951800,,future,Etihad Park
ETIHAD_PARK,36111951900,,future,Etihad Park
ETIHAD_PARK,36111952000,,future,Etihad Park
ETIHAD_PARK,36111952100,,future,Etihad Park
ETIHAD_PARK,36111952200,,future,Etihad Park
ETIHAD_PARK,36067011241,,future,Etihad Park
ETIHAD_PARK,36067011401,,future,Etihad Park
ETIHAD_PARK,36111952300,,future,Etihad Park
ETIHAD_PARK,36111952400,,future,Etihad Park
ETIHAD_PARK,36067011500,,future,Etihad Park
ETIHAD_PARK,36067011600,,future,Etihad Park
ETIHAD_PARK,36067015100,,future,Etihad Park
ETIHAD_PARK,36067015201,,future,Etihad Park
ETIHAD_PARK,36067015203,,future,Etihad Park
ETIHAD_PARK,36067015202,,future,Etihad Park
ETIHAD_PARK,36019100700,,future,Etihad Park
ETIHAD_PARK,36019100800,,future,Etihad Park
ETIHAD_PARK,36019100600,,future,Etihad Park
ETIHAD_PARK,36067016400,,future,Etihad Park
ETIHAD_PARK,36067016501,,future,Etihad Park
ETIHAD_PARK,36119011200,,future,Etihad Park
ETIHAD_PARK,36111952500,,future,Etihad Park
ETIHAD_PARK,36111952700,,future,Etihad Park
ETIHAD_PARK,36111953400,,future,Etihad Park
ETIHAD_PARK,36027060302,,future,Etihad Park
ETIHAD_PARK,36067940000,,future,Etihad Park
ETIHAD_PARK,36067004000,,future,Etihad Park
ETIHAD_PARK,36067011242,,future,Etihad Park
ETIHAD_PARK,36067012100,,future,Etihad Park
ETIHAD_PARK,36019100200,,future,Etihad Park
ETIHAD_PARK,36067015500,,future,Etihad Park
ETIHAD_PARK,36081044400,61.0,future,Etihad Park
ETIHAD_PARK,36081058200,72.0,future,Etihad Park
ETIHAD_PARK,36081108500,49.0,future,Etihad Park
ETIHAD_PARK,36081109300,58.0,future,Etihad Park
ETIHAD_PARK,36081141700,49.0,future,Etihad Park
ETIHAD_PARK,36081006202,83.0,future,Etihad Park
ETIHAD_PARK,36119011500,,future,Etihad Park
ETIHAD_PARK,36027060400,,future,Etihad Park
ETIHAD_PARK,36067012300,,future,Etihad Park
ETIHAD_PARK,36067012400,,future,Etihad Park
ETIHAD_PARK,36067003900,,future,Etihad Park
ETIHAD_PARK,36067005400,,future,Etihad Park
ETIHAD_PARK,36067012800,,future,Etihad Park
ETIHAD_PARK,36067010200,,future,Etihad Park
ETIHAD_PARK,36027640002,,future,Etihad Park
ETIHAD_PARK,36027130004,,future,Etihad Park
ETIHAD_PARK,36027050104,,future,Etihad Park
ETIHAD_PARK,36119014500,,future,Etihad Park
ETIHAD_PARK,36061016900,62.0,future,Etihad Park
ETIHAD_PARK,36061016400,57.0,future,Etihad Park
ETIHAD_PARK,34015501501,,future,Etihad Park
ETIHAD_PARK,34015500704,,future,Etihad Park
ETIHAD_PARK,34019011306,,future,Etihad Park
ETIHAD_PARK,34019011305,,future,Etihad Park
ETIHAD_PARK,34019010201,,future,Etihad Park
ETIHAD_PARK,34019010202,,future,Etihad Park
ETIHAD_PARK,34019011003,,future,Etihad Park
ETIHAD_PARK,34019011004,,future,Etihad Park
ETIHAD_PARK,34019011204,,future,Etihad Park
ETIHAD_PARK,34019011203,,future,Etihad Park
ETIHAD_PARK,34035053405,,future,Etihad Park
ETIHAD_PARK,34035054302,,future,Etihad Park
ETIHAD_PARK,34035054301,,future,Etihad Park
ETIHAD_PARK,34035052604,,future,Etihad Park
ETIHAD_PARK,34035052605,,future,Etihad Park
ETIHAD_PARK,34015500705,,future,Etihad Park
ETIHAD_PARK,34015500601,,future,Etihad Park
ETIHAD_PARK,34015500602,,future,Etihad Park
ETIHAD_PARK,34015502204,,future,Etihad Park
ETIHAD_PARK,34015502201,,future,Etihad Park
ETIHAD_PARK,34015502202,,future,Etihad Park
ETIHAD_PARK,34015502203,,future,Etihad Park
ETIHAD_PARK,34015501502,,future,Etihad Park
ETIHAD_PARK,34031256803,,future,Etihad Park
ETIHAD_PARK,34031256804,,future,Etihad Park
ETIHAD_PARK,34031246300,119.0,future,Etihad Park
ETIHAD_PARK,34031181200,,future,Etihad Park
ETIHAD_PARK,34031246003,,future,Etihad Park
ETIHAD_PARK,34031223900,119.0,future,Etihad Park
ETIHAD_PARK,34031182400,,future,Etihad Park
ETIHAD_PARK,34031181702,117.0,future,Etihad Park
ETIHAD_PARK,34031256805,,future,Etihad Park
ETIHAD_PARK,34031124900,113.0,future,Etihad Park
ETIHAD_PARK,34007603201,,future,Etihad Park
ETIHAD_PARK,34031116500,,future,Etihad Park
ETIHAD_PARK,34031180700,,future,Etihad Park
ETIHAD_PARK,34031124402,97.0,future,Etihad Park
ETIHAD_PARK,34031256802,,future,Etihad Park
ETIHAD_PARK,34007609206,,future,Etihad Park
ETIHAD_PARK,34007603202,,future,Etihad Park
ETIHAD_PARK,34007609207,,future,Etihad Park
ETIHAD_PARK,34039030704,113.0,future,Etihad Park
ETIHAD_PARK,34017012800,109.0,future,Etihad Park
ETIHAD_PARK,34017012900,103.0,future,Etihad Park
ETIHAD_PARK,34039032004,108.0,future,Etihad Park
ETIHAD_PARK,34039032401,,future,Etihad Park
ETIHAD_PARK,34039032102,,future,Etihad Park
ETIHAD_PARK,34039039501,,future,Etihad Park
ETIHAD_PARK,34039032101,,future,Etihad Park
ETIHAD_PARK,34039039502,,future,Etihad Park
ETIHAD_PARK,34039032003,107.0,future,Etihad Park
ETIHAD_PARK,34013021200,,future,Etihad Park
ETIHAD_PARK,34013021602,,future,Etihad Park
ETIHAD_PARK,34031175900,113.0,future,Etihad Park
ETIHAD_PARK,34005704202,,future,Etihad Park
ETIHAD_PARK,34005702702,,future,Etihad Park
ETIHAD_PARK,34005702701,,future,Etihad Park
ETIHAD_PARK,34005704201,,future,Etihad Park
ETIHAD_PARK,34005982200,,future,Etihad Park
ETIHAD_PARK,34041031601,,future,Etihad Park
ETIHAD_PARK,34041031402,,future,Etihad Park
ETIHAD_PARK,34041031401,,future,Etihad Park
ETIHAD_PARK,34041031101,,future,Etihad Park
ETIHAD_PARK,34041031302,,future,Etihad Park
ETIHAD_PARK,34041031500,,future,Etihad Park
ETIHAD_PARK,34031183200,119.0,future,Etihad Park
ETIHAD_PARK,34039039301,,future,Etihad Park
ETIHAD_PARK,34031124311,115.0,future,Etihad Park
ETIHAD_PARK,34031124312,114.0,future,Etihad Park
ETIHAD_PARK,34031124321,,future,Etihad Park
ETIHAD_PARK,34031124322,93.0,future,Etihad Park
ETIHAD_PARK,34031124323,95.0,future,Etihad Park
ETIHAD_PARK,34031124500,116.0,future,Etihad Park
ETIHAD_PARK,34031125000,,future,Etihad Park
ETIHAD_PARK,34031125100,,future,Etihad Park
ETIHAD_PARK,34005704015,,future,Etihad Park
ETIHAD_PARK,34005704016,,future,Etihad Park
ETIHAD_PARK,34031124601,,future,Etihad Park
ETIHAD_PARK,34031175200,114.0,future,Etihad Park
ETIHAD_PARK,34013020902,,future,Etihad Park
ETIHAD_PARK,34013021000,,future,Etihad Park
ETIHAD_PARK,34013021100,,future,Etihad Park
ETIHAD_PARK,34031180600,,future,Etihad Park
ETIHAD_PARK,34031180800,,future,Etihad Park
ETIHAD_PARK,34031180900,,future,Etihad Park
ETIHAD_PARK,34031181000,,future,Etihad Park
ETIHAD_PARK,34031181300,,future,Etihad Park
ETIHAD_PARK,34031181400,,future,Etihad Park
ETIHAD_PARK,34031181500,,future,Etihad Park
ETIHAD_PARK,34031181800,118.0,future,Etihad Park
ETIHAD_PARK,34031181900,113.0,future,Etihad Park
ETIHAD_PARK,34031182000,117.0,future,Etihad Park
ETIHAD_PARK,34031182100,,future,Etihad Park
ETIHAD_PARK,34031182200,,future,Etihad Park
ETIHAD_PARK,34041031900,,future,Etihad Park
ETIHAD_PARK,34041032300,,future,Etihad Park
ETIHAD_PARK,34041031200,,future,Etihad Park
ETIHAD_PARK,34041032000,,future,Etihad Park
ETIHAD_PARK,34041032101,,future,Etihad Park
ETIHAD_PARK,34041031301,,future,Etihad Park
ETIHAD_PARK,34031182600,112.0,future,Etihad Park
ETIHAD_PARK,34031182800,,future,Etihad Park
ETIHAD_PARK,34031182900,,future,Etihad Park
ETIHAD_PARK,34025800101,,future,Etihad Park
ETIHAD_PARK,34025809503,,future,Etihad Park
ETIHAD_PARK,34025808901,,future,Etihad Park
ETIHAD_PARK,34025808202,,future,Etihad Park
ETIHAD_PARK,34013021801,,future,Etihad Park
ETIHAD_PARK,34013008900,103.0,future,Etihad Park
ETIHAD_PARK,34039039302,,future,Etihad Park
ETIHAD_PARK,34025809506,,future,Etihad Park
ETIHAD_PARK,34025808502,,future,Etihad Park
ETIHAD_PARK,34025807401,,future,Etihad Park
ETIHAD_PARK,34025807006,,future,Etihad Park
ETIHAD_PARK,34025812600,,future,Etihad Park
ETIHAD_PARK,34025808201,,future,Etihad Park
ETIHAD_PARK,34025808902,,future,Etihad Park
ETIHAD_PARK,34025808501,,future,Etihad Park
ETIHAD_PARK,34025804801,,future,Etihad Park
ETIHAD_PARK,34025803601,,future,Etihad Park
ETIHAD_PARK,34025809505,,future,Etihad Park
ETIHAD_PARK,34025810504,,future,Etihad Park
ETIHAD_PARK,34025803602,,future,Etihad Park
ETIHAD_PARK,34025800102,,future,Etihad Park
ETIHAD_PARK,34025810201,,future,Etihad Park
ETIHAD_PARK,34025804802,,future,Etihad Park
ETIHAD_PARK,34025810202,,future,Etihad Park
ETIHAD_PARK,34025807005,,future,Etihad Park
ETIHAD_PARK,34025810505,,future,Etihad Park
ETIHAD_PARK,34025807402,,future,Etihad Park
ETIHAD_PARK,34025809504,,future,Etihad Park
ETIHAD_PARK,34031203600,,future,Etihad Park
ETIHAD_PARK,34041030600,,future,Etihad Park
ETIHAD_PARK,34011041002,,future,Etihad Park
ETIHAD_PARK,34011030402,,future,Etihad Park
ETIHAD_PARK,34011040601,,future,Etihad Park
ETIHAD_PARK,34011040602,,future,Etihad Park
ETIHAD_PARK,34011040701,,future,Etihad Park
ETIHAD_PARK,34011010701,,future,Etihad Park
ETIHAD_PARK,34011020503,,future,Etihad Park
ETIHAD_PARK,34011010702,,future,Etihad Park
ETIHAD_PARK,34011020302,,future,Etihad Park
ETIHAD_PARK,34031246001,,future,Etihad Park
ETIHAD_PARK,34031246002,,future,Etihad Park
ETIHAD_PARK,34031246101,,future,Etihad Park
ETIHAD_PARK,34031246102,103.0,future,Etihad Park
ETIHAD_PARK,34031246103,116.0,future,Etihad Park
ETIHAD_PARK,34041030700,,future,Etihad Park
ETIHAD_PARK,34041030800,,future,Etihad Park
ETIHAD_PARK,34041030900,,future,Etihad Park
ETIHAD_PARK,34041031102,,future,Etihad Park
ETIHAD_PARK,34011020301,,future,Etihad Park
ETIHAD_PARK,34011041101,,future,Etihad Park
ETIHAD_PARK,34011041001,,future,Etihad Park
ETIHAD_PARK,34011030401,,future,Etihad Park
ETIHAD_PARK,34011040702,,future,Etihad Park
ETIHAD_PARK,34011041102,,future,Etihad Park
ETIHAD_PARK,34013000300,109.0,future,Etihad Park
ETIHAD_PARK,34031246104,,future,Etihad Park
ETIHAD_PARK,34031246201,,future,Etihad Park
ETIHAD_PARK,34031246202,,future,Etihad Park
ETIHAD_PARK,34031246203,,future,Etihad Park
ETIHAD_PARK,34031256801,,future,Etihad Park
ETIHAD_PARK,34013020800,,future,Etihad Park
ETIHAD_PARK,34013001600,108.0,future,Etihad Park
ETIHAD_PARK,34013009400,111.0,future,Etihad Park
ETIHAD_PARK,34013000700,106.0,future,Etihad Park
ETIHAD_PARK,34013020700,,future,Etihad Park
ETIHAD_PARK,34013002202,111.0,future,Etihad Park
ETIHAD_PARK,34013012500,114.0,future,Etihad Park
ETIHAD_PARK,34013016600,,future,Etihad Park
ETIHAD_PARK,34003031200,95.0,future,Etihad Park
ETIHAD_PARK,34003048100,99.0,future,Etihad Park
ETIHAD_PARK,34003051100,88.0,future,Etihad Park
ETIHAD_PARK,34013022800,96.0,future,Etihad Park
ETIHAD_PARK,34013007800,95.0,future,Etihad Park
ETIHAD_PARK,34013010600,99.0,future,Etihad Park
ETIHAD_PARK,34013005100,106.0,future,Etihad Park
ETIHAD_PARK,34017002400,85.0,future,Etihad Park
ETIHAD_PARK,34017000902,89.0,future,Etihad Park
ETIHAD_PARK,34013015300,,future,Etihad Park
ETIHAD_PARK,34013001500,110.0,future,Etihad Park
ETIHAD_PARK,34017011600,,future,Etihad Park
ETIHAD_PARK,34017014700,79.0,future,Etihad Park
ETIHAD_PARK,34017005600,104.0,future,Etihad Park
ETIHAD_PARK,34017004300,93.0,future,Etihad Park
ETIHAD_PARK,34017013000,105.0,future,Etihad Park
ETIHAD_PARK,34017015300,79.0,future,Etihad Park
ETIHAD_PARK,34041032102,,future,Etihad Park
ETIHAD_PARK,34017016800,66.0,future,Etihad Park
ETIHAD_PARK,34017019400,79.0,future,Etihad Park
ETIHAD_PARK,34017014000,92.0,future,Etihad Park
ETIHAD_PARK,34017001400,88.0,future,Etihad Park
ETIHAD_PARK,34017013200,112.0,future,Etihad Park
ETIHAD_PARK,34017016200,74.0,future,Etihad Park
ETIHAD_PARK,34017016600,68.0,future,Etihad Park
ETIHAD_PARK,34017018000,68.0,future,Etihad Park
ETIHAD_PARK,34041031602,,future,Etihad Park
ETIHAD_PARK,34041031700,,future,Etihad Park
ETIHAD_PARK,34041031800,,future,Etihad Park
ETIHAD_PARK,34017000400,93.0,future,Etihad Park
ETIHAD_PARK,34017000500,85.0,future,Etihad Park
ETIHAD_PARK,34017000700,84.0,future,Etihad Park
ETIHAD_PARK,34017000800,80.0,future,Etihad Park
ETIHAD_PARK,34017001100,88.0,future,Etihad Park
ETIHAD_PARK,34017001202,87.0,future,Etihad Park
ETIHAD_PARK,34017001300,83.0,future,Etihad Park
ETIHAD_PARK,34013003900,106.0,future,Etihad Park
ETIHAD_PARK,34017001800,91.0,future,Etihad Park
ETIHAD_PARK,34017001900,80.0,future,Etihad Park
ETIHAD_PARK,34013002100,114.0,future,Etihad Park
ETIHAD_PARK,34013002500,107.0,future,Etihad Park
ETIHAD_PARK,34013002000,112.0,future,Etihad Park
ETIHAD_PARK,34013002600,104.0,future,Etihad Park
ETIHAD_PARK,34013002800,102.0,future,Etihad Park
ETIHAD_PARK,34013004100,107.0,future,Etihad Park
ETIHAD_PARK,34013013800,118.0,future,Etihad Park
ETIHAD_PARK,34013012800,106.0,future,Etihad Park
ETIHAD_PARK,34013013400,115.0,future,Etihad Park
ETIHAD_PARK,34013013500,112.0,future,Etihad Park
ETIHAD_PARK,34013007200,99.0,future,Etihad Park
ETIHAD_PARK,34013014100,,future,Etihad Park
ETIHAD_PARK,34013014200,,future,Etihad Park
ETIHAD_PARK,34013016000,,future,Etihad Park
ETIHAD_PARK,34013004802,108.0,future,Etihad Park
ETIHAD_PARK,34013005200,102.0,future,Etihad Park
ETIHAD_PARK,34013007300,93.0,future,Etihad Park
ETIHAD_PARK,34013008200,106.0,future,Etihad Park
ETIHAD_PARK,34013007501,90.0,future,Etihad Park
ETIHAD_PARK,34031124602,,future,Etihad Park
ETIHAD_PARK,34031124700,,future,Etihad Park
ETIHAD_PARK,34031124800,115.0,future,Etihad Park
ETIHAD_PARK,34013008100,94.0,future,Etihad Park
ETIHAD_PARK,34013008700,100.0,future,Etihad Park
ETIHAD_PARK,34013017200,,future,Etihad Park
ETIHAD_PARK,34013016100,,future,Etihad Park
ETIHAD_PARK,34013016200,,future,Etihad Park
ETIHAD_PARK,34013016400,,future,Etihad Park
ETIHAD_PARK,34013016500,,future,Etihad Park
ETIHAD_PARK,34013017100,,future,Etihad Park
ETIHAD_PARK,34013017700,113.0,future,Etihad Park
ETIHAD_PARK,34027043601,,future,Etihad Park
ETIHAD_PARK,34027040301,,future,Etihad Park
ETIHAD_PARK,34027040302,,future,Etihad Park
ETIHAD_PARK,34027046500,,future,Etihad Park
ETIHAD_PARK,34013018000,,future,Etihad Park
ETIHAD_PARK,34013018800,,future,Etihad Park
ETIHAD_PARK,34013019000,,future,Etihad Park
ETIHAD_PARK,34027045903,,future,Etihad Park
ETIHAD_PARK,34027043602,,future,Etihad Park
ETIHAD_PARK,34027045404,,future,Etihad Park
ETIHAD_PARK,34027046110,,future,Etihad Park
ETIHAD_PARK,34027045403,,future,Etihad Park
ETIHAD_PARK,34027042601,,future,Etihad Park
ETIHAD_PARK,34027046109,,future,Etihad Park
ETIHAD_PARK,34027046108,,future,Etihad Park
ETIHAD_PARK,34027041605,,future,Etihad Park
ETIHAD_PARK,34027043802,,future,Etihad Park
ETIHAD_PARK,34027045504,,future,Etihad Park
ETIHAD_PARK,34027042602,,future,Etihad Park
ETIHAD_PARK,34027044503,,future,Etihad Park
ETIHAD_PARK,34027045904,,future,Etihad Park
ETIHAD_PARK,34027046107,,future,Etihad Park
ETIHAD_PARK,34041032400,,future,Etihad Park
ETIHAD_PARK,34013019100,,future,Etihad Park
ETIHAD_PARK,34009022101,,future,Etihad Park
ETIHAD_PARK,34027043801,,future,Etihad Park
ETIHAD_PARK,34027041606,,future,Etihad Park
ETIHAD_PARK,34027045503,,future,Etihad Park
ETIHAD_PARK,34041032200,,future,Etihad Park
ETIHAD_PARK,34013019600,,future,Etihad Park
ETIHAD_PARK,34013020100,,future,Etihad Park
ETIHAD_PARK,34013020300,,future,Etihad Park
ETIHAD_PARK,34003019202,96.0,future,Etihad Park
ETIHAD_PARK,34003021600,106.0,future,Etihad Park
ETIHAD_PARK,34013020500,,future,Etihad Park
ETIHAD_PARK,34013020600,,future,Etihad Park
ETIHAD_PARK,34003022100,,future,Etihad Park
ETIHAD_PARK,34007600400,,future,Etihad Park
ETIHAD_PARK,34009020901,,future,Etihad Park
ETIHAD_PARK,34007600700,,future,Etihad Park
ETIHAD_PARK,34007600800,,future,Etihad Park
ETIHAD_PARK,34009021002,,future,Etihad Park
ETIHAD_PARK,34007608303,,future,Etihad Park
ETIHAD_PARK,34009022102,,future,Etihad Park
ETIHAD_PARK,34011990000,,future,Etihad Park
ETIHAD_PARK,34009021001,,future,Etihad Park
ETIHAD_PARK,34017004500,98.0,future,Etihad Park
ETIHAD_PARK,34013009200,106.0,future,Etihad Park
ETIHAD_PARK,34013009300,106.0,future,Etihad Park
ETIHAD_PARK,34013009600,111.0,future,Etihad Park
ETIHAD_PARK,34017002900,88.0,future,Etihad Park
ETIHAD_PARK,34017003000,87.0,future,Etihad Park
ETIHAD_PARK,34017004200,95.0,future,Etihad Park
ETIHAD_PARK,34017004400,93.0,future,Etihad Park
ETIHAD_PARK,34017005300,104.0,future,Etihad Park
ETIHAD_PARK,34017005400,118.0,future,Etihad Park
ETIHAD_PARK,34017005801,102.0,future,Etihad Park
ETIHAD_PARK,34017006000,105.0,future,Etihad Park
ETIHAD_PARK,34009020101,,future,Etihad Park
ETIHAD_PARK,34009020301,,future,Etihad Park
ETIHAD_PARK,34009021500,,future,Etihad Park
ETIHAD_PARK,34009020102,,future,Etihad Park
ETIHAD_PARK,34009021400,,future,Etihad Park
ETIHAD_PARK,34009020500,,future,Etihad Park
ETIHAD_PARK,34009021804,,future,Etihad Park
ETIHAD_PARK,34009020600,,future,Etihad Park
ETIHAD_PARK,34009021300,,future,Etihad Park
ETIHAD_PARK,34009020400,,future,Etihad Park
ETIHAD_PARK,34009020700,,future,Etihad Park
ETIHAD_PARK,34009020800,,future,Etihad Park
ETIHAD_PARK,34013011200,102.0,future,Etihad Park
ETIHAD_PARK,34013010200,,future,Etihad Park
ETIHAD_PARK,34013010300,116.0,future,Etihad Park
ETIHAD_PARK,34013010700,105.0,future,Etihad Park
ETIHAD_PARK,34013010900,112.0,future,Etihad Park
ETIHAD_PARK,34013011100,101.0,future,Etihad Park
ETIHAD_PARK,34013011300,97.0,future,Etihad Park
ETIHAD_PARK,34013011800,110.0,future,Etihad Park
ETIHAD_PARK,34013012100,116.0,future,Etihad Park
ETIHAD_PARK,34017010400,,future,Etihad Park
ETIHAD_PARK,34013012200,115.0,future,Etihad Park
ETIHAD_PARK,34017006300,108.0,future,Etihad Park
ETIHAD_PARK,34017010100,,future,Etihad Park
ETIHAD_PARK,34017010200,109.0,future,Etihad Park
ETIHAD_PARK,34017010300,,future,Etihad Park
ETIHAD_PARK,34017011000,116.0,future,Etihad Park
ETIHAD_PARK,34017010500,,future,Etihad Park
ETIHAD_PARK,34017010800,,future,Etihad Park
ETIHAD_PARK,34017010900,111.0,future,Etihad Park
ETIHAD_PARK,34017011100,,future,Etihad Park
ETIHAD_PARK,34017012600,110.0,future,Etihad Park
ETIHAD_PARK,34017011500,,future,Etihad Park
ETIHAD_PARK,34017012400,116.0,future,Etihad Park
ETIHAD_PARK,34017012500,117.0,future,Etihad Park
ETIHAD_PARK,34029715702,,future,Etihad Park
ETIHAD_PARK,34029733001,,future,Etihad Park
ETIHAD_PARK,34003022200,,future,Etihad Park
ETIHAD_PARK,34007608001,,future,Etihad Park
ETIHAD_PARK,34007609000,,future,Etihad Park
ETIHAD_PARK,34007600200,,future,Etihad Park
ETIHAD_PARK,34003020100,,future,Etihad Park
ETIHAD_PARK,34003020200,,future,Etihad Park
ETIHAD_PARK,34029739200,,future,Etihad Park
ETIHAD_PARK,34029728002,,future,Etihad Park
ETIHAD_PARK,34029720105,,future,Etihad Park
ETIHAD_PARK,34029734004,,future,Etihad Park
ETIHAD_PARK,34029735003,,future,Etihad Park
ETIHAD_PARK,34029733002,,future,Etihad Park
ETIHAD_PARK,34029732004,,future,Etihad Park
ETIHAD_PARK,34029715403,,future,Etihad Park
ETIHAD_PARK,34029728004,,future,Etihad Park
ETIHAD_PARK,34029735106,,future,Etihad Park
ETIHAD_PARK,34029728001,,future,Etihad Park
ETIHAD_PARK,34029728003,,future,Etihad Park
ETIHAD_PARK,34029736107,,future,Etihad Park
ETIHAD_PARK,34029722003,,future,Etihad Park
ETIHAD_PARK,34029715503,,future,Etihad Park
ETIHAD_PARK,34029735105,,future,Etihad Park
ETIHAD_PARK,34029715001,,future,Etihad Park
ETIHAD_PARK,34029715201,,future,Etihad Park
ETIHAD_PARK,34029710102,,future,Etihad Park
ETIHAD_PARK,34029732003,,future,Etihad Park
ETIHAD_PARK,34029736106,,future,Etihad Park
ETIHAD_PARK,34029720104,,future,Etihad Park
ETIHAD_PARK,34029710101,,future,Etihad Park
ETIHAD_PARK,34029715501,,future,Etihad Park
ETIHAD_PARK,34029720106,,future,Etihad Park
ETIHAD_PARK,34029722004,,future,Etihad Park
ETIHAD_PARK,34029715202,,future,Etihad Park
ETIHAD_PARK,34029715701,,future,Etihad Park
ETIHAD_PARK,34029735004,,future,Etihad Park
ETIHAD_PARK,34029715404,,future,Etihad Park
ETIHAD_PARK,34029715303,,future,Etihad Park
ETIHAD_PARK,34029715002,,future,Etihad Park
ETIHAD_PARK,34035052905,,future,Etihad Park
ETIHAD_PARK,34035052701,,future,Etihad Park
ETIHAD_PARK,34035052702,,future,Etihad Park
ETIHAD_PARK,34035053406,,future,Etihad Park
ETIHAD_PARK,34035053807,,future,Etihad Park
ETIHAD_PARK,34003021500,104.0,future,Etihad Park
ETIHAD_PARK,34031154006,104.0,future,Etihad Park
ETIHAD_PARK,34031182502,,future,Etihad Park
ETIHAD_PARK,34031181101,,future,Etihad Park
ETIHAD_PARK,34031143302,,future,Etihad Park
ETIHAD_PARK,34031143301,,future,Etihad Park
ETIHAD_PARK,34031163502,,future,Etihad Park
ETIHAD_PARK,34029720107,,future,Etihad Park
ETIHAD_PARK,34029734005,,future,Etihad Park
ETIHAD_PARK,34029715502,,future,Etihad Park
ETIHAD_PARK,34029715304,,future,Etihad Park
ETIHAD_PARK,34035052906,,future,Etihad Park
ETIHAD_PARK,34035053806,,future,Etihad Park
ETIHAD_PARK,34003021200,,future,Etihad Park
ETIHAD_PARK,34003021400,112.0,future,Etihad Park
ETIHAD_PARK,34031154003,107.0,future,Etihad Park
ETIHAD_PARK,34031154004,,future,Etihad Park
ETIHAD_PARK,34031154005,106.0,future,Etihad Park
ETIHAD_PARK,34031196403,,future,Etihad Park
ETIHAD_PARK,34031180204,118.0,future,Etihad Park
ETIHAD_PARK,34031163501,,future,Etihad Park
ETIHAD_PARK,34031143401,,future,Etihad Park
ETIHAD_PARK,34031124202,,future,Etihad Park
ETIHAD_PARK,34031143202,,future,Etihad Park
ETIHAD_PARK,34031236604,,future,Etihad Park
ETIHAD_PARK,34031236603,,future,Etihad Park
ETIHAD_PARK,34031143402,,future,Etihad Park
ETIHAD_PARK,34031175804,107.0,future,Etihad Park
ETIHAD_PARK,34031196404,,future,Etihad Park
ETIHAD_PARK,34031124404,,future,Etihad Park
ETIHAD_PARK,34031175604,113.0,future,Etihad Park
ETIHAD_PARK,34031124403,110.0,future,Etihad Park
ETIHAD_PARK,34031180302,117.0,future,Etihad Park
ETIHAD_PARK,34031180301,,future,Etihad Park
ETIHAD_PARK,34031175803,108.0,future,Etihad Park
ETIHAD_PARK,34031183002,,future,Etihad Park
ETIHAD_PARK,34031175603,115.0,future,Etihad Park
ETIHAD_PARK,34031175502,115.0,future,Etihad Park
ETIHAD_PARK,34031181102,,future,Etihad Park
ETIHAD_PARK,34031182701,,future,Etihad Park
ETIHAD_PARK,34031182702,,future,Etihad Park
ETIHAD_PARK,34031182501,,future,Etihad Park
ETIHAD_PARK,34031180101,,future,Etihad Park
ETIHAD_PARK,34031183001,,future,Etihad Park
ETIHAD_PARK,34031175501,114.0,future,Etihad Park
ETIHAD_PARK,34031180102,,future,Etihad Park
ETIHAD_PARK,34031180203,115.0,future,Etihad Park
ETIHAD_PARK,34031143201,,future,Etihad Park
ETIHAD_PARK,34003003500,,future,Etihad Park
ETIHAD_PARK,34003003401,,future,Etihad Park
ETIHAD_PARK,34023008212,,future,Etihad Park
ETIHAD_PARK,34031124201,,future,Etihad Park
ETIHAD_PARK,34003053100,,future,Etihad Park
ETIHAD_PARK,34003003402,114.0,future,Etihad Park
ETIHAD_PARK,34003003300,116.0,future,Etihad Park
ETIHAD_PARK,34023008213,,future,Etihad Park
ETIHAD_PARK,34023008214,,future,Etihad Park
ETIHAD_PARK,34023000102,,future,Etihad Park
ETIHAD_PARK,34023007305,,future,Etihad Park
ETIHAD_PARK,34023000503,,future,Etihad Park
ETIHAD_PARK,34023001003,,future,Etihad Park
ETIHAD_PARK,34023008801,,future,Etihad Park
ETIHAD_PARK,34023008505,,future,Etihad Park
ETIHAD_PARK,34023006209,,future,Etihad Park
ETIHAD_PARK,34023000610,,future,Etihad Park
ETIHAD_PARK,34023007914,,future,Etihad Park
ETIHAD_PARK,34023000101,,future,Etihad Park
ETIHAD_PARK,34023007306,,future,Etihad Park
ETIHAD_PARK,34023001418,,future,Etihad Park
ETIHAD_PARK,34023001419,,future,Etihad Park
ETIHAD_PARK,34023000609,,future,Etihad Park
ETIHAD_PARK,34023006208,,future,Etihad Park
ETIHAD_PARK,34023980100,,future,Etihad Park
ETIHAD_PARK,34023008506,,future,Etihad Park
ETIHAD_PARK,34023008210,,future,Etihad Park
ETIHAD_PARK,34023003801,111.0,future,Etihad Park
ETIHAD_PARK,34023001004,,future,Etihad Park
ETIHAD_PARK,34023003802,96.0,future,Etihad Park
ETIHAD_PARK,34023007913,,future,Etihad Park
ETIHAD_PARK,34023008211,,future,Etihad Park
ETIHAD_PARK,34023004501,,future,Etihad Park
ETIHAD_PARK,34023003601,93.0,future,Etihad Park
ETIHAD_PARK,34003018101,91.0,future,Etihad Park
ETIHAD_PARK,34023000504,,future,Etihad Park
ETIHAD_PARK,34023004502,,future,Etihad Park
ETIHAD_PARK,34023980000,90.0,future,Etihad Park
ETIHAD_PARK,34003006302,90.0,future,Etihad Park
ETIHAD_PARK,34003013004,90.0,future,Etihad Park
ETIHAD_PARK,34003037203,,future,Etihad Park
ETIHAD_PARK,34003006101,97.0,future,Etihad Park
ETIHAD_PARK,34003054601,86.0,future,Etihad Park
ETIHAD_PARK,34003021101,117.0,future,Etihad Park
ETIHAD_PARK,34003030201,118.0,future,Etihad Park
ETIHAD_PARK,34003037204,,future,Etihad Park
ETIHAD_PARK,34003021102,112.0,future,Etihad Park
ETIHAD_PARK,34003042102,,future,Etihad Park
ETIHAD_PARK,34003017101,,future,Etihad Park
ETIHAD_PARK,34003006102,98.0,future,Etihad Park
ETIHAD_PARK,34003017502,114.0,future,Etihad Park
ETIHAD_PARK,34003023201,100.0,future,Etihad Park
ETIHAD_PARK,34003015401,113.0,future,Etihad Park
ETIHAD_PARK,34003008002,,future,Etihad Park
ETIHAD_PARK,34003017501,112.0,future,Etihad Park
ETIHAD_PARK,34003045101,105.0,future,Etihad Park
ETIHAD_PARK,34003060002,103.0,future,Etihad Park
ETIHAD_PARK,34003023202,92.0,future,Etihad Park
ETIHAD_PARK,34003054102,109.0,future,Etihad Park
ETIHAD_PARK,34003054602,100.0,future,Etihad Park
ETIHAD_PARK,34003017301,,future,Etihad Park
ETIHAD_PARK,34003008001,,future,Etihad Park
ETIHAD_PARK,34003042101,,future,Etihad Park
ETIHAD_PARK,34003053201,,future,Etihad Park
ETIHAD_PARK,34003030402,106.0,future,Etihad Park
ETIHAD_PARK,34003034001,,future,Etihad Park
ETIHAD_PARK,34003030401,107.0,future,Etihad Park
ETIHAD_PARK,34003030202,105.0,future,Etihad Park
ETIHAD_PARK,34003034002,,future,Etihad Park
ETIHAD_PARK,34003001002,,future,Etihad Park
ETIHAD_PARK,34003054101,99.0,future,Etihad Park
ETIHAD_PARK,34003053202,,future,Etihad Park
ETIHAD_PARK,34003017302,,future,Etihad Park
ETIHAD_PARK,34003055202,,future,Etihad Park
ETIHAD_PARK,34003001001,,future,Etihad Park
ETIHAD_PARK,34003045102,105.0,future,Etihad Park
ETIHAD_PARK,34003015402,,future,Etihad Park
ETIHAD_PARK,34003017102,,future,Etihad Park
ETIHAD_PARK,34003060001,99.0,future,Etihad Park
ETIHAD_PARK,34003023304,91.0,future,Etihad Park
ETIHAD_PARK,34003055201,,future,Etihad Park
ETIHAD_PARK,34003006301,97.0,future,Etihad Park
ETIHAD_PARK,34003018102,98.0,future,Etihad Park
ETIHAD_PARK,34003023303,95.0,future,Etihad Park
ETIHAD_PARK,34003013003,89.0,future,Etihad Park
ETIHAD_PARK,34017000102,89.0,future,Etihad Park
ETIHAD_PARK,34017018502,79.0,future,Etihad Park
ETIHAD_PARK,34017018401,71.0,future,Etihad Park
ETIHAD_PARK,34017007001,80.0,future,Etihad Park
ETIHAD_PARK,34017007002,75.0,future,Etihad Park
ETIHAD_PARK,34017010602,116.0,future,Etihad Park
ETIHAD_PARK,34017010701,117.0,future,Etihad Park
ETIHAD_PARK,34017010702,119.0,future,Etihad Park
ETIHAD_PARK,34017003101,89.0,future,Etihad Park
ETIHAD_PARK,34039031903,104.0,future,Etihad Park
ETIHAD_PARK,34039030701,,future,Etihad Park
ETIHAD_PARK,34037371502,,future,Etihad Park
ETIHAD_PARK,34039038400,,future,Etihad Park
ETIHAD_PARK,34039039600,,future,Etihad Park
ETIHAD_PARK,34039039700,,future,Etihad Park
ETIHAD_PARK,34039037700,,future,Etihad Park
ETIHAD_PARK,34029713800,,future,Etihad Park
ETIHAD_PARK,34023007805,,future,Etihad Park
ETIHAD_PARK,34029714200,,future,Etihad Park
ETIHAD_PARK,34023002701,,future,Etihad Park
ETIHAD_PARK,34023002703,114.0,future,Etihad Park
ETIHAD_PARK,34023002901,100.0,future,Etihad Park
ETIHAD_PARK,34039038500,,future,Etihad Park
ETIHAD_PARK,34039039000,,future,Etihad Park
ETIHAD_PARK,34029711200,,future,Etihad Park
ETIHAD_PARK,34027044900,,future,Etihad Park
ETIHAD_PARK,34027045000,,future,Etihad Park
ETIHAD_PARK,34027045100,,future,Etihad Park
ETIHAD_PARK,34039030200,,future,Etihad Park
ETIHAD_PARK,34039030400,,future,Etihad Park
ETIHAD_PARK,34039030600,,future,Etihad Park
ETIHAD_PARK,34029723200,,future,Etihad Park
ETIHAD_PARK,34017018501,81.0,future,Etihad Park
ETIHAD_PARK,34039038101,,future,Etihad Park
ETIHAD_PARK,34039038202,,future,Etihad Park
ETIHAD_PARK,34039038300,,future,Etihad Park
ETIHAD_PARK,34001011901,,future,Etihad Park
ETIHAD_PARK,34001011902,,future,Etihad Park
ETIHAD_PARK,34001011703,,future,Etihad Park
ETIHAD_PARK,34001011704,,future,Etihad Park
ETIHAD_PARK,34001011808,,future,Etihad Park
ETIHAD_PARK,34001011807,,future,Etihad Park
ETIHAD_PARK,34001011806,,future,Etihad Park
ETIHAD_PARK,34037371503,,future,Etihad Park
ETIHAD_PARK,34039038602,,future,Etihad Park
ETIHAD_PARK,34039038900,,future,Etihad Park
ETIHAD_PARK,34039039100,,future,Etihad Park
ETIHAD_PARK,34039039200,,future,Etihad Park
ETIHAD_PARK,34029713700,,future,Etihad Park
ETIHAD_PARK,34029736001,,future,Etihad Park
ETIHAD_PARK,34029726000,,future,Etihad Park
ETIHAD_PARK,34029717400,,future,Etihad Park
ETIHAD_PARK,34029720202,,future,Etihad Park
ETIHAD_PARK,34029732001,,future,Etihad Park
ETIHAD_PARK,34029731103,,future,Etihad Park
ETIHAD_PARK,34023007806,,future,Etihad Park
ETIHAD_PARK,34029714300,,future,Etihad Park
ETIHAD_PARK,34023002902,107.0,future,Etihad Park
ETIHAD_PARK,34023006403,,future,Etihad Park
ETIHAD_PARK,34023007907,117.0,future,Etihad Park
ETIHAD_PARK,34029716000,,future,Etihad Park
ETIHAD_PARK,34023006500,,future,Etihad Park
ETIHAD_PARK,34023006601,,future,Etihad Park
ETIHAD_PARK,34023006604,,future,Etihad Park
ETIHAD_PARK,34029713000,,future,Etihad Park
ETIHAD_PARK,34029715800,,future,Etihad Park
ETIHAD_PARK,34029717001,,future,Etihad Park
ETIHAD_PARK,34029722200,,future,Etihad Park
ETIHAD_PARK,34029722401,,future,Etihad Park
ETIHAD_PARK,34023006605,,future,Etihad Park
ETIHAD_PARK,34023006607,,future,Etihad Park
ETIHAD_PARK,34023006608,,future,Etihad Park
ETIHAD_PARK,34039030802,,future,Etihad Park
ETIHAD_PARK,34039031100,112.0,future,Etihad Park
ETIHAD_PARK,34039031500,87.0,future,Etihad Park
ETIHAD_PARK,34035053705,,future,Etihad Park
ETIHAD_PARK,34029713202,,future,Etihad Park
ETIHAD_PARK,34023004600,,future,Etihad Park
ETIHAD_PARK,34023007303,,future,Etihad Park
ETIHAD_PARK,34023008601,,future,Etihad Park
ETIHAD_PARK,34023001804,,future,Etihad Park
ETIHAD_PARK,34023008101,,future,Etihad Park
ETIHAD_PARK,34023003201,,future,Etihad Park
ETIHAD_PARK,34023007905,,future,Etihad Park
ETIHAD_PARK,34029722500,,future,Etihad Park
ETIHAD_PARK,34029722701,,future,Etihad Park
ETIHAD_PARK,34029722800,,future,Etihad Park
ETIHAD_PARK,34029723100,,future,Etihad Park
ETIHAD_PARK,34029723300,,future,Etihad Park
ETIHAD_PARK,34027045200,,future,Etihad Park
ETIHAD_PARK,34027045603,,future,Etihad Park
ETIHAD_PARK,34027045901,,future,Etihad Park
ETIHAD_PARK,34039032500,109.0,future,Etihad Park
ETIHAD_PARK,34023008406,,future,Etihad Park
ETIHAD_PARK,34013002204,112.0,future,Etihad Park
ETIHAD_PARK,34013002203,,future,Etihad Park
ETIHAD_PARK,34039038103,,future,Etihad Park
ETIHAD_PARK,34023006701,,future,Etihad Park
ETIHAD_PARK,34023006703,,future,Etihad Park
ETIHAD_PARK,34039032200,107.0,future,Etihad Park
ETIHAD_PARK,34039032300,103.0,future,Etihad Park
ETIHAD_PARK,34039032600,,future,Etihad Park
ETIHAD_PARK,34023000802,,future,Etihad Park
ETIHAD_PARK,34023007203,,future,Etihad Park
ETIHAD_PARK,34023005800,,future,Etihad Park
ETIHAD_PARK,34023003102,,future,Etihad Park
ETIHAD_PARK,34023007804,,future,Etihad Park
ETIHAD_PARK,34023001702,,future,Etihad Park
ETIHAD_PARK,34021000800,,future,Etihad Park
ETIHAD_PARK,34021000900,,future,Etihad Park
ETIHAD_PARK,34021001000,,future,Etihad Park
ETIHAD_PARK,34021001200,,future,Etihad Park
ETIHAD_PARK,34011010200,,future,Etihad Park
ETIHAD_PARK,34011030501,,future,Etihad Park
ETIHAD_PARK,34039038701,,future,Etihad Park
ETIHAD_PARK,34039038702,,future,Etihad Park
ETIHAD_PARK,34039033502,119.0,future,Etihad Park
ETIHAD_PARK,34039032402,106.0,future,Etihad Park
ETIHAD_PARK,34039031301,88.0,future,Etihad Park
ETIHAD_PARK,34039980000,114.0,future,Etihad Park
ETIHAD_PARK,34039031302,99.0,future,Etihad Park
ETIHAD_PARK,34039039801,,future,Etihad Park
ETIHAD_PARK,34039032701,,future,Etihad Park
ETIHAD_PARK,34039030703,,future,Etihad Park
ETIHAD_PARK,34039038104,,future,Etihad Park
ETIHAD_PARK,34017006101,112.0,future,Etihad Park
ETIHAD_PARK,34017005901,108.0,future,Etihad Park
ETIHAD_PARK,34017006102,107.0,future,Etihad Park
ETIHAD_PARK,34017007701,73.0,future,Etihad Park
ETIHAD_PARK,34017007702,79.0,future,Etihad Park
ETIHAD_PARK,34017005902,107.0,future,Etihad Park
ETIHAD_PARK,34039032702,,future,Etihad Park
ETIHAD_PARK,34039033501,,future,Etihad Park
ETIHAD_PARK,34017018402,69.0,future,Etihad Park
ETIHAD_PARK,34017014801,86.0,future,Etihad Park
ETIHAD_PARK,34017014802,78.0,future,Etihad Park
ETIHAD_PARK,34017014401,91.0,future,Etihad Park
ETIHAD_PARK,34017014402,89.0,future,Etihad Park
ETIHAD_PARK,34017002002,83.0,future,Etihad Park
ETIHAD_PARK,34017007602,87.0,future,Etihad Park
ETIHAD_PARK,34017007601,79.0,future,Etihad Park
ETIHAD_PARK,34017007703,80.0,future,Etihad Park
ETIHAD_PARK,34017010601,,future,Etihad Park
ETIHAD_PARK,34017015003,85.0,future,Etihad Park
ETIHAD_PARK,34017000101,97.0,future,Etihad Park
ETIHAD_PARK,34017002001,86.0,future,Etihad Park
ETIHAD_PARK,34017004104,91.0,future,Etihad Park
ETIHAD_PARK,34017004103,95.0,future,Etihad Park
ETIHAD_PARK,34017003102,89.0,future,Etihad Park
ETIHAD_PARK,34017015004,79.0,future,Etihad Park
ETIHAD_PARK,34003024100,,future,Etihad Park
ETIHAD_PARK,34003059100,,future,Etihad Park
ETIHAD_PARK,34003033100,101.0,future,Etihad Park
ETIHAD_PARK,34003048200,108.0,future,Etihad Park
ETIHAD_PARK,34003015100,,future,Etihad Park
ETIHAD_PARK,34003049002,,future,Etihad Park
ETIHAD_PARK,34003025200,95.0,future,Etihad Park
ETIHAD_PARK,34003046200,97.0,future,Etihad Park
ETIHAD_PARK,34021002100,,future,Etihad Park
ETIHAD_PARK,34003038200,109.0,future,Etihad Park
ETIHAD_PARK,34003033200,102.0,future,Etihad Park
ETIHAD_PARK,34003035200,,future,Etihad Park
ETIHAD_PARK,34011040800,,future,Etihad Park
ETIHAD_PARK,34021001401,,future,Etihad Park
ETIHAD_PARK,34021001500,,future,Etihad Park
ETIHAD_PARK,34021001600,,future,Etihad Park
ETIHAD_PARK,34021001700,,future,Etihad Park
ETIHAD_PARK,34021001800,,future,Etihad Park
ETIHAD_PARK,34021001900,,future,Etihad Park
ETIHAD_PARK,34021002000,,future,Etihad Park
ETIHAD_PARK,34021002200,,future,Etihad Park
ETIHAD_PARK,34021002601,,future,Etihad Park
ETIHAD_PARK,34021002602,,future,Etihad Park
ETIHAD_PARK,34021002701,,future,Etihad Park
ETIHAD_PARK,34003032102,,future,Etihad Park
ETIHAD_PARK,34021002702,,future,Etihad Park
ETIHAD_PARK,34021002800,,future,Etihad Park
ETIHAD_PARK,34021002902,,future,Etihad Park
ETIHAD_PARK,34021002904,,future,Etihad Park
ETIHAD_PARK,34011020200,,future,Etihad Park
ETIHAD_PARK,34011040901,,future,Etihad Park
ETIHAD_PARK,34011010800,,future,Etihad Park
ETIHAD_PARK,34011010401,,future,Etihad Park
ETIHAD_PARK,34011040300,,future,Etihad Park
ETIHAD_PARK,34011010101,,future,Etihad Park
ETIHAD_PARK,34011010600,,future,Etihad Park
ETIHAD_PARK,34011010500,,future,Etihad Park
ETIHAD_PARK,34011010103,,future,Etihad Park
ETIHAD_PARK,34021001101,,future,Etihad Park
ETIHAD_PARK,34021003301,,future,Etihad Park
ETIHAD_PARK,34021003500,,future,Etihad Park
ETIHAD_PARK,34021003601,,future,Etihad Park
ETIHAD_PARK,34021003602,,future,Etihad Park
ETIHAD_PARK,34029735104,,future,Etihad Park
ETIHAD_PARK,34029736105,,future,Etihad Park
ETIHAD_PARK,34029722001,,future,Etihad Park
ETIHAD_PARK,34011020100,,future,Etihad Park
ETIHAD_PARK,34011010402,,future,Etihad Park
ETIHAD_PARK,34021003002,,future,Etihad Park
ETIHAD_PARK,34021003006,,future,Etihad Park
ETIHAD_PARK,34021003007,,future,Etihad Park
ETIHAD_PARK,34021003008,,future,Etihad Park
ETIHAD_PARK,34021003009,,future,Etihad Park
ETIHAD_PARK,34025810102,,future,Etihad Park
ETIHAD_PARK,34029739100,,future,Etihad Park
ETIHAD_PARK,34029715901,,future,Etihad Park
ETIHAD_PARK,34029720206,,future,Etihad Park
ETIHAD_PARK,34001013302,,future,Etihad Park
ETIHAD_PARK,34021003703,,future,Etihad Park
ETIHAD_PARK,34021004000,,future,Etihad Park
ETIHAD_PARK,34021003704,,future,Etihad Park
ETIHAD_PARK,34021003706,,future,Etihad Park
ETIHAD_PARK,34021003902,,future,Etihad Park
ETIHAD_PARK,34001013500,,future,Etihad Park
ETIHAD_PARK,34001011403,,future,Etihad Park
ETIHAD_PARK,34007601300,,future,Etihad Park
ETIHAD_PARK,34015501900,,future,Etihad Park
ETIHAD_PARK,34021004306,,future,Etihad Park
ETIHAD_PARK,34021004403,,future,Etihad Park
ETIHAD_PARK,34001990000,,future,Etihad Park
ETIHAD_PARK,34003040001,107.0,future,Etihad Park
ETIHAD_PARK,34003023301,105.0,future,Etihad Park
ETIHAD_PARK,34003032103,,future,Etihad Park
ETIHAD_PARK,34023008102,,future,Etihad Park
ETIHAD_PARK,34023008604,,future,Etihad Park
ETIHAD_PARK,34023002200,,future,Etihad Park
ETIHAD_PARK,34021004404,,future,Etihad Park
ETIHAD_PARK,34021004407,,future,Etihad Park
ETIHAD_PARK,34029736101,,future,Etihad Park
ETIHAD_PARK,34029714000,,future,Etihad Park
ETIHAD_PARK,34029713401,,future,Etihad Park
ETIHAD_PARK,34029717101,,future,Etihad Park
ETIHAD_PARK,34029715401,,future,Etihad Park
ETIHAD_PARK,34029717502,,future,Etihad Park
ETIHAD_PARK,34029731204,,future,Etihad Park
ETIHAD_PARK,34029713201,,future,Etihad Park
ETIHAD_PARK,34029737000,,future,Etihad Park
ETIHAD_PARK,34029720203,,future,Etihad Park
ETIHAD_PARK,34017013500,98.0,future,Etihad Park
ETIHAD_PARK,34017013600,97.0,future,Etihad Park
ETIHAD_PARK,34017013700,104.0,future,Etihad Park
ETIHAD_PARK,34017013900,112.0,future,Etihad Park
ETIHAD_PARK,34017014200,84.0,future,Etihad Park
ETIHAD_PARK,34017014600,99.0,future,Etihad Park
ETIHAD_PARK,34017014900,87.0,future,Etihad Park
ETIHAD_PARK,34017015100,84.0,future,Etihad Park
ETIHAD_PARK,34017015500,82.0,future,Etihad Park
ETIHAD_PARK,34003054500,91.0,future,Etihad Park
ETIHAD_PARK,34003010200,107.0,future,Etihad Park
ETIHAD_PARK,34003047500,114.0,future,Etihad Park
ETIHAD_PARK,34021004311,,future,Etihad Park
ETIHAD_PARK,34021003905,,future,Etihad Park
ETIHAD_PARK,34021004309,,future,Etihad Park
ETIHAD_PARK,34021004502,,future,Etihad Park
ETIHAD_PARK,34021003004,,future,Etihad Park
ETIHAD_PARK,34003019104,107.0,future,Etihad Park
ETIHAD_PARK,34003019203,106.0,future,Etihad Park
ETIHAD_PARK,34003019303,104.0,future,Etihad Park
ETIHAD_PARK,34003019304,99.0,future,Etihad Park
ETIHAD_PARK,34021004307,,future,Etihad Park
ETIHAD_PARK,34001013201,,future,Etihad Park
ETIHAD_PARK,34001983400,,future,Etihad Park
ETIHAD_PARK,34003032201,,future,Etihad Park
ETIHAD_PARK,34035053706,,future,Etihad Park
ETIHAD_PARK,34035053403,,future,Etihad Park
ETIHAD_PARK,34029723000,,future,Etihad Park
ETIHAD_PARK,34029717200,,future,Etihad Park
ETIHAD_PARK,34029711100,,future,Etihad Park
ETIHAD_PARK,34021004203,,future,Etihad Park
ETIHAD_PARK,34021003001,,future,Etihad Park
ETIHAD_PARK,34021003400,,future,Etihad Park
ETIHAD_PARK,34021003800,,future,Etihad Park
ETIHAD_PARK,34017014300,88.0,future,Etihad Park
ETIHAD_PARK,34017015600,77.0,future,Etihad Park
ETIHAD_PARK,34017015700,77.0,future,Etihad Park
ETIHAD_PARK,34013015200,,future,Etihad Park
ETIHAD_PARK,34021004316,,future,Etihad Park
ETIHAD_PARK,34021004409,,future,Etihad Park
ETIHAD_PARK,34021004408,,future,Etihad Park
ETIHAD_PARK,34021004314,,future,Etihad Park
ETIHAD_PARK,34021003304,,future,Etihad Park
ETIHAD_PARK,34021004312,,future,Etihad Park
ETIHAD_PARK,34021003303,,future,Etihad Park
ETIHAD_PARK,34021004313,,future,Etihad Park
ETIHAD_PARK,34021004315,,future,Etihad Park
ETIHAD_PARK,34021003707,,future,Etihad Park
ETIHAD_PARK,34021004205,,future,Etihad Park
ETIHAD_PARK,34021003708,,future,Etihad Park
ETIHAD_PARK,34021980000,,future,Etihad Park
ETIHAD_PARK,34021004206,,future,Etihad Park
ETIHAD_PARK,34015501206,,future,Etihad Park
ETIHAD_PARK,34015501210,,future,Etihad Park
ETIHAD_PARK,34021003904,,future,Etihad Park
ETIHAD_PARK,34001000300,,future,Etihad Park
ETIHAD_PARK,34005700103,,future,Etihad Park
ETIHAD_PARK,34005700305,,future,Etihad Park
ETIHAD_PARK,34021004406,,future,Etihad Park
ETIHAD_PARK,34021001402,,future,Etihad Park
ETIHAD_PARK,34021003100,,future,Etihad Park
ETIHAD_PARK,34021002903,,future,Etihad Park
ETIHAD_PARK,34021003003,,future,Etihad Park
ETIHAD_PARK,34005700501,,future,Etihad Park
ETIHAD_PARK,34003002100,,future,Etihad Park
ETIHAD_PARK,34003009100,,future,Etihad Park
ETIHAD_PARK,34003009200,,future,Etihad Park
ETIHAD_PARK,34005700307,,future,Etihad Park
ETIHAD_PARK,34015500100,,future,Etihad Park
ETIHAD_PARK,34015500201,,future,Etihad Park
ETIHAD_PARK,34015501002,,future,Etihad Park
ETIHAD_PARK,34015501101,,future,Etihad Park
ETIHAD_PARK,34015501301,,future,Etihad Park
ETIHAD_PARK,34013003700,106.0,future,Etihad Park
ETIHAD_PARK,34013004300,111.0,future,Etihad Park
ETIHAD_PARK,34013007600,90.0,future,Etihad Park
ETIHAD_PARK,34013010800,114.0,future,Etihad Park
ETIHAD_PARK,34013013200,108.0,future,Etihad Park
ETIHAD_PARK,34013015900,113.0,future,Etihad Park
ETIHAD_PARK,34013020000,,future,Etihad Park
ETIHAD_PARK,34013000100,114.0,future,Etihad Park
ETIHAD_PARK,34001012502,,future,Etihad Park
ETIHAD_PARK,34001012602,,future,Etihad Park
ETIHAD_PARK,34001012701,,future,Etihad Park
ETIHAD_PARK,34013000200,103.0,future,Etihad Park
ETIHAD_PARK,34013000400,107.0,future,Etihad Park
ETIHAD_PARK,34013000600,110.0,future,Etihad Park
ETIHAD_PARK,34013001000,101.0,future,Etihad Park
ETIHAD_PARK,34013001100,94.0,future,Etihad Park
ETIHAD_PARK,34013001300,102.0,future,Etihad Park
ETIHAD_PARK,34001012702,,future,Etihad Park
ETIHAD_PARK,34021003903,,future,Etihad Park
ETIHAD_PARK,34021003201,,future,Etihad Park
ETIHAD_PARK,34021000600,,future,Etihad Park
ETIHAD_PARK,34021002500,,future,Etihad Park
ETIHAD_PARK,34001000100,,future,Etihad Park
ETIHAD_PARK,34001001200,,future,Etihad Park
ETIHAD_PARK,34001001400,,future,Etihad Park
ETIHAD_PARK,34001000200,,future,Etihad Park
ETIHAD_PARK,34001000400,,future,Etihad Park
ETIHAD_PARK,34001002400,,future,Etihad Park
ETIHAD_PARK,34015501604,,future,Etihad Park
ETIHAD_PARK,34015501702,,future,Etihad Park
ETIHAD_PARK,34001001100,,future,Etihad Park
ETIHAD_PARK,34001001500,,future,Etihad Park
ETIHAD_PARK,34001002300,,future,Etihad Park
ETIHAD_PARK,34001001900,,future,Etihad Park
ETIHAD_PARK,34001011702,,future,Etihad Park
ETIHAD_PARK,34015502300,,future,Etihad Park
ETIHAD_PARK,34015501201,,future,Etihad Park
ETIHAD_PARK,34015501703,,future,Etihad Park
ETIHAD_PARK,34001010101,,future,Etihad Park
ETIHAD_PARK,34001011600,,future,Etihad Park
ETIHAD_PARK,34001010403,,future,Etihad Park
ETIHAD_PARK,34001011803,,future,Etihad Park
ETIHAD_PARK,34001000500,,future,Etihad Park
ETIHAD_PARK,34001010501,,future,Etihad Park
ETIHAD_PARK,34001011401,,future,Etihad Park
ETIHAD_PARK,34001010700,,future,Etihad Park
ETIHAD_PARK,34001012200,,future,Etihad Park
ETIHAD_PARK,34001001300,,future,Etihad Park
ETIHAD_PARK,34001010401,,future,Etihad Park
ETIHAD_PARK,34001011500,,future,Etihad Park
ETIHAD_PARK,34001011202,,future,Etihad Park
ETIHAD_PARK,34001010600,,future,Etihad Park
ETIHAD_PARK,34001012801,,future,Etihad Park
ETIHAD_PARK,34001012802,,future,Etihad Park
ETIHAD_PARK,34001013000,,future,Etihad Park
ETIHAD_PARK,34001010200,,future,Etihad Park
ETIHAD_PARK,34001002500,,future,Etihad Park
ETIHAD_PARK,34001010300,,future,Etihad Park
ETIHAD_PARK,34001010102,,future,Etihad Park
ETIHAD_PARK,34001012402,,future,Etihad Park
ETIHAD_PARK,34001010900,,future,Etihad Park
ETIHAD_PARK,34001011000,,future,Etihad Park
ETIHAD_PARK,34001011100,,future,Etihad Park
ETIHAD_PARK,34001011201,,future,Etihad Park
ETIHAD_PARK,34001011300,,future,Etihad Park
ETIHAD_PARK,34001010503,,future,Etihad Park
ETIHAD_PARK,34001010800,,future,Etihad Park
ETIHAD_PARK,34001012000,,future,Etihad Park
ETIHAD_PARK,34001012100,,future,Etihad Park
ETIHAD_PARK,34001012302,,future,Etihad Park
ETIHAD_PARK,34001012401,,future,Etihad Park
ETIHAD_PARK,34013009500,112.0,future,Etihad Park
ETIHAD_PARK,34013000500,104.0,future,Etihad Park
ETIHAD_PARK,34013018100,,future,Etihad Park
ETIHAD_PARK,34013006900,102.0,future,Etihad Park
ETIHAD_PARK,34013007700,91.0,future,Etihad Park
ETIHAD_PARK,34013015600,,future,Etihad Park
ETIHAD_PARK,34001012501,,future,Etihad Park
ETIHAD_PARK,34013018900,108.0,future,Etihad Park
ETIHAD_PARK,34013022700,95.0,future,Etihad Park
ETIHAD_PARK,34013012900,106.0,future,Etihad Park
ETIHAD_PARK,34013014300,,future,Etihad Park
ETIHAD_PARK,34013004801,95.0,future,Etihad Park
ETIHAD_PARK,34013017400,,future,Etihad Park
ETIHAD_PARK,34009022000,,future,Etihad Park
ETIHAD_PARK,34007603901,,future,Etihad Park
ETIHAD_PARK,34007603902,,future,Etihad Park
ETIHAD_PARK,34007608202,,future,Etihad Park
ETIHAD_PARK,34003041200,100.0,future,Etihad Park
ETIHAD_PARK,34017019200,80.0,future,Etihad Park
ETIHAD_PARK,34017000200,84.0,future,Etihad Park
ETIHAD_PARK,34017000300,77.0,future,Etihad Park
ETIHAD_PARK,34017000600,87.0,future,Etihad Park
ETIHAD_PARK,34017002200,88.0,future,Etihad Park
ETIHAD_PARK,34007604700,,future,Etihad Park
ETIHAD_PARK,34011010301,,future,Etihad Park
ETIHAD_PARK,34003061100,,future,Etihad Park
ETIHAD_PARK,34003023401,88.0,future,Etihad Park
ETIHAD_PARK,34003023402,85.0,future,Etihad Park
ETIHAD_PARK,34003031100,,future,Etihad Park
ETIHAD_PARK,34003025100,104.0,future,Etihad Park
ETIHAD_PARK,34007607506,,future,Etihad Park
ETIHAD_PARK,34007605800,,future,Etihad Park
ETIHAD_PARK,34007605900,,future,Etihad Park
ETIHAD_PARK,34007606200,,future,Etihad Park
ETIHAD_PARK,34007606300,,future,Etihad Park
ETIHAD_PARK,34003055100,,future,Etihad Park
ETIHAD_PARK,34003028001,107.0,future,Etihad Park
ETIHAD_PARK,34003031300,111.0,future,Etihad Park
ETIHAD_PARK,34003031400,107.0,future,Etihad Park
ETIHAD_PARK,34003036100,96.0,future,Etihad Park
ETIHAD_PARK,34033020500,,future,Etihad Park
ETIHAD_PARK,34003036200,104.0,future,Etihad Park
ETIHAD_PARK,34003037100,118.0,future,Etihad Park
ETIHAD_PARK,34013021601,,future,Etihad Park
ETIHAD_PARK,34003039100,,future,Etihad Park
ETIHAD_PARK,34003039200,,future,Etihad Park
ETIHAD_PARK,34007608205,,future,Etihad Park
ETIHAD_PARK,34007608206,,future,Etihad Park
ETIHAD_PARK,34007601600,,future,Etihad Park
ETIHAD_PARK,34007604100,,future,Etihad Park
ETIHAD_PARK,34007604200,,future,Etihad Park
ETIHAD_PARK,34033990000,,future,Etihad Park
ETIHAD_PARK,34007604300,,future,Etihad Park
ETIHAD_PARK,34007604400,,future,Etihad Park
ETIHAD_PARK,34015501213,,future,Etihad Park
ETIHAD_PARK,34015502002,,future,Etihad Park
ETIHAD_PARK,34007608302,,future,Etihad Park
ETIHAD_PARK,34007608401,,future,Etihad Park
ETIHAD_PARK,34003030300,112.0,future,Etihad Park
ETIHAD_PARK,34007608402,,future,Etihad Park
ETIHAD_PARK,34007608403,,future,Etihad Park
ETIHAD_PARK,34007608404,,future,Etihad Park
ETIHAD_PARK,34003039300,,future,Etihad Park
ETIHAD_PARK,34017017100,78.0,future,Etihad Park
ETIHAD_PARK,34017017500,76.0,future,Etihad Park
ETIHAD_PARK,34017002700,104.0,future,Etihad Park
ETIHAD_PARK,34007608503,,future,Etihad Park
ETIHAD_PARK,34007608504,,future,Etihad Park
ETIHAD_PARK,34007608600,,future,Etihad Park
ETIHAD_PARK,34007608700,,future,Etihad Park
ETIHAD_PARK,34007608800,,future,Etihad Park
ETIHAD_PARK,34007605100,,future,Etihad Park
ETIHAD_PARK,34007605200,,future,Etihad Park
ETIHAD_PARK,34011010302,,future,Etihad Park
ETIHAD_PARK,34007611500,,future,Etihad Park
ETIHAD_PARK,34011020502,,future,Etihad Park
ETIHAD_PARK,34007609103,,future,Etihad Park
ETIHAD_PARK,34007609201,,future,Etihad Park
ETIHAD_PARK,34007605300,,future,Etihad Park
ETIHAD_PARK,34007605400,,future,Etihad Park
ETIHAD_PARK,34007609202,,future,Etihad Park
ETIHAD_PARK,34003023100,93.0,future,Etihad Park
ETIHAD_PARK,34003024200,,future,Etihad Park
ETIHAD_PARK,34003026100,,future,Etihad Park
ETIHAD_PARK,34003026200,,future,Etihad Park
ETIHAD_PARK,34003027000,,future,Etihad Park
ETIHAD_PARK,34007605602,,future,Etihad Park
ETIHAD_PARK,34007605700,,future,Etihad Park
ETIHAD_PARK,34003061200,,future,Etihad Park
ETIHAD_PARK,34003061400,,future,Etihad Park
ETIHAD_PARK,34003028002,103.0,future,Etihad Park
ETIHAD_PARK,34003029100,79.0,future,Etihad Park
ETIHAD_PARK,34003029200,95.0,future,Etihad Park
ETIHAD_PARK,34003030100,107.0,future,Etihad Park
ETIHAD_PARK,34007606400,,future,Etihad Park
ETIHAD_PARK,34007606500,,future,Etihad Park
ETIHAD_PARK,34007606600,,future,Etihad Park
ETIHAD_PARK,34007606700,,future,Etihad Park
ETIHAD_PARK,34003042301,115.0,future,Etihad Park
ETIHAD_PARK,34007606800,,future,Etihad Park
ETIHAD_PARK,34003033300,90.0,future,Etihad Park
ETIHAD_PARK,34003035100,,future,Etihad Park
ETIHAD_PARK,34005704007,,future,Etihad Park
ETIHAD_PARK,34005704008,,future,Etihad Park
ETIHAD_PARK,34005704012,,future,Etihad Park
ETIHAD_PARK,34033020200,,future,Etihad Park
ETIHAD_PARK,34033020300,,future,Etihad Park
ETIHAD_PARK,34013021300,118.0,future,Etihad Park
ETIHAD_PARK,34029711300,,future,Etihad Park
ETIHAD_PARK,34021000700,,future,Etihad Park
ETIHAD_PARK,34013021400,,future,Etihad Park
ETIHAD_PARK,34013017301,,future,Etihad Park
ETIHAD_PARK,34013017302,,future,Etihad Park
ETIHAD_PARK,34013017500,,future,Etihad Park
ETIHAD_PARK,34013017600,116.0,future,Etihad Park
ETIHAD_PARK,34013017800,115.0,future,Etihad Park
ETIHAD_PARK,34005704500,,future,Etihad Park
ETIHAD_PARK,34005704600,,future,Etihad Park
ETIHAD_PARK,34005704801,,future,Etihad Park
ETIHAD_PARK,34005702209,,future,Etihad Park
ETIHAD_PARK,34005702210,,future,Etihad Park
ETIHAD_PARK,34005704302,,future,Etihad Park
ETIHAD_PARK,34017017300,73.0,future,Etihad Park
ETIHAD_PARK,34003037201,,future,Etihad Park
ETIHAD_PARK,34003042302,,future,Etihad Park
ETIHAD_PARK,34029711400,,future,Etihad Park
ETIHAD_PARK,34029713100,,future,Etihad Park
ETIHAD_PARK,34029713203,,future,Etihad Park
ETIHAD_PARK,34021001300,,future,Etihad Park
ETIHAD_PARK,34021003202,,future,Etihad Park
ETIHAD_PARK,34021004204,,future,Etihad Park
ETIHAD_PARK,34013015400,,future,Etihad Park
ETIHAD_PARK,34013015500,,future,Etihad Park
ETIHAD_PARK,34013015700,117.0,future,Etihad Park
ETIHAD_PARK,34013015800,116.0,future,Etihad Park
ETIHAD_PARK,34013016300,,future,Etihad Park
ETIHAD_PARK,34013016700,,future,Etihad Park
ETIHAD_PARK,34013016800,,future,Etihad Park
ETIHAD_PARK,34013021802,,future,Etihad Park
ETIHAD_PARK,34013021803,,future,Etihad Park
ETIHAD_PARK,34013010400,112.0,future,Etihad Park
ETIHAD_PARK,34013016900,,future,Etihad Park
ETIHAD_PARK,34013017900,117.0,future,Etihad Park
ETIHAD_PARK,34013018200,116.0,future,Etihad Park
ETIHAD_PARK,34017016000,77.0,future,Etihad Park
ETIHAD_PARK,34017016300,69.0,future,Etihad Park
ETIHAD_PARK,34017016400,68.0,future,Etihad Park
ETIHAD_PARK,34017016500,65.0,future,Etihad Park
ETIHAD_PARK,34017016700,66.0,future,Etihad Park
ETIHAD_PARK,34017016900,71.0,future,Etihad Park
ETIHAD_PARK,34017017400,74.0,future,Etihad Park
ETIHAD_PARK,34017017600,81.0,future,Etihad Park
ETIHAD_PARK,34017017700,84.0,future,Etihad Park
ETIHAD_PARK,34035053000,,future,Etihad Park
ETIHAD_PARK,34005981802,,future,Etihad Park
ETIHAD_PARK,34005702914,,future,Etihad Park
ETIHAD_PARK,34005703103,,future,Etihad Park
ETIHAD_PARK,34005700407,,future,Etihad Park
ETIHAD_PARK,34005982111,,future,Etihad Park
ETIHAD_PARK,34005704700,,future,Etihad Park
ETIHAD_PARK,34013018300,108.0,future,Etihad Park
ETIHAD_PARK,34013018400,104.0,future,Etihad Park
ETIHAD_PARK,34013018600,104.0,future,Etihad Park
ETIHAD_PARK,34013018700,,future,Etihad Park
ETIHAD_PARK,34025802900,,future,Etihad Park
ETIHAD_PARK,34007607100,,future,Etihad Park
ETIHAD_PARK,34007607200,,future,Etihad Park
ETIHAD_PARK,34033020900,,future,Etihad Park
ETIHAD_PARK,34033021000,,future,Etihad Park
ETIHAD_PARK,34007607402,,future,Etihad Park
ETIHAD_PARK,34015501608,,future,Etihad Park
ETIHAD_PARK,34007607503,,future,Etihad Park
ETIHAD_PARK,34007603002,,future,Etihad Park
ETIHAD_PARK,34007603100,,future,Etihad Park
ETIHAD_PARK,34007607505,,future,Etihad Park
ETIHAD_PARK,34035053801,,future,Etihad Park
ETIHAD_PARK,34017019000,87.0,future,Etihad Park
ETIHAD_PARK,34019010701,,future,Etihad Park
ETIHAD_PARK,34019011304,,future,Etihad Park
ETIHAD_PARK,34019010400,,future,Etihad Park
ETIHAD_PARK,34019010100,,future,Etihad Park
ETIHAD_PARK,34019011001,,future,Etihad Park
ETIHAD_PARK,34019010702,,future,Etihad Park
ETIHAD_PARK,34019011600,,future,Etihad Park
ETIHAD_PARK,34017017000,74.0,future,Etihad Park
ETIHAD_PARK,34017014501,88.0,future,Etihad Park
ETIHAD_PARK,34017014502,86.0,future,Etihad Park
ETIHAD_PARK,34017001701,103.0,future,Etihad Park
ETIHAD_PARK,34007607900,,future,Etihad Park
ETIHAD_PARK,34017003500,80.0,future,Etihad Park
ETIHAD_PARK,34017004000,109.0,future,Etihad Park
ETIHAD_PARK,34017004102,90.0,future,Etihad Park
ETIHAD_PARK,34017004600,105.0,future,Etihad Park
ETIHAD_PARK,34015500203,,future,Etihad Park
ETIHAD_PARK,34017017800,76.0,future,Etihad Park
ETIHAD_PARK,34017017900,74.0,future,Etihad Park
ETIHAD_PARK,34017018100,65.0,future,Etihad Park
ETIHAD_PARK,34017018200,73.0,future,Etihad Park
ETIHAD_PARK,34013019200,,future,Etihad Park
ETIHAD_PARK,34013019300,113.0,future,Etihad Park
ETIHAD_PARK,34013019400,,future,Etihad Park
ETIHAD_PARK,34013019500,,future,Etihad Park
ETIHAD_PARK,34013019700,,future,Etihad Park
ETIHAD_PARK,34013019800,,future,Etihad Park
ETIHAD_PARK,34013019900,115.0,future,Etihad Park
ETIHAD_PARK,34013020200,,future,Etihad Park
ETIHAD_PARK,34013020400,,future,Etihad Park
ETIHAD_PARK,34013020901,,future,Etihad Park
ETIHAD_PARK,34003019306,102.0,future,Etihad Park
ETIHAD_PARK,34003023601,77.0,future,Etihad Park
ETIHAD_PARK,34003023501,96.0,future,Etihad Park
ETIHAD_PARK,34007607300,,future,Etihad Park
ETIHAD_PARK,34007607401,,future,Etihad Park
ETIHAD_PARK,34013006200,104.0,future,Etihad Park
ETIHAD_PARK,34013017000,,future,Etihad Park
ETIHAD_PARK,34013006600,103.0,future,Etihad Park
ETIHAD_PARK,34013000900,102.0,future,Etihad Park
ETIHAD_PARK,34007603001,,future,Etihad Park
ETIHAD_PARK,34007603301,,future,Etihad Park
ETIHAD_PARK,34007603400,,future,Etihad Park
ETIHAD_PARK,34007607504,,future,Etihad Park
ETIHAD_PARK,34039031601,91.0,future,Etihad Park
ETIHAD_PARK,34003023602,84.0,future,Etihad Park
ETIHAD_PARK,34003004001,100.0,future,Etihad Park
ETIHAD_PARK,34039031801,114.0,future,Etihad Park
ETIHAD_PARK,34039031904,100.0,future,Etihad Park
ETIHAD_PARK,34039039900,96.0,future,Etihad Park
ETIHAD_PARK,34039031802,109.0,future,Etihad Park
ETIHAD_PARK,34007603501,,future,Etihad Park
ETIHAD_PARK,34007603503,,future,Etihad Park
ETIHAD_PARK,34007603504,,future,Etihad Park
ETIHAD_PARK,34007603506,,future,Etihad Park
ETIHAD_PARK,34007603507,,future,Etihad Park
ETIHAD_PARK,34017019100,83.0,future,Etihad Park
ETIHAD_PARK,34017019300,77.0,future,Etihad Park
ETIHAD_PARK,34017032400,80.0,future,Etihad Park
ETIHAD_PARK,34017001201,86.0,future,Etihad Park
ETIHAD_PARK,34007607600,,future,Etihad Park
ETIHAD_PARK,34007607702,,future,Etihad Park
ETIHAD_PARK,34007607801,,future,Etihad Park
ETIHAD_PARK,34017004800,112.0,future,Etihad Park
ETIHAD_PARK,34017012700,,future,Etihad Park
ETIHAD_PARK,34017016100,70.0,future,Etihad Park
ETIHAD_PARK,34019010802,,future,Etihad Park
ETIHAD_PARK,34019011301,,future,Etihad Park
ETIHAD_PARK,34019010500,,future,Etihad Park
ETIHAD_PARK,34019011800,,future,Etihad Park
ETIHAD_PARK,34007603601,,future,Etihad Park
ETIHAD_PARK,34007603602,,future,Etihad Park
ETIHAD_PARK,34007603603,,future,Etihad Park
ETIHAD_PARK,34007603700,,future,Etihad Park
ETIHAD_PARK,34007603800,,future,Etihad Park
ETIHAD_PARK,34007607802,,future,Etihad Park
ETIHAD_PARK,34017004700,104.0,future,Etihad Park
ETIHAD_PARK,34017004900,101.0,future,Etihad Park
ETIHAD_PARK,34017005200,100.0,future,Etihad Park
ETIHAD_PARK,34017013100,117.0,future,Etihad Park
ETIHAD_PARK,34017013300,,future,Etihad Park
ETIHAD_PARK,34017013400,106.0,future,Etihad Park
ETIHAD_PARK,34015500202,,future,Etihad Park
ETIHAD_PARK,34015500500,,future,Etihad Park
ETIHAD_PARK,34015501701,,future,Etihad Park
ETIHAD_PARK,34015502100,,future,Etihad Park
ETIHAD_PARK,34015500205,,future,Etihad Park
ETIHAD_PARK,34015501103,,future,Etihad Park
ETIHAD_PARK,34015501303,,future,Etihad Park
ETIHAD_PARK,34015501102,,future,Etihad Park
ETIHAD_PARK,34015500204,,future,Etihad Park
ETIHAD_PARK,34039031602,98.0,future,Etihad Park
ETIHAD_PARK,34015500702,,future,Etihad Park
ETIHAD_PARK,34015501208,,future,Etihad Park
ETIHAD_PARK,34015501603,,future,Etihad Park
ETIHAD_PARK,34007601400,,future,Etihad Park
ETIHAD_PARK,34007610400,,future,Etihad Park
ETIHAD_PARK,34035050200,,future,Etihad Park
ETIHAD_PARK,34021004501,,future,Etihad Park
ETIHAD_PARK,34025801100,,future,Etihad Park
ETIHAD_PARK,34035050100,,future,Etihad Park
ETIHAD_PARK,34033022202,,future,Etihad Park
ETIHAD_PARK,34015501106,,future,Etihad Park
ETIHAD_PARK,34015501204,,future,Etihad Park
ETIHAD_PARK,34015501105,,future,Etihad Park
ETIHAD_PARK,34015501205,,future,Etihad Park
ETIHAD_PARK,34015501402,,future,Etihad Park
ETIHAD_PARK,34015501403,,future,Etihad Park
ETIHAD_PARK,34015501404,,future,Etihad Park
ETIHAD_PARK,34015501606,,future,Etihad Park
ETIHAD_PARK,34015501800,,future,Etihad Park
ETIHAD_PARK,34013002300,110.0,future,Etihad Park
ETIHAD_PARK,34035050400,,future,Etihad Park
ETIHAD_PARK,34035050500,,future,Etihad Park
ETIHAD_PARK,34035050600,,future,Etihad Park
ETIHAD_PARK,34035050901,,future,Etihad Park
ETIHAD_PARK,34035051100,,future,Etihad Park
ETIHAD_PARK,34035051200,,future,Etihad Park
ETIHAD_PARK,34035051300,,future,Etihad Park
ETIHAD_PARK,34035051400,,future,Etihad Park
ETIHAD_PARK,34035051500,,future,Etihad Park
ETIHAD_PARK,34035051700,,future,Etihad Park
ETIHAD_PARK,34035053402,,future,Etihad Park
ETIHAD_PARK,34033021101,,future,Etihad Park
ETIHAD_PARK,34033021201,,future,Etihad Park
ETIHAD_PARK,34033021700,,future,Etihad Park
ETIHAD_PARK,34033021900,,future,Etihad Park
ETIHAD_PARK,34033022000,,future,Etihad Park
ETIHAD_PARK,34033022100,,future,Etihad Park
ETIHAD_PARK,34005702300,,future,Etihad Park
ETIHAD_PARK,34023003101,,future,Etihad Park
ETIHAD_PARK,34035050801,,future,Etihad Park
ETIHAD_PARK,34035052400,,future,Etihad Park
ETIHAD_PARK,34035053501,,future,Etihad Park
ETIHAD_PARK,34023003001,117.0,future,Etihad Park
ETIHAD_PARK,34023003002,,future,Etihad Park
ETIHAD_PARK,34035050704,,future,Etihad Park
ETIHAD_PARK,34005700303,,future,Etihad Park
ETIHAD_PARK,34005700603,,future,Etihad Park
ETIHAD_PARK,34005700104,,future,Etihad Park
ETIHAD_PARK,34005703201,,future,Etihad Park
ETIHAD_PARK,34005700304,,future,Etihad Park
ETIHAD_PARK,34005704011,,future,Etihad Park
ETIHAD_PARK,34005704006,,future,Etihad Park
ETIHAD_PARK,34005702400,,future,Etihad Park
ETIHAD_PARK,34005700505,,future,Etihad Park
ETIHAD_PARK,34035053905,,future,Etihad Park
ETIHAD_PARK,34005702810,,future,Etihad Park
ETIHAD_PARK,34005701401,,future,Etihad Park
ETIHAD_PARK,34005703801,,future,Etihad Park
ETIHAD_PARK,34005703700,,future,Etihad Park
ETIHAD_PARK,34005700502,,future,Etihad Park
ETIHAD_PARK,34005704009,,future,Etihad Park
ETIHAD_PARK,34005702203,,future,Etihad Park
ETIHAD_PARK,34005700306,,future,Etihad Park
ETIHAD_PARK,34005701001,,future,Etihad Park
ETIHAD_PARK,34005702206,,future,Etihad Park
ETIHAD_PARK,34005701105,,future,Etihad Park
ETIHAD_PARK,34005702204,,future,Etihad Park
ETIHAD_PARK,34005701402,,future,Etihad Park
ETIHAD_PARK,34005703203,,future,Etihad Park
ETIHAD_PARK,34005701303,,future,Etihad Park
ETIHAD_PARK,34005702910,,future,Etihad Park
ETIHAD_PARK,34005700403,,future,Etihad Park
ETIHAD_PARK,34005703804,,future,Etihad Park
ETIHAD_PARK,34005700701,,future,Etihad Park
ETIHAD_PARK,34005702805,,future,Etihad Park
ETIHAD_PARK,34005702807,,future,Etihad Park
ETIHAD_PARK,34005702207,,future,Etihad Park
ETIHAD_PARK,34005703803,,future,Etihad Park
ETIHAD_PARK,34005700405,,future,Etihad Park
ETIHAD_PARK,34005703900,,future,Etihad Park
ETIHAD_PARK,34023003203,,future,Etihad Park
ETIHAD_PARK,34005702500,,future,Etihad Park
ETIHAD_PARK,34005702915,,future,Etihad Park
ETIHAD_PARK,34007607507,,future,Etihad Park
ETIHAD_PARK,34027041803,,future,Etihad Park
ETIHAD_PARK,34023003300,,future,Etihad Park
ETIHAD_PARK,34023007908,,future,Etihad Park
ETIHAD_PARK,34023007909,,future,Etihad Park
ETIHAD_PARK,34023007910,,future,Etihad Park
ETIHAD_PARK,34027041200,,future,Etihad Park
ETIHAD_PARK,34027041500,,future,Etihad Park
ETIHAD_PARK,34027041602,,future,Etihad Park
ETIHAD_PARK,34023006606,,future,Etihad Park
ETIHAD_PARK,34023004300,,future,Etihad Park
ETIHAD_PARK,34023001001,,future,Etihad Park
ETIHAD_PARK,34023007702,,future,Etihad Park
ETIHAD_PARK,34023002302,,future,Etihad Park
ETIHAD_PARK,34007610600,,future,Etihad Park
ETIHAD_PARK,34023003401,,future,Etihad Park
ETIHAD_PARK,34023003500,112.0,future,Etihad Park
ETIHAD_PARK,34023003700,99.0,future,Etihad Park
ETIHAD_PARK,34023004000,109.0,future,Etihad Park
ETIHAD_PARK,34027041901,,future,Etihad Park
ETIHAD_PARK,34027045402,,future,Etihad Park
ETIHAD_PARK,34027042100,,future,Etihad Park
ETIHAD_PARK,34027040702,,future,Etihad Park
ETIHAD_PARK,34027044404,,future,Etihad Park
ETIHAD_PARK,34027044401,,future,Etihad Park
ETIHAD_PARK,34027044403,,future,Etihad Park
ETIHAD_PARK,34027044601,,future,Etihad Park
ETIHAD_PARK,34027040701,,future,Etihad Park
ETIHAD_PARK,34027045300,,future,Etihad Park
ETIHAD_PARK,34027041300,,future,Etihad Park
ETIHAD_PARK,34023008103,,future,Etihad Park
ETIHAD_PARK,34023008001,,future,Etihad Park
ETIHAD_PARK,34023008204,,future,Etihad Park
ETIHAD_PARK,34009020203,,future,Etihad Park
ETIHAD_PARK,34027044701,,future,Etihad Park
ETIHAD_PARK,34027045701,,future,Etihad Park
ETIHAD_PARK,34027041702,,future,Etihad Park
ETIHAD_PARK,34027040803,,future,Etihad Park
ETIHAD_PARK,34027046104,,future,Etihad Park
ETIHAD_PARK,34027041400,,future,Etihad Park
ETIHAD_PARK,34027041604,,future,Etihad Park
ETIHAD_PARK,34027045501,,future,Etihad Park
ETIHAD_PARK,34027044101,,future,Etihad Park
ETIHAD_PARK,34027046201,,future,Etihad Park
ETIHAD_PARK,34027041704,,future,Etihad Park
ETIHAD_PARK,34027041902,,future,Etihad Park
ETIHAD_PARK,34027046297,,future,Etihad Park
ETIHAD_PARK,34027044000,,future,Etihad Park
ETIHAD_PARK,34027046298,,future,Etihad Park
ETIHAD_PARK,34027044200,,future,Etihad Park
ETIHAD_PARK,34027044102,,future,Etihad Park
ETIHAD_PARK,34027040200,,future,Etihad Park
ETIHAD_PARK,34027044602,,future,Etihad Park
ETIHAD_PARK,34027043401,,future,Etihad Park
ETIHAD_PARK,34027044504,,future,Etihad Park
ETIHAD_PARK,34027040805,,future,Etihad Park
ETIHAD_PARK,34005702918,,future,Etihad Park
ETIHAD_PARK,34027043100,,future,Etihad Park
ETIHAD_PARK,34023005000,,future,Etihad Park
ETIHAD_PARK,34023005100,,future,Etihad Park
ETIHAD_PARK,34023005200,,future,Etihad Park
ETIHAD_PARK,34023008205,,future,Etihad Park
ETIHAD_PARK,34023008206,,future,Etihad Park
ETIHAD_PARK,34023008207,,future,Etihad Park
ETIHAD_PARK,34003018200,99.0,future,Etihad Park
ETIHAD_PARK,34007601700,,future,Etihad Park
ETIHAD_PARK,34007601800,,future,Etihad Park
ETIHAD_PARK,34007601900,,future,Etihad Park
ETIHAD_PARK,34023005500,,future,Etihad Park
ETIHAD_PARK,34003015500,112.0,future,Etihad Park
ETIHAD_PARK,34003016000,,future,Etihad Park
ETIHAD_PARK,34027043402,,future,Etihad Park
ETIHAD_PARK,34003061300,,future,Etihad Park
ETIHAD_PARK,34025812502,,future,Etihad Park
ETIHAD_PARK,34025806202,,future,Etihad Park
ETIHAD_PARK,34025810101,,future,Etihad Park
ETIHAD_PARK,34025812100,,future,Etihad Park
ETIHAD_PARK,34003003200,100.0,future,Etihad Park
ETIHAD_PARK,34023001504,,future,Etihad Park
ETIHAD_PARK,34005702913,,future,Etihad Park
ETIHAD_PARK,34005702917,,future,Etihad Park
ETIHAD_PARK,34005703104,,future,Etihad Park
ETIHAD_PARK,34027043200,,future,Etihad Park
ETIHAD_PARK,34027043301,,future,Etihad Park
ETIHAD_PARK,34027043302,,future,Etihad Park
ETIHAD_PARK,34023004700,114.0,future,Etihad Park
ETIHAD_PARK,34023004200,,future,Etihad Park
ETIHAD_PARK,34023004800,,future,Etihad Park
ETIHAD_PARK,34005700408,,future,Etihad Park
ETIHAD_PARK,34027043000,,future,Etihad Park
ETIHAD_PARK,34027043303,,future,Etihad Park
ETIHAD_PARK,34023005300,,future,Etihad Park
ETIHAD_PARK,34023004400,,future,Etihad Park
ETIHAD_PARK,34003005000,90.0,future,Etihad Park
ETIHAD_PARK,34003007001,,future,Etihad Park
ETIHAD_PARK,34003007002,,future,Etihad Park
ETIHAD_PARK,34003010100,117.0,future,Etihad Park
ETIHAD_PARK,34027040801,,future,Etihad Park
ETIHAD_PARK,34027040900,,future,Etihad Park
ETIHAD_PARK,34027041000,,future,Etihad Park
ETIHAD_PARK,34027041100,,future,Etihad Park
ETIHAD_PARK,34003017400,,future,Etihad Park
ETIHAD_PARK,34003019102,119.0,future,Etihad Park
ETIHAD_PARK,34023005700,,future,Etihad Park
ETIHAD_PARK,34023006101,,future,Etihad Park
ETIHAD_PARK,34023006103,,future,Etihad Park
ETIHAD_PARK,34003011100,118.0,future,Etihad Park
ETIHAD_PARK,34003011200,,future,Etihad Park
ETIHAD_PARK,34003011300,112.0,future,Etihad Park
ETIHAD_PARK,34003011400,,future,Etihad Park
ETIHAD_PARK,34003014000,112.0,future,Etihad Park
ETIHAD_PARK,34003015200,,future,Etihad Park
ETIHAD_PARK,34003015300,113.0,future,Etihad Park
ETIHAD_PARK,34023008209,,future,Etihad Park
ETIHAD_PARK,34023008300,,future,Etihad Park
ETIHAD_PARK,34027043500,,future,Etihad Park
ETIHAD_PARK,34027043900,,future,Etihad Park
ETIHAD_PARK,34027044300,,future,Etihad Park
ETIHAD_PARK,34003010300,118.0,future,Etihad Park
ETIHAD_PARK,34003017200,,future,Etihad Park
ETIHAD_PARK,34023002000,,future,Etihad Park
ETIHAD_PARK,34023004100,114.0,future,Etihad Park
ETIHAD_PARK,34023006800,,future,Etihad Park
ETIHAD_PARK,34023006900,,future,Etihad Park
ETIHAD_PARK,34023007000,,future,Etihad Park
ETIHAD_PARK,34023007101,,future,Etihad Park
ETIHAD_PARK,34003056100,,future,Etihad Park
ETIHAD_PARK,34017002800,90.0,future,Etihad Park
ETIHAD_PARK,34007610300,,future,Etihad Park
ETIHAD_PARK,34027041603,,future,Etihad Park
ETIHAD_PARK,34027041701,,future,Etihad Park
ETIHAD_PARK,34027041801,,future,Etihad Park
ETIHAD_PARK,34027041802,,future,Etihad Park
ETIHAD_PARK,34023000608,,future,Etihad Park
ETIHAD_PARK,34023000701,,future,Etihad Park
ETIHAD_PARK,34023000702,,future,Etihad Park
ETIHAD_PARK,34023000801,,future,Etihad Park
ETIHAD_PARK,34023001410,,future,Etihad Park
ETIHAD_PARK,34023001411,,future,Etihad Park
ETIHAD_PARK,34023001412,,future,Etihad Park
ETIHAD_PARK,34023001413,,future,Etihad Park
ETIHAD_PARK,34023001414,,future,Etihad Park
ETIHAD_PARK,34023001415,,future,Etihad Park
ETIHAD_PARK,34023007102,,future,Etihad Park
ETIHAD_PARK,34023007103,,future,Etihad Park
ETIHAD_PARK,34025803201,,future,Etihad Park
ETIHAD_PARK,34025809301,,future,Etihad Park
ETIHAD_PARK,34025809302,,future,Etihad Park
ETIHAD_PARK,34003002200,,future,Etihad Park
ETIHAD_PARK,34003002300,,future,Etihad Park
ETIHAD_PARK,34003003100,115.0,future,Etihad Park
ETIHAD_PARK,34023000901,,future,Etihad Park
ETIHAD_PARK,34023001417,,future,Etihad Park
ETIHAD_PARK,34023001502,,future,Etihad Park
ETIHAD_PARK,34023001600,,future,Etihad Park
ETIHAD_PARK,34023001701,,future,Etihad Park
ETIHAD_PARK,34023001803,,future,Etihad Park
ETIHAD_PARK,34023001805,,future,Etihad Park
ETIHAD_PARK,34025812400,,future,Etihad Park
ETIHAD_PARK,34025990000,,future,Etihad Park
ETIHAD_PARK,34025808701,,future,Etihad Park
ETIHAD_PARK,34023008403,,future,Etihad Park
ETIHAD_PARK,34023008404,,future,Etihad Park
ETIHAD_PARK,34027042301,,future,Etihad Park
ETIHAD_PARK,34031175704,99.0,future,Etihad Park
ETIHAD_PARK,34031182302,,future,Etihad Park
ETIHAD_PARK,34031223802,,future,Etihad Park
ETIHAD_PARK,34031182301,,future,Etihad Park
ETIHAD_PARK,34035054100,,future,Etihad Park
ETIHAD_PARK,34035052904,,future,Etihad Park
ETIHAD_PARK,34035053603,,future,Etihad Park
ETIHAD_PARK,34035054202,,future,Etihad Park
ETIHAD_PARK,34035054201,,future,Etihad Park
ETIHAD_PARK,34035053707,,future,Etihad Park
ETIHAD_PARK,34035052204,,future,Etihad Park
ETIHAD_PARK,34035053904,,future,Etihad Park
ETIHAD_PARK,34035053604,,future,Etihad Park
ETIHAD_PARK,34023009000,,future,Etihad Park
ETIHAD_PARK,34023005601,,future,Etihad Park
ETIHAD_PARK,34023008605,,future,Etihad Park
ETIHAD_PARK,34023008606,,future,Etihad Park
ETIHAD_PARK,34015501406,,future,Etihad Park
ETIHAD_PARK,34015501405,,future,Etihad Park
ETIHAD_PARK,34023000902,,future,Etihad Park
ETIHAD_PARK,34027040101,,future,Etihad Park
ETIHAD_PARK,34023002500,,future,Etihad Park
ETIHAD_PARK,34023006104,,future,Etihad Park
ETIHAD_PARK,34023007202,,future,Etihad Park
ETIHAD_PARK,34023007301,,future,Etihad Park
ETIHAD_PARK,34025803202,,future,Etihad Park
ETIHAD_PARK,34031133701,,future,Etihad Park
ETIHAD_PARK,34031133702,,future,Etihad Park
ETIHAD_PARK,34035050701,,future,Etihad Park
ETIHAD_PARK,34035050703,,future,Etihad Park
ETIHAD_PARK,34023001901,,future,Etihad Park
ETIHAD_PARK,34023001902,,future,Etihad Park
ETIHAD_PARK,34023001903,,future,Etihad Park
ETIHAD_PARK,34023002101,,future,Etihad Park
ETIHAD_PARK,34023006002,,future,Etihad Park
ETIHAD_PARK,34023007911,,future,Etihad Park
ETIHAD_PARK,34023002102,,future,Etihad Park
ETIHAD_PARK,34023002301,,future,Etihad Park
ETIHAD_PARK,34003032104,,future,Etihad Park
ETIHAD_PARK,34003041302,102.0,future,Etihad Park
ETIHAD_PARK,34003006202,103.0,future,Etihad Park
ETIHAD_PARK,34031223801,118.0,future,Etihad Park
ETIHAD_PARK,34023007402,,future,Etihad Park
ETIHAD_PARK,34023007600,,future,Etihad Park
ETIHAD_PARK,34023008405,,future,Etihad Park
ETIHAD_PARK,34023008501,,future,Etihad Park
ETIHAD_PARK,34015501212,,future,Etihad Park
ETIHAD_PARK,34023008504,,future,Etihad Park
ETIHAD_PARK,34023008602,,future,Etihad Park
ETIHAD_PARK,34023004900,,future,Etihad Park
ETIHAD_PARK,34015501609,,future,Etihad Park
ETIHAD_PARK,34015502001,,future,Etihad Park
ETIHAD_PARK,34007602000,,future,Etihad Park
ETIHAD_PARK,34007602503,,future,Etihad Park
ETIHAD_PARK,34007602601,,future,Etihad Park
ETIHAD_PARK,34007602602,,future,Etihad Park
ETIHAD_PARK,34027044502,,future,Etihad Park
ETIHAD_PARK,34027044702,,future,Etihad Park
ETIHAD_PARK,34027044800,,future,Etihad Park
ETIHAD_PARK,34027045703,,future,Etihad Park
ETIHAD_PARK,34027045704,,future,Etihad Park
ETIHAD_PARK,34027045804,,future,Etihad Park
ETIHAD_PARK,34027046400,,future,Etihad Park
ETIHAD_PARK,34023002401,,future,Etihad Park
ETIHAD_PARK,34023002402,,future,Etihad Park
ETIHAD_PARK,34023006204,,future,Etihad Park
ETIHAD_PARK,34023002603,,future,Etihad Park
ETIHAD_PARK,34023002604,,future,Etihad Park
ETIHAD_PARK,34023002605,,future,Etihad Park
ETIHAD_PARK,34023002805,119.0,future,Etihad Park
ETIHAD_PARK,34013021701,,future,Etihad Park
ETIHAD_PARK,34013023100,103.0,future,Etihad Park
ETIHAD_PARK,34013023200,104.0,future,Etihad Park
ETIHAD_PARK,34013980100,117.0,future,Etihad Park
ETIHAD_PARK,34023007801,,future,Etihad Park
ETIHAD_PARK,34007611300,,future,Etihad Park
ETIHAD_PARK,34023001506,,future,Etihad Park
ETIHAD_PARK,34033021600,,future,Etihad Park
ETIHAD_PARK,34033021102,,future,Etihad Park
ETIHAD_PARK,34033020800,,future,Etihad Park
ETIHAD_PARK,34033020600,,future,Etihad Park
ETIHAD_PARK,34033021300,,future,Etihad Park
ETIHAD_PARK,34033021400,,future,Etihad Park
ETIHAD_PARK,34033021500,,future,Etihad Park
ETIHAD_PARK,34033020100,,future,Etihad Park
ETIHAD_PARK,34027042302,,future,Etihad Park
ETIHAD_PARK,34007608304,,future,Etihad Park
ETIHAD_PARK,34007610900,,future,Etihad Park
ETIHAD_PARK,34023001300,,future,Etihad Park
ETIHAD_PARK,34027041706,,future,Etihad Park
ETIHAD_PARK,34007608210,,future,Etihad Park
ETIHAD_PARK,34013021702,,future,Etihad Park
ETIHAD_PARK,34023007703,,future,Etihad Park
ETIHAD_PARK,34023007704,,future,Etihad Park
ETIHAD_PARK,34013022900,95.0,future,Etihad Park
ETIHAD_PARK,34023009200,,future,Etihad Park
ETIHAD_PARK,34023009400,,future,Etihad Park
ETIHAD_PARK,34023006001,,future,Etihad Park
ETIHAD_PARK,34023001505,,future,Etihad Park
ETIHAD_PARK,34027042200,,future,Etihad Park
ETIHAD_PARK,34013980200,111.0,future,Etihad Park
ETIHAD_PARK,34031175801,104.0,future,Etihad Park
ETIHAD_PARK,34031264200,,future,Etihad Park
ETIHAD_PARK,34027042500,,future,Etihad Park
ETIHAD_PARK,34027042700,,future,Etihad Park
ETIHAD_PARK,34027042800,,future,Etihad Park
ETIHAD_PARK,34027042900,,future,Etihad Park
ETIHAD_PARK,34035052203,,future,Etihad Park
ETIHAD_PARK,34007608211,,future,Etihad Park
ETIHAD_PARK,34007610500,,future,Etihad Park
ETIHAD_PARK,34023007500,,future,Etihad Park
ETIHAD_PARK,34023007906,,future,Etihad Park
ETIHAD_PARK,34023008502,,future,Etihad Park
ETIHAD_PARK,34023008700,,future,Etihad Park
ETIHAD_PARK,34023000200,,future,Etihad Park
ETIHAD_PARK,34023000300,,future,Etihad Park
ETIHAD_PARK,34023001100,,future,Etihad Park
ETIHAD_PARK,34023001200,,future,Etihad Park
ETIHAD_PARK,34023001409,,future,Etihad Park
ETIHAD_PARK,34009020205,,future,Etihad Park
ETIHAD_PARK,34009020902,,future,Etihad Park
ETIHAD_PARK,34007611000,,future,Etihad Park
ETIHAD_PARK,34007611100,,future,Etihad Park
ETIHAD_PARK,34007611600,,future,Etihad Park
ETIHAD_PARK,34009021805,,future,Etihad Park
ETIHAD_PARK,34013023000,99.0,future,Etihad Park
ETIHAD_PARK,34023000501,,future,Etihad Park
ETIHAD_PARK,34023000603,,future,Etihad Park
ETIHAD_PARK,34029735101,,future,Etihad Park
ETIHAD_PARK,34029980000,,future,Etihad Park
ETIHAD_PARK,34029980100,,future,Etihad Park
ETIHAD_PARK,34031183102,,future,Etihad Park
ETIHAD_PARK,34017006800,94.0,future,Etihad Park
ETIHAD_PARK,34023006206,,future,Etihad Park
ETIHAD_PARK,34023006207,,future,Etihad Park
ETIHAD_PARK,34023006300,,future,Etihad Park
ETIHAD_PARK,34023006205,,future,Etihad Park
ETIHAD_PARK,34009021701,,future,Etihad Park
ETIHAD_PARK,34009021702,,future,Etihad Park
ETIHAD_PARK,34007611200,,future,Etihad Park
ETIHAD_PARK,34007611400,,future,Etihad Park
ETIHAD_PARK,34009021806,,future,Etihad Park
ETIHAD_PARK,34009020201,,future,Etihad Park
ETIHAD_PARK,34009020206,,future,Etihad Park
ETIHAD_PARK,34009990100,,future,Etihad Park
ETIHAD_PARK,34007611700,,future,Etihad Park
ETIHAD_PARK,34029731002,,future,Etihad Park
ETIHAD_PARK,34029731101,,future,Etihad Park
ETIHAD_PARK,34027040400,,future,Etihad Park
ETIHAD_PARK,34027040500,,future,Etihad Park
ETIHAD_PARK,34027040600,,future,Etihad Park
ETIHAD_PARK,34009021100,,future,Etihad Park
ETIHAD_PARK,34029715902,,future,Etihad Park
ETIHAD_PARK,34029720205,,future,Etihad Park
ETIHAD_PARK,34023000401,,future,Etihad Park
ETIHAD_PARK,34023000403,,future,Etihad Park
ETIHAD_PARK,34023000404,,future,Etihad Park
ETIHAD_PARK,34029720001,,future,Etihad Park
ETIHAD_PARK,34029732103,,future,Etihad Park
ETIHAD_PARK,34029990000,,future,Etihad Park
ETIHAD_PARK,34029732104,,future,Etihad Park
ETIHAD_PARK,34029735001,,future,Etihad Park
ETIHAD_PARK,34031175301,115.0,future,Etihad Park
ETIHAD_PARK,34031175401,110.0,future,Etihad Park
ETIHAD_PARK,34031175601,107.0,future,Etihad Park
ETIHAD_PARK,34031175701,101.0,future,Etihad Park
ETIHAD_PARK,34031175703,103.0,future,Etihad Park
ETIHAD_PARK,34031180201,,future,Etihad Park
ETIHAD_PARK,34031183101,,future,Etihad Park
ETIHAD_PARK,34023009300,,future,Etihad Park
ETIHAD_PARK,34017015001,79.0,future,Etihad Park
ETIHAD_PARK,34017018302,77.0,future,Etihad Park
ETIHAD_PARK,34031196401,,future,Etihad Park
ETIHAD_PARK,34017007400,84.0,future,Etihad Park
ETIHAD_PARK,34027041705,,future,Etihad Park
ETIHAD_PARK,34017007800,88.0,future,Etihad Park
ETIHAD_PARK,34017014101,82.0,future,Etihad Park
ETIHAD_PARK,34017018301,85.0,future,Etihad Park
ETIHAD_PARK,34031264101,,future,Etihad Park
ETIHAD_PARK,34031175302,,future,Etihad Park
ETIHAD_PARK,34017015801,78.0,future,Etihad Park
ETIHAD_PARK,34017018702,72.0,future,Etihad Park
ETIHAD_PARK,34017006600,94.0,future,Etihad Park
ETIHAD_PARK,34017015201,77.0,future,Etihad Park
ETIHAD_PARK,34017015202,77.0,future,Etihad Park
ETIHAD_PARK,34031175402,106.0,future,Etihad Park
ETIHAD_PARK,34017020100,87.0,future,Etihad Park
ETIHAD_PARK,34017980100,,future,Etihad Park
ETIHAD_PARK,34017006400,77.0,future,Etihad Park
ETIHAD_PARK,34017006500,81.0,future,Etihad Park
ETIHAD_PARK,34031216701,,future,Etihad Park
ETIHAD_PARK,34017020000,79.0,future,Etihad Park
ETIHAD_PARK,34031236601,,future,Etihad Park
ETIHAD_PARK,34031264102,,future,Etihad Park
ETIHAD_PARK,34031216702,,future,Etihad Park
ETIHAD_PARK,34017006700,91.0,future,Etihad Park
ETIHAD_PARK,34017007500,79.0,future,Etihad Park
ETIHAD_PARK,34017014102,89.0,future,Etihad Park
ETIHAD_PARK,34017018701,79.0,future,Etihad Park
ETIHAD_PARK,34017006900,94.0,future,Etihad Park
ETIHAD_PARK,34017015802,72.0,future,Etihad Park
ETIHAD_PARK,34017007100,86.0,future,Etihad Park
ETIHAD_PARK,34017007200,90.0,future,Etihad Park
ETIHAD_PARK,34017007300,93.0,future,Etihad Park
ETIHAD_PARK,34017019800,95.0,future,Etihad Park
ETIHAD_PARK,34017019900,90.0,future,Etihad Park
ETIHAD_PARK,34007600900,,future,Etihad Park
ETIHAD_PARK,34007601101,,future,Etihad Park
ETIHAD_PARK,34005702906,,future,Etihad Park
ETIHAD_PARK,34027046000,,future,Etihad Park
ETIHAD_PARK,34027046103,,future,Etihad Park
ETIHAD_PARK,34027046202,,future,Etihad Park
ETIHAD_PARK,34027040102,,future,Etihad Park
ETIHAD_PARK,34027040804,,future,Etihad Park
ETIHAD_PARK,34027042000,,future,Etihad Park
ETIHAD_PARK,34027043700,,future,Etihad Park
ETIHAD_PARK,34039032800,,future,Etihad Park
ETIHAD_PARK,34039034200,,future,Etihad Park
ETIHAD_PARK,34011040400,,future,Etihad Park
ETIHAD_PARK,34011040500,,future,Etihad Park
ETIHAD_PARK,34011040902,,future,Etihad Park
ETIHAD_PARK,34011020400,,future,Etihad Park
ETIHAD_PARK,34003012001,102.0,future,Etihad Park
ETIHAD_PARK,34011020600,,future,Etihad Park
ETIHAD_PARK,34003056200,,future,Etihad Park
ETIHAD_PARK,34011030100,,future,Etihad Park
ETIHAD_PARK,34011030502,,future,Etihad Park
ETIHAD_PARK,34011030200,,future,Etihad Park
ETIHAD_PARK,34011030300,,future,Etihad Park
ETIHAD_PARK,34037371000,,future,Etihad Park
ETIHAD_PARK,34037372200,,future,Etihad Park
ETIHAD_PARK,34037371700,,future,Etihad Park
ETIHAD_PARK,34037372600,,future,Etihad Park
ETIHAD_PARK,34037374100,,future,Etihad Park
ETIHAD_PARK,34037371400,,future,Etihad Park
ETIHAD_PARK,34037371900,,future,Etihad Park
ETIHAD_PARK,34037372000,,future,Etihad Park
ETIHAD_PARK,34037372500,,future,Etihad Park
ETIHAD_PARK,34037372700,,future,Etihad Park
ETIHAD_PARK,34037372300,,future,Etihad Park
ETIHAD_PARK,34037372400,,future,Etihad Park
ETIHAD_PARK,34039032901,,future,Etihad Park
ETIHAD_PARK,34039033000,,future,Etihad Park
ETIHAD_PARK,34039033100,113.0,future,Etihad Park
ETIHAD_PARK,34039033200,,future,Etihad Park
ETIHAD_PARK,34039033300,,future,Etihad Park
ETIHAD_PARK,34037372800,,future,Etihad Park
ETIHAD_PARK,34037372900,,future,Etihad Park
ETIHAD_PARK,34039031000,,future,Etihad Park
ETIHAD_PARK,34039036100,,future,Etihad Park
ETIHAD_PARK,34039031400,99.0,future,Etihad Park
ETIHAD_PARK,34039033900,118.0,future,Etihad Park
ETIHAD_PARK,34039035400,,future,Etihad Park
ETIHAD_PARK,34015502400,,future,Etihad Park
ETIHAD_PARK,34039032002,117.0,future,Etihad Park
ETIHAD_PARK,34039038800,,future,Etihad Park
ETIHAD_PARK,34039038601,,future,Etihad Park
ETIHAD_PARK,34009020302,,future,Etihad Park
ETIHAD_PARK,34015501605,,future,Etihad Park
ETIHAD_PARK,34015500703,,future,Etihad Park
ETIHAD_PARK,34015501302,,future,Etihad Park
ETIHAD_PARK,34015501209,,future,Etihad Park
ETIHAD_PARK,34015501704,,future,Etihad Park
ETIHAD_PARK,34039034100,118.0,future,Etihad Park
ETIHAD_PARK,34037373100,,future,Etihad Park
ETIHAD_PARK,34037373200,,future,Etihad Park
ETIHAD_PARK,34037373300,,future,Etihad Park
ETIHAD_PARK,34039033400,,future,Etihad Park
ETIHAD_PARK,34039033600,,future,Etihad Park
ETIHAD_PARK,34039033700,,future,Etihad Park
ETIHAD_PARK,34039033800,,future,Etihad Park
ETIHAD_PARK,34039034000,112.0,future,Etihad Park
ETIHAD_PARK,34039034300,,future,Etihad Park
ETIHAD_PARK,34039034400,,future,Etihad Park
ETIHAD_PARK,34039037200,,future,Etihad Park
ETIHAD_PARK,34039039400,,future,Etihad Park
ETIHAD_PARK,34039032902,119.0,future,Etihad Park
ETIHAD_PARK,34039037602,,future,Etihad Park
ETIHAD_PARK,34039038201,,future,Etihad Park
ETIHAD_PARK,34039035200,,future,Etihad Park
ETIHAD_PARK,34039031700,100.0,future,Etihad Park
ETIHAD_PARK,34039031200,112.0,future,Etihad Park
ETIHAD_PARK,34039030900,,future,Etihad Park
ETIHAD_PARK,34037373700,,future,Etihad Park
ETIHAD_PARK,34037373800,,future,Etihad Park
ETIHAD_PARK,34037373400,,future,Etihad Park
ETIHAD_PARK,34039034500,,future,Etihad Park
ETIHAD_PARK,34039034600,,future,Etihad Park
ETIHAD_PARK,34039034700,,future,Etihad Park
ETIHAD_PARK,34017012300,106.0,future,Etihad Park
ETIHAD_PARK,34039030500,,future,Etihad Park
ETIHAD_PARK,34037373500,,future,Etihad Park
ETIHAD_PARK,34037373600,,future,Etihad Park
ETIHAD_PARK,34039034800,,future,Etihad Park
ETIHAD_PARK,34039034900,,future,Etihad Park
ETIHAD_PARK,34039035000,,future,Etihad Park
ETIHAD_PARK,34039035100,115.0,future,Etihad Park
ETIHAD_PARK,34039035300,119.0,future,Etihad Park
ETIHAD_PARK,34039035500,,future,Etihad Park
ETIHAD_PARK,34039035600,,future,Etihad Park
ETIHAD_PARK,34039035800,,future,Etihad Park
ETIHAD_PARK,34039035900,108.0,future,Etihad Park
ETIHAD_PARK,34039036000,,future,Etihad Park
ETIHAD_PARK,34039036200,,future,Etihad Park
ETIHAD_PARK,34039036301,,future,Etihad Park
ETIHAD_PARK,34039036302,,future,Etihad Park
ETIHAD_PARK,34039035700,,future,Etihad Park
ETIHAD_PARK,34017017200,73.0,future,Etihad Park
ETIHAD_PARK,34017002300,82.0,future,Etihad Park
ETIHAD_PARK,34017001000,88.0,future,Etihad Park
ETIHAD_PARK,34017015900,77.0,future,Etihad Park
ETIHAD_PARK,34017013800,93.0,future,Etihad Park
ETIHAD_PARK,34017018800,79.0,future,Etihad Park
ETIHAD_PARK,34017006200,104.0,future,Etihad Park
ETIHAD_PARK,34017005500,100.0,future,Etihad Park
ETIHAD_PARK,34039036900,117.0,future,Etihad Park
ETIHAD_PARK,34039036400,,future,Etihad Park
ETIHAD_PARK,34039036500,,future,Etihad Park
ETIHAD_PARK,34039036600,119.0,future,Etihad Park
ETIHAD_PARK,34039036700,,future,Etihad Park
ETIHAD_PARK,34039036800,,future,Etihad Park
ETIHAD_PARK,34039037100,,future,Etihad Park
ETIHAD_PARK,34039037000,,future,Etihad Park
ETIHAD_PARK,34039037300,,future,Etihad Park
ETIHAD_PARK,34039037400,,future,Etihad Park
ETIHAD_PARK,34039037500,,future,Etihad Park
ETIHAD_PARK,34039037601,,future,Etihad Park
ETIHAD_PARK,34039037800,,future,Etihad Park
ETIHAD_PARK,34029723500,,future,Etihad Park
ETIHAD_PARK,34029723600,,future,Etihad Park
ETIHAD_PARK,34037371802,,future,Etihad Park
ETIHAD_PARK,34037371801,,future,Etihad Park
ETIHAD_PARK,34005703802,,future,Etihad Park
ETIHAD_PARK,34039037900,,future,Etihad Park
ETIHAD_PARK,34039038000,,future,Etihad Park
ETIHAD_PARK,34029731202,,future,Etihad Park
ETIHAD_PARK,34029715301,,future,Etihad Park
ETIHAD_PARK,34029717002,,future,Etihad Park
ETIHAD_PARK,34029724000,,future,Etihad Park
ETIHAD_PARK,34029725001,,future,Etihad Park
ETIHAD_PARK,34029725002,,future,Etihad Park
ETIHAD_PARK,34029727001,,future,Etihad Park
ETIHAD_PARK,34005700200,,future,Etihad Park
ETIHAD_PARK,34005702601,,future,Etihad Park
ETIHAD_PARK,34005702905,,future,Etihad Park
ETIHAD_PARK,34005702909,,future,Etihad Park
ETIHAD_PARK,34005703000,,future,Etihad Park
ETIHAD_PARK,34005703202,,future,Etihad Park
ETIHAD_PARK,34005704004,,future,Etihad Park
ETIHAD_PARK,34005704013,,future,Etihad Park
ETIHAD_PARK,34029736002,,future,Etihad Park
ETIHAD_PARK,34029738001,,future,Etihad Park
ETIHAD_PARK,34029738002,,future,Etihad Park
ETIHAD_PARK,34019010300,,future,Etihad Park
ETIHAD_PARK,34007610800,,future,Etihad Park
ETIHAD_PARK,34007602902,,future,Etihad Park
ETIHAD_PARK,34025800702,,future,Etihad Park
ETIHAD_PARK,34003043001,,future,Etihad Park
ETIHAD_PARK,34003043002,,future,Etihad Park
ETIHAD_PARK,34025803100,,future,Etihad Park
ETIHAD_PARK,34029727002,,future,Etihad Park
ETIHAD_PARK,34029729000,,future,Etihad Park
ETIHAD_PARK,34029730000,,future,Etihad Park
ETIHAD_PARK,34029731001,,future,Etihad Park
ETIHAD_PARK,34029731102,,future,Etihad Park
ETIHAD_PARK,34005700102,,future,Etihad Park
ETIHAD_PARK,34029731206,,future,Etihad Park
ETIHAD_PARK,34005700402,,future,Etihad Park
ETIHAD_PARK,34005700503,,future,Etihad Park
ETIHAD_PARK,34005701102,,future,Etihad Park
ETIHAD_PARK,34005701502,,future,Etihad Park
ETIHAD_PARK,34029713402,,future,Etihad Park
ETIHAD_PARK,34033021202,,future,Etihad Park
ETIHAD_PARK,34033020400,,future,Etihad Park
ETIHAD_PARK,34033022201,,future,Etihad Park
ETIHAD_PARK,34033020700,,future,Etihad Park
ETIHAD_PARK,34025800602,,future,Etihad Park
ETIHAD_PARK,34025800701,,future,Etihad Park
ETIHAD_PARK,34025800800,,future,Etihad Park
ETIHAD_PARK,34025801200,,future,Etihad Park
ETIHAD_PARK,34025802000,,future,Etihad Park
ETIHAD_PARK,34025802300,,future,Etihad Park
ETIHAD_PARK,34025801700,,future,Etihad Park
ETIHAD_PARK,34025802500,,future,Etihad Park
ETIHAD_PARK,34025802600,,future,Etihad Park
ETIHAD_PARK,34025802700,,future,Etihad Park
ETIHAD_PARK,34025802400,,future,Etihad Park
ETIHAD_PARK,34025803500,,future,Etihad Park
ETIHAD_PARK,34025803900,,future,Etihad Park
ETIHAD_PARK,34025802800,,future,Etihad Park
ETIHAD_PARK,34025808001,,future,Etihad Park
ETIHAD_PARK,34005702908,,future,Etihad Park
ETIHAD_PARK,34005703102,,future,Etihad Park
ETIHAD_PARK,34005703600,,future,Etihad Park
ETIHAD_PARK,34005704005,,future,Etihad Park
ETIHAD_PARK,34025806000,,future,Etihad Park
ETIHAD_PARK,34025806100,,future,Etihad Park
ETIHAD_PARK,34003044100,,future,Etihad Park
ETIHAD_PARK,34029718000,,future,Etihad Park
ETIHAD_PARK,34025803400,,future,Etihad Park
ETIHAD_PARK,34025810503,,future,Etihad Park
ETIHAD_PARK,34025810700,,future,Etihad Park
ETIHAD_PARK,34025810900,,future,Etihad Park
ETIHAD_PARK,34025804100,,future,Etihad Park
ETIHAD_PARK,34003038100,,future,Etihad Park
ETIHAD_PARK,34003038300,,future,Etihad Park
ETIHAD_PARK,34025804200,,future,Etihad Park
ETIHAD_PARK,34025811000,,future,Etihad Park
ETIHAD_PARK,34025811401,,future,Etihad Park
ETIHAD_PARK,34025811402,,future,Etihad Park
ETIHAD_PARK,34025811600,,future,Etihad Park
ETIHAD_PARK,34025812000,,future,Etihad Park
ETIHAD_PARK,34025805500,,future,Etihad Park
ETIHAD_PARK,34025805400,,future,Etihad Park
ETIHAD_PARK,34025808402,,future,Etihad Park
ETIHAD_PARK,34005702907,,future,Etihad Park
ETIHAD_PARK,34005702208,,future,Etihad Park
ETIHAD_PARK,34025809704,,future,Etihad Park
ETIHAD_PARK,34025810401,,future,Etihad Park
ETIHAD_PARK,34025805600,,future,Etihad Park
ETIHAD_PARK,34025805700,,future,Etihad Park
ETIHAD_PARK,34025805800,,future,Etihad Park
ETIHAD_PARK,34025805900,,future,Etihad Park
ETIHAD_PARK,34029739000,,future,Etihad Park
ETIHAD_PARK,34029731203,,future,Etihad Park
ETIHAD_PARK,34029734002,,future,Etihad Park
ETIHAD_PARK,34029732101,,future,Etihad Park
ETIHAD_PARK,34005701201,,future,Etihad Park
ETIHAD_PARK,34003054400,105.0,future,Etihad Park
ETIHAD_PARK,34005701203,,future,Etihad Park
ETIHAD_PARK,34025809600,,future,Etihad Park
ETIHAD_PARK,34025809703,,future,Etihad Park
ETIHAD_PARK,34025810001,,future,Etihad Park
ETIHAD_PARK,34025807700,,future,Etihad Park
ETIHAD_PARK,34025810004,,future,Etihad Park
ETIHAD_PARK,34025807800,,future,Etihad Park
ETIHAD_PARK,34007601200,,future,Etihad Park
ETIHAD_PARK,34003049001,,future,Etihad Park
ETIHAD_PARK,34003050000,102.0,future,Etihad Park
ETIHAD_PARK,34003051200,98.0,future,Etihad Park
ETIHAD_PARK,34003051300,88.0,future,Etihad Park
ETIHAD_PARK,34025801800,,future,Etihad Park
ETIHAD_PARK,34025801600,,future,Etihad Park
ETIHAD_PARK,34025800200,,future,Etihad Park
ETIHAD_PARK,34025808100,,future,Etihad Park
ETIHAD_PARK,34025809901,,future,Etihad Park
ETIHAD_PARK,34025805300,,future,Etihad Park
ETIHAD_PARK,34025801500,,future,Etihad Park
ETIHAD_PARK,34025803800,,future,Etihad Park
ETIHAD_PARK,34025803700,,future,Etihad Park
ETIHAD_PARK,34025810800,,future,Etihad Park
ETIHAD_PARK,34025800900,,future,Etihad Park
ETIHAD_PARK,34025803000,,future,Etihad Park
ETIHAD_PARK,34025806501,,future,Etihad Park
ETIHAD_PARK,34025811900,,future,Etihad Park
ETIHAD_PARK,34025808600,,future,Etihad Park
ETIHAD_PARK,34025811301,,future,Etihad Park
ETIHAD_PARK,34025802200,,future,Etihad Park
ETIHAD_PARK,34025809902,,future,Etihad Park
ETIHAD_PARK,34025803300,,future,Etihad Park
ETIHAD_PARK,34025810501,,future,Etihad Park
ETIHAD_PARK,34025806600,,future,Etihad Park
ETIHAD_PARK,34025805100,,future,Etihad Park
ETIHAD_PARK,34025806400,,future,Etihad Park
ETIHAD_PARK,34025806502,,future,Etihad Park
ETIHAD_PARK,34025809000,,future,Etihad Park
ETIHAD_PARK,34025809100,,future,Etihad Park
ETIHAD_PARK,34025809200,,future,Etihad Park
ETIHAD_PARK,34005701103,,future,Etihad Park
ETIHAD_PARK,34025806503,,future,Etihad Park
ETIHAD_PARK,34025806504,,future,Etihad Park
ETIHAD_PARK,34025807004,,future,Etihad Park
ETIHAD_PARK,34025807100,,future,Etihad Park
ETIHAD_PARK,34025807300,,future,Etihad Park
ETIHAD_PARK,34003054200,94.0,future,Etihad Park
ETIHAD_PARK,34003054300,102.0,future,Etihad Park
ETIHAD_PARK,34005702802,,future,Etihad Park
ETIHAD_PARK,34025810002,,future,Etihad Park
ETIHAD_PARK,34025810003,,future,Etihad Park
ETIHAD_PARK,34025807500,,future,Etihad Park
ETIHAD_PARK,34025807600,,future,Etihad Park
ETIHAD_PARK,34005701204,,future,Etihad Park
ETIHAD_PARK,34025807900,,future,Etihad Park
ETIHAD_PARK,34025810402,,future,Etihad Park
ETIHAD_PARK,34025808300,,future,Etihad Park
ETIHAD_PARK,34005702803,,future,Etihad Park
ETIHAD_PARK,34007603505,,future,Etihad Park
ETIHAD_PARK,34035052800,,future,Etihad Park
ETIHAD_PARK,34009021803,,future,Etihad Park
ETIHAD_PARK,34009021600,,future,Etihad Park
ETIHAD_PARK,34025801300,,future,Etihad Park
ETIHAD_PARK,34025804600,,future,Etihad Park
ETIHAD_PARK,34025801400,,future,Etihad Park
ETIHAD_PARK,34025807200,,future,Etihad Park
ETIHAD_PARK,34025808401,,future,Etihad Park
ETIHAD_PARK,34025808800,,future,Etihad Park
ETIHAD_PARK,34025809903,,future,Etihad Park
ETIHAD_PARK,34025810600,,future,Etihad Park
ETIHAD_PARK,34025811200,,future,Etihad Park
ETIHAD_PARK,34025806300,,future,Etihad Park
ETIHAD_PARK,34025801000,,future,Etihad Park
ETIHAD_PARK,34025802100,,future,Etihad Park
ETIHAD_PARK,34025805001,,future,Etihad Park
ETIHAD_PARK,34025801900,,future,Etihad Park
ETIHAD_PARK,34025809701,,future,Etihad Park
ETIHAD_PARK,34025810300,,future,Etihad Park
ETIHAD_PARK,34025809400,,future,Etihad Park
ETIHAD_PARK,34025811303,,future,Etihad Park
ETIHAD_PARK,34025808002,,future,Etihad Park
ETIHAD_PARK,34003041100,100.0,future,Etihad Park
ETIHAD_PARK,34005701700,,future,Etihad Park
ETIHAD_PARK,34025800500,,future,Etihad Park
ETIHAD_PARK,34007602901,,future,Etihad Park
ETIHAD_PARK,34025811304,,future,Etihad Park
ETIHAD_PARK,34025800400,,future,Etihad Park
ETIHAD_PARK,34025800601,,future,Etihad Park
ETIHAD_PARK,34037373900,,future,Etihad Park
ETIHAD_PARK,34021001102,,future,Etihad Park
ETIHAD_PARK,34007608903,,future,Etihad Park
ETIHAD_PARK,34007604600,,future,Etihad Park
ETIHAD_PARK,34007603302,,future,Etihad Park
ETIHAD_PARK,34007607502,,future,Etihad Park
ETIHAD_PARK,34007608901,,future,Etihad Park
ETIHAD_PARK,34007608904,,future,Etihad Park
ETIHAD_PARK,34007601102,,future,Etihad Park
ETIHAD_PARK,34007606100,,future,Etihad Park
ETIHAD_PARK,34025811101,,future,Etihad Park
ETIHAD_PARK,34025806201,,future,Etihad Park
ETIHAD_PARK,34007607701,,future,Etihad Park
ETIHAD_PARK,34025811102,,future,Etihad Park
ETIHAD_PARK,34025812200,,future,Etihad Park
ETIHAD_PARK,34025812300,,future,Etihad Park
ETIHAD_PARK,34025811502,,future,Etihad Park
ETIHAD_PARK,34025808702,,future,Etihad Park
ETIHAD_PARK,34025812501,,future,Etihad Park
ETIHAD_PARK,34025811501,,future,Etihad Park
ETIHAD_PARK,34001010505,,future,Etihad Park
ETIHAD_PARK,34001011404,,future,Etihad Park
ETIHAD_PARK,34001011804,,future,Etihad Park
ETIHAD_PARK,34001011805,,future,Etihad Park
ETIHAD_PARK,34003047300,,future,Etihad Park
ETIHAD_PARK,34003051400,95.0,future,Etihad Park
ETIHAD_PARK,34003019204,102.0,future,Etihad Park
ETIHAD_PARK,34005702603,,future,Etihad Park
ETIHAD_PARK,34005702801,,future,Etihad Park
ETIHAD_PARK,34007607000,,future,Etihad Park
ETIHAD_PARK,34005700605,,future,Etihad Park
ETIHAD_PARK,34005700702,,future,Etihad Park
ETIHAD_PARK,34003045200,110.0,future,Etihad Park
ETIHAD_PARK,34009021900,,future,Etihad Park
ETIHAD_PARK,34003047400,109.0,future,Etihad Park
ETIHAD_PARK,34005701302,,future,Etihad Park
ETIHAD_PARK,34015500300,,future,Etihad Park
ETIHAD_PARK,34015500400,,future,Etihad Park
ETIHAD_PARK,34015501001,,future,Etihad Park
ETIHAD_PARK,34005702804,,future,Etihad Park
ETIHAD_PARK,34005702806,,future,Etihad Park
ETIHAD_PARK,34005702808,,future,Etihad Park
ETIHAD_PARK,34005702809,,future,Etihad Park
ETIHAD_PARK,34005702811,,future,Etihad Park
ETIHAD_PARK,34007609204,,future,Etihad Park
ETIHAD_PARK,34007601500,,future,Etihad Park
ETIHAD_PARK,34003004002,100.0,future,Etihad Park
ETIHAD_PARK,34007606000,,future,Etihad Park
ETIHAD_PARK,34007601000,,future,Etihad Park
ETIHAD_PARK,34007609205,,future,Etihad Park
ETIHAD_PARK,34007608209,,future,Etihad Park
ETIHAD_PARK,34007603303,,future,Etihad Park
ETIHAD_PARK,34003052100,117.0,future,Etihad Park
ETIHAD_PARK,34003052200,,future,Etihad Park
ETIHAD_PARK,34003046100,81.0,future,Etihad Park
ETIHAD_PARK,34003047100,,future,Etihad Park
ETIHAD_PARK,34003047200,,future,Etihad Park
ETIHAD_PARK,34003044202,,future,Etihad Park
ETIHAD_PARK,34003023502,92.0,future,Etihad Park
ETIHAD_PARK,34005702101,,future,Etihad Park
ETIHAD_PARK,34005701205,,future,Etihad Park
ETIHAD_PARK,34037374000,,future,Etihad Park
ETIHAD_PARK,34005701301,,future,Etihad Park
ETIHAD_PARK,34037374600,,future,Etihad Park
ETIHAD_PARK,34037374700,,future,Etihad Park
ETIHAD_PARK,34037374900,,future,Etihad Park
ETIHAD_PARK,34003013002,95.0,future,Etihad Park
ETIHAD_PARK,34003006201,96.0,future,Etihad Park
ETIHAD_PARK,34003012002,99.0,future,Etihad Park
ETIHAD_PARK,34003019103,109.0,future,Etihad Park
ETIHAD_PARK,34015500800,,future,Etihad Park
ETIHAD_PARK,34005700703,,future,Etihad Park
ETIHAD_PARK,34005700800,,future,Etihad Park
ETIHAD_PARK,34015500900,,future,Etihad Park
ETIHAD_PARK,34015501104,,future,Etihad Park
ETIHAD_PARK,34037374200,,future,Etihad Park
ETIHAD_PARK,34037372100,,future,Etihad Park
ETIHAD_PARK,34037371300,,future,Etihad Park
ETIHAD_PARK,34037371100,,future,Etihad Park
ETIHAD_PARK,34015501202,,future,Etihad Park
ETIHAD_PARK,34035052201,,future,Etihad Park
ETIHAD_PARK,34015501003,,future,Etihad Park
ETIHAD_PARK,34005700900,,future,Etihad Park
ETIHAD_PARK,34005701002,,future,Etihad Park
ETIHAD_PARK,34003019305,104.0,future,Etihad Park
ETIHAD_PARK,34003032202,,future,Etihad Park
ETIHAD_PARK,34015501107,,future,Etihad Park
ETIHAD_PARK,34003040002,106.0,future,Etihad Park
ETIHAD_PARK,34003041301,95.0,future,Etihad Park
ETIHAD_PARK,34005701104,,future,Etihad Park
ETIHAD_PARK,34037371200,,future,Etihad Park
ETIHAD_PARK,34037373000,,future,Etihad Park
ETIHAD_PARK,34037374800,,future,Etihad Park
ETIHAD_PARK,34037374400,,future,Etihad Park
ETIHAD_PARK,34037371600,,future,Etihad Park
ETIHAD_PARK,34037374500,,future,Etihad Park
ETIHAD_PARK,34037374300,,future,Etihad Park
ETIHAD_PARK,34015501203,,future,Etihad Park
ETIHAD_PARK,34003021300,117.0,future,Etihad Park
ETIHAD_PARK,34003046300,77.0,future,Etihad Park
ETIHAD_PARK,34003042500,119.0,future,Etihad Park
ETIHAD_PARK,34003042400,,future,Etihad Park
ETIHAD_PARK,34035053805,,future,Etihad Park
ETIHAD_PARK,34035051000,,future,Etihad Park
ETIHAD_PARK,34035053703,,future,Etihad Park
ETIHAD_PARK,34035052901,,future,Etihad Park
ETIHAD_PARK,34035050903,,future,Etihad Park
ETIHAD_PARK,34035052002,,future,Etihad Park
ETIHAD_PARK,34035050300,,future,Etihad Park
ETIHAD_PARK,34035050902,,future,Etihad Park
ETIHAD_PARK,34035052100,,future,Etihad Park
ETIHAD_PARK,34035050802,,future,Etihad Park
ETIHAD_PARK,34035053602,,future,Etihad Park
ETIHAD_PARK,34035052603,,future,Etihad Park
ETIHAD_PARK,34019010801,,future,Etihad Park
ETIHAD_PARK,34013006400,99.0,future,Etihad Park
ETIHAD_PARK,34003057101,118.0,future,Etihad Park
ETIHAD_PARK,34003057102,113.0,future,Etihad Park
ETIHAD_PARK,34003057200,118.0,future,Etihad Park
ETIHAD_PARK,34003058100,,future,Etihad Park
ETIHAD_PARK,34003058200,,future,Etihad Park
ETIHAD_PARK,34003059200,,future,Etihad Park
ETIHAD_PARK,34035053804,,future,Etihad Park
ETIHAD_PARK,34035053901,,future,Etihad Park
ETIHAD_PARK,34019010900,,future,Etihad Park
ETIHAD_PARK,34019011202,,future,Etihad Park
ETIHAD_PARK,34019011303,,future,Etihad Park
ETIHAD_PARK,34003044201,,future,Etihad Park
ETIHAD_PARK,34035051600,,future,Etihad Park
ETIHAD_PARK,34035051800,,future,Etihad Park
ETIHAD_PARK,34019011400,,future,Etihad Park
ETIHAD_PARK,34019011700,,future,Etihad Park
ETIHAD_PARK,34019011900,,future,Etihad Park
ETIHAD_PARK,34019010600,,future,Etihad Park
ETIHAD_PARK,34019011100,,future,Etihad Park
ETIHAD_PARK,34019011500,,future,Etihad Park
ETIHAD_PARK,34001010105,,future,Etihad Park
ETIHAD_PARK,34001010104,,future,Etihad Park
ETIHAD_PARK,34001010506,,future,Etihad Park
ETIHAD_PARK,34001013301,,future,Etihad Park
ETIHAD_PARK,34001013102,,future,Etihad Park
ETIHAD_PARK,34001013202,,future,Etihad Park
ETIHAD_PARK,34001013101,,future,Etihad Park
ETIHAD_PARK,34013001700,116.0,future,Etihad Park
ETIHAD_PARK,34013001800,107.0,future,Etihad Park
ETIHAD_PARK,34013001900,104.0,future,Etihad Park
ETIHAD_PARK,34013002400,112.0,future,Etihad Park
ETIHAD_PARK,34013003100,99.0,future,Etihad Park
ETIHAD_PARK,34013003500,108.0,future,Etihad Park
ETIHAD_PARK,34013003800,101.0,future,Etihad Park
ETIHAD_PARK,34013004200,111.0,future,Etihad Park
ETIHAD_PARK,34013004400,100.0,future,Etihad Park
ETIHAD_PARK,34013004500,101.0,future,Etihad Park
ETIHAD_PARK,34013004600,97.0,future,Etihad Park
ETIHAD_PARK,34013004700,99.0,future,Etihad Park
ETIHAD_PARK,34013004900,95.0,future,Etihad Park
ETIHAD_PARK,34013005000,103.0,future,Etihad Park
ETIHAD_PARK,34013005300,105.0,future,Etihad Park
ETIHAD_PARK,34035051900,,future,Etihad Park
ETIHAD_PARK,34035052001,,future,Etihad Park
ETIHAD_PARK,34035052300,,future,Etihad Park
ETIHAD_PARK,34035053102,,future,Etihad Park
ETIHAD_PARK,34035053103,,future,Etihad Park
ETIHAD_PARK,34013005400,104.0,future,Etihad Park
ETIHAD_PARK,34013005700,98.0,future,Etihad Park
ETIHAD_PARK,34013006700,93.0,future,Etihad Park
ETIHAD_PARK,34013006800,102.0,future,Etihad Park
ETIHAD_PARK,34013007000,102.0,future,Etihad Park
ETIHAD_PARK,34013007100,103.0,future,Etihad Park
ETIHAD_PARK,34013008000,87.0,future,Etihad Park
ETIHAD_PARK,34013008800,97.0,future,Etihad Park
ETIHAD_PARK,34013009000,105.0,future,Etihad Park
ETIHAD_PARK,34013009100,104.0,future,Etihad Park
ETIHAD_PARK,34017005802,,future,Etihad Park
ETIHAD_PARK,34021000200,,future,Etihad Park
ETIHAD_PARK,34021000500,,future,Etihad Park
ETIHAD_PARK,34029738100,,future,Etihad Park
ETIHAD_PARK,34029717300,,future,Etihad Park
ETIHAD_PARK,34029734003,,future,Etihad Park
ETIHAD_PARK,34023001806,,future,Etihad Park
ETIHAD_PARK,34023009101,110.0,future,Etihad Park
ETIHAD_PARK,34023980200,,future,Etihad Park
ETIHAD_PARK,34013007400,,future,Etihad Park
ETIHAD_PARK,34029713300,,future,Etihad Park
ETIHAD_PARK,34029713500,,future,Etihad Park
ETIHAD_PARK,34035053105,,future,Etihad Park
ETIHAD_PARK,34035053200,,future,Etihad Park
ETIHAD_PARK,34035053300,,future,Etihad Park
ETIHAD_PARK,34029713600,,future,Etihad Park
ETIHAD_PARK,34029713900,,future,Etihad Park
ETIHAD_PARK,34029714100,,future,Etihad Park
ETIHAD_PARK,34005700401,,future,Etihad Park
ETIHAD_PARK,34005700504,,future,Etihad Park
ETIHAD_PARK,34035053704,,future,Etihad Park
ETIHAD_PARK,34013007502,109.0,future,Etihad Park
ETIHAD_PARK,34013007900,84.0,future,Etihad Park
ETIHAD_PARK,34013009700,117.0,future,Etihad Park
ETIHAD_PARK,34023005602,,future,Etihad Park
ETIHAD_PARK,34013009900,,future,Etihad Park
ETIHAD_PARK,34013010000,,future,Etihad Park
ETIHAD_PARK,34029715600,,future,Etihad Park
ETIHAD_PARK,34029717102,,future,Etihad Park
ETIHAD_PARK,34029717501,,future,Etihad Park
ETIHAD_PARK,34029720102,,future,Etihad Park
ETIHAD_PARK,34029720204,,future,Etihad Park
ETIHAD_PARK,34013000800,100.0,future,Etihad Park
ETIHAD_PARK,34013001400,103.0,future,Etihad Park
ETIHAD_PARK,34021000100,,future,Etihad Park
ETIHAD_PARK,34029721000,,future,Etihad Park
ETIHAD_PARK,34029722100,,future,Etihad Park
ETIHAD_PARK,34013010100,,future,Etihad Park
ETIHAD_PARK,34013010500,108.0,future,Etihad Park
ETIHAD_PARK,34013011400,,future,Etihad Park
ETIHAD_PARK,34013011500,117.0,future,Etihad Park
ETIHAD_PARK,34013011600,113.0,future,Etihad Park
ETIHAD_PARK,34013011700,114.0,future,Etihad Park
ETIHAD_PARK,34013011900,107.0,future,Etihad Park
ETIHAD_PARK,34029722300,,future,Etihad Park
ETIHAD_PARK,34029722402,,future,Etihad Park
ETIHAD_PARK,34029722600,,future,Etihad Park
ETIHAD_PARK,34029722900,,future,Etihad Park
ETIHAD_PARK,34013012000,,future,Etihad Park
ETIHAD_PARK,34013012300,115.0,future,Etihad Park
ETIHAD_PARK,34013012400,118.0,future,Etihad Park
ETIHAD_PARK,34013012600,108.0,future,Etihad Park
ETIHAD_PARK,34013012700,114.0,future,Etihad Park
ETIHAD_PARK,34013013000,111.0,future,Etihad Park
ETIHAD_PARK,34013013100,106.0,future,Etihad Park
ETIHAD_PARK,34017011200,,future,Etihad Park
ETIHAD_PARK,34017018900,82.0,future,Etihad Park
ETIHAD_PARK,34017018600,76.0,future,Etihad Park
ETIHAD_PARK,34017011300,,future,Etihad Park
ETIHAD_PARK,34017011400,,future,Etihad Park
ETIHAD_PARK,34013013300,104.0,future,Etihad Park
ETIHAD_PARK,34013014500,,future,Etihad Park
ETIHAD_PARK,34013014600,,future,Etihad Park
ETIHAD_PARK,34013014700,117.0,future,Etihad Park
ETIHAD_PARK,34029722702,,future,Etihad Park
ETIHAD_PARK,34029723400,,future,Etihad Park
ETIHAD_PARK,34029725100,,future,Etihad Park
ETIHAD_PARK,34029731201,,future,Etihad Park
ETIHAD_PARK,34013014800,,future,Etihad Park
ETIHAD_PARK,34013014900,115.0,future,Etihad Park
ETIHAD_PARK,34013015000,,future,Etihad Park
ETIHAD_PARK,34013015100,,future,Etihad Park
ETIHAD_PARK,34029731205,,future,Etihad Park
ETIHAD_PARK,34005700602,,future,Etihad Park
ETIHAD_PARK,34021000300,,future,Etihad Park
ETIHAD_PARK,34021000400,,future,Etihad Park
ETIHAD_PARK,34013013900,,future,Etihad Park
ETIHAD_PARK,34013014000,116.0,future,Etihad Park
ETIHAD_PARK,34013014400,,future,Etihad Park
ETIHAD_PARK,34013013600,116.0,future,Etihad Park
ETIHAD_PARK,34013013700,117.0,future,Etihad Park
