GEOID,population,median_household_income,median_age,pct_white_nh,pct_black_nh,pct_asian_nh,pct_hispanic_latino,transit_time_current,transit_time_future,delta_transit_time,cluster,cluster_name,weight_current,weight_future,weighted_pop_current,weighted_pop_future
36005000400,6481,98242.0,34.8,5.138095972843697,38.28112945533097,0.2931646350871779,53.74170652677056,118.0,81.0,-37.0,2,"lower-income, hispanic/latino-plurality, farther reach",0.0654558826762892,0.15389305166811457,424.2195756250303,997.3808678610505
36005001600,6011,42957.0,42.1,1.730161370820163,34.71968058559308,4.69139910164698,54.882715022458825,113.0,72.0,-41.0,2,"lower-income, hispanic/latino-plurality, farther reach",0.07347174414272556,0.1894645708137998,441.63865404192336,1138.8715351617507
36005001901,2401,67361.0,32.8,14.785506039150354,36.44314868804665,0.4997917534360683,45.18950437317784,87.0,61.0,-26.0,2,"lower-income, hispanic/latino-plurality, farther reach",0.13397168281703667,0.2442899921085615,321.66601044370503,586.5402710526562
36005001902,1979,76429.0,35.6,4.69934310257706,17.33198585144012,0.0,48.55987872662961,89.0,60.0,-29.0,2,"lower-income, hispanic/latino-plurality, farther reach",0.1279217364995969,0.25,253.15711653270228,494.75
36005002001,4300,23208.0,28.0,0.5581395348837209,39.48837209302326,0.0,49.81395348837209,111.0,82.0,-29.0,2,"lower-income, hispanic/latino-plurality, farther reach",0.07694652583405728,0.15037812951026458,330.8700610864463,646.6259568941377
36005002002,3689,18029.0,47.0,0.9487666034155597,24.505285985361887,0.0,74.00379506641366,112.0,79.0,-33.0,2,"lower-income, hispanic/latino-plurality, farther reach",0.07518906475513229,0.16117128855494742,277.372459881683,594.560883479201
36005002300,4527,18750.0,31.7,0.15462778882261985,28.363154406891983,0.0,70.22310580958693,84.0,57.0,-27.0,2,"lower-income, hispanic/latino-plurality, farther reach",0.14358729437462942,0.2679433656340733,650.0196816339474,1212.9796162254497
36005002500,5460,27207.0,33.4,7.930402930402931,20.750915750915752,0.0,70.23809523809524,88.0,59.0,-29.0,2,"lower-income, hispanic/latino-plurality, farther reach",0.13091176535257834,0.2558434729991938,714.7782388250778,1396.9053625755982
36005002701,2830,18788.0,32.9,0.8833922261484098,21.27208480565371,0.9540636042402827,76.8904593639576,89.0,60.0,-29.0,2,"lower-income, hispanic/latino-plurality, farther reach",0.1279217364995969,0.25,362.0185142938592,707.5
36005002702,5156,31379.0,30.0,0.1551590380139643,29.48021722265322,0.0,69.29790535298682,88.0,59.0,-29.0,2,"lower-income, hispanic/latino-plurality, farther reach",0.13091176535257834,0.2558434729991938,674.9810621578939,1319.1289467838433
36005002800,5420,66235.0,41.6,0.6088560885608856,59.83394833948339,0.0,39.55719557195572,103.0,75.0,-28.0,1,"lower-income, black_nh-plurality, farther reach",0.09256859701791026,0.17677669529663692,501.7217958370736,958.1296885077721
36005003100,2641,43480.0,30.6,1.7796289284361984,34.5702385460053,6.285497917455509,52.89663006436956,91.0,62.0,-29.0,2,"lower-income, hispanic/latino-plurality, farther reach",0.12214499605428075,0.23871040097760418,322.5849345793555,630.4341689818526
36005003300,3407,37957.0,34.0,2.700322864690343,34.5758732022307,0.0,62.723803933078955,91.0,63.0,-28.0,2,"lower-income, hispanic/latino-plurality, farther reach",0.12214499605428075,0.23325824788420185,416.1480015569345,794.7108505414757
36005003500,3529,34508.0,34.1,3.5704165485973363,13.431567016151885,0.6800793425899688,77.61405497308019,87.0,64.0,-23.0,2,"lower-income, hispanic/latino-plurality, farther reach",0.13397168281703667,0.22793062213955423,472.7860686613224,804.3671655304869
36005003800,1215,42614.0,28.8,0.3292181069958848,10.534979423868313,3.786008230452675,85.34979423868313,110.0,74.0,-36.0,2,"lower-income, hispanic/latino-plurality, farther reach",0.07874506561842959,0.1809086546800473,95.67525472639196,219.80401543625746
36005003900,6346,28508.0,33.1,3.9552473999369684,1.8594390167034351,0.2521273242987709,90.92341632524425,87.0,61.0,-26.0,2,"lower-income, hispanic/latino-plurality, farther reach",0.13397168281703667,0.2442899921085615,850.1842991569147,1550.2642899209313
36005004001,1378,76050.0,43.3,1.2336719883889695,12.69956458635704,28.809869375907112,51.59651669085631,108.0,64.0,-44.0,0,"higher-income, asian_nh-plurality, closer reach",0.0824692444233059,0.22793062213955423,113.64261881531553,314.08839730830573
36005004100,6272,21819.0,37.3,0.8769132653061225,31.935586734693878,1.0841836734693877,64.39732142857143,86.0,63.0,-23.0,2,"lower-income, hispanic/latino-plurality, farther reach",0.13710312246182826,0.23325824788420185,859.9107840805868,1462.995730729714
36005004200,7976,52974.0,35.3,0.7021063189568706,29.70160481444333,0.22567703109327983,69.37061183550652,110.0,69.0,-41.0,2,"lower-income, hispanic/latino-plurality, farther reach",0.07874506561842959,0.2030630990890589,628.0706433725944,1619.6312783343337
36005004300,5041,29704.0,38.3,1.2695893671890497,27.950803412021425,0.0,65.80043642134497,82.0,63.0,-19.0,2,"lower-income, hispanic/latino-plurality, farther reach",0.15037812951026458,0.23325824788420185,758.0561508612437,1175.8548275842616
36005004400,4323,21016.0,35.6,1.0640758732361786,28.637520240573675,3.2616238723108952,64.0527411519778,106.0,71.0,-35.0,2,"lower-income, hispanic/latino-plurality, farther reach",0.086369554997986,0.19389309522921686,373.3755862562935,838.1998506759045
36005004600,1784,21346.0,32.9,3.4192825112107625,28.1390134529148,0.0,67.48878923766816,108.0,76.0,-32.0,2,"lower-income, hispanic/latino-plurality, farther reach",0.0824692444233059,0.17273910999597203,147.12513205117773,308.1665722328141
36005004800,4139,45118.0,31.1,1.4254650881855522,16.25996617540469,3.140855279052911,78.69050495288717,101.0,68.0,-33.0,2,"lower-income, hispanic/latino-plurality, farther reach",0.09694654761460844,0.20780947403569697,401.26176057686433,860.1234130337498
36005005001,4597,35164.0,29.9,0.5873395692843159,29.93256471611921,1.4574722645203393,67.67457037198173,102.0,71.0,-31.0,2,"lower-income, hispanic/latino-plurality, farther reach",0.09473228540689989,0.19389309522921686,435.4843160155188,891.3265587687099
36005005002,6338,36066.0,29.1,0.347112653834017,24.21899652887346,0.0,70.65320290312401,98.0,67.0,-31.0,2,"lower-income, hispanic/latino-plurality, farther reach",0.1039047370178485,0.21266679023771395,658.5482232191238,1347.882116526631
36005005100,6795,25468.0,34.1,1.2067696835908757,35.76158940397351,0.0,59.69094922737307,80.0,56.0,-24.0,2,"lower-income, hispanic/latino-plurality, farther reach",0.15749013123685918,0.2742062449236565,1070.145441754458,1863.2314342562456
36005005200,1787,35147.0,32.8,0.0,29.26692781197538,0.0,69.66983771684387,98.0,72.0,-26.0,2,"lower-income, hispanic/latino-plurality, farther reach",0.1039047370178485,0.1894645708137998,185.67776505089526,338.57318804426023
36005005300,4596,22352.0,32.4,2.6979982593559617,46.845082680591815,0.0,46.21409921671018,103.0,80.0,-23.0,2,"lower-income, hispanic/latino-plurality, farther reach",0.09256859701791026,0.15749013123685918,425.44527189431557,723.8246431646048
36005005400,5306,58452.0,33.3,0.4900113079532605,26.215604975499435,2.0731247644176403,64.36110064078402,98.0,67.0,-31.0,2,"lower-income, hispanic/latino-plurality, farther reach",0.1039047370178485,0.21266679023771395,551.3185346167041,1128.4099890013104
36005005600,2531,47628.0,34.8,1.9755037534571316,12.445673646779928,4.227578032398261,70.9996048992493,98.0,70.0,-28.0,2,"lower-income, hispanic/latino-plurality, farther reach",0.1039047370178485,0.19842513149602495,262.98288939217457,502.21400781643916
36005005902,3044,46902.0,37.1,25.06570302233903,23.028909329829172,2.0367936925098555,49.47437582128778,84.0,64.0,-20.0,2,"lower-income, hispanic/latino-plurality, farther reach",0.14358729437462942,0.22793062213955423,437.0797240763719,693.820813792803
36005006000,1220,53371.0,34.1,0.4918032786885246,14.098360655737705,0.0,84.67213114754098,94.0,65.0,-29.0,2,"lower-income, hispanic/latino-plurality, farther reach",0.1139653110697771,0.22272467953508487,139.03767950512807,271.72410903280354
36005006100,3835,75608.0,48.6,1.5384615384615385,80.3129074315515,0.7822685788787483,17.001303780964797,85.0,64.0,-21.0,1,"lower-income, black_nh-plurality, farther reach",0.14030775603867163,0.22793062213955423,538.0802444083057,874.1139359051905
36005006200,6206,27243.0,31.2,0.3061553335481792,30.09990331936835,0.3867225265871737,69.2072188204963,100.0,67.0,-33.0,2,"lower-income, hispanic/latino-plurality, farther reach",0.09921256574801247,0.21266679023771395,615.7131830321654,1319.8101002152528
36005006301,6244,58118.0,38.2,18.513773222293402,35.74631646380525,1.6015374759769379,43.11338885329917,80.0,61.0,-19.0,2,"lower-income, hispanic/latino-plurality, farther reach",0.15749013123685918,0.2442899921085615,983.3683794429487,1525.346710725858
36005006400,3847,40778.0,35.2,3.769170782427866,33.272680010397714,1.5336625942292696,54.32804782947751,102.0,66.0,-36.0,2,"lower-income, hispanic/latino-plurality, farther reach",0.09473228540689989,0.21763764082403103,364.43510196034384,837.2520042500473
36005006500,5182,24184.0,30.5,4.670011578541104,26.148205326128906,1.3315322269394056,67.81165573137784,80.0,60.0,-20.0,2,"lower-income, hispanic/latino-plurality, farther reach",0.15749013123685918,0.25,816.1138600694043,1295.5
36005006800,2621,33996.0,29.5,0.0,11.522319725295688,10.644792064097672,65.01335368180084,103.0,67.0,-36.0,2,"lower-income, hispanic/latino-plurality, farther reach",0.09256859701791026,0.21266679023771395,242.62229278394278,557.3996572130483
36005006900,6524,32199.0,32.8,0.674432863274065,33.41508277130595,0.5824647455548743,65.25137952176578,85.0,66.0,-19.0,2,"lower-income, hispanic/latino-plurality, farther reach",0.14030775603867163,0.21763764082403103,915.3678003962937,1419.8679687359784
36005007000,4201,43672.0,34.5,5.6653177814806,20.87598190906927,9.164484646512735,52.82075696262795,103.0,64.0,-39.0,2,"lower-income, hispanic/latino-plurality, farther reach",0.09256859701791026,0.22793062213955423,388.880676072241,957.5365436082673
36005007100,2562,34853.0,39.4,2.380952380952381,28.53239656518345,3.083528493364559,66.0031225604996,83.0,64.0,-19.0,2,"lower-income, hispanic/latino-plurality, farther reach",0.14694348828545112,0.22793062213955423,376.46921698732575,583.9582539215379
36005007200,5371,64464.0,40.1,4.058834481474586,10.57531185998883,47.533047849562465,33.71811580711227,104.0,60.0,-44.0,0,"higher-income, asian_nh-plurality, closer reach",0.09045432734002365,0.25,485.830192143267,1342.75
36005007300,4555,31442.0,29.6,0.3951701427003293,44.19319429198683,1.5806805708013172,52.8430296377607,82.0,63.0,-19.0,2,"lower-income, hispanic/latino-plurality, farther reach",0.15037812951026458,0.23325824788420185,684.9723799192552,1062.4913191125395
36005007400,3281,52641.0,44.6,2.0725388601036268,33.7397135019811,0.0,61.353245961597075,113.0,69.0,-44.0,2,"lower-income, hispanic/latino-plurality, farther reach",0.07347174414272556,0.2030630990890589,241.06079253228256,666.2500281112023
36005007500,6543,35892.0,31.4,0.5196393091853889,31.82026593305823,0.44322176371694944,64.3435732844261,84.0,65.0,-19.0,2,"lower-income, hispanic/latino-plurality, farther reach",0.14358729437462942,0.22272467953508487,939.4916670932002,1457.2875781980604
36005007600,5317,53650.0,37.3,1.7114914425427872,23.4718826405868,10.682715817190145,60.7109272145947,101.0,62.0,-39.0,2,"lower-income, hispanic/latino-plurality, farther reach",0.09694654761460844,0.23871040097760418,515.4647936668731,1269.2232019979215
36005007700,1996,44447.0,31.4,1.0521042084168337,15.93186372745491,0.0,82.81563126252505,84.0,65.0,-19.0,2,"lower-income, hispanic/latino-plurality, farther reach",0.14358729437462942,0.22272467953508487,286.6002395717603,444.5584603520294
36005007800,5858,58513.0,35.2,3.2434277910549674,21.235916695117787,4.540798907476955,56.282007511095934,107.0,57.0,-50.0,2,"lower-income, hispanic/latino-plurality, farther reach",0.08439687163551189,0.2679433656340733,494.39687404082866,1569.6122358844013
36005007900,6987,36514.0,32.7,0.35780735651925005,24.144840417918992,0.0,74.39530556748247,83.0,64.0,-19.0,2,"lower-income, hispanic/latino-plurality, farther reach",0.14694348828545112,0.22793062213955423,1026.694152650447,1592.5512568890654
36005008300,6588,53560.0,33.8,0.4705525197328476,12.431693989071038,0.0,85.64055859137827,87.0,65.0,-22.0,2,"lower-income, hispanic/latino-plurality, farther reach",0.13397168281703667,0.22272467953508487,882.6054463986376,1467.310188777139
36005008500,5665,43531.0,37.8,1.2003530450132391,21.624007060900265,2.471315092674316,68.33186231244484,88.0,67.0,-21.0,2,"lower-income, hispanic/latino-plurality, farther reach",0.13091176535257834,0.21266679023771395,741.6151507223562,1204.7573666966496
36005008600,4117,24023.0,38.1,1.675977653631285,38.91182900170027,4.493563274228808,50.303619140150595,115.0,66.0,-49.0,2,"lower-income, hispanic/latino-plurality, farther reach",0.07015387801933584,0.21763764082403103,288.82351580560567,896.0141672725357
36005008700,6299,40708.0,34.0,0.9366566121606604,21.971741546277187,0.0,76.98047309096683,85.0,66.0,-19.0,2,"lower-income, hispanic/latino-plurality, farther reach",0.14030775603867163,0.21763764082403103,883.7985552875925,1370.8994995505714
36005008900,2993,36625.0,46.2,1.236217841630471,13.999331774139659,0.0,79.61911125960575,89.0,66.0,-23.0,2,"lower-income, hispanic/latino-plurality, farther reach",0.1279217364995969,0.21763764082403103,382.86975734329354,651.3894589863248
36005009200,5675,56913.0,37.2,4.599118942731278,7.9118942731277535,25.90308370044053,58.23788546255506,105.0,57.0,-48.0,2,"lower-income, hispanic/latino-plurality, farther reach",0.08838834764831845,0.2679433656340733,501.6038729042072,1520.578599973366
36005009301,5615,54241.0,31.4,1.5494211932324131,25.057880676758682,0.0,71.71861086375779,98.0,72.0,-26.0,2,"lower-income, hispanic/latino-plurality, farther reach",0.1039047370178485,0.1894645708137998,583.4250983552193,1063.843565119486
36005009600,2352,53523.0,43.1,7.1853741496598635,11.862244897959183,18.239795918367346,57.61054421768708,108.0,60.0,-48.0,2,"lower-income, hispanic/latino-plurality, farther reach",0.0824692444233059,0.25,193.96766288361547,588.0
36005009800,4647,67500.0,50.0,0.45190445448676564,23.821820529373788,5.315257155153863,59.43619539487842,110.0,60.0,-50.0,2,"lower-income, hispanic/latino-plurality, farther reach",0.07874506561842959,0.25,365.9283199288423,1161.75
36005011502,3850,30172.0,35.4,1.0389610389610389,26.103896103896105,0.0,71.14285714285714,96.0,72.0,-24.0,2,"lower-income, hispanic/latino-plurality, farther reach",0.10881882041201553,0.1894645708137998,418.9524585862598,729.4385976331292
36005011701,1318,35298.0,30.1,0.6069802731411229,11.380880121396055,0.0,85.43247344461305,101.0,73.0,-28.0,2,"lower-income, hispanic/latino-plurality, farther reach",0.09694654761460844,0.18513719403582055,127.77554975605392,244.01082173921148
36005011900,5889,36250.0,24.5,0.54338597384955,37.204958397011374,0.0,56.85175751400917,88.0,69.0,-19.0,2,"lower-income, hispanic/latino-plurality, farther reach",0.13091176535257834,0.2030630990890589,770.9393861613338,1195.8385905354678
36005012101,3413,51205.0,35.6,1.0840902431878112,28.62584236741869,0.5566949897450922,68.50278347494873,89.0,69.0,-20.0,2,"lower-income, hispanic/latino-plurality, farther reach",0.1279217364995969,0.2030630990890589,436.59688667312423,693.0543571909581
36005012102,1495,43032.0,36.3,0.0,37.19063545150502,0.0,60.735785953177256,89.0,67.0,-22.0,2,"lower-income, hispanic/latino-plurality, farther reach",0.1279217364995969,0.21266679023771395,191.24299606689738,317.93685140538236
36005012300,4092,36154.0,36.7,0.09775171065493646,52.541544477028346,1.2218963831867058,45.62561094819159,90.0,69.0,-21.0,2,"lower-income, hispanic/latino-plurality, farther reach",0.12500000000000003,0.2030630990890589,511.5000000000001,830.934201472429
36005012500,4146,58333.0,30.3,1.1336227689339122,14.37530149541727,0.0,79.06415822479498,88.0,69.0,-19.0,2,"lower-income, hispanic/latino-plurality, farther reach",0.13091176535257834,0.2030630990890589,542.7601791517898,841.8996088232382
36005012701,2385,49784.0,33.1,0.0,21.17400419287212,0.0,76.26834381551363,85.0,66.0,-19.0,2,"lower-income, hispanic/latino-plurality, farther reach",0.14030775603867163,0.21763764082403103,334.6339981522318,519.065773365314
36005012901,5261,35521.0,30.8,4.276753468922258,23.322562250522715,0.0,71.92548945067477,86.0,67.0,-19.0,2,"lower-income, hispanic/latino-plurality, farther reach",0.13710312246182826,0.21266679023771395,721.2995272716785,1118.8399834406132
36005013000,1329,65357.0,36.4,26.71181339352897,0.0,1.3544018058690745,71.93378480060196,107.0,79.0,-28.0,2,"lower-income, hispanic/latino-plurality, farther reach",0.08439687163551189,0.16117128855494742,112.1634424035953,214.19664248952512
36005013100,5210,18408.0,38.7,2.495201535508637,31.343570057581573,0.0,64.26103646833013,88.0,69.0,-19.0,2,"lower-income, hispanic/latino-plurality, farther reach",0.13091176535257834,0.2030630990890589,682.0502974869331,1057.9587462539969
36005013200,7126,108582.0,40.6,22.452989054167837,13.962952568060624,9.640752175133315,52.708391804658994,116.0,87.0,-29.0,2,"lower-income, hispanic/latino-plurality, farther reach",0.06855156123091415,0.13397168281703667,488.4984253314942,954.6822117542033
36005013300,5838,31762.0,32.3,1.2332990750256938,35.14902363823227,7.279890373415554,54.24803014731072,87.0,68.0,-19.0,2,"lower-income, hispanic/latino-plurality, farther reach",0.13397168281703667,0.20780947403569697,782.12668428586,1213.1917094203989
36005013500,3295,30865.0,36.1,3.399089529590288,50.71320182094082,1.7602427921092565,43.30804248861912,94.0,75.0,-19.0,1,"lower-income, black_nh-plurality, farther reach",0.1139653110697771,0.17677669529663692,375.51569997491555,582.4792110024187
36005014100,6864,35238.0,30.9,1.558857808857809,43.40034965034965,0.36421911421911424,45.64393939393939,89.0,69.0,-20.0,2,"lower-income, hispanic/latino-plurality, farther reach",0.1279217364995969,0.2030630990890589,878.0547993332331,1393.8251121473002
36005014300,1685,16734.0,35.1,2.0178041543026706,35.311572700296736,6.884272997032641,53.64985163204748,90.0,72.0,-18.0,2,"lower-income, hispanic/latino-plurality, farther reach",0.12500000000000003,0.1894645708137998,210.62500000000006,319.24780182125266
36005014400,6465,32197.0,31.5,1.9953596287703017,26.264501160092806,0.0,65.80046403712296,107.0,68.0,-39.0,2,"lower-income, hispanic/latino-plurality, farther reach",0.08439687163551189,0.20780947403569697,545.6257751235844,1343.4882496407809
36005014500,6560,28022.0,35.5,4.085365853658536,62.31707317073171,0.0,32.926829268292686,95.0,75.0,-20.0,1,"lower-income, black_nh-plurality, farther reach",0.11136233976754245,0.17677669529663692,730.5369488750785,1159.6551211459382
36005014701,5151,23500.0,32.6,0.9512715977480101,59.600077654824304,0.0,33.46922927586876,97.0,78.0,-19.0,1,"lower-income, black_nh-plurality, farther reach",0.10633339511885696,0.16493848884661183,547.7233182572322,849.5981560488975
36005014702,4985,21533.0,27.9,1.103309929789368,34.38314944834504,0.0,64.5135406218656,97.0,79.0,-18.0,2,"lower-income, hispanic/latino-plurality, farther reach",0.10633339511885696,0.16117128855494742,530.071974667502,803.4388734464129
36005014900,4755,35213.0,31.5,3.4490010515247107,35.2260778128286,0.0,54.65825446898002,96.0,77.0,-19.0,2,"lower-income, hispanic/latino-plurality, farther reach",0.10881882041201553,0.16879374327102378,517.4334910591339,802.6142492537181
36005015100,5414,30558.0,43.6,0.1477650535648319,48.89176209826376,0.0,49.889176209826374,92.0,73.0,-19.0,2,"lower-income, hispanic/latino-plurality, farther reach",0.1193552004888021,0.18513719403582055,646.1890554463746,1002.3327685099324
36005015200,2601,84265.0,38.0,31.757016532103037,8.688965782391389,1.3840830449826989,52.55670895809304,101.0,63.0,-38.0,2,"lower-income, hispanic/latino-plurality, farther reach",0.09694654761460844,0.23325824788420185,252.15797034559657,606.7047027468091
36005015300,3502,34704.0,37.9,0.17133066818960593,33.6950314106225,0.0,65.70531125071388,90.0,71.0,-19.0,2,"lower-income, hispanic/latino-plurality, farther reach",0.12500000000000003,0.19389309522921686,437.7500000000001,679.0136194927175
36005015500,3154,42118.0,38.1,1.2999365884590997,28.535193405199745,0.34876347495244137,68.80152187698161,89.0,70.0,-19.0,2,"lower-income, hispanic/latino-plurality, farther reach",0.1279217364995969,0.19842513149602495,403.4651569197286,625.8328647384627
36005015700,5959,45731.0,35.6,0.5370028528276557,41.701627789897636,0.3859708004698775,48.665883537506296,94.0,73.0,-21.0,2,"lower-income, hispanic/latino-plurality, farther reach",0.1139653110697771,0.18513719403582055,679.1192886648017,1103.2325392594546
36005015800,1625,81000.0,42.5,39.38461538461539,5.907692307692308,6.092307692307692,48.61538461538461,105.0,70.0,-35.0,2,"lower-income, hispanic/latino-plurality, farther reach",0.08838834764831845,0.19842513149602495,143.63106492851747,322.44083868104053
36005015900,2153,24654.0,30.0,0.5109150023223409,11.751045053413842,2.1830004644681837,85.55503947979564,85.0,66.0,-19.0,2,"lower-income, hispanic/latino-plurality, farther reach",0.14030775603867163,0.21763764082403103,302.08259875126004,468.5738406941388
36005016100,4789,23466.0,39.1,3.403633326372938,29.98538316976404,0.0,64.96136980580496,89.0,69.0,-20.0,2,"lower-income, hispanic/latino-plurality, farther reach",0.1279217364995969,0.2030630990890589,612.6171960965695,972.469181537503
36005016200,1802,102361.0,37.0,30.355160932297448,7.32519422863485,9.489456159822419,48.6126526082131,105.0,66.0,-39.0,2,"lower-income, hispanic/latino-plurality, farther reach",0.08838834764831845,0.21763764082403103,159.27580246226984,392.1830287649039
36005016400,1107,95781.0,46.8,36.133694670280036,4.968383017163505,30.89430894308943,25.745257452574524,109.0,65.0,-44.0,0,"higher-income, asian_nh-plurality, closer reach",0.0805856442774737,0.22272467953508487,89.20830821516338,246.55622024533895
36005016500,1233,59000.0,33.2,0.40551500405515006,59.529602595296026,0.0,36.496350364963504,101.0,79.0,-22.0,1,"lower-income, black_nh-plurality, farther reach",0.09694654761460844,0.16117128855494742,119.53509320881221,198.72419878825016
36005016600,2387,107344.0,39.5,21.826560536237956,13.699204021784666,5.278592375366569,54.461667364893174,105.0,61.0,-44.0,2,"lower-income, hispanic/latino-plurality, farther reach",0.08838834764831845,0.2442899921085615,210.98298583653613,583.1202111631363
36005016700,3203,36181.0,34.7,0.4370902279113331,42.36653137683422,0.0,54.85482360287231,97.0,79.0,-18.0,2,"lower-income, hispanic/latino-plurality, farther reach",0.10633339511885696,0.16117128855494742,340.58586456569884,516.2316372414966
36005016900,1759,47610.0,31.5,1.250710631040364,43.37691870380898,0.0,48.8345650938033,97.0,78.0,-19.0,2,"lower-income, hispanic/latino-plurality, farther reach",0.10633339511885696,0.16493848884661183,187.04044201406938,290.1268018811902
36005017701,4566,46070.0,40.1,2.431011826544021,44.918966272448536,1.5330705212439772,51.11695137976347,91.0,72.0,-19.0,2,"lower-income, hispanic/latino-plurality, farther reach",0.12214499605428075,0.1894645708137998,557.7140519838459,865.0952303358099
36005017702,5236,38897.0,31.9,0.8212375859434683,48.07104660045837,3.170359052711994,39.99236058059587,91.0,72.0,-19.0,2,"lower-income, hispanic/latino-plurality, farther reach",0.12214499605428075,0.1894645708137998,639.551199340214,992.0364927810558
36005017901,4993,45292.0,35.3,1.3619066693370718,23.793310634888844,4.406168636090527,69.23693170438614,86.0,67.0,-19.0,2,"lower-income, hispanic/latino-plurality, farther reach",0.13710312246182826,0.21266679023771395,684.5558904519086,1061.8452836569058
36005017902,3571,46230.0,29.4,2.1842621114533745,37.72052646317558,0.0,60.09521142537105,88.0,68.0,-20.0,2,"lower-income, hispanic/latino-plurality, farther reach",0.13091176535257834,0.20780947403569697,467.48591407405723,742.0876317814739
36005018101,3345,55400.0,29.0,1.883408071748879,36.80119581464873,0.059790732436472344,59.521674140508225,87.0,68.0,-19.0,2,"lower-income, hispanic/latino-plurality, farther reach",0.13397168281703667,0.20780947403569697,448.1352790229877,695.1226906494063
36005018102,4903,36334.0,46.4,2.141545992249643,39.282072200693456,0.12237405669997961,56.026922292474,85.0,67.0,-18.0,2,"lower-income, hispanic/latino-plurality, farther reach",0.14030775603867163,0.21266679023771395,687.9289278576069,1042.7052725355115
36005018301,4427,54226.0,45.1,14.524508696634289,30.133273096905352,2.7558165800768015,46.4874632934267,85.0,64.0,-21.0,2,"lower-income, hispanic/latino-plurality, farther reach",0.14030775603867163,0.22793062213955423,621.1424359831993,1009.0488642118065
36005018302,3301,65196.0,36.6,0.030293850348379277,39.74553165707361,0.030293850348379277,59.16388973038473,87.0,66.0,-21.0,2,"lower-income, hispanic/latino-plurality, farther reach",0.13397168281703667,0.21763764082403103,442.24052497903807,718.4218523601264
36005018400,3994,101705.0,37.3,39.65948923385078,1.7025538307461192,17.601402103154733,38.30746119178768,116.0,68.0,-48.0,0,"higher-income, asian_nh-plurality, closer reach",0.06855156123091415,0.20780947403569697,273.79493555627107,829.9910392985737
36005018502,6658,32656.0,32.2,0.9462300991288676,30.12916791829378,0.0,59.237008110543705,92.0,71.0,-21.0,2,"lower-income, hispanic/latino-plurality, farther reach",0.1193552004888021,0.19389309522921686,794.6669248544445,1290.9402280361257
36005018900,8375,48054.0,31.0,5.205970149253731,28.202985074626866,0.5970149253731343,63.1044776119403,88.0,66.0,-22.0,2,"lower-income, hispanic/latino-plurality, farther reach",0.13091176535257834,0.21763764082403103,1096.3860348278436,1822.7152419012598
36005019300,5751,41268.0,36.6,4.7991653625456445,45.81811858807164,0.0,48.07859502695183,93.0,70.0,-23.0,2,"lower-income, hispanic/latino-plurality, farther reach",0.11662912394210094,0.19842513149602495,670.7340917910225,1141.1429312336395
36005019500,7286,37374.0,33.5,6.629151797968707,40.804282185012354,0.7685973099094153,49.13532802635191,85.0,64.0,-21.0,2,"lower-income, hispanic/latino-plurality, farther reach",0.14030775603867163,0.22793062213955423,1022.2823104977615,1660.7025129087922
36005019700,7478,24383.0,31.1,0.1470981545867879,14.281893554426317,2.1529820807702595,79.31265044129447,84.0,61.0,-23.0,2,"lower-income, hispanic/latino-plurality, farther reach",0.14358729437462942,0.2442899921085615,1073.7457873334788,1826.800560987823
36005019900,7300,31228.0,37.1,0.2876712328767123,34.534246575342465,0.0,62.58904109589041,89.0,65.0,-24.0,2,"lower-income, hispanic/latino-plurality, farther reach",0.1279217364995969,0.22272467953508487,933.8286764470573,1625.8901606061195
36005020000,4925,47161.0,33.7,2.4771573604060912,7.3908629441624365,29.868020304568528,55.12690355329949,109.0,70.0,-39.0,2,"lower-income, hispanic/latino-plurality, farther reach",0.0805856442774737,0.19842513149602495,396.88429806655796,977.2437726179229
36005020100,3950,36218.0,33.8,4.2784810126582276,26.27848101265823,0.45569620253164556,68.70886075949367,92.0,72.0,-20.0,2,"lower-income, hispanic/latino-plurality, farther reach",0.1193552004888021,0.1894645708137998,471.45304193076834,748.3850547145092
36005020200,2597,52061.0,37.6,3.5810550635348477,9.54948016942626,14.863303812090875,71.3130535232961,107.0,67.0,-40.0,2,"lower-income, hispanic/latino-plurality, farther reach",0.08439687163551189,0.21266679023771395,219.1786756374244,552.2956542473431
36005020400,2966,60504.0,30.9,4.11328388401888,8.125421443020903,13.58732299393122,67.83546864463925,111.0,69.0,-42.0,2,"lower-income, hispanic/latino-plurality, farther reach",0.07694652583405728,0.2030630990890589,228.2233956238139,602.2851518981487
36005020501,7319,20821.0,33.6,1.270665391446919,22.77633556496789,0.4782074053832491,74.19046317802979,95.0,78.0,-17.0,2,"lower-income, hispanic/latino-plurality, farther reach",0.11136233976754245,0.16493848884661183,815.0609647586432,1207.184799868352
36005020502,2401,41125.0,36.4,1.5826738858808829,26.98875468554769,0.9995835068721366,68.47147022074135,100.0,77.0,-23.0,2,"lower-income, hispanic/latino-plurality, farther reach",0.09921256574801247,0.16879374327102378,238.20937036097794,405.2737775937281
36005020601,2547,59138.0,37.0,5.378877110325874,8.637612877895563,35.84609344326659,43.30585001963094,105.0,63.0,-42.0,0,"higher-income, asian_nh-plurality, closer reach",0.08838834764831845,0.23325824788420185,225.12512146026708,594.1087573610621
36005020900,5225,39795.0,32.2,2.488038277511962,35.23444976076555,0.5550239234449761,59.464114832535884,88.0,65.0,-23.0,2,"lower-income, hispanic/latino-plurality, farther reach",0.13091176535257834,0.22272467953508487,684.0139739672219,1163.7364505708185
36005021001,7519,46223.0,38.4,1.9284479319058385,50.498736534113576,11.025402314137517,35.204149487963825,105.0,66.0,-39.0,1,"lower-income, black_nh-plurality, farther reach",0.08838834764831845,0.21763764082403103,664.5919859677064,1636.4174213558892
36005021002,7453,70500.0,35.2,5.058365758754864,39.72896820072454,21.038507983362404,31.343083322152154,108.0,65.0,-43.0,1,"lower-income, black_nh-plurality, farther reach",0.0824692444233059,0.22272467953508487,614.6432786868988,1659.9670365749876
36005021100,6291,50204.0,32.0,2.92481322524241,25.623907168971545,1.1603878556668257,66.38054363376251,91.0,68.0,-23.0,2,"lower-income, hispanic/latino-plurality, farther reach",0.12214499605428075,0.20780947403569697,768.4141701774802,1307.3294011585697
36005021200,5227,69088.0,40.9,1.9322747273770806,30.74421274153434,32.54256743830113,32.73388176774441,106.0,61.0,-45.0,0,"higher-income, asian_nh-plurality, closer reach",0.086369554997986,0.2442899921085615,451.4536639744728,1276.903788751451
36005021301,1244,47959.0,34.9,1.527331189710611,25.964630225080384,0.0,72.50803858520901,92.0,71.0,-21.0,2,"lower-income, hispanic/latino-plurality, farther reach",0.1193552004888021,0.19389309522921686,148.4778694080698,241.20301046514578
36005021302,5604,30473.0,43.9,0.0,38.13347608850821,0.9635974304068522,58.44039971448965,93.0,70.0,-23.0,2,"lower-income, hispanic/latino-plurality, farther reach",0.11662912394210094,0.19842513149602495,653.5896105715336,1111.9744369037237
36005021501,4612,43750.0,30.6,1.4527320034692108,14.24544666088465,1.4527320034692108,81.89505637467477,94.0,71.0,-23.0,2,"lower-income, hispanic/latino-plurality, farther reach",0.1139653110697771,0.19389309522921686,525.608014653812,894.2349551971481
36005021601,4865,54565.0,29.4,10.421377183967111,12.435765673175744,9.126413155190134,66.37204522096609,101.0,62.0,-39.0,2,"lower-income, hispanic/latino-plurality, farther reach",0.09694654761460844,0.23871040097760418,471.6449541450701,1161.3261007560443
36005021602,6344,59408.0,36.7,2.916141235813367,30.627364438839848,31.368221941992434,27.064943253467845,102.0,61.0,-41.0,0,"higher-income, asian_nh-plurality, closer reach",0.09473228540689989,0.2442899921085615,600.981618621373,1549.7757099367143
36005021700,5100,41416.0,39.5,2.980392156862745,30.666666666666668,3.588235294117647,56.68627450980392,90.0,66.0,-24.0,2,"lower-income, hispanic/latino-plurality, farther reach",0.12500000000000003,0.21763764082403103,637.5000000000001,1109.9519682025582
36005021800,6041,58807.0,39.5,2.8472107267008773,12.464823704684655,4.56878000331071,75.03724548915743,98.0,60.0,-38.0,2,"lower-income, hispanic/latino-plurality, farther reach",0.1039047370178485,0.25,627.6885163248228,1510.25
36005021900,1022,48623.0,38.2,1.6634050880626223,24.461839530332682,2.544031311154599,69.96086105675147,88.0,64.0,-24.0,2,"lower-income, hispanic/latino-plurality, farther reach",0.13091176535257834,0.22793062213955423,133.79182419033506,232.94509582662442
36005022000,1901,23468.0,27.8,2.1567596002104157,25.565491846396633,3.734876380852183,67.5960021041557,94.0,68.0,-26.0,2,"lower-income, hispanic/latino-plurality, farther reach",0.1139653110697771,0.20780947403569697,216.64805634364626,395.04581014185993
36005022101,3743,58186.0,33.1,4.247929468340903,17.84664707453914,2.2976222281592307,66.97835960459524,88.0,65.0,-23.0,2,"lower-income, hispanic/latino-plurality, farther reach",0.13091176535257834,0.22272467953508487,490.00273771470074,833.6584754998227
36005022102,5896,37022.0,30.4,2.4084124830393487,14.433514246947082,0.0,80.54613297150611,88.0,66.0,-22.0,2,"lower-income, hispanic/latino-plurality, farther reach",0.13091176535257834,0.21763764082403103,771.8557685188019,1283.191530298487
36005022200,3303,56029.0,33.8,1.1807447774750226,5.29821374508023,35.54344535270966,53.70874962155616,106.0,61.0,-45.0,0,"higher-income, asian_nh-plurality, closer reach",0.086369554997986,0.2442899921085615,285.27864015834774,806.8898439345786
36005022300,5207,45007.0,28.9,0.4417130785481083,13.232187439984637,0.9986556558478971,81.3904359516036,86.0,65.0,-21.0,2,"lower-income, hispanic/latino-plurality, farther reach",0.13710312246182826,0.22272467953508487,713.8959586587398,1159.727406339187
36005022401,2528,67824.0,38.3,14.16139240506329,19.185126582278482,9.651898734177216,55.81487341772152,97.0,76.0,-21.0,2,"lower-income, hispanic/latino-plurality, farther reach",0.10633339511885696,0.17273910999597203,268.8108228604704,436.6844700698173
36005022403,2788,91225.0,35.0,10.54519368723099,24.318507890961264,3.479196556671449,60.40172166427546,96.0,75.0,-21.0,2,"lower-income, hispanic/latino-plurality, farther reach",0.10881882041201553,0.17677669529663692,303.3868713086993,492.85342648702374
36005022404,4466,59482.0,37.3,10.994178235557547,24.137931034482758,5.284370801612181,54.32154052843708,98.0,77.0,-21.0,2,"lower-income, hispanic/latino-plurality, farther reach",0.1039047370178485,0.16879374327102378,464.0385555217114,753.8328574483922
36005022500,9408,53191.0,31.3,5.909863945578231,19.49404761904762,0.7759353741496599,72.81037414965986,88.0,71.0,-17.0,2,"lower-income, hispanic/latino-plurality, farther reach",0.13091176535257834,0.19389309522921686,1231.617888437057,1824.1462399164723
36005022701,4995,37134.0,35.3,1.1811811811811812,49.469469469469466,0.960960960960961,41.86186186186186,90.0,67.0,-23.0,2,"lower-income, hispanic/latino-plurality, farther reach",0.12500000000000003,0.21266679023771395,624.3750000000001,1062.2706172373812
36005022702,1277,27446.0,34.8,0.0,29.365700861393893,1.7227877838684416,64.52623335943618,88.0,65.0,-23.0,2,"lower-income, hispanic/latino-plurality, farther reach",0.13091176535257834,0.22272467953508487,167.17432435524253,284.41941576630336
36005022703,1728,66146.0,28.9,5.613425925925926,26.33101851851852,1.6203703703703705,65.85648148148148,90.0,68.0,-22.0,2,"lower-income, hispanic/latino-plurality, farther reach",0.12500000000000003,0.20780947403569697,216.00000000000006,359.09477113368433
36005022800,5623,87961.0,34.7,14.8141561444069,14.138360305886538,15.3832473768451,53.2811666370265,102.0,81.0,-21.0,2,"lower-income, hispanic/latino-plurality, farther reach",0.09473228540689989,0.15389305166811457,532.6796408429981,865.3406295298082
36005022901,5541,52763.0,32.2,3.9704024544306082,38.693376646814656,0.7760332070023461,51.867893881970765,90.0,71.0,-19.0,2,"lower-income, hispanic/latino-plurality, farther reach",0.12500000000000003,0.19389309522921686,692.6250000000001,1074.3616406650906
36005022902,3239,35313.0,33.2,1.2040753318925594,21.025007718431613,1.883297313985798,73.78820623649274,93.0,71.0,-22.0,2,"lower-income, hispanic/latino-plurality, farther reach",0.11662912394210094,0.19389309522921686,377.76173244846495,628.0197354474334
36005023000,2555,55460.0,32.5,23.20939334637965,12.759295499021526,8.219178082191782,53.42465753424658,95.0,74.0,-21.0,2,"lower-income, hispanic/latino-plurality, farther reach",0.11136233976754245,0.1809086546800473,284.53077810607095,462.2216127075208
36005023100,1570,59388.0,34.3,4.585987261146497,57.452229299363054,1.7197452229299364,36.17834394904459,96.0,77.0,-19.0,1,"lower-income, black_nh-plurality, farther reach",0.10881882041201553,0.16879374327102378,170.8455480468644,265.0061769355073
36005023200,2462,45125.0,31.2,30.787977254264824,10.113728675873274,9.220146222583265,40.98294069861901,99.0,74.0,-25.0,2,"lower-income, hispanic/latino-plurality, farther reach",0.10153154954452946,0.1809086546800473,249.97067497863154,445.39710782227644
36005023301,3742,42778.0,35.3,0.48102618920363444,31.533939070016036,1.3361838588989845,59.99465526456441,91.0,68.0,-23.0,2,"lower-income, hispanic/latino-plurality, farther reach",0.12214499605428075,0.20780947403569697,457.0665752351186,777.6230518415781
36005023302,3665,65156.0,30.2,0.2728512960436562,16.862210095497954,1.3369713506139154,71.4324693042292,91.0,72.0,-19.0,2,"lower-income, hispanic/latino-plurality, farther reach",0.12214499605428075,0.1894645708137998,447.661410538939,694.3876520325763
36005023501,3322,37194.0,34.2,0.27092113184828415,12.341962673088501,0.33112582781456956,87.05599036724864,92.0,70.0,-22.0,2,"lower-income, hispanic/latino-plurality, farther reach",0.1193552004888021,0.19842513149602495,396.4979760238006,659.1682868297949
36005023502,4284,47484.0,32.4,1.050420168067227,28.478057889822594,0.0,69.37441643323996,90.0,72.0,-18.0,2,"lower-income, hispanic/latino-plurality, farther reach",0.12500000000000003,0.1894645708137998,535.5000000000001,811.6662213663184
36005023600,1602,54583.0,32.1,16.729088639201,12.734082397003744,4.7440699126092385,65.60549313358302,98.0,70.0,-28.0,2,"lower-income, hispanic/latino-plurality, farther reach",0.1039047370178485,0.19842513149602495,166.4553887025933,317.87706065663195
36005023702,1119,44583.0,32.8,0.44682752457551383,37.08668453976765,0.0,61.84092940125112,93.0,73.0,-20.0,2,"lower-income, hispanic/latino-plurality, farther reach",0.11662912394210094,0.18513719403582055,130.50798969121095,207.1685201260832
36005023703,5081,27763.0,30.9,1.6532178704979335,17.3587876402283,1.0037394213737454,79.07892147215115,95.0,73.0,-22.0,2,"lower-income, hispanic/latino-plurality, farther reach",0.11136233976754245,0.18513719403582055,565.8320483588832,940.6820828960042
36005023704,3659,32984.0,34.6,2.2683793386171085,14.730800765236403,0.0,80.2131729980869,91.0,71.0,-20.0,2,"lower-income, hispanic/latino-plurality, farther reach",0.12214499605428075,0.19389309522921686,446.92854056261325,709.4548354437045
36005023800,2394,67750.0,33.0,20.217209690893903,7.059314954051796,7.811194653299917,63.700918964076855,105.0,74.0,-31.0,2,"lower-income, hispanic/latino-plurality, farther reach",0.08838834764831845,0.1809086546800473,211.60170427007435,433.09531930403324
36005023900,9384,51172.0,34.0,1.076300085251492,18.915174765558397,0.0,79.0920716112532,92.0,69.0,-23.0,2,"lower-income, hispanic/latino-plurality, farther reach",0.1193552004888021,0.2030630990890589,1120.0292013869189,1905.5441218517287
36005024000,4147,72608.0,36.7,11.960453339763685,27.779117434289848,1.663853387991319,53.77381239450205,97.0,67.0,-30.0,2,"lower-income, hispanic/latino-plurality, farther reach",0.10633339511885696,0.21266679023771395,440.96458955789984,881.9291791157998
36005024100,6284,29527.0,31.1,6.413112667091025,25.03182686187142,2.1801400381922345,62.07829408020369,90.0,67.0,-23.0,2,"lower-income, hispanic/latino-plurality, farther reach",0.12500000000000003,0.21266679023771395,785.5000000000002,1336.3981098537945
36005024300,4401,24293.0,38.9,1.386048625312429,29.37968643490116,0.0,67.09838673028857,95.0,72.0,-23.0,2,"lower-income, hispanic/latino-plurality, farther reach",0.11136233976754245,0.1894645708137998,490.1056573169543,833.833576151533
36005024400,2168,78854.0,39.1,26.98339483394834,4.105166051660516,9.501845018450185,53.874538745387454,106.0,76.0,-30.0,2,"lower-income, hispanic/latino-plurality, farther reach",0.086369554997986,0.17273910999597203,187.24919523563364,374.4983904712674
36005024501,5043,49904.0,37.1,5.036684513186596,27.007733491969066,0.0,67.95558199484434,96.0,74.0,-22.0,2,"lower-income, hispanic/latino-plurality, farther reach",0.10881882041201553,0.1809086546800473,548.7733113377943,912.3223455514785
36005024502,3975,37448.0,30.7,1.8616352201257862,24.50314465408805,0.0,73.63522012578616,97.0,73.0,-24.0,2,"lower-income, hispanic/latino-plurality, farther reach",0.10633339511885696,0.18513719403582055,422.6752455974564,735.9203462923866
36005024600,2117,95703.0,41.0,21.91780821917808,4.345772319319792,22.201228153046763,44.16627302786963,102.0,79.0,-23.0,0,"higher-income, asian_nh-plurality, closer reach",0.09473228540689989,0.16117128855494742,200.54824820640707,341.19961787082366
36005024700,1772,47283.0,38.1,1.072234762979684,50.84650112866817,7.844243792325057,40.237020316027085,105.0,82.0,-23.0,1,"lower-income, black_nh-plurality, farther reach",0.08838834764831845,0.15037812951026458,156.6241520328203,266.47004549218883
36005024800,3528,78839.0,39.8,31.519274376417233,8.786848072562359,12.556689342403628,45.209750566893426,102.0,77.0,-25.0,2,"lower-income, hispanic/latino-plurality, farther reach",0.09473228540689989,0.16879374327102378,334.2155029155428,595.5043262601719
36005025000,2755,109667.0,38.6,43.01270417422867,0.8711433756805808,21.05263157894737,33.901996370235935,108.0,79.0,-29.0,3,"higher-income, white_nh-plurality, closer reach",0.0824692444233059,0.16117128855494742,227.20276838620777,444.0268999688801
36005025100,6542,50410.0,43.2,0.687863038826047,21.063894833384285,4.6468969734026295,69.96331397126261,95.0,71.0,-24.0,2,"lower-income, hispanic/latino-plurality, farther reach",0.11136233976754245,0.19389309522921686,728.5324267592628,1268.4486289895367
36005025200,2586,80583.0,32.5,36.34957463263728,6.419180201082753,8.894044856921887,42.45939675174014,109.0,77.0,-32.0,2,"lower-income, hispanic/latino-plurality, farther reach",0.0805856442774737,0.16879374327102378,208.39447610154699,436.5006200988675
36005025300,5589,43421.0,31.2,0.4830917874396135,13.902308105206655,2.4691358024691357,77.9030237967436,95.0,71.0,-24.0,2,"lower-income, hispanic/latino-plurality, farther reach",0.11136233976754245,0.19389309522921686,622.4041169607948,1083.668509236093
36005025400,1967,66053.0,42.1,48.29689883070666,1.3726487036095576,7.574987290289782,39.50177935943061,110.0,77.0,-33.0,2,"lower-income, hispanic/latino-plurality, farther reach",0.07874506561842959,0.16879374327102378,154.891544071451,332.01729301410376
36005025500,6565,55042.0,35.0,2.696115765422696,10.007616146230008,1.0053313023610053,82.33054074638233,98.0,78.0,-20.0,2,"lower-income, hispanic/latino-plurality, farther reach",0.1039047370178485,0.16493848884661183,682.1345985221753,1082.8211792780066
36005025600,1664,58924.0,38.2,32.33173076923077,16.346153846153847,8.29326923076923,42.66826923076923,115.0,76.0,-39.0,2,"lower-income, hispanic/latino-plurality, farther reach",0.07015387801933584,0.17273910999597203,116.73605302417484,287.43787903329746
36005025700,1687,55962.0,34.2,4.623592175459395,18.85002963841138,0.0,75.22228808535863,94.0,80.0,-14.0,2,"lower-income, hispanic/latino-plurality, farther reach",0.1139653110697771,0.15749013123685918,192.25947977471398,265.6858513965814
36005026100,2109,60357.0,50.3,6.164058795637743,47.4158368895211,4.504504504504505,38.92840208629682,102.0,80.0,-22.0,1,"lower-income, black_nh-plurality, farther reach",0.09473228540689989,0.15749013123685918,199.79038992315188,332.146686778536
36005026300,6767,44709.0,36.0,3.2362937786315946,12.028964090438894,0.47288310920644305,83.96630707846904,99.0,75.0,-24.0,2,"lower-income, hispanic/latino-plurality, farther reach",0.10153154954452946,0.17677669529663692,687.0639957678309,1196.247897072342
36005026400,5735,58307.0,34.3,32.850915431560594,7.009590235396687,4.533565823888405,54.97820401046207,113.0,73.0,-40.0,2,"lower-income, hispanic/latino-plurality, farther reach",0.07347174414272556,0.18513719403582055,421.3604526585311,1061.7618077954307
36005026500,7792,60495.0,33.3,0.6288501026694046,5.556981519507187,6.596509240246407,87.12782340862422,97.0,73.0,-24.0,2,"lower-income, hispanic/latino-plurality, farther reach",0.10633339511885696,0.18513719403582055,828.5498147661334,1442.5890159271137
36005026601,2864,47266.0,37.4,31.87849162011173,2.6885474860335195,1.047486033519553,61.69692737430167,108.0,69.0,-39.0,2,"lower-income, hispanic/latino-plurality, farther reach",0.0824692444233059,0.2030630990890589,236.1919160283481,581.5727157910646
36005026602,5119,51442.0,47.6,29.83004493065052,11.70150420003907,9.982418441101778,48.290681773783945,109.0,69.0,-40.0,2,"lower-income, hispanic/latino-plurality, farther reach",0.0805856442774737,0.2030630990890589,412.51791305638784,1039.4800042368925
36005026701,3759,44750.0,31.0,2.4740622505985637,16.67996807661612,6.464485235434956,72.83852088321362,99.0,75.0,-24.0,2,"lower-income, hispanic/latino-plurality, farther reach",0.10153154954452946,0.17677669529663692,381.65709473788627,664.5035976200581
36005026702,7702,61494.0,33.8,3.0122046221760583,9.205401194494936,0.0,87.47078680862114,99.0,77.0,-22.0,2,"lower-income, hispanic/latino-plurality, farther reach",0.10153154954452946,0.16879374327102378,781.9959945919659,1300.0494106734252
36005026900,4185,29140.0,42.3,1.7682198327359617,17.9689366786141,0.5017921146953405,79.47431302270012,98.0,80.0,-18.0,2,"lower-income, hispanic/latino-plurality, farther reach",0.1039047370178485,0.15749013123685918,434.841324419696,659.0961992262556
36005027300,7120,54096.0,38.2,10.884831460674157,18.258426966292134,0.08426966292134831,70.0,94.0,82.0,-12.0,2,"lower-income, hispanic/latino-plurality, farther reach",0.1139653110697771,0.15037812951026458,811.4330148168129,1070.6922821130838
36005027700,4188,54482.0,37.6,9.336198662846227,7.234957020057307,0.38204393505253104,81.80515759312321,91.0,79.0,-12.0,2,"lower-income, hispanic/latino-plurality, farther reach",0.12214499605428075,0.16117128855494742,511.5432434753278,674.9853564681198
36005027900,8112,65000.0,33.6,19.736193293885602,17.13510848126233,1.5162721893491125,53.624260355029584,95.0,82.0,-13.0,2,"lower-income, hispanic/latino-plurality, farther reach",0.11136233976754245,0.15037812951026458,903.3713001943044,1219.8673865872663
36005028100,3512,79886.0,59.0,32.57403189066059,20.415717539863326,5.353075170842825,39.834851936218676,102.0,83.0,-19.0,0,"higher-income, asian_nh-plurality, closer reach",0.09473228540689989,0.14694348828545112,332.6997863490324,516.0655308585043
36005028300,2486,14194.0,41.4,5.7119871279163315,13.917940466613032,0.04022526146419952,77.11182622687048,91.0,79.0,-12.0,2,"lower-income, hispanic/latino-plurality, farther reach",0.12214499605428075,0.16117128855494742,303.65246019094195,400.6718233475993
36005028500,3309,74965.0,46.4,35.78120278029616,6.980961015412511,6.43699002719855,49.471139317014206,91.0,79.0,-12.0,2,"lower-income, hispanic/latino-plurality, farther reach",0.12214499605428075,0.16117128855494742,404.17779194361503,533.315793828321
36005028600,1014,72857.0,57.3,38.658777120315584,5.325443786982248,24.7534516765286,30.57199211045365,113.0,78.0,-35.0,0,"higher-income, asian_nh-plurality, closer reach",0.07347174414272556,0.16493848884661183,74.50034856072372,167.24762769046438
36005028700,3442,64127.0,40.9,23.300406740267288,3.0796048808832075,6.5659500290528765,62.347472399767575,93.0,81.0,-12.0,2,"lower-income, hispanic/latino-plurality, farther reach",0.11662912394210094,0.15389305166811457,401.4374446087114,529.6998838416504
36005028800,2678,97424.0,43.2,62.733383121732636,5.7505601194921585,19.753547423450335,10.679611650485437,105.0,83.0,-22.0,3,"higher-income, white_nh-plurality, closer reach",0.08838834764831845,0.14694348828545112,236.7039950021968,393.5146616284381
36005028900,4400,55977.0,38.8,16.363636363636363,7.704545454545454,4.090909090909091,71.11363636363636,90.0,78.0,-12.0,2,"lower-income, hispanic/latino-plurality, farther reach",0.12500000000000003,0.16493848884661183,550.0000000000001,725.729350925092
36005029500,4639,100600.0,44.2,41.237335632679454,5.583099805992671,10.735072213839189,38.73679672343177,98.0,86.0,-12.0,3,"higher-income, white_nh-plurality, closer reach",0.1039047370178485,0.13710312246182826,482.0140750257992,636.0213851004213
36005029600,2341,56747.0,31.1,31.56770610850064,12.900469884664673,10.081161896625375,37.932507475437845,106.0,80.0,-26.0,2,"lower-income, hispanic/latino-plurality, farther reach",0.086369554997986,0.15749013123685918,202.19112825028523,368.6843972254873
36005030000,6811,84279.0,40.0,36.235501394802526,4.786374981647335,11.775069740126266,43.53252092203788,111.0,72.0,-39.0,2,"lower-income, hispanic/latino-plurality, farther reach",0.07694652583405728,0.1894645708137998,524.0827874557641,1290.4431918127905
36005030201,3684,75000.0,44.4,2.741585233441911,56.51465798045603,0.0,35.15200868621064,111.0,77.0,-34.0,1,"lower-income, black_nh-plurality, farther reach",0.07694652583405728,0.16879374327102378,283.47100117266706,621.8361502104516
36005030202,6152,78435.0,42.0,2.243172951885566,80.28283485045513,0.016254876462938883,16.206111833550064,114.0,82.0,-32.0,1,"lower-income, black_nh-plurality, farther reach",0.0717936471873147,0.15037812951026458,441.67451749636,925.1262527471476
36005031000,4409,142671.0,54.5,32.25221138580177,13.54048537083239,17.98593785438875,35.49557722839646,112.0,86.0,-26.0,0,"higher-income, asian_nh-plurality, closer reach",0.07518906475513229,0.13710312246182826,331.5085865053783,604.4876669342008
36005031200,1649,124474.0,36.0,18.859915100060643,15.64584596725288,17.28320194057004,44.57246816252274,110.0,84.0,-26.0,2,"lower-income, hispanic/latino-plurality, farther reach",0.07874506561842959,0.14358729437462942,129.8506132047904,236.77544842376392
36005031400,2186,111917.0,40.0,18.38975297346752,20.677035681610246,8.600182982616651,51.052150045745655,108.0,84.0,-24.0,2,"lower-income, hispanic/latino-plurality, farther reach",0.0824692444233059,0.14358729437462942,180.2777683093467,313.8818255029399
36005031600,1842,78864.0,45.8,30.40173724212812,7.926167209554832,11.943539630836048,36.37350705754614,108.0,84.0,-24.0,2,"lower-income, hispanic/latino-plurality, farther reach",0.0824692444233059,0.14358729437462942,151.90834822772948,264.4877962380674
36005031800,2038,98017.0,44.2,26.44749754661433,21.933267909715408,14.474975466143277,36.35917566241413,107.0,82.0,-25.0,0,"higher-income, asian_nh-plurality, closer reach",0.08439687163551189,0.15037812951026458,172.00082439317325,306.4706279419192
36005032400,2963,40955.0,41.2,9.618629767127912,23.827202159973,15.761052986837665,43.40195747553155,106.0,85.0,-21.0,2,"lower-income, hispanic/latino-plurality, farther reach",0.086369554997986,0.14030775603867163,255.91299145903253,415.73188114258403
36005032600,3440,99962.0,46.5,34.156976744186046,16.773255813953487,18.924418604651162,29.33139534883721,106.0,81.0,-25.0,0,"higher-income, asian_nh-plurality, closer reach",0.086369554997986,0.15389305166811457,297.11126919307185,529.3920977383141
36005032800,4056,49422.0,35.8,11.316568047337277,24.65483234714004,8.382642998027613,52.7120315581854,104.0,83.0,-21.0,2,"lower-income, hispanic/latino-plurality, farther reach",0.09045432734002365,0.14694348828545112,366.8827516911359,596.0027884857898
36005033000,5016,48750.0,37.0,27.751196172248804,28.548644338118024,2.0933014354066986,35.44657097288676,100.0,79.0,-21.0,2,"lower-income, hispanic/latino-plurality, farther reach",0.09921256574801247,0.16117128855494742,497.6502297920306,808.4351833916162
36005033201,4123,35400.0,48.5,28.42590346834829,10.259519767159835,1.3824884792626728,58.016007761338834,98.0,77.0,-21.0,2,"lower-income, hispanic/latino-plurality, farther reach",0.1039047370178485,0.16879374327102378,428.39923072458936,695.9366035064311
36005033202,3415,47557.0,51.9,7.964860907759883,22.020497803806734,8.989751098096633,59.88286969253294,100.0,79.0,-21.0,2,"lower-income, hispanic/latino-plurality, farther reach",0.09921256574801247,0.16117128855494742,338.8109120294626,550.3999504151454
36005033601,5011,23453.0,36.3,4.110955897026542,38.195968868489324,3.1530632608261824,52.18519257633207,100.0,79.0,-21.0,2,"lower-income, hispanic/latino-plurality, farther reach",0.09921256574801247,0.16117128855494742,497.1541669632905,807.6293269488415
36005033602,1155,47398.0,45.9,6.233766233766234,55.75757575757576,0.0,38.00865800865801,100.0,79.0,-21.0,1,"lower-income, black_nh-plurality, farther reach",0.09921256574801247,0.16117128855494742,114.5905134389544,186.15283828096426
36005033801,2119,70418.0,27.9,3.161868806040585,35.724398301085415,2.0764511562057573,41.717791411042946,99.0,78.0,-21.0,2,"lower-income, hispanic/latino-plurality, farther reach",0.10153154954452946,0.16493848884661183,215.14535348485794,349.50465786597044
36005033802,1809,70508.0,30.8,1.3819789939192924,38.584853510226644,5.749032614704256,53.06799336650083,99.0,78.0,-21.0,2,"lower-income, hispanic/latino-plurality, farther reach",0.10153154954452946,0.16493848884661183,183.6705731260538,298.3737263235208
36005034000,5337,50208.0,32.2,4.59059396664793,31.103616263818626,3.1853100993067267,57.972643807382426,103.0,82.0,-21.0,2,"lower-income, hispanic/latino-plurality, farther reach",0.09256859701791026,0.15037812951026458,494.03860228458706,802.568077196282
36005034200,1518,70910.0,32.6,5.994729907773386,55.92885375494071,0.6587615283267457,35.2437417654809,105.0,84.0,-21.0,1,"lower-income, black_nh-plurality, farther reach",0.08838834764831845,0.14358729437462942,134.1735117301474,217.96551286068745
36005034400,1940,71920.0,41.5,9.123711340206185,47.83505154639175,4.639175257731959,36.855670103092784,108.0,87.0,-21.0,1,"lower-income, black_nh-plurality, farther reach",0.0824692444233059,0.13397168281703667,159.99033418121346,259.90506466505116
36005034800,6198,53024.0,38.2,2.323330106485963,45.83736689254598,9.035172636334302,38.51242336237496,112.0,88.0,-24.0,1,"lower-income, black_nh-plurality, farther reach",0.07518906475513229,0.13091176535257834,466.0218233523099,811.3911216552806
36005035000,2023,69293.0,37.2,1.5818091942659416,72.61492832427089,5.635195254572417,18.783984181908057,113.0,84.0,-29.0,1,"lower-income, black_nh-plurality, farther reach",0.07347174414272556,0.14358729437462942,148.6333384007338,290.4770965198753
36005035900,3261,28955.0,31.8,2.6678932842686294,35.90923029745477,0.0,58.26433609322294,92.0,68.0,-24.0,2,"lower-income, hispanic/latino-plurality, farther reach",0.1193552004888021,0.20780947403569697,389.21730879398365,677.6666948304078
36005036000,2836,83351.0,50.5,5.324400564174894,54.47813822284908,4.1960507757404795,33.63892806770099,114.0,83.0,-31.0,1,"lower-income, black_nh-plurality, farther reach",0.0717936471873147,0.14694348828545112,203.60678342322447,416.7317327775394
36005036100,5093,26083.0,30.9,0.2159827213822894,18.653053210288633,0.0,77.71451011191832,91.0,65.0,-26.0,2,"lower-income, hispanic/latino-plurality, farther reach",0.12214499605428075,0.22272467953508487,622.0844649044519,1134.3367928721873
36005036300,6423,28259.0,35.3,2.8802740152576676,20.9403705433598,0.09341429238673517,75.0583839327417,96.0,69.0,-27.0,2,"lower-income, hispanic/latino-plurality, farther reach",0.10881882041201553,0.2030630990890589,698.9432835063758,1304.2742854490252
36005036400,2427,60313.0,42.8,0.20601565718994644,81.66460651009477,0.0,14.544705397610219,115.0,86.0,-29.0,1,"lower-income, black_nh-plurality, farther reach",0.07015387801933584,0.13710312246182826,170.26346195292808,332.7492782148572
36005036501,4721,54097.0,31.7,0.593094683329803,57.23363694132599,0.0,40.3939843253548,98.0,72.0,-26.0,1,"lower-income, black_nh-plurality, farther reach",0.1039047370178485,0.1894645708137998,490.53426346126275,894.4622388119489
36005036502,2557,26886.0,30.3,2.737583105201408,24.8337895971842,0.23464998044583496,71.49002737583105,94.0,73.0,-21.0,2,"lower-income, hispanic/latino-plurality, farther reach",0.1139653110697771,0.18513719403582055,291.40930040542,473.3958051495931
36005036700,2647,31815.0,32.3,1.095579901775595,34.94522100491122,0.07555723460521345,61.27691726482811,92.0,72.0,-20.0,2,"lower-income, hispanic/latino-plurality, farther reach",0.1193552004888021,0.1894645708137998,315.93321569385915,501.5127189441281
36005036901,1810,16277.0,33.4,1.4364640883977902,22.265193370165747,0.0,72.81767955801105,99.0,76.0,-23.0,2,"lower-income, hispanic/latino-plurality, farther reach",0.10153154954452946,0.17273910999597203,183.7721046755983,312.6577890927094
36005036902,2316,21976.0,28.2,2.763385146804836,51.424870466321245,0.0,45.76856649395509,96.0,76.0,-20.0,2,"lower-income, hispanic/latino-plurality, farther reach",0.10881882041201553,0.17273910999597203,252.02438807422797,400.06377875067125
36005037000,2228,113182.0,36.1,0.40394973070017953,70.51166965888689,9.425493716337522,14.048473967684021,107.0,86.0,-21.0,1,"lower-income, black_nh-plurality, farther reach",0.08439687163551189,0.13710312246182826,188.0362300039205,305.4657568449534
36005037100,3948,22791.0,38.5,1.6717325227963526,35.13171225937183,0.0,62.38601823708207,101.0,73.0,-28.0,2,"lower-income, hispanic/latino-plurality, farther reach",0.09694654761460844,0.18513719403582055,382.7449699824741,730.9216420534195
36005037200,2069,69972.0,38.9,3.044949250845819,43.49927501208313,3.286611889801837,40.88931851135814,104.0,83.0,-21.0,1,"lower-income, black_nh-plurality, farther reach",0.09045432734002365,0.14694348828545112,187.15000326650892,304.0260772625984
36005037300,6511,51283.0,28.7,0.7986484410996775,30.840116725541392,0.0,64.53693749040086,103.0,74.0,-29.0,2,"lower-income, hispanic/latino-plurality, farther reach",0.09256859701791026,0.1809086546800473,602.7141351836137,1177.8962506217879
36005037400,3707,35884.0,32.7,1.699487456164014,35.60830860534124,0.6474237928243863,59.886700836255734,101.0,80.0,-21.0,2,"lower-income, hispanic/latino-plurality, farther reach",0.09694654761460844,0.15749013123685918,359.3808520073535,583.815916495037
36005037504,3831,44198.0,31.3,1.931610545549465,35.34325241451318,0.0,59.41007569825111,104.0,76.0,-28.0,2,"lower-income, hispanic/latino-plurality, farther reach",0.09045432734002365,0.17273910999597203,346.5305280396306,661.7635303945689
36005037600,1934,70429.0,43.0,7.394002068252327,40.072388831437436,6.618407445708376,43.07135470527405,103.0,82.0,-21.0,1,"lower-income, black_nh-plurality, farther reach",0.09256859701791026,0.15037812951026458,179.02766663263844,290.8313024728517
36005037800,3254,65500.0,31.4,2.15119852489244,52.1819299323909,0.0,45.666871542716656,102.0,81.0,-21.0,1,"lower-income, black_nh-plurality, farther reach",0.09473228540689989,0.15389305166811457,308.25885671405223,500.7679901280448
36005037900,6511,46430.0,30.0,0.6757794501612655,47.84211334664414,0.0,50.74489325756412,97.0,77.0,-20.0,2,"lower-income, hispanic/latino-plurality, farther reach",0.10633339511885696,0.16879374327102378,692.3367356188777,1099.0160624376358
36005038000,4474,46250.0,37.5,3.308001788109075,62.628520339740724,0.7599463567277603,28.363880196691998,104.0,83.0,-21.0,1,"lower-income, black_nh-plurality, farther reach",0.09045432734002365,0.14694348828545112,404.6926605192658,657.4251665891084
36005038100,7378,44741.0,33.3,0.623475196530225,33.49146110056926,0.5014909189482244,63.25562483057739,94.0,74.0,-20.0,2,"lower-income, hispanic/latino-plurality, farther reach",0.1139653110697771,0.1809086546800473,840.8360650728155,1334.744054229389
36005038301,4667,43900.0,28.8,1.3284765373901863,19.62716948789372,3.364045425326762,74.05185343904007,94.0,73.0,-21.0,2,"lower-income, hispanic/latino-plurality, farther reach",0.1139653110697771,0.18513719403582055,531.8761067626498,864.0352845651745
36005038303,3621,23958.0,24.5,0.0,46.616956641811655,0.0,48.88152444076222,97.0,76.0,-21.0,2,"lower-income, hispanic/latino-plurality, farther reach",0.10633339511885696,0.17273910999597203,385.03322372538105,625.4883172954147
36005038304,2080,22551.0,29.1,0.7692307692307693,45.52884615384615,0.4807692307692308,50.04807692307692,100.0,80.0,-20.0,2,"lower-income, hispanic/latino-plurality, farther reach",0.09921256574801247,0.15749013123685918,206.36213675586595,327.5794729726671
36005038500,5574,17598.0,28.7,0.5740940078937926,32.974524578399716,0.14352350197344815,65.84140653031935,102.0,81.0,-21.0,2,"lower-income, hispanic/latino-plurality, farther reach",0.09473228540689989,0.15389305166811457,528.03775885806,857.7998699980706
36005038700,3725,41088.0,27.7,8.939597315436242,15.38255033557047,2.3624161073825505,70.8993288590604,102.0,80.0,-22.0,2,"lower-income, hispanic/latino-plurality, farther reach",0.09473228540689989,0.15749013123685918,352.8777631407021,586.6507388573004
36005038900,5823,48796.0,26.9,13.257770908466426,11.145457667868795,2.9194573244032287,70.63369397217929,105.0,81.0,-24.0,2,"lower-income, hispanic/latino-plurality, farther reach",0.08838834764831845,0.15389305166811457,514.6853483561583,896.1192398634312
36005039000,3093,65478.0,39.7,2.554154542515357,49.69285483349499,1.8105399288716457,27.352085354025217,106.0,85.0,-21.0,1,"lower-income, black_nh-plurality, farther reach",0.086369554997986,0.14030775603867163,267.1410336087707,433.97188942761136
36005039100,6555,36027.0,38.8,9.061784897025172,7.887109077040427,3.2646834477498095,79.7864225781846,106.0,80.0,-26.0,2,"lower-income, hispanic/latino-plurality, farther reach",0.086369554997986,0.15749013123685918,566.1524330117983,1032.3478102576119
36005039200,1522,65815.0,37.6,2.1681997371879107,68.00262812089356,1.971090670170828,25.68988173455979,103.0,82.0,-21.0,1,"lower-income, black_nh-plurality, farther reach",0.09256859701791026,0.15037812951026458,140.88940466125942,228.8755131146227
36005039300,9019,30854.0,30.9,3.1045570462357244,30.834904091362677,0.19957866725801088,63.388402261891564,102.0,76.0,-26.0,2,"lower-income, hispanic/latino-plurality, farther reach",0.09473228540689989,0.17273910999597203,854.3904820848301,1557.9340330536718
36005039400,4473,66188.0,38.3,3.8452939861390565,56.49452269170579,1.3637379834562933,38.29644533869886,105.0,84.0,-21.0,1,"lower-income, black_nh-plurality, farther reach",0.08838834764831845,0.14358729437462942,395.3610790309284,642.2659677377173
36005039600,3837,43552.0,37.1,3.778994005733646,60.38571800886109,2.945009121709669,30.648944487881156,105.0,84.0,-21.0,1,"lower-income, black_nh-plurality, farther reach",0.08838834764831845,0.14358729437462942,339.1460899265979,550.944448515453
36005039700,3868,21987.0,20.1,53.95553257497415,4.653567735263702,9.307135470527404,26.08583247156153,104.0,81.0,-23.0,2,"lower-income, hispanic/latino-plurality, farther reach",0.09045432734002365,0.15389305166811457,349.87733815121146,595.2583238522672
36005039800,3528,29325.0,32.0,0.02834467120181406,73.01587301587301,0.0,23.582766439909296,111.0,90.0,-21.0,1,"lower-income, black_nh-plurality, farther reach",0.07694652583405728,0.12500000000000003,271.4673431425541,441.0000000000001
36005039901,5032,41065.0,30.8,1.550079491255962,11.764705882352942,4.988076311605723,77.56359300476947,98.0,76.0,-22.0,2,"lower-income, hispanic/latino-plurality, farther reach",0.1039047370178485,0.17273910999597203,522.8486366738136,869.2232014997312
36005039902,5116,48929.0,31.6,0.9186864738076622,10.770132916340891,1.9741985926505081,83.77638780297107,95.0,75.0,-20.0,2,"lower-income, hispanic/latino-plurality, farther reach",0.11136233976754245,0.17677669529663692,569.7297302507471,904.3895731375945
36005040100,4630,26875.0,34.3,7.213822894168467,13.930885529157667,0.8639308855291576,77.45140388768898,96.0,73.0,-23.0,2,"lower-income, hispanic/latino-plurality, farther reach",0.10881882041201553,0.18513719403582055,503.8311385076319,857.1852083858491
36005040302,4389,40865.0,34.7,1.4126224652540442,9.569377990430622,2.073365231259968,86.94463431305536,95.0,75.0,-20.0,2,"lower-income, hispanic/latino-plurality, farther reach",0.11136233976754245,0.17677669529663692,488.7693092397438,775.8729156569394
36005040303,4076,40027.0,32.6,1.7664376840039253,12.708537782139352,3.31207065750736,82.21295387634936,98.0,75.0,-23.0,2,"lower-income, hispanic/latino-plurality, farther reach",0.1039047370178485,0.17677669529663692,423.5157080847505,720.5418100290921
36005040304,3586,41336.0,32.7,3.73675404350251,10.513106525376465,2.56553262688232,81.76240936977133,95.0,72.0,-23.0,2,"lower-income, hispanic/latino-plurality, farther reach",0.11136233976754245,0.1894645708137998,399.34535040640725,679.4199509382861
36005040501,3560,42639.0,36.4,0.5337078651685393,8.230337078651685,2.893258426966292,87.3314606741573,97.0,77.0,-20.0,2,"lower-income, hispanic/latino-plurality, farther reach",0.10633339511885696,0.16879374327102378,378.5468866231308,600.9057260448446
36005040502,6100,39518.0,32.2,3.918032786885246,18.37704918032787,1.2459016393442623,75.9672131147541,99.0,79.0,-20.0,2,"lower-income, hispanic/latino-plurality, farther reach",0.10153154954452946,0.16117128855494742,619.3424522216297,983.1448601851793
36005040600,3802,49375.0,29.6,4.36612309310889,61.86217780115729,4.208311415044713,21.304576538663863,105.0,84.0,-21.0,1,"lower-income, black_nh-plurality, farther reach",0.08838834764831845,0.14358729437462942,336.0524977589067,545.918893212341
36005040701,2779,47198.0,35.8,7.952500899604174,20.18711766822598,3.022670025188917,67.9740913997841,97.0,74.0,-23.0,2,"lower-income, hispanic/latino-plurality, farther reach",0.10633339511885696,0.1809086546800473,295.5005050353035,502.7451513558514
36005040702,6840,35440.0,37.9,4.649122807017544,14.415204678362572,7.105263157894737,69.00584795321637,102.0,81.0,-21.0,2,"lower-income, hispanic/latino-plurality, farther reach",0.09473228540689989,0.15389305166811457,647.9688321831952,1052.6284734099036
36005040800,4438,39738.0,31.0,6.309148264984227,34.83551149166291,2.1406038756196484,46.913023884632715,105.0,84.0,-21.0,2,"lower-income, hispanic/latino-plurality, farther reach",0.08838834764831845,0.14358729437462942,392.26748686323725,637.2404124346053
36005040900,3392,65925.0,47.4,16.096698113207548,65.50707547169812,3.4787735849056602,12.028301886792454,106.0,82.0,-24.0,1,"lower-income, black_nh-plurality, farther reach",0.086369554997986,0.15037812951026458,292.9655305531685,510.0826152988175
36005041100,3793,61750.0,41.4,6.037437384655945,24.729765357237017,5.167413656736093,61.2443975744793,99.0,79.0,-20.0,2,"lower-income, hispanic/latino-plurality, farther reach",0.10153154954452946,0.16117128855494742,385.1091674224003,611.3226974889155
36005041300,8001,65845.0,31.1,11.373578302712161,7.811523559555056,3.624546931633546,75.70303712035995,98.0,81.0,-17.0,2,"lower-income, hispanic/latino-plurality, farther reach",0.1039047370178485,0.15389305166811457,831.3418008798059,1231.2983063965846
36005041500,5706,44973.0,40.0,7.553452506133894,12.863652295828953,10.094637223974763,68.31405538030144,102.0,84.0,-18.0,2,"lower-income, hispanic/latino-plurality, farther reach",0.09473228540689989,0.14358729437462942,540.5424205317707,819.3091017016354
36005041800,3713,61706.0,36.2,4.282251548612981,42.660921088068946,5.844330729868031,37.59762994882844,110.0,89.0,-21.0,1,"lower-income, black_nh-plurality, farther reach",0.07874506561842959,0.1279217364995969,292.38042864122906,474.9734076230033
36005041900,6219,50768.0,36.1,3.360668917832449,13.185399581926355,14.600418073645281,62.212574368869596,101.0,78.0,-23.0,2,"lower-income, hispanic/latino-plurality, farther reach",0.09694654761460844,0.16493848884661183,602.9105796152498,1025.752462137079
36005042000,4665,32279.0,33.8,3.7084673097534835,44.78027867095391,5.251875669882101,42.10075026795284,106.0,85.0,-21.0,2,"lower-income, hispanic/latino-plurality, farther reach",0.086369554997986,0.14030775603867163,402.9139740656047,654.5356819204031
36005042100,5954,55830.0,31.4,9.287873698354048,7.94423916694659,8.162579778300302,74.60530735639907,101.0,77.0,-24.0,2,"lower-income, hispanic/latino-plurality, farther reach",0.09694654761460844,0.16879374327102378,577.2197444973787,1004.9979474356757
36005042200,2836,63365.0,40.1,1.4809590973201692,71.6854724964739,0.7404795486600846,20.627644569816642,107.0,86.0,-21.0,1,"lower-income, black_nh-plurality, farther reach",0.08439687163551189,0.13710312246182826,239.3495279583117,388.82445530174493
36005042300,4378,65682.0,32.0,7.903152124257652,15.098218364550023,5.710370031978072,65.8063042485153,104.0,84.0,-20.0,2,"lower-income, hispanic/latino-plurality, farther reach",0.09045432734002365,0.14358729437462942,396.00904509462356,628.6251747721276
36005042500,6749,47021.0,33.5,22.74411023855386,5.393391613572381,14.846643947251446,56.48244184323603,105.0,86.0,-19.0,2,"lower-income, hispanic/latino-plurality, farther reach",0.08838834764831845,0.13710312246182826,596.5329582785012,925.308973494879
36005042901,3128,42775.0,35.7,7.19309462915601,13.58695652173913,20.33248081841432,56.329923273657286,103.0,86.0,-17.0,2,"lower-income, hispanic/latino-plurality, farther reach",0.09256859701791026,0.13710312246182826,289.55457147202327,428.85856706059883
36005042902,3898,42647.0,38.7,5.695228322216521,25.11544381734223,6.875320677270395,61.98050282195998,105.0,86.0,-19.0,2,"lower-income, hispanic/latino-plurality, farther reach",0.08838834764831845,0.13710312246182826,344.5377791331453,534.4279713562066
36005043000,3287,84316.0,51.6,1.2473379981746273,65.53087922117432,0.8214177061149984,14.755095832065713,111.0,90.0,-21.0,1,"lower-income, black_nh-plurality, farther reach",0.07694652583405728,0.12500000000000003,252.9232304165463,410.8750000000001
36005043101,4880,42637.0,40.9,3.5655737704918034,14.774590163934427,17.868852459016395,63.627049180327866,102.0,78.0,-24.0,2,"lower-income, hispanic/latino-plurality, farther reach",0.09473228540689989,0.16493848884661183,462.29355278567147,804.8998255714657
36005043102,4341,48835.0,38.0,8.131766873992168,12.577747062888735,0.9905551716194425,78.29993089149966,108.0,86.0,-22.0,2,"lower-income, hispanic/latino-plurality, farther reach",0.0824692444233059,0.13710312246182826,357.9989900415709,595.1646546067965
36005043400,3829,74048.0,40.3,1.540872290415252,52.07626012013581,3.264559937320449,35.49229563854792,107.0,86.0,-21.0,1,"lower-income, black_nh-plurality, farther reach",0.08439687163551189,0.13710312246182826,323.155621492375,524.9678559063404
36005043501,1035,30885.0,29.6,1.1594202898550725,39.32367149758454,4.3478260869565215,52.46376811594203,108.0,87.0,-21.0,2,"lower-income, hispanic/latino-plurality, farther reach",0.0824692444233059,0.13397168281703667,85.3556679781216,138.66069171563296
36005043600,2397,88833.0,37.0,4.547350855235711,50.43804755944931,2.252816020025031,22.528160200250312,110.0,89.0,-21.0,1,"lower-income, black_nh-plurality, farther reach",0.07874506561842959,0.1279217364995969,188.75192228737572,306.6284023895338
36005044901,1986,78083.0,41.8,68.7814702920443,3.0211480362537766,1.107754279959718,24.924471299093657,118.0,86.0,-32.0,3,"higher-income, white_nh-plurality, closer reach",0.0654558826762892,0.13710312246182826,129.99538299511036,272.2868012091909
36005044902,2303,99250.0,33.1,65.04559270516717,4.6895353886235345,0.34737299174989145,29.396439426834565,119.0,87.0,-32.0,3,"higher-income, white_nh-plurality, closer reach",0.06396086824979845,0.13397168281703667,147.30187957928584,308.53678552763546
36005045101,1602,70855.0,49.5,80.02496878901373,2.6841448189762795,0.0,15.605493133583021,113.0,88.0,-25.0,3,"higher-income, white_nh-plurality, closer reach",0.07347174414272556,0.13091176535257834,117.70173411664635,209.7206480948305
36005046205,3495,63924.0,56.6,3.1187410586552216,60.60085836909871,2.34620886981402,33.934191702432045,118.0,81.0,-37.0,1,"lower-income, black_nh-plurality, farther reach",0.0654558826762892,0.15389305166811457,228.76830995363073,537.8562155800604
36005046208,5042,110724.0,38.9,2.499008330027767,77.58825862752876,0.4760015866719556,9.559698532328442,114.0,85.0,-29.0,1,"lower-income, black_nh-plurality, farther reach",0.0717936471873147,0.14030775603867163,361.9835691184407,707.4317059469823
36005046209,4309,27500.0,26.3,0.0,61.916918078440474,0.11603620329542817,35.62311441169645,119.0,90.0,-29.0,1,"lower-income, black_nh-plurality, farther reach",0.06396086824979845,0.12500000000000003,275.60738128838153,538.6250000000001
36005048401,4192,86273.0,37.7,1.6221374045801527,74.06965648854961,0.7633587786259542,16.9131679389313,117.0,88.0,-29.0,1,"lower-income, black_nh-plurality, farther reach",0.06698584140851833,0.13091176535257834,280.80464718450884,548.7821203580085
36047000100,4839,167778.0,45.9,70.71709030791486,11.758627815664394,5.662326927051043,8.61748295102294,69.0,62.0,-7.0,3,"higher-income, white_nh-plurality, closer reach",0.2030630990890589,0.23871040097760418,982.622336491956,1155.1196303306267
36047000200,1203,81154.0,36.7,22.111388196176225,3.1587697423108896,3.1587697423108896,71.57107231920199,92.0,82.0,-10.0,2,"lower-income, hispanic/latino-plurality, farther reach",0.1193552004888021,0.15037812951026458,143.58430618802893,180.90488980084828
36047000301,4031,179250.0,40.1,82.21285040932771,1.612503100967502,4.8623170429173905,7.938476804763086,70.0,66.0,-4.0,3,"higher-income, white_nh-plurality, closer reach",0.19842513149602495,0.21763764082403103,799.8517050604765,877.297330161669
36047000501,4504,144125.0,35.4,65.07548845470693,5.484014209591474,13.965364120781528,11.545293072824157,68.0,64.0,-4.0,3,"higher-income, white_nh-plurality, closer reach",0.20780947403569697,0.22793062213955423,935.9738710567791,1026.5995221165522
36047000502,2787,179185.0,38.9,75.24219590958019,0.7893792608539648,15.285252960172228,3.803372802296376,68.0,63.0,-5.0,3,"higher-income, white_nh-plurality, closer reach",0.20780947403569697,0.23325824788420185,579.1650041374875,650.0907368532705
36047000700,3983,189145.0,36.2,72.60858649259352,4.318353000251067,7.7830780818478535,5.799648506151143,73.0,67.0,-6.0,3,"higher-income, white_nh-plurality, closer reach",0.18513719403582055,0.21266679023771395,737.4014438446733,847.0518255168147
36047000900,4792,236222.0,35.5,70.86811352253756,2.2537562604340566,10.726210350584306,3.5893155258764606,68.0,62.0,-6.0,3,"higher-income, white_nh-plurality, closer reach",0.20780947403569697,0.23871040097760418,995.8229995790599,1143.9002414846793
36047001100,1585,164250.0,31.8,55.20504731861199,6.182965299684542,20.946372239747635,14.637223974763407,68.0,59.0,-9.0,3,"higher-income, white_nh-plurality, closer reach",0.20780947403569697,0.2558434729991938,329.37801634657967,405.51190470372217
36047001300,2408,173000.0,37.0,60.6312292358804,11.835548172757475,15.90531561461794,7.1843853820598005,71.0,62.0,-9.0,3,"higher-income, white_nh-plurality, closer reach",0.19389309522921686,0.23871040097760418,466.89457331195416,574.8146455540709
36047001501,4925,114828.0,31.3,27.756345177664976,30.050761421319798,18.903553299492387,17.055837563451778,75.0,66.0,-9.0,3,"higher-income, white_nh-plurality, closer reach",0.17677669529663692,0.21763764082403103,870.6252243359369,1071.8653810583528
36047001502,5418,135022.0,30.5,38.79660391288298,11.277224067921741,30.158730158730158,14.04577334809893,70.0,61.0,-9.0,3,"higher-income, white_nh-plurality, closer reach",0.19842513149602495,0.2442899921085615,1075.0673624454632,1323.5631772441861
36047002000,1795,78839.0,34.0,2.7298050139275767,7.465181058495822,10.027855153203342,78.99721448467966,96.0,85.0,-11.0,2,"lower-income, hispanic/latino-plurality, farther reach",0.10881882041201553,0.14030775603867163,195.32978263956787,251.85242208941557
36047002100,6180,250001.0,34.4,68.6084142394822,4.5792880258899675,15.614886731391586,5.792880258899676,74.0,60.0,-14.0,3,"higher-income, white_nh-plurality, closer reach",0.1809086546800473,0.25,1118.0154859226923,1545.0
36047002200,4155,41429.0,38.9,28.85679903730445,3.9229843561973525,12.226233453670277,54.44043321299639,91.0,81.0,-10.0,2,"lower-income, hispanic/latino-plurality, farther reach",0.12214499605428075,0.15389305166811457,507.51245860553655,639.4256296810161
36047002300,3642,25968.0,42.9,0.41186161449752884,56.15046677649643,18.341570565623282,25.096101043382756,75.0,63.0,-12.0,1,"lower-income, black_nh-plurality, farther reach",0.17677669529663692,0.23325824788420185,643.8207242703517,849.5265387942632
36047002901,3340,23832.0,38.3,1.7664670658682635,48.383233532934135,18.562874251497007,22.095808383233532,78.0,66.0,-12.0,1,"lower-income, black_nh-plurality, farther reach",0.16493848884661183,0.21763764082403103,550.8945527476835,726.9097203522637
36047003000,1818,128506.0,44.6,58.470847084708474,0.8800880088008801,23.047304730473048,15.566556655665567,86.0,86.0,0.0,3,"higher-income, white_nh-plurality, closer reach",0.13710312246182826,0.13710312246182826,249.2534766356038,249.2534766356038
36047003101,3547,149650.0,35.1,40.00563856780378,22.272342824922468,22.66704257118692,9.021708486044545,72.0,63.0,-9.0,3,"higher-income, white_nh-plurality, closer reach",0.1894645708137998,0.23325824788420185,672.0308326765479,827.367005245264
36047003300,4203,131173.0,32.6,37.73495122531525,24.815607899119676,12.276945039257672,11.420413990007138,72.0,59.0,-13.0,3,"higher-income, white_nh-plurality, closer reach",0.1894645708137998,0.2558434729991938,796.3195911304006,1075.3101170156115
36047003500,2125,147829.0,35.9,39.90588235294118,28.8,12.094117647058823,16.8,72.0,58.0,-14.0,3,"higher-income, white_nh-plurality, closer reach",0.1894645708137998,0.26182353070515674,402.61221297932457,556.3750027484581
36047003600,3702,89487.0,44.1,58.13074014046462,1.5937331172339275,14.586709886547812,21.177741761210157,91.0,90.0,-1.0,3,"higher-income, white_nh-plurality, closer reach",0.12214499605428075,0.12500000000000003,452.18077539294734,462.7500000000001
36047003700,4276,167917.0,33.0,48.59681945743686,9.985968194574369,22.871842843779234,12.464920486435922,69.0,60.0,-9.0,3,"higher-income, white_nh-plurality, closer reach",0.2030630990890589,0.25,868.2978117048158,1069.0
36047003900,2557,181518.0,37.1,50.52796245600313,9.698865858427846,9.542432538130623,13.101290574892452,73.0,62.0,-11.0,3,"higher-income, white_nh-plurality, closer reach",0.18513719403582055,0.23871040097760418,473.3958051495931,610.3824952997339
36047004100,3364,221452.0,33.3,69.73840665873959,9.036860879904875,6.212841854934601,6.92627824019025,72.0,60.0,-12.0,3,"higher-income, white_nh-plurality, closer reach",0.1894645708137998,0.25,637.3588162176226,841.0
36047004300,3952,155859.0,35.0,54.63056680161943,11.791497975708502,10.247975708502024,16.422064777327936,73.0,62.0,-11.0,3,"higher-income, white_nh-plurality, closer reach",0.18513719403582055,0.23871040097760418,731.6621908295627,943.3835046634917
36047004500,3547,174609.0,37.2,71.10234000563857,6.456160135325628,6.850859881590076,7.386523822948971,75.0,65.0,-10.0,3,"higher-income, white_nh-plurality, closer reach",0.17677669529663692,0.22272467953508487,627.0269382171712,790.0044383109461
36047004700,2001,158125.0,39.1,50.67466266866567,6.196901549225387,5.697151424287856,20.389805097451273,77.0,73.0,-4.0,3,"higher-income, white_nh-plurality, closer reach",0.16879374327102378,0.18513719403582055,337.7562802853186,370.4595252656769
36047004900,2875,143750.0,40.5,72.38260869565218,5.565217391304348,2.8173913043478263,12.452173913043477,77.0,68.0,-9.0,3,"higher-income, white_nh-plurality, closer reach",0.16879374327102378,0.20780947403569697,485.2820119041934,597.4522378526287
36047005100,2425,173125.0,38.5,75.05154639175258,0.5773195876288659,6.927835051546392,7.587628865979381,78.0,72.0,-6.0,3,"higher-income, white_nh-plurality, closer reach",0.16493848884661183,0.1894645708137998,399.9758354530337,459.4515842234645
36047005900,1463,99896.0,39.0,63.02118933697881,7.450444292549555,1.0936431989063569,24.743677375256322,83.0,75.0,-8.0,3,"higher-income, white_nh-plurality, closer reach",0.14694348828545112,0.17677669529663692,214.978323361615,258.6243052189798
36047006000,2979,74107.0,38.3,53.675730110775426,0.03356831151393085,10.943269553541457,29.942933870426316,101.0,90.0,-11.0,3,"higher-income, white_nh-plurality, closer reach",0.09694654761460844,0.12500000000000003,288.80376534391854,372.37500000000006
36047006300,2038,184091.0,38.3,68.351324828263,0.44160942100098133,5.593719332679097,14.033366045142296,81.0,68.0,-13.0,3,"higher-income, white_nh-plurality, closer reach",0.15389305166811457,0.20780947403569697,313.6340392996175,423.51570808475043
36047006400,3427,100547.0,37.8,67.9603151444412,0.43770061278085787,8.3163116428363,20.542748759848262,94.0,88.0,-6.0,3,"higher-income, white_nh-plurality, closer reach",0.1139653110697771,0.13091176535257834,390.5591210361261,448.634619863286
36047006500,6193,196433.0,39.6,80.93008235104149,0.7104795737122558,1.824640723397384,6.911028580655579,81.0,67.0,-14.0,3,"higher-income, white_nh-plurality, closer reach",0.15389305166811457,0.21266679023771395,953.0596689806335,1317.0454319421626
36047006600,4064,101622.0,41.3,49.48326771653543,1.7716535433070866,12.549212598425196,27.97736220472441,90.0,88.0,-2.0,3,"higher-income, white_nh-plurality, closer reach",0.12500000000000003,0.13091176535257834,508.0000000000001,532.0254143928784
36047006700,3912,235455.0,37.1,80.21472392638037,0.6134969325153374,7.745398773006135,2.684049079754601,77.0,68.0,-9.0,3,"higher-income, white_nh-plurality, closer reach",0.16879374327102378,0.20780947403569697,660.3211236762451,812.9506624276465
36047006800,3914,76279.0,40.3,50.22994379151763,5.620848237097598,15.48288196218702,22.432294328053143,86.0,85.0,-1.0,3,"higher-income, white_nh-plurality, closer reach",0.13710312246182826,0.14030775603867163,536.6216213155958,549.1645571353607
36047006901,1724,154531.0,38.8,81.38051044083527,1.2180974477958237,7.9466357308584685,7.192575406032483,73.0,59.0,-14.0,3,"higher-income, white_nh-plurality, closer reach",0.18513719403582055,0.2558434729991938,319.1765225177546,441.0741474506101
36047006902,1981,229141.0,33.6,68.70267541645633,2.8268551236749118,6.9156991418475515,8.985360928823827,75.0,61.0,-14.0,3,"higher-income, white_nh-plurality, closer reach",0.17677669529663692,0.2442899921085615,350.19463338263773,483.93847436706034
36047007000,2681,83138.0,49.8,52.07012308839985,1.268183513614323,4.923535994032077,36.21782916822081,84.0,83.0,-1.0,3,"higher-income, white_nh-plurality, closer reach",0.14358729437462942,0.14694348828545112,384.95753621838145,393.9554920932944
36047007100,4379,65115.0,33.0,24.57182005023978,24.320621146380454,11.235441881708153,31.902260790134733,77.0,65.0,-12.0,2,"lower-income, hispanic/latino-plurality, farther reach",0.16879374327102378,0.22272467953508487,739.1478017838132,975.3113716841367
36047007200,1865,73125.0,34.4,5.46916890080429,1.2332439678284182,20.10723860589812,72.76139410187668,89.0,80.0,-9.0,2,"lower-income, hispanic/latino-plurality, farther reach",0.1279217364995969,0.15749013123685918,238.57403857174822,293.7190947567424
36047007400,5360,72860.0,36.5,11.23134328358209,0.14925373134328357,28.992537313432837,55.93283582089552,87.0,77.0,-10.0,2,"lower-income, hispanic/latino-plurality, farther reach",0.13397168281703667,0.16879374327102378,718.0882198993165,904.7344639326875
36047007500,4707,156556.0,41.6,72.1053749734438,1.9545357977480349,7.711918419375398,11.13235606543446,79.0,65.0,-14.0,3,"higher-income, white_nh-plurality, closer reach",0.16117128855494742,0.22272467953508487,758.6332552281375,1048.3650665716445
36047007600,4728,61975.0,33.6,4.462774957698816,4.547377326565144,23.32910321489002,66.53976311336717,91.0,79.0,-12.0,2,"lower-income, hispanic/latino-plurality, farther reach",0.12214499605428075,0.16117128855494742,577.5015413446393,762.0178522877914
36047007700,6132,207551.0,36.2,82.40378343118068,1.761252446183953,3.5714285714285716,7.583170254403131,80.0,66.0,-14.0,3,"higher-income, white_nh-plurality, closer reach",0.15749013123685918,0.21763764082403103,965.7294847444205,1334.5540135329584
36047007800,5120,71616.0,32.6,13.1640625,1.03515625,6.42578125,78.30078125,92.0,81.0,-11.0,2,"lower-income, hispanic/latino-plurality, farther reach",0.1193552004888021,0.15389305166811457,611.0986265026668,787.9324245407465
36047008000,3539,77552.0,41.0,15.682396157106528,3.7581237637750777,7.318451539983046,71.65866063859848,89.0,78.0,-11.0,2,"lower-income, hispanic/latino-plurality, farther reach",0.1279217364995969,0.16493848884661183,452.7150254720734,583.7173120281593
36047008200,3828,43142.0,37.5,14.707419017763845,7.6802507836990594,8.594566353187043,66.11807732497388,87.0,77.0,-10.0,2,"lower-income, hispanic/latino-plurality, farther reach",0.13397168281703667,0.16879374327102378,512.8436018236164,646.1424492414791
36047008400,3154,105670.0,36.8,13.06277742549144,4.597336715282181,9.892200380469246,68.7698161065314,82.0,73.0,-9.0,2,"lower-income, hispanic/latino-plurality, farther reach",0.15037812951026458,0.18513719403582055,474.29262047537446,583.922709988978
36047008500,7631,24672.0,36.2,1.5594286463110996,48.119512514742496,5.621805792163544,41.65902240859651,88.0,75.0,-13.0,2,"lower-income, hispanic/latino-plurality, farther reach",0.13091176535257834,0.17677669529663692,998.9876814055253,1348.9829618086364
36047008800,2497,83438.0,43.0,24.62955546655987,17.701241489787744,10.012014417300762,46.33560272326792,90.0,81.0,-9.0,2,"lower-income, hispanic/latino-plurality, farther reach",0.12500000000000003,0.15389305166811457,312.12500000000006,384.2709500152821
36047009001,1300,49500.0,38.5,11.692307692307692,0.0,20.0,68.3076923076923,93.0,81.0,-12.0,2,"lower-income, hispanic/latino-plurality, farther reach",0.11662912394210094,0.15389305166811457,151.61786112473123,200.06096716854893
36047009002,1686,61801.0,26.3,3.6180308422301306,0.0,35.76512455516014,60.616844602609724,90.0,78.0,-12.0,2,"lower-income, hispanic/latino-plurality, farther reach",0.12500000000000003,0.16493848884661183,210.75000000000006,278.08629219538756
36047009201,1850,59148.0,41.1,15.513513513513514,1.7297297297297298,72.05405405405405,9.08108108108108,96.0,85.0,-11.0,0,"higher-income, asian_nh-plurality, closer reach",0.10881882041201553,0.14030775603867163,201.31481776222873,259.5693486715425
36047009202,2866,54667.0,40.1,9.351011863224006,1.6050244242847174,32.72854152128402,52.86113049546406,94.0,82.0,-12.0,2,"lower-income, hispanic/latino-plurality, farther reach",0.1139653110697771,0.15037812951026458,326.62458152598117,430.9837191764183
36047009401,1985,48304.0,37.3,8.211586901763225,0.0,69.31989924433249,22.418136020151135,97.0,85.0,-12.0,0,"higher-income, asian_nh-plurality, closer reach",0.10633339511885696,0.14030775603867163,211.07178931093108,278.5108957367632
36047009402,3089,82691.0,37.7,23.72936225315636,2.136613790870832,59.95467788928456,10.909679507931369,96.0,84.0,-12.0,0,"higher-income, asian_nh-plurality, closer reach",0.10881882041201553,0.14358729437462942,336.141336252716,443.5411523232303
36047009600,5917,80253.0,38.4,19.486226128105457,1.368936961297955,35.62616190637147,39.81747507182694,94.0,83.0,-11.0,0,"higher-income, asian_nh-plurality, closer reach",0.1139653110697771,0.14694348828545112,674.3327455998711,869.4646201850143
36047009800,6759,57341.0,35.9,0.7397544015386892,1.4795088030773784,40.25743453173546,56.576416629678945,98.0,87.0,-11.0,2,"lower-income, hispanic/latino-plurality, farther reach",0.1039047370178485,0.13397168281703667,702.292117503638,905.5146041603508
36047010000,5510,56350.0,37.8,5.44464609800363,2.1052631578947367,51.14337568058076,40.0,96.0,84.0,-12.0,0,"higher-income, asian_nh-plurality, closer reach",0.10881882041201553,0.14358729437462942,599.5917004702055,791.1659920042081
36047010100,4577,112857.0,33.0,29.53899934454883,3.5394363119947565,3.080620493773214,61.13174568494647,86.0,74.0,-12.0,2,"lower-income, hispanic/latino-plurality, farther reach",0.13710312246182826,0.1809086546800473,627.5209915077879,828.0189124705765
36047010200,4561,51250.0,39.7,10.173207629905722,1.1401008550756413,68.38412628809472,19.447489585617188,92.0,83.0,-9.0,0,"higher-income, asian_nh-plurality, closer reach",0.1193552004888021,0.14694348828545112,544.3790694294264,670.2092500699425
36047010401,2183,56121.0,40.8,4.351809436555199,0.5497022446174988,83.00503893724233,12.093449381584975,95.0,86.0,-9.0,0,"higher-income, asian_nh-plurality, closer reach",0.11136233976754245,0.13710312246182826,243.10398771254518,299.2961163341711
36047010402,1861,29803.0,43.4,12.896292315959162,0.9134873723804406,82.16012896292315,4.030091348737238,95.0,86.0,-9.0,0,"higher-income, asian_nh-plurality, closer reach",0.11136233976754245,0.13710312246182826,207.2453143073965,255.1489109014624
36047010601,2230,46172.0,28.6,0.35874439461883406,0.0,77.98206278026906,13.139013452914797,99.0,88.0,-11.0,0,"higher-income, asian_nh-plurality, closer reach",0.10153154954452946,0.13091176535257834,226.4153554843007,291.9332367362497
36047010602,2192,65615.0,36.9,3.010948905109489,0.0,91.24087591240875,4.060218978102189,99.0,89.0,-10.0,0,"higher-income, asian_nh-plurality, closer reach",0.10153154954452946,0.1279217364995969,222.55715660160857,280.4044464071164
36047010801,1951,62813.0,36.9,9.123526396719631,0.0,75.60225525371604,15.017939518195798,100.0,89.0,-11.0,0,"higher-income, asian_nh-plurality, closer reach",0.09921256574801247,0.1279217364995969,193.56371577437233,249.57530791071355
36047010802,2585,65227.0,40.3,4.835589941972921,3.597678916827853,78.41392649903288,8.820116054158607,100.0,88.0,-12.0,0,"higher-income, asian_nh-plurality, closer reach",0.09921256574801247,0.13091176535257834,256.4644824586122,338.40691343641504
36047011000,2697,83083.0,35.5,22.691879866518352,0.14831294030404152,36.15127919911012,40.674823878383386,91.0,79.0,-12.0,0,"higher-income, asian_nh-plurality, closer reach",0.12214499605428075,0.16117128855494742,329.4250543583952,434.6789652326932
36047011200,6478,61400.0,32.7,36.21488113615313,1.5282494597097869,25.30101883297314,31.42945353504168,94.0,82.0,-12.0,2,"lower-income, hispanic/latino-plurality, farther reach",0.1139653110697771,0.15037812951026458,738.267285110016,974.1495229674939
36047011400,4085,72043.0,32.2,46.19339045287638,10.33047735618115,27.246022031823745,14.026927784577722,98.0,86.0,-12.0,3,"higher-income, white_nh-plurality, closer reach",0.1039047370178485,0.13710312246182826,424.4508507179111,560.0662552565684
36047011600,3344,48469.0,38.2,7.1471291866028706,0.8074162679425837,78.02033492822966,13.81578947368421,100.0,90.0,-10.0,0,"higher-income, asian_nh-plurality, closer reach",0.09921256574801247,0.12500000000000003,331.7668198613537,418.0000000000001
36047011700,3140,124675.0,35.9,43.853503184713375,6.273885350318471,13.184713375796179,33.47133757961783,83.0,69.0,-14.0,3,"higher-income, white_nh-plurality, closer reach",0.14694348828545112,0.2030630990890589,461.4025532163165,637.6181311396449
36047011800,1930,63125.0,40.2,12.072538860103627,0.5699481865284974,75.18134715025907,11.398963730569948,90.0,81.0,-9.0,0,"higher-income, asian_nh-plurality, closer reach",0.12500000000000003,0.15389305166811457,241.25000000000006,297.0135897194611
36047011901,1466,139750.0,38.0,54.02455661664393,8.185538881309686,12.278308321964529,22.646657571623464,84.0,71.0,-13.0,3,"higher-income, white_nh-plurality, closer reach",0.14358729437462942,0.19389309522921686,210.49897355320672,284.2472776060319
36047012000,1291,71292.0,33.9,4.105344694035631,0.0,75.67776917118513,18.667699457784664,95.0,86.0,-9.0,0,"higher-income, asian_nh-plurality, closer reach",0.11136233976754245,0.13710312246182826,143.7687806398973,177.0001310982203
36047012100,2057,119801.0,35.2,51.09382596013612,2.868254739912494,8.410306271268839,32.28001944579485,80.0,66.0,-14.0,3,"higher-income, white_nh-plurality, closer reach",0.15749013123685918,0.21763764082403103,323.95719995421933,447.6806271750318
36047012200,4651,50107.0,31.7,9.11631907116749,0.6020210707374758,38.40034401204042,51.08578800258009,92.0,82.0,-10.0,2,"lower-income, hispanic/latino-plurality, farther reach",0.1193552004888021,0.15037812951026458,555.1210374734186,699.4086803522406
36047012600,2778,67679.0,34.9,38.0849532037437,1.83585313174946,34.30525557955364,23.218142548596113,91.0,86.0,-5.0,0,"higher-income, asian_nh-plurality, closer reach",0.12214499605428075,0.13710312246182826,339.31879903879195,380.8724741989589
36047012700,4037,73646.0,37.2,21.45157295021055,40.252662868466686,7.381719098340351,24.201139459995044,77.0,66.0,-11.0,1,"lower-income, black_nh-plurality, farther reach",0.16879374327102378,0.21763764082403103,681.420341585123,878.6031560066133
36047012801,1932,80433.0,42.8,25.20703933747412,0.3105590062111801,51.5527950310559,22.9296066252588,98.0,89.0,-9.0,0,"higher-income, asian_nh-plurality, closer reach",0.1039047370178485,0.1279217364995969,200.7439519184833,247.14479491722122
36047012901,2377,244837.0,35.8,56.541859486748,11.148506520824569,10.180900294488852,13.756836348338242,75.0,66.0,-9.0,3,"higher-income, white_nh-plurality, closer reach",0.17677669529663692,0.21763764082403103,420.19820472010593,517.3246722387217
36047012902,3452,162377.0,33.1,44.61181923522596,12.630359212050985,13.093858632676708,21.292004634994207,71.0,64.0,-7.0,3,"higher-income, white_nh-plurality, closer reach",0.19389309522921686,0.22793062213955423,669.3189647312565,786.8165076257412
36047013000,5037,79219.0,36.3,57.673218185427835,3.6331149493746278,9.64860035735557,26.14651578320429,92.0,85.0,-7.0,3,"higher-income, white_nh-plurality, closer reach",0.1193552004888021,0.14030775603867163,601.1921448620963,706.730167166789
36047013100,3434,109875.0,37.1,60.36691904484566,13.541059988351776,8.503203261502621,10.42516016307513,78.0,69.0,-9.0,3,"higher-income, white_nh-plurality, closer reach",0.16493848884661183,0.2030630990890589,566.398770699265,697.3186822718283
36047013300,4388,209286.0,35.5,70.23701002734731,2.6207839562443027,8.50045578851413,15.177757520510482,82.0,72.0,-10.0,3,"higher-income, white_nh-plurality, closer reach",0.15037812951026458,0.1894645708137998,659.8592322910409,831.3705367309535
36047013400,4229,105057.0,36.0,51.02861196500355,2.6956727358713644,24.379285883187514,20.430361787656658,97.0,90.0,-7.0,3,"higher-income, white_nh-plurality, closer reach",0.10633339511885696,0.12500000000000003,449.6839279576461,528.6250000000001
36047013500,3946,214028.0,38.5,69.58945767866193,4.637607704004055,7.932083122149011,10.922453117080588,85.0,73.0,-12.0,3,"higher-income, white_nh-plurality, closer reach",0.14030775603867163,0.18513719403582055,553.6544053285983,730.5513676653479
36047013600,3804,92414.0,41.1,58.62250262881178,0.6834910620399579,10.830704521556257,25.736067297581492,100.0,89.0,-11.0,3,"higher-income, white_nh-plurality, closer reach",0.09921256574801247,0.1279217364995969,377.40460010543944,486.61428564446663
36047013700,3217,160652.0,34.3,65.83773702207026,5.87503885607709,5.5952751010258,20.01865091700342,84.0,70.0,-14.0,3,"higher-income, white_nh-plurality, closer reach",0.14358729437462942,0.19842513149602495,461.9203260031828,638.3336480227123
36047013900,3527,173226.0,35.7,64.10547207258293,6.8046498440601075,8.052168982137793,14.006237595690388,82.0,68.0,-14.0,3,"higher-income, white_nh-plurality, closer reach",0.15037812951026458,0.20780947403569697,530.3836627827031,732.9440149239032
36047014000,1910,59417.0,46.7,69.05759162303664,8.272251308900524,16.963350785340314,5.0785340314136125,109.0,90.0,-19.0,3,"higher-income, white_nh-plurality, closer reach",0.0805856442774737,0.12500000000000003,153.91858056997475,238.75000000000006
36047014101,1357,155625.0,36.1,58.58511422254974,4.937361827560796,15.622697126013264,9.506263817243921,85.0,71.0,-14.0,3,"higher-income, white_nh-plurality, closer reach",0.14030775603867163,0.19389309522921686,190.3976249444774,263.1129302260473
36047014102,2102,148125.0,39.8,56.80304471931494,1.950523311132255,11.512844909609896,25.261655566127498,86.0,73.0,-13.0,3,"higher-income, white_nh-plurality, closer reach",0.13710312246182826,0.18513719403582055,288.190763414763,389.1583818632948
36047014200,3497,79444.0,37.0,49.156419788390046,6.3768944809837,18.95910780669145,18.75893623105519,105.0,90.0,-15.0,3,"higher-income, white_nh-plurality, closer reach",0.08838834764831845,0.12500000000000003,309.0940517261696,437.1250000000001
36047014300,3625,128828.0,35.5,46.234482758620686,3.668965517241379,8.441379310344828,33.6,85.0,73.0,-12.0,3,"higher-income, white_nh-plurality, closer reach",0.14030775603867163,0.18513719403582055,508.61561564018467,671.1223283798495
36047014500,4459,142200.0,35.1,63.130746804216194,2.3099349629961874,8.16326530612245,19.847499439336175,88.0,76.0,-12.0,3,"higher-income, white_nh-plurality, closer reach",0.13091176535257834,0.17273910999597203,583.7355617071469,770.2436914720392
36047014700,2349,159297.0,35.1,73.43550446998722,0.7662835249042146,3.746275010642827,7.44997871434653,91.0,80.0,-11.0,3,"higher-income, white_nh-plurality, closer reach",0.12214499605428075,0.15749013123685918,286.9185957315055,369.9443182753822
36047014901,1561,162279.0,34.5,71.42857142857143,4.612427930813581,6.213965406790519,9.609224855861628,85.0,71.0,-14.0,3,"higher-income, white_nh-plurality, closer reach",0.14030775603867163,0.19389309522921686,219.0204071763664,302.6671216528075
36047014902,4388,150202.0,37.7,64.38012762078395,0.29626253418413856,11.82771194165907,19.895168641750228,87.0,74.0,-13.0,3,"higher-income, white_nh-plurality, closer reach",0.13397168281703667,0.1809086546800473,587.8677442011569,793.8271767360476
36047015100,4042,185357.0,42.3,77.75853537852548,1.3112320633349828,8.609599208312716,5.813953488372093,82.0,68.0,-14.0,3,"higher-income, white_nh-plurality, closer reach",0.15037812951026458,0.20780947403569697,607.8283994804895,839.9658940522871
36047015300,2630,149956.0,39.9,66.61596958174906,3.307984790874525,9.923954372623575,13.87832699619772,82.0,68.0,-14.0,3,"higher-income, white_nh-plurality, closer reach",0.15037812951026458,0.20780947403569697,395.49448061199587,546.538916713883
36047015500,3484,214340.0,41.2,75.77497129735936,1.320321469575201,4.879448909299655,10.734787600459242,83.0,72.0,-11.0,3,"higher-income, white_nh-plurality, closer reach",0.14694348828545112,0.1894645708137998,511.9511131865117,660.0945647152785
36047015700,4777,198203.0,36.1,68.45300397739167,6.384760309817877,8.415323424743564,9.9644128113879,79.0,72.0,-7.0,3,"higher-income, white_nh-plurality, closer reach",0.16117128855494742,0.1894645708137998,769.9152454269838,905.0722547775217
36047015900,5439,212109.0,39.0,76.41110498253356,5.515719801434087,4.596433167861739,6.361463504320647,74.0,67.0,-7.0,3,"higher-income, white_nh-plurality, closer reach",0.1809086546800473,0.21266679023771395,983.9621728047773,1156.6946721029262
36047016000,4323,88944.0,40.6,45.176960444136014,3.6548693037242654,25.5146888734675,18.85264862364099,102.0,89.0,-13.0,3,"higher-income, white_nh-plurality, closer reach",0.09473228540689989,0.1279217364995969,409.52766981402823,553.0056668877573
36047016100,3574,170893.0,38.2,60.968102965864574,2.9378847229994403,9.541130386121992,20.817011751538892,73.0,66.0,-7.0,3,"higher-income, white_nh-plurality, closer reach",0.18513719403582055,0.21763764082403103,661.6803314840226,777.8369283050869
36047016300,4082,151923.0,36.0,61.19549240568349,15.997060264576188,7.202351788339049,7.496325330720235,76.0,68.0,-8.0,3,"higher-income, white_nh-plurality, closer reach",0.17273910999597203,0.20780947403569697,705.1210470035578,848.278273013715
36047016500,6118,250001.0,37.4,70.98725073553449,3.1055900621118013,8.711997384766264,9.382151029748284,81.0,74.0,-7.0,3,"higher-income, white_nh-plurality, closer reach",0.15389305166811457,0.1809086546800473,941.5176901055249,1106.7991493325294
36047016700,4851,193594.0,40.8,72.23252937538652,1.5048443619872192,14.862914862914863,8.822923108637394,82.0,68.0,-14.0,3,"higher-income, white_nh-plurality, closer reach",0.15037812951026458,0.20780947403569697,729.4843062542935,1008.083758547166
36047016900,4726,154155.0,38.4,81.10452814219212,0.8887008040626323,8.506136267456624,4.549301735082522,83.0,69.0,-14.0,3,"higher-income, white_nh-plurality, closer reach",0.14694348828545112,0.2030630990890589,694.454925637042,959.6762062948924
36047017000,3584,94926.0,43.9,39.59263392857143,0.0,36.802455357142854,22.0703125,112.0,90.0,-22.0,0,"higher-income, asian_nh-plurality, closer reach",0.07518906475513229,0.12500000000000003,269.4776080823941,448.0000000000001
36047017100,4195,168973.0,40.5,65.45887961859357,0.16686531585220502,5.482717520858165,18.927294398092968,87.0,73.0,-14.0,3,"higher-income, white_nh-plurality, closer reach",0.13397168281703667,0.18513719403582055,562.0112094174689,776.6505289802672
36047017900,4017,106106.0,40.5,26.935524022902662,30.271346776201145,7.368683096838437,24.122479462285288,75.0,61.0,-14.0,3,"higher-income, white_nh-plurality, closer reach",0.17677669529663692,0.2442899921085615,710.1119850065905,981.3128983000915
36047018100,3749,163382.0,35.2,58.20218724993332,15.177380634835956,5.148039477193918,8.829021072285943,75.0,58.0,-17.0,3,"higher-income, white_nh-plurality, closer reach",0.17677669529663692,0.26182353070515674,662.7358306670918,981.5764166136327
36047018300,2879,191944.0,35.0,59.29142063216395,8.579367836054185,5.661688086141021,7.085793678360542,80.0,62.0,-18.0,3,"higher-income, white_nh-plurality, closer reach",0.15749013123685918,0.23871040097760418,453.4140878309176,687.2472444145225
36047018501,4334,46029.0,37.7,8.4910013844024,43.10106137517305,6.6912782648823255,38.94785417628057,80.0,67.0,-13.0,2,"lower-income, hispanic/latino-plurality, farther reach",0.15749013123685918,0.21266679023771395,682.5622287805477,921.6978688902523
36047018700,1448,122115.0,36.5,51.51933701657459,24.240331491712706,3.522099447513812,14.640883977900552,85.0,65.0,-20.0,3,"higher-income, white_nh-plurality, closer reach",0.14030775603867163,0.22272467953508487,203.16563074399653,322.5053359668029
36047019000,4093,60645.0,38.2,25.55582702174444,0.2931834839970682,46.95822135353042,25.84901050574151,99.0,89.0,-10.0,0,"higher-income, asian_nh-plurality, closer reach",0.10153154954452946,0.1279217364995969,415.56863228575907,523.58366749285
36047019100,2825,160471.0,33.0,47.75221238938053,5.522123893805309,9.238938053097344,26.371681415929203,90.0,64.0,-26.0,3,"higher-income, white_nh-plurality, closer reach",0.12500000000000003,0.22793062213955423,353.12500000000006,643.9040075442407
36047019200,3095,69327.0,29.5,42.22940226171244,0.09693053311793215,29.62843295638126,21.970920840064622,97.0,88.0,-9.0,3,"higher-income, white_nh-plurality, closer reach",0.10633339511885696,0.13091176535257834,329.1018578928623,405.17191376623
36047019300,5974,75986.0,29.1,41.814529628389685,26.514897890860397,16.571811181787748,11.700703046534985,86.0,59.0,-27.0,3,"higher-income, white_nh-plurality, closer reach",0.13710312246182826,0.2558434729991938,819.054053586962,1528.4089076971838
36047019400,3371,56140.0,38.2,16.19697419163453,0.4746366063482646,59.00326312666864,21.92227825571047,98.0,89.0,-9.0,0,"higher-income, asian_nh-plurality, closer reach",0.1039047370178485,0.1279217364995969,350.2628684871673,431.22417374014117
36047019500,3782,116479.0,41.3,42.147012162876784,34.16181914331042,1.9037546271813854,14.91274457958752,82.0,58.0,-24.0,3,"higher-income, white_nh-plurality, closer reach",0.15037812951026458,0.26182353070515674,568.7300858078206,990.2165931269028
36047019700,4051,131875.0,40.4,53.69044680325845,22.661071340409777,4.0730683781782275,14.243396692174771,78.0,53.0,-25.0,3,"higher-income, white_nh-plurality, closer reach",0.16493848884661183,0.2938869765709022,668.1658183176245,1190.5361420887248
36047019900,3964,131250.0,33.5,44.92936427850656,16.927346115035316,12.588294651866802,14.253279515640767,74.0,59.0,-15.0,3,"higher-income, white_nh-plurality, closer reach",0.1809086546800473,0.2558434729991938,717.1219071517075,1014.1635269688043
36047020100,4133,153250.0,37.4,51.173481732397775,26.252117106218243,6.653762400193564,6.6295669005564966,76.0,62.0,-14.0,3,"higher-income, white_nh-plurality, closer reach",0.17273910999597203,0.23871040097760418,713.9307416133524,986.590087240438
36047020300,1984,171250.0,35.0,58.064516129032256,10.786290322580646,12.348790322580646,8.669354838709678,77.0,65.0,-12.0,3,"higher-income, white_nh-plurality, closer reach",0.16879374327102378,0.22272467953508487,334.8867866497112,441.8857641976084
36047020500,3542,162596.0,34.6,64.03162055335969,7.820440429136081,13.156408808582722,7.905138339920948,79.0,68.0,-11.0,3,"higher-income, white_nh-plurality, closer reach",0.16117128855494742,0.20780947403569697,570.8687040616237,736.0611570344387
36047020700,4681,184638.0,37.0,69.68596453749198,7.007049775688955,4.571672719504379,11.770989104892116,77.0,70.0,-7.0,3,"higher-income, white_nh-plurality, closer reach",0.16879374327102378,0.19842513149602495,790.1235122516623,928.8280405328928
36047021000,3899,72341.0,35.3,24.16004103616312,2.3082841754295975,63.298281610669406,7.386509361374712,98.0,89.0,-9.0,0,"higher-income, asian_nh-plurality, closer reach",0.1039047370178485,0.1279217364995969,405.1245696325913,498.7668506119283
36047021100,2753,95236.0,33.2,23.937522702506357,41.73628768616055,5.630221576462041,22.55721031601889,86.0,67.0,-19.0,1,"lower-income, black_nh-plurality, farther reach",0.13710312246182826,0.21266679023771395,377.4448961374132,585.4716735244265
36047021200,3448,61989.0,38.6,22.534802784222737,0.0,71.54872389791183,5.916473317865429,94.0,85.0,-9.0,0,"higher-income, asian_nh-plurality, closer reach",0.1139653110697771,0.14030775603867163,392.95239256859145,483.78114282133976
36047021300,4440,70109.0,40.0,20.11261261261261,62.5,1.1711711711711712,10.72072072072072,78.0,73.0,-5.0,1,"lower-income, black_nh-plurality, farther reach",0.16493848884661183,0.18513719403582055,732.3268904789566,822.0091415190432
36047021400,2510,69088.0,26.8,54.9800796812749,0.0,30.99601593625498,11.832669322709163,94.0,85.0,-9.0,3,"higher-income, white_nh-plurality, closer reach",0.1139653110697771,0.14030775603867163,286.0529307851405,352.1724676570658
36047021500,5735,112650.0,37.9,53.513513513513516,19.16303400174368,8.177855274629469,10.07846556233653,78.0,71.0,-7.0,3,"higher-income, white_nh-plurality, closer reach",0.16493848884661183,0.19389309522921686,945.9222335353188,1111.9769011395588
36047021600,3670,41250.0,21.8,79.1825613079019,1.4986376021798364,3.678474114441417,10.735694822888284,98.0,89.0,-9.0,3,"higher-income, white_nh-plurality, closer reach",0.1039047370178485,0.1279217364995969,381.330384855504,469.47277295352063
36047021700,3958,103269.0,33.1,35.952501263264274,32.23850429509854,7.276402223345124,17.15512885295604,77.0,72.0,-5.0,3,"higher-income, white_nh-plurality, closer reach",0.16879374327102378,0.1894645708137998,668.0856358667121,749.9007712810196
36047021800,3001,68062.0,22.1,75.80806397867377,0.0,3.1322892369210265,14.69510163278907,98.0,86.0,-12.0,3,"higher-income, white_nh-plurality, closer reach",0.1039047370178485,0.13710312246182826,311.81811579056335,411.44647050794663
36047021900,4285,130970.0,34.0,35.63593932322053,46.884480746791134,2.3570595099183196,8.028004667444574,78.0,72.0,-6.0,1,"lower-income, black_nh-plurality, farther reach",0.16493848884661183,0.1894645708137998,706.7614247077317,811.8556859371322
36047022000,5525,51198.0,18.1,78.5158371040724,0.18099547511312217,4.669683257918552,7.6923076923076925,94.0,82.0,-12.0,3,"higher-income, white_nh-plurality, closer reach",0.1139653110697771,0.15037812951026458,629.6583436605184,830.8391655442118
36047022100,3706,78156.0,34.1,36.23853211009175,43.901780895844574,2.212628170534269,12.520237452779277,83.0,71.0,-12.0,1,"lower-income, black_nh-plurality, farther reach",0.14694348828545112,0.19389309522921686,544.5725675858819,718.5678109194777
36047022200,4270,50731.0,20.7,75.71428571428571,0.0,1.8501170960187354,13.395784543325528,95.0,83.0,-12.0,3,"higher-income, white_nh-plurality, closer reach",0.11136233976754245,0.14694348828545112,475.5171908074063,627.4486949788762
36047022400,5335,53084.0,24.1,78.369259606373,0.28116213683223995,3.542642924086223,14.826616682286785,96.0,83.0,-13.0,3,"higher-income, white_nh-plurality, closer reach",0.10881882041201553,0.14694348828545112,580.5484068981028,783.9435100028817
36047022600,2572,84194.0,18.6,47.27838258164852,0.0,14.73561430793157,30.093312597200622,95.0,81.0,-14.0,3,"higher-income, white_nh-plurality, closer reach",0.11136233976754245,0.15389305166811457,286.42393788211916,395.81292889039065
36047022700,4425,121250.0,33.5,32.7909604519774,28.587570621468927,5.107344632768362,24.361581920903955,74.0,62.0,-12.0,3,"higher-income, white_nh-plurality, closer reach",0.1809086546800473,0.23871040097760418,800.5207969592093,1056.2935243258985
36047022800,3683,65208.0,25.5,54.6022264458322,2.0906869399945696,26.934564213956016,9.122997556339941,93.0,79.0,-14.0,3,"higher-income, white_nh-plurality, closer reach",0.11662912394210094,0.16117128855494742,429.54506347875775,593.5938557478713
36047022900,3425,129886.0,32.9,52.846715328467155,21.284671532846716,3.0072992700729926,11.094890510948906,80.0,59.0,-21.0,3,"higher-income, white_nh-plurality, closer reach",0.15749013123685918,0.2558434729991938,539.4036994862427,876.2638950222388
36047023000,4887,51250.0,18.3,72.19152854511971,0.9821976672805403,3.7855535093104153,15.981174544710456,95.0,81.0,-14.0,3,"higher-income, white_nh-plurality, closer reach",0.11136233976754245,0.15389305166811457,544.22775444398,752.0753435020758
36047023100,3546,162933.0,35.2,48.58996051889453,26.113931190073323,4.737732656514383,12.887760857304004,80.0,57.0,-23.0,3,"higher-income, white_nh-plurality, closer reach",0.15749013123685918,0.2679433656340733,558.4600053659026,950.1271745384239
36047023200,6648,67750.0,15.8,89.07942238267148,0.015042117930204572,8.047533092659446,0.9777376654632972,98.0,84.0,-14.0,3,"higher-income, white_nh-plurality, closer reach",0.1039047370178485,0.14358729437462942,690.7586916946568,954.5683330025364
36047023300,6804,75990.0,31.9,33.81834215167549,28.733098177542622,7.8777189888301,19.047619047619047,82.0,55.0,-27.0,3,"higher-income, white_nh-plurality, closer reach",0.15037812951026458,0.2806155120773433,1023.1727931878402,1909.3079441742439
36047023400,5558,37450.0,20.1,87.6574307304786,0.0,0.197912918315941,7.394746311622886,99.0,88.0,-11.0,3,"higher-income, white_nh-plurality, closer reach",0.10153154954452946,0.13091176535257834,564.3123523684948,727.6075918296305
36047023500,5578,84175.0,21.8,75.34958766583004,4.141269272140552,4.553603442093941,14.037289351021872,86.0,59.0,-27.0,3,"higher-income, white_nh-plurality, closer reach",0.13710312246182826,0.2558434729991938,764.761217092078,1427.094892389503
36047023600,5846,32500.0,14.9,90.57475196715703,0.0,0.9066028053369826,1.0434485118029422,101.0,89.0,-12.0,3,"higher-income, white_nh-plurality, closer reach",0.09694654761460844,0.1279217364995969,566.749517355001,747.8304715766435
36047023800,5200,50566.0,15.3,89.17307692307692,0.0,0.0,5.019230769230769,100.0,88.0,-12.0,3,"higher-income, white_nh-plurality, closer reach",0.09921256574801247,0.13091176535257834,515.9053418896649,680.7411798334074
36047024000,6413,47750.0,19.1,84.23514735693124,2.2142523000155934,0.09355995633868704,7.3132699204740375,98.0,88.0,-10.0,3,"higher-income, white_nh-plurality, closer reach",0.1039047370178485,0.13091176535257834,666.3410784954624,839.5371512060849
36047024100,2975,135968.0,31.0,50.890756302521005,14.319327731092438,8.53781512605042,10.991596638655462,85.0,56.0,-29.0,3,"higher-income, white_nh-plurality, closer reach",0.14030775603867163,0.2742062449236565,417.4155742150481,815.763578647878
36047024200,3026,60091.0,25.1,84.5340383344349,0.495703899537343,6.510244547257105,5.188367481824191,99.0,90.0,-9.0,3,"higher-income, white_nh-plurality, closer reach",0.10153154954452946,0.12500000000000003,307.23446892174616,378.25000000000006
36047024300,4300,114142.0,37.5,21.58139534883721,49.116279069767444,11.023255813953488,12.418604651162791,85.0,57.0,-28.0,1,"lower-income, black_nh-plurality, farther reach",0.14030775603867163,0.2679433656340733,603.323350966288,1152.156472226515
36047024400,3697,67500.0,25.7,67.48715174465784,0.08114687584527995,17.36543143088991,11.549905328644847,100.0,89.0,-11.0,3,"higher-income, white_nh-plurality, closer reach",0.09921256574801247,0.1279217364995969,366.7888555704021,472.92665983900974
36047024500,4437,91758.0,34.7,31.25986026594546,48.25332431823304,5.792201938246563,7.595221996844715,81.0,63.0,-18.0,1,"lower-income, black_nh-plurality, farther reach",0.15389305166811457,0.23325824788420185,682.8234702514243,1034.9668458622036
36047024600,3489,80398.0,34.1,43.85210662080826,1.3757523645743766,35.4542848953855,14.961306964746345,99.0,88.0,-11.0,0,"higher-income, asian_nh-plurality, closer reach",0.10153154954452946,0.13091176535257834,354.2435763608633,456.7511493151458
36047024700,2499,61250.0,35.6,33.85354141656663,25.81032412965186,14.005602240896359,12.725090036014405,77.0,65.0,-12.0,3,"higher-income, white_nh-plurality, closer reach",0.16879374327102378,0.22272467953508487,421.81556443428843,556.588974158177
36047024800,2476,75150.0,36.6,55.12924071082391,0.0,27.867528271405494,15.589660743134088,98.0,89.0,-9.0,3,"higher-income, white_nh-plurality, closer reach",0.1039047370178485,0.1279217364995969,257.2681288561929,316.73421957300195
36047024900,3992,88771.0,32.3,36.22244488977956,40.03006012024048,5.736472945891784,11.723446893787575,80.0,64.0,-16.0,1,"lower-income, black_nh-plurality, farther reach",0.15749013123685918,0.22793062213955423,628.7006038975418,909.8990435811005
36047025000,1679,48125.0,40.6,8.81477069684336,0.47647409172126265,65.57474687313878,25.134008338296606,96.0,87.0,-9.0,0,"higher-income, asian_nh-plurality, closer reach",0.10881882041201553,0.13397168281703667,182.70679947177408,224.93845544980456
36047025100,3687,52011.0,36.6,25.223759153783565,55.736371033360456,2.251152698671006,10.740439381611067,85.0,57.0,-28.0,1,"lower-income, black_nh-plurality, farther reach",0.14030775603867163,0.2679433656340733,517.3146965145822,987.9071890928282
36047025200,4847,54172.0,40.6,38.002888384567775,0.6808335052609862,38.663090571487515,18.238085413657934,98.0,89.0,-9.0,0,"higher-income, asian_nh-plurality, closer reach",0.1039047370178485,0.1279217364995969,503.6262603255117,620.0366568135462
36047025300,3375,77328.0,31.4,52.94814814814815,26.607407407407408,2.785185185185185,10.222222222222221,83.0,53.0,-30.0,3,"higher-income, white_nh-plurality, closer reach",0.14694348828545112,0.2938869765709022,495.9342729633975,991.8685459267948
36047025400,2992,85819.0,36.6,29.11096256684492,0.0,46.223262032085564,24.0975935828877,97.0,88.0,-9.0,0,"higher-income, asian_nh-plurality, closer reach",0.10633339511885696,0.13091176535257834,318.14951819562003,391.6880019349144
36047025500,4922,26833.0,39.5,0.5485574969524584,44.2299878098334,0.8329947175944737,51.93010971149939,83.0,52.0,-31.0,2,"lower-income, hispanic/latino-plurality, farther reach",0.14694348828545112,0.3007562590205292,723.2558493409904,1480.3223068990449
36047025600,3114,68269.0,48.7,35.45279383429673,0.0,56.45472061657033,6.74373795761079,99.0,90.0,-9.0,0,"higher-income, asian_nh-plurality, closer reach",0.10153154954452946,0.12500000000000003,316.16924528166476,389.2500000000001
36047025700,3279,95263.0,29.3,32.784385483379076,6.7703568161024705,1.9823116803903629,55.1997560231778,84.0,53.0,-31.0,2,"lower-income, hispanic/latino-plurality, farther reach",0.14358729437462942,0.2938869765709022,470.82273825440984,963.6553961759882
36047025901,2163,71964.0,28.1,37.54045307443366,32.73231622746186,3.7447988904299585,20.48081368469718,82.0,52.0,-30.0,3,"higher-income, white_nh-plurality, closer reach",0.15037812951026458,0.3007562590205292,325.2678941307023,650.5357882614047
36047025902,3611,21953.0,28.9,0.0,51.92467460537247,0.0,45.8044862918859,87.0,56.0,-31.0,2,"lower-income, hispanic/latino-plurality, farther reach",0.13397168281703667,0.2742062449236565,483.7717466523194,990.1587504193235
36047026100,5459,86822.0,31.7,21.98204799413812,32.20370031141235,21.340904927642427,19.98534530133724,85.0,55.0,-30.0,0,"higher-income, asian_nh-plurality, closer reach",0.14030775603867163,0.2806155120773433,765.9400402151084,1531.880080430217
36047026200,2626,114625.0,42.7,25.095201827875094,4.036557501904037,60.24371667936025,7.53998476770754,100.0,88.0,-12.0,0,"higher-income, asian_nh-plurality, closer reach",0.09921256574801247,0.13091176535257834,260.53219765428076,343.77429581587074
36047026300,2270,82778.0,33.6,24.140969162995596,57.136563876651984,1.4537444933920705,9.779735682819384,87.0,59.0,-28.0,1,"lower-income, black_nh-plurality, farther reach",0.13397168281703667,0.2558434729991938,304.1157199946732,580.76468370817
36047026500,4163,84179.0,35.6,20.56209464328609,43.910641364400675,6.29353831371607,18.159980783089118,87.0,62.0,-25.0,1,"lower-income, black_nh-plurality, farther reach",0.13397168281703667,0.23871040097760418,557.7241155673237,993.7513992697662
36047026700,3950,106063.0,37.6,29.341772151898734,45.620253164556964,3.7974683544303796,13.240506329113924,84.0,66.0,-18.0,1,"lower-income, black_nh-plurality, farther reach",0.14358729437462942,0.21763764082403103,567.1698127797862,859.6686812549226
36047026900,3124,83426.0,33.7,25.096030729833547,40.30089628681178,1.6965428937259923,24.42381562099872,81.0,69.0,-12.0,1,"lower-income, black_nh-plurality, farther reach",0.15389305166811457,0.2030630990890589,480.76189341118993,634.36912155422
36047027100,3740,98088.0,32.7,21.925133689839573,58.68983957219251,1.7379679144385027,14.786096256684491,82.0,70.0,-12.0,1,"lower-income, black_nh-plurality, farther reach",0.15037812951026458,0.19842513149602495,562.4142043683895,742.1099917951333
36047027300,4071,111989.0,34.5,15.892901007123557,61.532792925571115,3.5126504544338,12.232866617538688,81.0,69.0,-12.0,1,"lower-income, black_nh-plurality, farther reach",0.15389305166811457,0.2030630990890589,626.4986133408944,826.6698763915588
36047027500,5303,104537.0,38.5,15.557231755610031,66.67923816707524,2.0931548180275317,10.013200075429003,85.0,71.0,-14.0,1,"lower-income, black_nh-plurality, farther reach",0.14030775603867163,0.19389309522921686,744.0520302730756,1028.215084000537
36047027700,4294,75724.0,33.2,11.434559850954821,63.34420121099208,0.25617140195621796,11.900326036329762,89.0,67.0,-22.0,1,"lower-income, black_nh-plurality, farther reach",0.1279217364995969,0.21266679023771395,549.295936529269,913.1911972807437
36047027900,4161,83438.0,34.2,28.14227349194905,40.39894256188416,2.547464551790435,19.586637827445326,92.0,65.0,-27.0,1,"lower-income, black_nh-plurality, farther reach",0.1193552004888021,0.22272467953508487,496.6369892339056,926.7573915454882
36047028100,5094,57019.0,31.6,15.056929721240675,43.14880251276011,2.7090694935217905,35.178641539065566,89.0,61.0,-28.0,2,"lower-income, hispanic/latino-plurality, farther reach",0.1279217364995969,0.2442899921085615,651.6333257289466,1244.4132198010122
36047028300,4098,49986.0,34.2,13.81161542215715,45.21717911176184,1.9765739385065886,32.650073206442165,87.0,58.0,-29.0,1,"lower-income, black_nh-plurality, farther reach",0.13397168281703667,0.26182353070515674,549.0159561842163,1072.9528288297322
36047028501,427,56667.0,37.1,30.44496487119438,25.526932084309134,13.817330210772834,28.337236533957846,83.0,56.0,-27.0,2,"lower-income, hispanic/latino-plurality, farther reach",0.14694348828545112,0.2742062449236565,62.74486949788763,117.08606658240132
36047028502,3303,28466.0,40.3,0.0,44.47471995155919,4.753254617014835,47.80502573418105,85.0,58.0,-27.0,2,"lower-income, hispanic/latino-plurality, farther reach",0.14030775603867163,0.26182353070515674,463.4365181957324,864.8031219191326
36047028700,3353,79350.0,30.4,20.011929615269906,36.17655830599463,6.799880703847301,37.01163137488816,86.0,59.0,-27.0,2,"lower-income, hispanic/latino-plurality, farther reach",0.13710312246182826,0.2558434729991938,459.70676961451016,857.8431649662969
36047028900,4261,66691.0,35.3,18.00046937338653,50.69232574513025,2.370335601971368,27.059375733395918,90.0,64.0,-26.0,1,"lower-income, black_nh-plurality, farther reach",0.12500000000000003,0.22793062213955423,532.6250000000001,971.2123809366406
36047029100,3368,82356.0,33.0,20.071258907363422,58.966745843230406,3.147268408551069,10.65914489311164,92.0,65.0,-27.0,1,"lower-income, black_nh-plurality, farther reach",0.1193552004888021,0.22272467953508487,401.9883152462855,750.1367206741659
36047029300,3284,51364.0,41.0,10.261875761266747,67.32643118148599,2.9537149817295982,17.783191230207066,90.0,69.0,-21.0,1,"lower-income, black_nh-plurality, farther reach",0.12500000000000003,0.2030630990890589,410.5000000000001,666.8592174084694
36047029500,4011,98603.0,36.9,26.676639242084267,53.00423834455248,1.3213662428322115,13.238593866866118,86.0,73.0,-13.0,1,"lower-income, black_nh-plurality, farther reach",0.13710312246182826,0.18513719403582055,549.9206241943932,742.5852852776762
36047029700,4099,71382.0,38.8,21.200292754330324,69.28519151012442,0.6343010490363503,3.0983166626006344,81.0,70.0,-11.0,1,"lower-income, black_nh-plurality, farther reach",0.15389305166811457,0.19842513149602495,630.8076187876017,813.3446140022063
36047029900,2483,45395.0,37.4,24.567055980668545,58.19573097060008,0.0,13.813934756343134,84.0,73.0,-11.0,1,"lower-income, black_nh-plurality, farther reach",0.14358729437462942,0.18513719403582055,356.5272519322048,459.6956527909424
36047030100,3182,95441.0,32.6,14.456316781898177,70.7416719044626,0.502828409805154,11.785040854808297,86.0,73.0,-13.0,1,"lower-income, black_nh-plurality, farther reach",0.13710312246182826,0.18513719403582055,436.26213567353756,589.106551421981
36047030300,5748,45197.0,34.0,6.802366040361865,73.12108559498957,0.6263048016701461,11.012526096033403,89.0,76.0,-13.0,1,"lower-income, black_nh-plurality, farther reach",0.1279217364995969,0.17273910999597203,735.294141399683,992.9044042568472
36047030500,7181,124792.0,35.9,34.131736526946106,29.564127558835818,3.9270296616070186,24.81548530845286,81.0,67.0,-14.0,3,"higher-income, white_nh-plurality, closer reach",0.15389305166811457,0.21266679023771395,1105.1060040287307,1527.160220697024
36047030700,6571,51134.0,41.6,10.150661999695632,69.97412874752702,4.352457768984934,10.105006848272714,87.0,76.0,-11.0,1,"lower-income, black_nh-plurality, farther reach",0.13397168281703667,0.17273910999597203,880.3279277907479,1135.0686917835321
36047030900,2447,76278.0,31.0,5.5986922762566405,67.42950551695954,2.125051082958725,20.596648957907643,85.0,74.0,-11.0,1,"lower-income, black_nh-plurality, farther reach",0.14030775603867163,0.1809086546800473,343.3330790266295,442.68347800207573
36047031100,3389,90250.0,33.3,18.91413396282089,54.58837415166716,10.357037474181174,7.081735025081145,83.0,71.0,-12.0,1,"lower-income, black_nh-plurality, farther reach",0.14694348828545112,0.19389309522921686,497.99148179939385,657.1036997318159
36047031300,4346,102782.0,42.2,20.34054302807179,60.95260009203866,2.2549470777726643,5.77542567878509,84.0,70.0,-14.0,1,"lower-income, black_nh-plurality, farther reach",0.14358729437462942,0.19842513149602495,624.0303813521394,862.3556214817244
36047031500,5136,96461.0,31.8,37.24688473520249,40.57632398753894,7.515576323987539,9.462616822429906,80.0,68.0,-12.0,1,"lower-income, black_nh-plurality, farther reach",0.15749013123685918,0.20780947403569697,808.8693140325088,1067.3094586473396
36047031701,4150,94335.0,35.5,22.216867469879517,61.397590361445786,5.036144578313253,6.819277108433735,81.0,71.0,-10.0,1,"lower-income, black_nh-plurality, farther reach",0.15389305166811457,0.19389309522921686,638.6561644226755,804.6563452012499
36047031702,3812,112113.0,34.2,35.204616998950684,42.15634837355719,4.459601259181532,12.644281217208814,78.0,70.0,-8.0,1,"lower-income, black_nh-plurality, farther reach",0.16493848884661183,0.19842513149602495,628.7455194832843,756.3966012628471
36047031900,3356,98201.0,38.1,46.45411203814064,44.45768772348033,3.0691299165673422,6.019070321811681,81.0,74.0,-7.0,1,"lower-income, black_nh-plurality, farther reach",0.15389305166811457,0.1809086546800473,516.4650813981925,607.1294451062387
36047032100,5140,67292.0,36.5,15.272373540856032,47.95719844357976,2.587548638132296,29.202334630350194,82.0,75.0,-7.0,1,"lower-income, black_nh-plurality, farther reach",0.15037812951026458,0.17677669529663692,772.9435856827599,908.6322138247137
36047032300,3505,84015.0,38.9,18.801711840228247,57.51783166904422,0.11412268188302425,15.235378031383737,82.0,76.0,-6.0,1,"lower-income, black_nh-plurality, farther reach",0.15037812951026458,0.17273910999597203,527.0753439334774,605.450580535882
36047032500,6057,92274.0,32.5,18.17731550272412,69.07710087502063,0.8585108139342909,4.903417533432393,80.0,74.0,-6.0,1,"lower-income, black_nh-plurality, farther reach",0.15749013123685918,0.1809086546800473,953.917724901656,1095.7637213970465
36047032700,2701,71980.0,37.0,19.17808219178082,58.83006293965198,2.73972602739726,13.217326915957052,82.0,73.0,-9.0,1,"lower-income, black_nh-plurality, farther reach",0.15037812951026458,0.18513719403582055,406.17132780722466,500.05556109075127
36047032900,5901,102868.0,33.1,40.6371801389595,46.21250635485511,5.185561769191662,4.81274360277919,85.0,76.0,-9.0,1,"lower-income, black_nh-plurality, farther reach",0.14030775603867163,0.17273910999597203,827.9560683842012,1019.3334880862309
36047033100,4171,50293.0,29.2,41.52481419323903,46.72740350035963,0.0,6.161591944377847,85.0,80.0,-5.0,1,"lower-income, black_nh-plurality, farther reach",0.14030775603867163,0.15749013123685918,585.2236504372994,656.8913373889396
36047033300,4779,62253.0,25.1,76.64783427495291,14.040594266582968,0.35572295459301106,6.612261979493618,82.0,78.0,-4.0,3,"higher-income, white_nh-plurality, closer reach",0.15037812951026458,0.16493848884661183,718.6570809295545,788.2410381979579
36047033500,3522,92935.0,25.3,48.097671777399206,34.61101646791596,0.3975014196479273,6.104486087450312,80.0,76.0,-4.0,3,"higher-income, white_nh-plurality, closer reach",0.15749013123685918,0.17273910999597203,554.6802422162181,608.3871454058135
36047033701,2755,90083.0,31.0,43.41197822141561,35.46279491833031,0.617059891107078,15.753176043557168,78.0,74.0,-4.0,3,"higher-income, white_nh-plurality, closer reach",0.16493848884661183,0.1809086546800473,454.4055367724156,498.4033436435303
36047033702,1847,84941.0,30.2,57.11965349214943,28.641039523551704,2.273957769355712,11.640498105035192,78.0,74.0,-4.0,3,"higher-income, white_nh-plurality, closer reach",0.16493848884661183,0.1809086546800473,304.64138889969206,334.13828519404734
36047033900,4936,57475.0,39.3,18.213128038897892,51.25607779578606,5.36871961102107,7.354132901134522,80.0,75.0,-5.0,1,"lower-income, black_nh-plurality, farther reach",0.15749013123685918,0.17677669529663692,777.3712877851369,872.5697679841999
36047034100,2666,49638.0,44.6,23.36834208552138,53.18829707426857,2.250562640660165,11.702925731432858,86.0,74.0,-12.0,1,"lower-income, black_nh-plurality, farther reach",0.13710312246182826,0.1809086546800473,365.51692448323416,482.3024733770061
36047034300,4489,50417.0,40.0,12.274448652261082,48.60770773000668,0.0,29.828469592336823,86.0,75.0,-11.0,1,"lower-income, black_nh-plurality, farther reach",0.13710312246182826,0.17677669529663692,615.4559167311471,793.5505851866031
36047034500,2669,57937.0,35.4,31.17272386661671,53.39078306481829,3.44698388909704,6.781566129636568,84.0,77.0,-7.0,1,"lower-income, black_nh-plurality, farther reach",0.14358729437462942,0.16879374327102378,383.23448868588594,450.51050079036247
36047034700,3157,52644.0,37.1,8.837503959455178,76.68672790624011,0.0,9.43934114665822,87.0,78.0,-9.0,1,"lower-income, black_nh-plurality, farther reach",0.13397168281703667,0.16493848884661183,422.94860265338474,520.7108092887536
36047034901,2339,65868.0,33.7,5.087644292432664,56.60538691748611,0.0,30.739632321504917,82.0,78.0,-4.0,1,"lower-income, black_nh-plurality, farther reach",0.15037812951026458,0.16493848884661183,351.73444492450886,385.7911254122251
36047034902,3499,46571.0,34.6,10.94598456701915,77.56501857673621,0.0,9.602743641040297,82.0,78.0,-4.0,1,"lower-income, black_nh-plurality, farther reach",0.15037812951026458,0.16493848884661183,526.1730751564157,577.1197724742948
36047035101,1805,52987.0,30.0,4.598337950138504,65.26315789473684,2.3822714681440442,23.822714681440445,82.0,78.0,-4.0,1,"lower-income, black_nh-plurality, farther reach",0.15037812951026458,0.16493848884661183,271.43252376602754,297.71397236813436
36047035102,3253,49688.0,35.4,15.554872425453427,62.64986166615432,1.045189056255764,17.091915155241317,81.0,77.0,-4.0,1,"lower-income, black_nh-plurality, farther reach",0.15389305166811457,0.16879374327102378,500.6140970763767,549.0860468606404
36047035301,3002,49222.0,31.8,5.862758161225849,77.11525649566956,2.3317788141239175,11.159227181878748,81.0,77.0,-4.0,1,"lower-income, black_nh-plurality, farther reach",0.15389305166811457,0.16879374327102378,461.9869411076799,506.7188172996134
36047035302,3189,84052.0,33.9,19.661335841956728,61.02226403261211,0.0,17.121354656632175,81.0,77.0,-4.0,1,"lower-income, black_nh-plurality, farther reach",0.15389305166811457,0.16879374327102378,490.76494176961734,538.2832472912949
36047035500,5515,75965.0,44.7,15.41251133272892,64.91387126019946,0.0,12.456935630099728,84.0,80.0,-4.0,1,"lower-income, black_nh-plurality, farther reach",0.14358729437462942,0.15749013123685918,791.8839284760812,868.5580737712784
36047035701,2657,49288.0,34.9,0.5645464809936018,75.49868272487768,0.0,14.000752728641325,85.0,81.0,-4.0,1,"lower-income, black_nh-plurality, farther reach",0.14030775603867163,0.15389305166811457,372.7977077947505,408.8938382821804
36047035900,6665,66582.0,31.2,5.911477869467367,74.83870967741936,1.800450112528132,11.447861965491374,88.0,80.0,-8.0,1,"lower-income, black_nh-plurality, farther reach",0.13091176535257834,0.15749013123685918,872.5269160749347,1049.6717246936664
36047036100,2902,26250.0,43.4,7.0296347346657475,57.68435561681599,0.13783597518952448,31.874569262577534,90.0,79.0,-11.0,1,"lower-income, black_nh-plurality, farther reach",0.12500000000000003,0.16117128855494742,362.75000000000006,467.7190793864574
36047036300,4909,45565.0,35.1,0.0,74.74027296801792,0.2240782236708087,19.881849663882665,93.0,75.0,-18.0,1,"lower-income, black_nh-plurality, farther reach",0.11662912394210094,0.17677669529663692,572.5323694317735,867.7967972111907
36047036501,3467,63864.0,39.6,0.2884338044418806,74.09864436111913,4.153446783963081,18.6039803865013,87.0,70.0,-17.0,1,"lower-income, black_nh-plurality, farther reach",0.13397168281703667,0.19842513149602495,464.4798243266661,687.9399308967185
36047036502,2014,62740.0,24.3,1.6881827209533267,44.04170804369414,0.7944389275074478,51.78748758689176,90.0,65.0,-25.0,2,"lower-income, hispanic/latino-plurality, farther reach",0.12500000000000003,0.22272467953508487,251.75000000000006,448.56750458366093
36047036700,1982,68438.0,32.1,9.334006054490414,37.5882946518668,0.0,48.73864783047427,85.0,65.0,-20.0,2,"lower-income, hispanic/latino-plurality, farther reach",0.14030775603867163,0.22272467953508487,278.08997246864715,441.4403148385382
36047036900,5310,39513.0,36.5,14.067796610169491,49.02071563088512,2.4670433145009416,28.00376647834275,86.0,70.0,-16.0,1,"lower-income, black_nh-plurality, farther reach",0.13710312246182826,0.19842513149602495,728.0175802723081,1053.6374482438925
36047037100,4723,91285.0,32.7,11.221681134871904,75.62989625238195,0.5081515985602372,9.379631590091044,86.0,71.0,-15.0,1,"lower-income, black_nh-plurality, farther reach",0.13710312246182826,0.19389309522921686,647.5380473872149,915.7570887675912
36047037300,5258,81220.0,32.3,16.470140737923163,56.14302015975656,4.7736782046405475,15.06276150627615,92.0,73.0,-19.0,1,"lower-income, black_nh-plurality, farther reach",0.1193552004888021,0.18513719403582055,627.5696441701215,973.4513662403444
36047037500,3643,92955.0,32.9,15.618995333516333,49.40982706560527,5.65468020861927,27.88910238814164,91.0,68.0,-23.0,1,"lower-income, black_nh-plurality, farther reach",0.12214499605428075,0.20780947403569697,444.9742206257448,757.0499139120441
36047037700,4893,66302.0,35.2,24.831391784181484,56.24361332515839,2.0028612303290414,13.77478029838545,89.0,72.0,-17.0,1,"lower-income, black_nh-plurality, farther reach",0.1279217364995969,0.1894645708137998,625.9210566925276,927.0501449919225
36047037900,4834,59333.0,36.3,6.247414149772445,81.42325196524617,0.8274720728175424,6.826644600744725,84.0,73.0,-11.0,1,"lower-income, black_nh-plurality, farther reach",0.14358729437462942,0.18513719403582055,694.1009810069586,894.9531959691565
36047038100,5624,68790.0,36.9,15.096017069701281,57.005689900426745,1.333570412517781,20.999288762446657,85.0,73.0,-12.0,1,"lower-income, black_nh-plurality, farther reach",0.14030775603867163,0.18513719403582055,789.0908199614893,1041.2115792574548
36047038300,5456,85254.0,38.2,13.764662756598241,54.233870967741936,1.6129032258064515,20.417888563049853,90.0,71.0,-19.0,1,"lower-income, black_nh-plurality, farther reach",0.12500000000000003,0.19389309522921686,682.0000000000001,1057.8807275706072
36047038500,3895,96602.0,36.4,28.57509627727856,43.62002567394095,2.926829268292683,10.962772785622594,93.0,70.0,-23.0,1,"lower-income, black_nh-plurality, farther reach",0.11662912394210094,0.19842513149602495,454.27043775448317,772.8658871770172
36047038700,4830,79550.0,32.2,17.184265010351968,51.80124223602485,15.652173913043478,11.635610766045549,90.0,66.0,-24.0,1,"lower-income, black_nh-plurality, farther reach",0.12500000000000003,0.21763764082403103,603.7500000000001,1051.18980518007
36047038900,2829,95330.0,32.6,44.468009897490276,7.03428773418169,3.605514316012725,41.498762813715096,86.0,58.0,-28.0,3,"higher-income, white_nh-plurality, closer reach",0.13710312246182826,0.26182353070515674,387.8647334445122,740.6987683648885
36047039100,5243,101785.0,31.3,32.23345412931528,5.24508868968148,11.367537669273316,48.941445737173375,85.0,60.0,-25.0,2,"lower-income, hispanic/latino-plurality, farther reach",0.14030775603867163,0.25,735.6335649107554,1310.75
36047039300,3868,115435.0,29.7,28.490175801447776,20.01034126163392,7.549120992761117,39.1158221302999,89.0,62.0,-27.0,2,"lower-income, hispanic/latino-plurality, farther reach",0.1279217364995969,0.23871040097760418,494.8012767804408,923.331830981373
36047039500,3845,82875.0,31.7,35.08452535760728,28.400520156046813,2.5747724317295186,31.31339401820546,91.0,66.0,-25.0,2,"lower-income, hispanic/latino-plurality, farther reach",0.12214499605428075,0.21763764082403103,469.6475098287095,836.8167289683993
36047039700,3316,85486.0,33.5,27.41254523522316,36.97225572979493,2.322074788902292,27.895054282267793,91.0,71.0,-20.0,1,"lower-income, black_nh-plurality, farther reach",0.12214499605428075,0.19389309522921686,405.03280691599497,642.9495037800831
36047039900,4164,50592.0,31.0,10.542747358309319,31.26801152737752,4.562920268972142,50.0240153698367,94.0,73.0,-21.0,2,"lower-income, hispanic/latino-plurality, farther reach",0.1139653110697771,0.18513719403582055,474.55155529455186,770.9112759651567
36047040100,3552,76250.0,34.7,24.070945945945947,28.350225225225227,3.7725225225225225,38.766891891891895,93.0,73.0,-20.0,2,"lower-income, hispanic/latino-plurality, farther reach",0.11662912394210094,0.18513719403582055,414.2666482423425,657.6073132152346
36047040300,4086,90773.0,33.8,23.519334312285853,47.50367107195301,3.15712187958884,22.956436612824277,89.0,69.0,-20.0,1,"lower-income, black_nh-plurality, farther reach",0.1279217364995969,0.2030630990890589,522.688215337353,829.7158228778947
36047040500,1403,70091.0,36.7,18.531717747683537,34.49750534568781,2.5659301496792586,39.8431931575196,86.0,67.0,-19.0,2,"lower-income, hispanic/latino-plurality, farther reach",0.13710312246182826,0.21266679023771395,192.35568081394504,298.3715067035127
36047040900,3858,66864.0,35.8,20.787973043027474,10.497667185069984,3.602903058579575,56.66148263348885,89.0,70.0,-19.0,2,"lower-income, hispanic/latino-plurality, farther reach",0.1279217364995969,0.19842513149602495,493.52205941544486,765.5241573116642
36047041100,3001,80169.0,36.5,24.791736087970676,20.059980006664446,5.098300566477841,37.720759746751085,89.0,72.0,-17.0,2,"lower-income, hispanic/latino-plurality, farther reach",0.1279217364995969,0.1894645708137998,383.8931312352903,568.5831770122132
36047041200,3164,98056.0,38.2,52.275600505689,0.0,38.81163084702908,5.783817951959545,98.0,88.0,-10.0,3,"higher-income, white_nh-plurality, closer reach",0.1039047370178485,0.13091176535257834,328.7545879244727,414.2048255755579
36047041300,3620,107131.0,35.3,20.994475138121548,30.165745856353592,4.005524861878453,40.193370165745854,92.0,74.0,-18.0,2,"lower-income, hispanic/latino-plurality, farther reach",0.1193552004888021,0.1809086546800473,432.06582576946363,654.8893299417712
36047041401,1182,58750.0,37.5,73.09644670050761,4.991539763113368,1.353637901861252,15.98984771573604,99.0,89.0,-10.0,3,"higher-income, white_nh-plurality, closer reach",0.10153154954452946,0.1279217364995969,120.01029156163382,151.20349254252355
36047041500,4291,94470.0,35.2,15.241202516895829,37.93987415520858,1.9342810533675134,39.244931251456535,93.0,74.0,-19.0,2,"lower-income, hispanic/latino-plurality, farther reach",0.11662912394210094,0.1809086546800473,500.45557083555514,776.2790372320829
36047041700,3390,33981.0,35.5,5.958702064896755,23.03834808259587,4.896755162241888,63.89380530973451,89.0,71.0,-18.0,2,"lower-income, hispanic/latino-plurality, farther reach",0.1279217364995969,0.19389309522921686,433.65468673363347,657.2975928270452
36047041900,3417,65046.0,29.7,17.676324261047704,15.393620134621013,10.41849575651156,55.92625109745391,91.0,67.0,-24.0,2,"lower-income, hispanic/latino-plurality, farther reach",0.12214499605428075,0.21266679023771395,417.36945151747733,726.6824222422686
36047042100,4089,92635.0,33.7,24.43140132061629,9.415505013450721,11.249694301785278,49.327463927610665,89.0,64.0,-25.0,2,"lower-income, hispanic/latino-plurality, farther reach",0.1279217364995969,0.22793062213955423,523.0719805468517,932.0083139286372
36047042200,3102,68684.0,30.6,53.03030303030303,1.3539651837524178,8.188265635074146,24.564796905222437,99.0,89.0,-10.0,3,"higher-income, white_nh-plurality, closer reach",0.10153154954452946,0.1279217364995969,314.9508666871304,396.8132266217496
36047042300,4331,113750.0,30.7,34.9572846917571,6.303394135303625,7.1577003001616255,49.73447240821981,88.0,63.0,-25.0,2,"lower-income, hispanic/latino-plurality, farther reach",0.13091176535257834,0.23325824788420185,566.9788557420168,1010.2414715864783
36047042400,3403,70585.0,41.3,37.84895680282104,3.0855127828386717,48.31031442844549,9.903026741110784,99.0,89.0,-10.0,0,"higher-income, asian_nh-plurality, closer reach",0.10153154954452946,0.1279217364995969,345.51186310003374,435.31766930812825
36047042500,2913,90392.0,30.7,27.703398558187434,7.792653621695846,0.9612083762444216,62.99347751458977,82.0,61.0,-21.0,2,"lower-income, hispanic/latino-plurality, farther reach",0.15037812951026458,0.2442899921085615,438.05149126340075,711.6167470122397
36047042600,4410,62219.0,36.8,38.956916099773245,0.7482993197278912,34.852607709750565,22.811791383219955,101.0,90.0,-11.0,0,"higher-income, asian_nh-plurality, closer reach",0.09694654761460844,0.12500000000000003,427.5342749804232,551.2500000000001
36047042700,4215,84779.0,32.7,41.61328588374852,6.144721233689205,4.365361803084223,39.09845788849348,82.0,62.0,-20.0,2,"lower-income, hispanic/latino-plurality, farther reach",0.15037812951026458,0.23871040097760418,633.8438158857653,1006.1643401206017
36047042900,5074,66250.0,29.4,19.767441860465116,4.729996058336618,5.932203389830509,61.016949152542374,84.0,65.0,-19.0,2,"lower-income, hispanic/latino-plurality, farther reach",0.14358729437462942,0.22272467953508487,728.5619316568697,1130.1050239610206
36047043100,4023,89548.0,30.5,39.00074571215511,9.66940094456873,7.307979120059657,39.67188665175242,85.0,63.0,-22.0,2,"lower-income, hispanic/latino-plurality, farther reach",0.14030775603867163,0.23325824788420185,564.4581025435759,938.397931238144
36047043200,4098,88088.0,39.0,34.67545143972669,0.9272816007808687,44.826744753538314,15.104929233772571,99.0,89.0,-10.0,0,"higher-income, asian_nh-plurality, closer reach",0.10153154954452946,0.1279217364995969,416.0762900334817,524.2232761753481
36047043300,3621,44975.0,31.8,6.572769953051643,24.827395747031208,5.79950289975145,54.128693731013534,85.0,65.0,-20.0,2,"lower-income, hispanic/latino-plurality, farther reach",0.14030775603867163,0.22272467953508487,508.05438461602995,806.4860645965423
36047043400,4061,68333.0,38.7,42.32947549864566,0.0,33.83403102684068,13.888204875646393,100.0,90.0,-10.0,0,"higher-income, asian_nh-plurality, closer reach",0.09921256574801247,0.12500000000000003,402.90222950267867,507.6250000000001
36047043500,4971,86367.0,32.8,12.774089720378193,11.526855763427882,8.066787366727016,62.72379802856568,87.0,70.0,-17.0,2,"lower-income, hispanic/latino-plurality, farther reach",0.13397168281703667,0.19842513149602495,665.9732352834893,986.37132866674
36047043600,4591,79464.0,40.6,37.878457852319755,1.916793726856894,37.31213243302113,18.470921367893705,99.0,89.0,-10.0,0,"higher-income, asian_nh-plurality, closer reach",0.10153154954452946,0.1279217364995969,466.13134395893474,587.2886922696493
36047043700,5228,62054.0,32.3,15.742157612853864,12.452180566182097,1.836266258607498,64.02065799540934,87.0,69.0,-18.0,2,"lower-income, hispanic/latino-plurality, farther reach",0.13397168281703667,0.2030630990890589,700.4039577674677,1061.6138820376
36047043800,2383,74808.0,37.0,62.274443978178766,2.5178346621905163,10.532941670163659,14.68736886277801,97.0,87.0,-10.0,3,"higher-income, white_nh-plurality, closer reach",0.10633339511885696,0.13397168281703667,253.39248056823615,319.2545201529984
36047043900,4045,91742.0,34.4,8.281829419035846,16.687268232385662,12.558714462299134,62.10135970333745,84.0,66.0,-18.0,2,"lower-income, hispanic/latino-plurality, farther reach",0.14358729437462942,0.21763764082403103,580.8106057453759,880.3442571332055
36047044000,2646,89831.0,31.6,73.77173091458806,0.30234315948601664,7.8231292517006805,17.120181405895693,98.0,88.0,-10.0,3,"higher-income, white_nh-plurality, closer reach",0.1039047370178485,0.13091176535257834,274.9319341492271,346.39253112292226
36047044100,4884,66866.0,33.0,21.17117117117117,5.507780507780508,4.791154791154791,67.73136773136773,83.0,66.0,-17.0,2,"lower-income, hispanic/latino-plurality, farther reach",0.14694348828545112,0.21763764082403103,717.6719967861433,1062.9422377845676
36047044300,4272,91908.0,34.7,39.13857677902622,3.2537453183520597,6.086142322097379,47.82303370786517,80.0,63.0,-17.0,2,"lower-income, hispanic/latino-plurality, farther reach",0.15749013123685918,0.23325824788420185,672.7978406438624,996.4792349613103
36047044400,3084,71929.0,32.9,80.38261997405966,1.1997405966277561,3.501945525291829,14.494163424124514,100.0,90.0,-10.0,3,"higher-income, white_nh-plurality, closer reach",0.09921256574801247,0.12500000000000003,305.97155276687045,385.5000000000001
36047044500,3956,85741.0,34.7,25.70778564206269,2.0222446916076846,12.462082912032356,56.900910010111225,80.0,63.0,-17.0,2,"lower-income, hispanic/latino-plurality, farther reach",0.15749013123685918,0.23325824788420185,623.0309591730149,922.7696286299025
36047044600,2034,65037.0,32.3,31.6125860373648,1.0324483775811208,40.21632251720747,20.255653883972467,96.0,86.0,-10.0,0,"higher-income, asian_nh-plurality, closer reach",0.10881882041201553,0.13710312246182826,221.3374807180396,278.86775108735867
36047044700,2470,90774.0,35.4,43.441295546558706,13.117408906882591,2.5101214574898787,35.06072874493927,77.0,60.0,-17.0,3,"higher-income, white_nh-plurality, closer reach",0.16879374327102378,0.25,416.92054587942874,617.5
36047044800,1787,86932.0,42.9,83.49188584219362,0.39171796306659207,9.96082820369334,4.868494683827644,98.0,88.0,-10.0,3,"higher-income, white_nh-plurality, closer reach",0.1039047370178485,0.13091176535257834,185.67776505089526,233.9393246850575
36047044901,2567,61451.0,30.6,14.842228282041294,54.3046357615894,3.934553954031944,23.607323724191662,81.0,56.0,-25.0,1,"lower-income, black_nh-plurality, farther reach",0.15389305166811457,0.2742062449236565,395.0434636320501,703.8874307190262
36047045000,863,88558.0,28.8,75.78215527230591,1.0428736964078795,5.214368482039397,12.630359212050985,93.0,83.0,-10.0,3,"higher-income, white_nh-plurality, closer reach",0.11662912394210094,0.14694348828545112,100.65093396203311,126.81223039034431
36047045300,1938,66856.0,36.5,28.689370485036118,25.799793601651185,3.9215686274509802,30.4953560371517,79.0,61.0,-18.0,2,"lower-income, hispanic/latino-plurality, farther reach",0.16117128855494742,0.2442899921085615,312.3499572194881,473.4340047063922
36047045400,1951,90859.0,29.8,57.15017939518196,20.96360840594567,0.5638134290107637,19.682214249103023,98.0,89.0,-9.0,3,"higher-income, white_nh-plurality, closer reach",0.1039047370178485,0.1279217364995969,202.71814192182242,249.57530791071355
36047045600,2245,76047.0,43.9,48.28507795100223,0.89086859688196,26.325167037861917,22.360801781737194,95.0,87.0,-8.0,0,"higher-income, asian_nh-plurality, closer reach",0.11136233976754245,0.13397168281703667,250.0084527781328,300.7664279242473
36047045800,1132,68393.0,42.8,96.113074204947,0.8833922261484098,0.0,0.7950530035335689,95.0,87.0,-8.0,3,"higher-income, white_nh-plurality, closer reach",0.11136233976754245,0.13397168281703667,126.06216861685806,151.65594494888552
36047046000,3335,105900.0,36.1,36.67166416791604,4.1079460269865065,28.545727136431783,22.848575712143926,92.0,83.0,-9.0,3,"higher-income, white_nh-plurality, closer reach",0.1193552004888021,0.14694348828545112,398.049593630155,490.05653343197946
36047046201,2575,43711.0,34.7,77.28155339805825,0.038834951456310676,13.553398058252426,4.077669902912621,95.0,85.0,-10.0,3,"higher-income, white_nh-plurality, closer reach",0.11136233976754245,0.14030775603867163,286.75802490142183,361.29247179957946
36047046202,1847,91328.0,29.0,78.99296155928533,1.7866811044937736,15.105576610720087,3.6816459122902003,94.0,84.0,-10.0,3,"higher-income, white_nh-plurality, closer reach",0.1139653110697771,0.14358729437462942,210.4939295458783,265.20573270994055
36047046400,2768,68315.0,19.9,89.88439306358381,0.46965317919075145,4.263005780346821,3.865606936416185,93.0,83.0,-10.0,3,"higher-income, white_nh-plurality, closer reach",0.11662912394210094,0.14694348828545112,322.8294150717354,406.7395755741287
36047046800,2215,40250.0,21.9,99.59367945823928,0.22573363431151242,0.0,0.18058690744920994,97.0,87.0,-10.0,3,"higher-income, white_nh-plurality, closer reach",0.10633339511885696,0.13397168281703667,235.5284701882682,296.7472774397362
36047047200,2958,72153.0,19.3,90.06085192697769,0.676132521974307,0.0,0.8789722785665991,98.0,88.0,-10.0,3,"higher-income, white_nh-plurality, closer reach",0.1039047370178485,0.13091176535257834,307.35021209879585,387.23700191292676
36047047400,2974,64625.0,20.5,86.91997310020174,0.16812373907195696,1.109616677874916,4.3375924680564895,97.0,87.0,-10.0,3,"higher-income, white_nh-plurality, closer reach",0.10633339511885696,0.13397168281703667,316.2355170834806,398.43178469786704
36047047600,3839,75026.0,16.9,90.36207345662933,3.5686376660588697,1.4326647564469914,0.28653295128939826,94.0,84.0,-10.0,3,"higher-income, white_nh-plurality, closer reach",0.1139653110697771,0.14358729437462942,437.5128291968743,551.2316231042023
36047047700,4102,174977.0,32.7,75.52413456850317,0.8288639687957094,8.166747927840078,8.654314968308142,77.0,54.0,-23.0,3,"higher-income, white_nh-plurality, closer reach",0.16879374327102378,0.2871745887492588,692.3919348977396,1177.9901630494594
36047047800,5164,57591.0,19.0,82.78466305189775,1.7428350116189,4.570100697134005,6.448489542989931,91.0,81.0,-10.0,3,"higher-income, white_nh-plurality, closer reach",0.12214499605428075,0.15389305166811457,630.7567596243058,794.7037188141436
36047048000,3534,43074.0,33.5,55.97057159026599,1.3582342954159592,16.6383701188455,24.476513865308434,91.0,81.0,-10.0,3,"higher-income, white_nh-plurality, closer reach",0.12214499605428075,0.15389305166811457,431.6604160558282,543.8580445951169
36047048100,2902,96031.0,34.0,47.24328049620951,1.3094417643004825,7.546519641626465,39.38662991040662,76.0,54.0,-22.0,3,"higher-income, white_nh-plurality, closer reach",0.17273910999597203,0.2871745887492588,501.2888972083108,833.3806565503489
36047048200,5455,58071.0,41.7,38.5884509624198,5.169569202566453,28.56095325389551,26.89275893675527,95.0,85.0,-10.0,0,"higher-income, asian_nh-plurality, closer reach",0.11136233976754245,0.14030775603867163,607.4815634319441,765.3788091909537
36047048400,5371,86908.0,32.7,58.275926270713086,12.195121951219512,12.567492087134612,15.118227518153045,93.0,83.0,-10.0,3,"higher-income, white_nh-plurality, closer reach",0.11662912394210094,0.14694348828545112,626.4150246930242,789.2334755811579
36047048500,2371,125417.0,32.9,46.47827920708562,7.676086039645719,8.435259384226065,36.10291016448756,76.0,59.0,-17.0,3,"higher-income, white_nh-plurality, closer reach",0.17273910999597203,0.2558434729991938,409.56442980044966,606.6048744810885
36047048600,3200,61281.0,27.5,13.3125,20.6875,42.625,20.625,90.0,77.0,-13.0,0,"higher-income, asian_nh-plurality, closer reach",0.12500000000000003,0.16879374327102378,400.0000000000001,540.1399784672761
36047048800,4054,74012.0,37.9,48.840651208682786,11.371484953132708,18.87025160335471,9.27479033053774,92.0,78.0,-14.0,3,"higher-income, white_nh-plurality, closer reach",0.1193552004888021,0.16493848884661183,483.86598278160375,668.6606337841644
36047048900,3228,33102.0,33.4,1.1462205700123915,39.99380421313507,0.4646840148698885,58.39529120198265,79.0,58.0,-21.0,2,"lower-income, hispanic/latino-plurality, farther reach",0.16117128855494742,0.26182353070515674,520.2609194553703,845.166357116246
36047049000,5266,73988.0,35.7,32.09266995822256,2.0508925180402584,40.52411697683251,18.363083934675274,94.0,83.0,-11.0,0,"higher-income, asian_nh-plurality, closer reach",0.1139653110697771,0.14694348828545112,600.1413280934462,773.8044093111856
36047049100,7170,46933.0,40.8,18.85634588563459,14.825662482566248,28.91213389121339,36.09483960948396,82.0,54.0,-28.0,0,"higher-income, asian_nh-plurality, closer reach",0.15037812951026458,0.2871745887492588,1078.211188588597,2059.0418013321855
36047049200,2759,111964.0,43.9,40.52192823486771,18.086263138818413,20.514679231605655,14.642986589343964,94.0,83.0,-11.0,3,"higher-income, white_nh-plurality, closer reach",0.1139653110697771,0.14694348828545112,314.430293241515,405.41708417955965
36047049301,2169,22521.0,31.9,0.0,25.08068234209313,0.0,72.89073305670816,75.0,54.0,-21.0,2,"lower-income, hispanic/latino-plurality, farther reach",0.17677669529663692,0.2871745887492588,383.4286520984055,622.8816829971423
36047049302,4691,71328.0,35.4,26.945214240034108,3.453421445320827,5.094862502664677,61.58601577488808,74.0,56.0,-18.0,2,"lower-income, hispanic/latino-plurality, farther reach",0.1809086546800473,0.2742062449236565,848.6424991041018,1286.3014949368726
36047049400,5512,100878.0,42.0,47.60522496371553,9.887518142235123,11.937590711175616,17.94267053701016,92.0,78.0,-14.0,3,"higher-income, white_nh-plurality, closer reach",0.1193552004888021,0.16493848884661183,657.8858650942772,909.1409505225245
36047049500,2939,96875.0,33.5,47.669275263695134,10.717931269139163,10.615855733242599,27.696495406600885,73.0,53.0,-20.0,3,"higher-income, white_nh-plurality, closer reach",0.18513719403582055,0.2938869765709022,544.1182132712765,863.7338241418815
36047049600,4006,79213.0,35.2,43.609585621567646,1.4478282576135797,27.708437343984023,26.635047428856716,88.0,74.0,-14.0,3,"higher-income, white_nh-plurality, closer reach",0.13091176535257834,0.1809086546800473,524.4325320024288,724.7200706482695
36047049700,3290,142054.0,32.9,66.59574468085107,4.0121580547112465,7.142857142857143,20.75987841945289,72.0,55.0,-17.0,3,"higher-income, white_nh-plurality, closer reach",0.1894645708137998,0.2806155120773433,623.3384379774013,923.2250347344595
36047049800,4163,79632.0,37.6,30.65097285611338,5.668988710064857,36.87244775402354,18.736488109536392,90.0,76.0,-14.0,0,"higher-income, asian_nh-plurality, closer reach",0.12500000000000003,0.17273910999597203,520.3750000000001,719.1129149132315
36047049900,2285,112321.0,33.6,70.15317286652079,3.1947483588621446,7.00218818380744,4.070021881838074,79.0,48.0,-31.0,3,"higher-income, white_nh-plurality, closer reach",0.16117128855494742,0.3298769776932236,368.27639434805485,753.7688940290159
36047050001,2279,120787.0,48.1,60.4212373848179,6.494076349275998,13.777972795085564,11.408512505484861,89.0,75.0,-14.0,3,"higher-income, white_nh-plurality, closer reach",0.1279217364995969,0.17677669529663692,291.53363748258136,402.87408858103555
36047050002,1726,167604.0,39.6,48.72537659327926,8.16917728852839,6.952491309385863,24.6234067207416,91.0,77.0,-14.0,3,"higher-income, white_nh-plurality, closer reach",0.12214499605428075,0.16879374327102378,210.82226318968858,291.33800088578704
36047050100,3089,132159.0,33.5,58.88637099384914,3.1401748138556167,6.247976691485918,22.661055357720944,72.0,50.0,-22.0,3,"higher-income, white_nh-plurality, closer reach",0.1894645708137998,0.3149802624737183,585.2560592438276,972.9740307813158
36047050202,2281,96310.0,49.7,66.37439719421306,2.498903989478299,9.16264796142043,12.012275317843052,88.0,74.0,-14.0,3,"higher-income, white_nh-plurality, closer reach",0.13091176535257834,0.1809086546800473,298.6097367692312,412.6526413251879
36047050300,3044,168029.0,33.9,60.08541392904073,0.0,8.180026281208935,27.628120893561103,74.0,49.0,-25.0,3,"higher-income, white_nh-plurality, closer reach",0.1809086546800473,0.32234257710989483,550.685944846064,981.2108047225199
36047050401,2824,152739.0,39.5,69.05099150141643,9.91501416430595,5.276203966005665,8.81728045325779,88.0,74.0,-14.0,3,"higher-income, white_nh-plurality, closer reach",0.13091176535257834,0.1809086546800473,369.69482535568125,510.88604081645354
36047050402,1935,171681.0,41.9,55.50387596899225,25.478036175710596,4.289405684754522,6.5633074935400515,93.0,78.0,-15.0,3,"higher-income, white_nh-plurality, closer reach",0.11662912394210094,0.16493848884661183,225.67735482796533,319.1559759181939
36047050500,4284,82541.0,34.1,21.288515406162464,15.266106442577032,12.161531279178337,46.148459383753504,78.0,53.0,-25.0,2,"lower-income, hispanic/latino-plurality, farther reach",0.16493848884661183,0.2938869765709022,706.596486218885,1259.011807629745
36047050600,5675,69977.0,40.6,25.973568281938327,27.24229074889868,13.145374449339206,26.378854625550662,89.0,80.0,-9.0,1,"lower-income, black_nh-plurality, farther reach",0.1279217364995969,0.15749013123685918,725.9558546352124,893.7564947691758
36047050700,3869,58125.0,14.3,90.64357715171879,0.5427759110881365,0.12923235978288963,8.555182217627294,83.0,52.0,-31.0,3,"higher-income, white_nh-plurality, closer reach",0.14694348828545112,0.3007562590205292,568.5243561764104,1163.6259661504275
36047050801,3718,69446.0,32.7,8.176438945669714,55.21785906401291,5.406132329209252,24.79827864443249,87.0,78.0,-9.0,1,"lower-income, black_nh-plurality, farther reach",0.13397168281703667,0.16493848884661183,498.10671671374234,613.2413015317028
36047050803,2608,79242.0,32.5,24.309815950920246,47.16257668711656,1.7254601226993864,22.54601226993865,84.0,75.0,-9.0,1,"lower-income, black_nh-plurality, farther reach",0.14358729437462942,0.17677669529663692,374.4756637290335,461.03362133362907
36047050804,6765,108871.0,34.9,30.33259423503326,43.60679970436068,4.0798226164079825,18.28529194382853,85.0,76.0,-9.0,1,"lower-income, black_nh-plurality, farther reach",0.14030775603867163,0.17273910999597203,949.1819696016136,1168.5800791227507
36047050900,5473,40598.0,14.6,83.50082221816189,0.0,0.0,8.368353736524758,80.0,49.0,-31.0,3,"higher-income, white_nh-plurality, closer reach",0.15749013123685918,0.32234257710989483,861.9434882593303,1764.1809245224545
36047051001,4652,58877.0,30.5,4.557179707652622,75.55889939810834,3.869303525365434,12.10232158211522,91.0,82.0,-9.0,1,"lower-income, black_nh-plurality, farther reach",0.12214499605428075,0.15037812951026458,568.2185216445141,699.5590584817509
36047051002,4028,64128.0,37.3,13.20754716981132,58.39126117179742,3.326713008937438,16.832174776564052,88.0,79.0,-9.0,1,"lower-income, black_nh-plurality, farther reach",0.13091176535257834,0.16117128855494742,527.3125908401855,649.1979502993282
36047051100,3922,85383.0,35.0,39.979602243753185,1.6573176950535442,17.44008159102499,39.62264150943396,78.0,49.0,-29.0,3,"higher-income, white_nh-plurality, closer reach",0.16493848884661183,0.32234257710989483,646.8887532564116,1264.2275874250076
36047051200,5991,82240.0,37.7,19.44583541979636,50.926389584376565,4.656985478217326,20.881321982974463,88.0,79.0,-9.0,1,"lower-income, black_nh-plurality, farther reach",0.13091176535257834,0.16117128855494742,784.2923862272968,965.5771897326899
36047051300,5628,133132.0,31.9,43.194740582800286,2.5764036958066807,8.26226012793177,40.72494669509595,74.0,47.0,-27.0,3,"higher-income, white_nh-plurality, closer reach",0.1809086546800473,0.3375874865420475,1018.1539085393061,1899.9423742586434
36047051400,7214,88929.0,38.0,16.63432215137233,44.71860271693929,3.8536179650679236,31.86858885500416,89.0,80.0,-9.0,1,"lower-income, black_nh-plurality, farther reach",0.1279217364995969,0.15749013123685918,922.8274071080921,1136.133806742702
36047051500,2839,226450.0,33.8,65.16379006692497,3.9450510743219445,16.308559351884465,8.101444170482564,75.0,49.0,-26.0,3,"higher-income, white_nh-plurality, closer reach",0.17677669529663692,0.32234257710989483,501.8690379471522,915.1305764149914
36047051601,4824,68202.0,35.0,10.883084577114428,59.24543946932007,5.866500829187396,19.174958540630183,94.0,85.0,-9.0,1,"lower-income, black_nh-plurality, farther reach",0.1139653110697771,0.14030775603867163,549.7686606006047,676.8446151305519
36047051602,3784,80341.0,39.7,10.676532769556026,60.835095137420716,1.9291754756871036,26.004228329809724,93.0,84.0,-9.0,1,"lower-income, black_nh-plurality, farther reach",0.11662912394210094,0.14358729437462942,441.32460499690995,543.3343219135977
36047051700,2853,220795.0,32.9,61.409043112513146,2.0329477742726954,6.519453207150368,17.80581843673326,73.0,47.0,-26.0,3,"higher-income, white_nh-plurality, closer reach",0.18513719403582055,0.3375874865420475,528.196414584196,963.1370991044615
36047051800,3448,101985.0,37.7,32.10556844547564,33.72969837587007,7.65661252900232,14.008120649651973,91.0,82.0,-9.0,1,"lower-income, black_nh-plurality, farther reach",0.12214499605428075,0.15037812951026458,421.15594639516,518.5037905513923
36047051900,5725,212881.0,32.2,63.12663755458515,1.1528384279475983,15.860262008733624,13.83406113537118,71.0,51.0,-20.0,3,"higher-income, white_nh-plurality, closer reach",0.19389309522921686,0.3077861033362291,1110.0379701872664,1762.0754415999115
36047052000,3544,121325.0,37.7,32.957110609480814,20.28781038374718,32.11060948081264,9.396162528216705,91.0,82.0,-9.0,3,"higher-income, white_nh-plurality, closer reach",0.12214499605428075,0.15037812951026458,432.88186601637096,532.9400909843777
36047052300,5432,77976.0,32.1,33.32106038291605,4.436671575846834,5.228276877761414,51.84094256259205,76.0,55.0,-21.0,2,"lower-income, hispanic/latino-plurality, farther reach",0.17273910999597203,0.2806155120773433,938.31884549812,1524.3034616041289
36047052500,3501,51393.0,28.0,72.1793773207655,0.0,4.770065695515567,23.050556983718938,79.0,55.0,-24.0,3,"higher-income, white_nh-plurality, closer reach",0.16117128855494742,0.2806155120773433,564.2606812308709,982.434907782779
36047052600,3879,88520.0,36.6,45.08894044856922,17.7107501933488,17.942768754833722,16.267079144109307,93.0,84.0,-9.0,3,"higher-income, white_nh-plurality, closer reach",0.11662912394210094,0.14358729437462942,452.40437177140956,556.9751148791875
36047052700,5921,63608.0,33.1,24.489106569836178,2.094240837696335,9.356527613578788,62.50633338963013,79.0,51.0,-28.0,2,"lower-income, hispanic/latino-plurality, farther reach",0.16117128855494742,0.3077861033362291,954.2951995338436,1822.4015178538123
36047052800,1826,120670.0,43.2,54.92880613362541,5.47645125958379,30.120481927710845,4.490690032858708,92.0,83.0,-9.0,3,"higher-income, white_nh-plurality, closer reach",0.1193552004888021,0.14694348828545112,217.94259609255263,268.31880960923377
36047052900,3113,41576.0,26.4,77.16029553485384,0.0,6.231930613556055,16.093800192740122,80.0,51.0,-29.0,3,"higher-income, white_nh-plurality, closer reach",0.15749013123685918,0.3077861033362291,490.2667785403426,958.1381396856812
36047053000,3628,76684.0,34.9,63.80926130099228,4.74090407938258,18.357221609702314,5.7607497243660415,94.0,85.0,-9.0,3,"higher-income, white_nh-plurality, closer reach",0.1139653110697771,0.14030775603867163,413.46614856115133,509.03653890830066
36047053102,6226,68487.0,15.8,96.6591712174751,0.0,0.0,0.33729521362030196,82.0,51.0,-31.0,3,"higher-income, white_nh-plurality, closer reach",0.15037812951026458,0.3077861033362291,936.2542343309073,1916.2762793713623
36047053200,2296,67273.0,37.2,49.69512195121951,4.2682926829268295,15.461672473867596,7.055749128919861,91.0,82.0,-9.0,3,"higher-income, white_nh-plurality, closer reach",0.12214499605428075,0.15037812951026458,280.44491094062863,345.2681853555675
36047053300,6233,34889.0,18.9,95.70030482913525,0.16043638697256538,0.016043638697256536,4.0911278678004175,83.0,55.0,-28.0,3,"higher-income, white_nh-plurality, closer reach",0.14694348828545112,0.2806155120773433,915.8987624832168,1749.0764867780808
36047053400,4488,67240.0,32.9,47.593582887700535,11.853832442067736,33.75668449197861,4.122103386809269,94.0,85.0,-9.0,3,"higher-income, white_nh-plurality, closer reach",0.1139653110697771,0.14030775603867163,511.4763160811596,629.7012091015582
36047053500,4275,24912.0,18.2,88.60818713450293,0.0,0.0,5.614035087719298,82.0,58.0,-24.0,3,"higher-income, white_nh-plurality, closer reach",0.15037812951026458,0.26182353070515674,642.866503656381,1119.295593764545
36047053700,4181,42471.0,14.8,97.15379095910069,1.8416646735230806,0.8610380291796221,0.1435063381966037,87.0,58.0,-29.0,3,"higher-income, white_nh-plurality, closer reach",0.13397168281703667,0.26182353070515674,560.1356058580303,1094.6841818782602
36047053800,5806,70978.0,37.9,58.14674474681364,14.795039614192214,8.88735790561488,14.106097140888735,93.0,84.0,-9.0,3,"higher-income, white_nh-plurality, closer reach",0.11662912394210094,0.14358729437462942,677.148693607838,833.6678311390984
36047053900,2552,43688.0,39.3,76.95924764890282,4.976489028213166,0.6269592476489029,17.437304075235108,86.0,62.0,-24.0,3,"higher-income, white_nh-plurality, closer reach",0.13710312246182826,0.23871040097760418,349.88716852258574,609.1889432948459
36047054200,4041,57472.0,44.7,65.03340757238307,3.885176936401881,6.632021776787924,16.728532541450136,99.0,90.0,-9.0,3,"higher-income, white_nh-plurality, closer reach",0.10153154954452946,0.12500000000000003,410.28899170944356,505.1250000000001
36047054400,3906,67500.0,37.8,82.33486943164363,0.0,16.589861751152075,0.5376344086021505,98.0,89.0,-9.0,3,"higher-income, white_nh-plurality, closer reach",0.1039047370178485,0.1279217364995969,405.8519027917162,499.6623027674255
36047054500,7454,36559.0,26.8,40.24684733029246,38.958948215723105,0.09390931043734907,19.66729272873625,85.0,63.0,-22.0,1,"lower-income, black_nh-plurality, farther reach",0.14030775603867163,0.23325824788420185,1045.8540135122582,1738.7069797288407
36047054700,8440,91108.0,24.5,72.99763033175356,5.6753554502369665,3.8270142180094786,12.92654028436019,85.0,63.0,-22.0,3,"higher-income, white_nh-plurality, closer reach",0.14030775603867163,0.23325824788420185,1184.1974609663885,1968.6996121426637
36047054900,4645,171250.0,31.3,64.43487621097955,0.0,4.865446716899893,23.638320775026912,81.0,62.0,-19.0,3,"higher-income, white_nh-plurality, closer reach",0.15389305166811457,0.23871040097760418,714.8332249983922,1108.8098125409715
36047055100,6797,162577.0,35.4,47.78578784757981,4.72267176695601,8.253641312343682,33.83845814329852,78.0,61.0,-17.0,3,"higher-income, white_nh-plurality, closer reach",0.16493848884661183,0.2442899921085615,1121.0869086904206,1660.4390763618926
36047055200,3745,107734.0,47.4,71.37516688918558,0.3471295060080107,18.397863818424565,3.497997329773031,95.0,86.0,-9.0,3,"higher-income, white_nh-plurality, closer reach",0.11136233976754245,0.13710312246182826,417.05196242944646,513.4511936195469
36047055300,3325,141250.0,32.1,56.932330827067666,1.5639097744360901,7.157894736842105,28.872180451127818,70.0,55.0,-15.0,3,"higher-income, white_nh-plurality, closer reach",0.19842513149602495,0.2806155120773433,659.763562224283,933.0465776571665
36047055400,4088,61740.0,38.4,69.03131115459882,0.7093933463796478,13.747553816046967,13.233855185909981,96.0,87.0,-9.0,3,"higher-income, white_nh-plurality, closer reach",0.10881882041201553,0.13397168281703667,444.85133784431946,547.6762393560459
36047055500,9183,188015.0,33.1,60.53577262332571,1.796798431885005,9.419579658063814,19.416312751824023,76.0,58.0,-18.0,3,"higher-income, white_nh-plurality, closer reach",0.17273910999597203,0.26182353070515674,1586.2632470930112,2404.325482465454
36047055700,1775,146765.0,33.5,73.2394366197183,0.0,7.549295774647887,15.605633802816902,76.0,52.0,-24.0,3,"higher-income, white_nh-plurality, closer reach",0.17273910999597203,0.3007562590205292,306.6119202428504,533.8423597614394
36047056100,3580,160810.0,35.2,64.86033519553072,3.994413407821229,4.664804469273743,17.23463687150838,82.0,49.0,-33.0,3,"higher-income, white_nh-plurality, closer reach",0.15037812951026458,0.32234257710989483,538.3537036467472,1153.9864260534234
36047056301,4778,146458.0,34.2,62.99706990372541,2.1557136877354544,7.890330682293847,22.143156132272917,82.0,44.0,-38.0,3,"higher-income, white_nh-plurality, closer reach",0.15037812951026458,0.36181730936009454,718.5067028000442,1728.7631041225318
36047056302,2140,74732.0,35.6,48.08411214953271,9.953271028037383,5.327102803738318,35.373831775700936,81.0,48.0,-33.0,3,"higher-income, white_nh-plurality, closer reach",0.15389305166811457,0.3298769776932236,329.33113056976515,705.9367322634985
36047056500,3340,118032.0,36.2,73.7125748502994,0.7784431137724551,7.81437125748503,12.425149700598803,85.0,44.0,-41.0,3,"higher-income, white_nh-plurality, closer reach",0.14030775603867163,0.36181730936009454,468.6279051691632,1208.4698132627157
36047056900,1744,164519.0,35.6,75.0,1.146788990825688,4.529816513761468,14.736238532110091,78.0,44.0,-34.0,3,"higher-income, white_nh-plurality, closer reach",0.16493848884661183,0.36181730936009454,287.65272454849105,631.0093875240049
36047057100,4184,117832.0,36.5,75.1434034416826,0.07170172084130019,3.7523900573613767,8.867112810707457,82.0,45.0,-37.0,3,"higher-income, white_nh-plurality, closer reach",0.15037812951026458,0.3535533905932738,629.182093870947,1479.2673862422575
36047057300,2482,148875.0,34.8,70.14504431909751,4.955680902497986,4.35132957292506,11.966156325543917,86.0,48.0,-38.0,3,"higher-income, white_nh-plurality, closer reach",0.13710312246182826,0.3298769776932236,340.2899499502578,818.754658634581
36047057500,4903,128304.0,33.0,58.92310830104018,3.8547827860493578,5.282480114215787,17.6014684886804,82.0,42.0,-40.0,3,"higher-income, white_nh-plurality, closer reach",0.15037812951026458,0.37892914162759955,737.3039689888273,1857.8895814001205
36047057901,1427,137366.0,34.4,46.39103013314646,14.225648213034338,12.683952347582341,23.68605466012614,78.0,43.0,-35.0,3,"higher-income, white_nh-plurality, closer reach",0.16493848884661183,0.3702743880716411,235.3672235841151,528.3815517782318
36047058901,1876,110313.0,36.6,85.60767590618337,0.6929637526652452,2.55863539445629,4.797441364605544,90.0,52.0,-38.0,3,"higher-income, white_nh-plurality, closer reach",0.12500000000000003,0.3007562590205292,234.50000000000006,564.2187419225128
36047059100,3885,135339.0,37.5,74.72329472329473,1.8532818532818534,3.371943371943372,13.95109395109395,83.0,51.0,-32.0,3,"higher-income, white_nh-plurality, closer reach",0.14694348828545112,0.3077861033362291,570.8754519889776,1195.74901146125
36047059300,2603,106544.0,36.2,73.3384556281214,0.9220130618517096,1.9592777564348829,18.32500960430273,88.0,51.0,-37.0,3,"higher-income, white_nh-plurality, closer reach",0.13091176535257834,0.3077861033362291,340.7633252127614,801.1672269842043
36047075200,1151,162938.0,17.3,99.56559513466551,0.0,0.0,0.0,97.0,88.0,-9.0,3,"higher-income, white_nh-plurality, closer reach",0.10633339511885696,0.13091176535257834,122.38973778180437,150.67944192081768
36047076000,3092,65795.0,43.1,78.6869340232859,7.373868046571798,1.8111254851228977,4.1073738680465715,99.0,90.0,-9.0,3,"higher-income, white_nh-plurality, closer reach",0.10153154954452946,0.12500000000000003,313.9355511916851,386.5000000000001
36047076200,4114,43365.0,31.8,36.41225085075352,7.99708313077297,25.425376762275157,26.00875060768109,93.0,84.0,-9.0,2,"lower-income, hispanic/latino-plurality, farther reach",0.11662912394210094,0.14358729437462942,479.81221589780324,590.7181290572254
36047076400,4192,79868.0,36.3,19.561068702290076,45.13358778625954,13.931297709923664,17.557251908396946,93.0,84.0,-9.0,1,"lower-income, black_nh-plurality, farther reach",0.11662912394210094,0.14358729437462942,488.9092875652871,601.9179380184465
36047076600,2114,74773.0,39.8,15.75212866603595,61.021759697256385,7.2374645222327345,9.933774834437086,96.0,87.0,-9.0,1,"lower-income, black_nh-plurality, farther reach",0.10881882041201553,0.13397168281703667,230.04298635100082,283.21613747521553
36047076800,3998,61354.0,31.3,61.70585292646323,1.2256128064032017,24.862431215607803,7.228614307153577,94.0,85.0,-9.0,3,"higher-income, white_nh-plurality, closer reach",0.1139653110697771,0.14030775603867163,455.6333136569688,560.9504086426092
36047077000,2726,84476.0,34.5,16.507703595011005,70.2127659574468,2.4578136463683053,3.7050623624358034,99.0,90.0,-9.0,1,"lower-income, black_nh-plurality, farther reach",0.10153154954452946,0.12500000000000003,276.7750040583873,340.75000000000006
36047077200,3243,75739.0,41.9,30.465618254702434,44.52667283379587,3.330249768732655,15.695343817452976,98.0,89.0,-9.0,1,"lower-income, black_nh-plurality, farther reach",0.1039047370178485,0.1279217364995969,336.96306214888267,414.85019146819275
36047077400,3106,76061.0,33.7,14.745653573728267,57.92015453960077,5.730843528654217,13.457823567289118,97.0,89.0,-8.0,1,"lower-income, black_nh-plurality, farther reach",0.10633339511885696,0.1279217364995969,330.2715252391697,397.32491356774796
36047078601,2182,84458.0,48.0,8.065994500458295,61.64069660861595,20.164986251145738,5.270394133822181,96.0,88.0,-8.0,1,"lower-income, black_nh-plurality, farther reach",0.10881882041201553,0.13091176535257834,237.4426661390179,285.64947199932595
36047078602,2225,62237.0,36.6,5.48314606741573,72.80898876404494,1.8426966292134832,13.348314606741573,98.0,90.0,-8.0,1,"lower-income, black_nh-plurality, farther reach",0.1039047370178485,0.12500000000000003,231.18803986471292,278.12500000000006
36047078801,1862,58493.0,37.2,8.646616541353383,61.38560687432868,0.0,12.67454350161117,97.0,89.0,-8.0,1,"lower-income, black_nh-plurality, farther reach",0.10633339511885696,0.1279217364995969,197.99278171131166,238.19027336224943
36047078802,1870,51037.0,32.6,0.6417112299465241,86.63101604278074,0.6951871657754011,6.6310160427807485,97.0,89.0,-8.0,1,"lower-income, black_nh-plurality, farther reach",0.10633339511885696,0.1279217364995969,198.8434488722625,239.2136472542462
36047079001,1841,68977.0,29.1,3.802281368821293,80.11950027159152,3.5306898424769146,7.658881042911461,97.0,88.0,-9.0,1,"lower-income, black_nh-plurality, farther reach",0.10633339511885696,0.13091176535257834,195.75978041381566,241.00856001409673
36047079002,3182,59896.0,35.1,2.5141420490257698,66.81332495285983,9.805153991200504,16.84475172847266,98.0,89.0,-9.0,1,"lower-income, black_nh-plurality, farther reach",0.1039047370178485,0.1279217364995969,330.6248731907939,407.0469655417173
36047079201,1418,86434.0,43.9,18.124118476727787,62.27080394922426,0.0,7.968970380818053,93.0,84.0,-9.0,1,"lower-income, black_nh-plurality, farther reach",0.11662912394210094,0.14358729437462942,165.38009774989914,203.6067834232245
36047079202,2478,91143.0,32.5,6.900726392251816,66.2227602905569,4.761904761904762,16.343825665859566,94.0,85.0,-9.0,1,"lower-income, black_nh-plurality, farther reach",0.1139653110697771,0.14030775603867163,282.40604083090767,347.6826194638283
36047079400,2385,97500.0,36.2,5.19916142557652,59.538784067085956,1.1320754716981132,17.52620545073375,93.0,83.0,-10.0,1,"lower-income, black_nh-plurality, farther reach",0.11662912394210094,0.14694348828545112,278.16046060191076,350.4602195608009
36047079601,3526,71509.0,37.3,24.73057288712422,51.559841179807144,2.864435621100397,13.074305161656268,85.0,76.0,-9.0,1,"lower-income, black_nh-plurality, farther reach",0.14030775603867163,0.17273910999597203,494.72514779235615,609.0781018457974
36047079602,6091,87847.0,38.4,14.529633886061402,41.14266951239534,5.696929896568708,33.229354785749464,88.0,79.0,-9.0,1,"lower-income, black_nh-plurality, farther reach",0.13091176535257834,0.16117128855494742,797.3835627625547,981.6943185881847
36047079801,3245,79054.0,32.8,35.654853620955315,42.835130970724194,5.947611710323574,5.51617873651772,82.0,73.0,-9.0,1,"lower-income, black_nh-plurality, farther reach",0.15037812951026458,0.18513719403582055,487.9770302608086,600.7701946462377
36047079802,5013,98516.0,44.4,27.069618990624377,48.99261919010573,5.6652702972272095,10.193496908039098,84.0,75.0,-9.0,1,"lower-income, black_nh-plurality, farther reach",0.14358729437462942,0.17677669529663692,719.8031067000172,886.1815735220409
36047080000,3386,106250.0,41.8,29.09037212049616,45.24512699350266,2.4808033077377436,14.441819255759007,86.0,77.0,-9.0,1,"lower-income, black_nh-plurality, farther reach",0.13710312246182826,0.16879374327102378,464.2311726557505,571.5356147156865
36047080200,4088,96627.0,44.5,16.80528375733855,65.92465753424658,3.0332681017612524,10.12720156555773,88.0,79.0,-9.0,1,"lower-income, black_nh-plurality, farther reach",0.13091176535257834,0.16117128855494742,535.1672967613403,658.868227612625
36047080400,2893,56250.0,44.3,21.11994469408918,58.48600069132389,4.631870031109575,9.955063947459385,88.0,79.0,-9.0,1,"lower-income, black_nh-plurality, farther reach",0.13091176535257834,0.16117128855494742,378.72773716500916,466.26853778946287
36047080600,3647,68400.0,31.7,32.02632300520976,53.742802303262955,1.562928434329586,4.496846723334247,89.0,82.0,-7.0,1,"lower-income, black_nh-plurality, farther reach",0.1279217364995969,0.15037812951026458,466.53057301402987,548.429038323935
36047080800,2071,12132.0,51.5,16.755190729116368,51.279575084500244,4.828585224529213,24.191211974891356,94.0,87.0,-7.0,1,"lower-income, black_nh-plurality, farther reach",0.1139653110697771,0.13397168281703667,236.02215922550837,277.4553551140829
36047081000,2063,83362.0,37.6,9.258361609306835,75.6180319922443,5.525933107125545,3.587009209888512,92.0,83.0,-9.0,1,"lower-income, black_nh-plurality, farther reach",0.1193552004888021,0.14694348828545112,246.22977860839873,303.14441633288567
36047081400,2628,52250.0,49.3,11.948249619482496,80.06088280060882,3.5007610350076104,3.2724505327245055,96.0,89.0,-7.0,1,"lower-income, black_nh-plurality, farther reach",0.10881882041201553,0.1279217364995969,285.9758600427768,336.17832352094064
36047081600,2988,109043.0,39.6,9.170013386880857,73.69477911646587,2.9785809906291836,9.705488621151272,94.0,85.0,-9.0,1,"lower-income, black_nh-plurality, farther reach",0.1139653110697771,0.14030775603867163,340.528349476494,419.2395750435508
36047081800,4556,73463.0,33.8,12.949956101843723,68.2396839332748,6.650570676031607,6.584723441615452,90.0,81.0,-9.0,1,"lower-income, black_nh-plurality, farther reach",0.12500000000000003,0.15389305166811457,569.5000000000001,701.13674339993
36047082000,4830,61548.0,37.4,13.457556935817806,71.61490683229813,2.525879917184265,5.6314699792960665,89.0,80.0,-9.0,1,"lower-income, black_nh-plurality, farther reach",0.1279217364995969,0.15749013123685918,617.8619872930531,760.6773338740298
36047082200,7682,87104.0,36.2,9.567820879979172,75.51418901327779,2.824785212184327,5.9359541785993235,90.0,81.0,-9.0,1,"lower-income, black_nh-plurality, farther reach",0.12500000000000003,0.15389305166811457,960.2500000000002,1182.2064229144562
36047082400,5862,69886.0,36.3,3.7529853292391677,75.79324462640737,0.27294438758103035,10.116001364721939,88.0,79.0,-9.0,1,"lower-income, black_nh-plurality, farther reach",0.13091176535257834,0.16117128855494742,767.4047684968142,944.7860935091018
36047082600,4607,69732.0,39.4,3.9288039939222923,81.59322769698285,0.0,6.425005426524853,91.0,83.0,-8.0,1,"lower-income, black_nh-plurality, farther reach",0.12214499605428075,0.14694348828545112,562.7219968220714,676.9686505310733
36047082800,3882,74076.0,40.0,7.676455435342607,78.12982998454405,3.2715095311695004,5.564142194744977,95.0,87.0,-8.0,1,"lower-income, black_nh-plurality, farther reach",0.11136233976754245,0.13397168281703667,432.3086029775998,520.0780726957363
36047083000,6040,81016.0,41.9,1.5562913907284768,80.0,0.695364238410596,11.043046357615895,96.0,88.0,-8.0,1,"lower-income, black_nh-plurality, farther reach",0.10881882041201553,0.13091176535257834,657.2656752885738,790.7070627295732
36047085400,2147,71042.0,45.5,2.841173730787145,73.5910572892408,1.9096413600372613,5.2165812761993475,98.0,90.0,-8.0,1,"lower-income, black_nh-plurality, farther reach",0.1039047370178485,0.12500000000000003,223.08347037732074,268.37500000000006
36047085600,3458,91061.0,33.6,2.1110468478889532,83.45864661654136,0.26026604973973394,3.6726431463273568,93.0,84.0,-9.0,1,"lower-income, black_nh-plurality, farther reach",0.11662912394210094,0.14358729437462942,403.303510591785,496.52486394746853
36047085800,1813,57105.0,46.9,0.0,76.28240485383343,5.626034197462769,3.2542746828461113,97.0,88.0,-9.0,1,"lower-income, black_nh-plurality, farther reach",0.10633339511885696,0.13091176535257834,192.78244535048768,237.34303058422452
36047086200,2897,56386.0,46.2,1.691404901622368,80.94580600621332,0.7594062823610632,11.425612702795997,95.0,90.0,-5.0,1,"lower-income, black_nh-plurality, farther reach",0.11136233976754245,0.12500000000000003,322.61669830657047,362.12500000000006
36047086400,2207,62206.0,50.0,2.9904848210240145,79.42908926144086,1.1780697779791571,11.055731762573629,96.0,88.0,-8.0,1,"lower-income, black_nh-plurality, farther reach",0.10881882041201553,0.13091176535257834,240.16313664931826,288.9222661331404
36047086600,3252,77728.0,40.3,7.533825338253383,72.60147601476015,0.24600246002460024,10.916359163591636,95.0,89.0,-6.0,1,"lower-income, black_nh-plurality, farther reach",0.11136233976754245,0.1279217364995969,362.15032892404804,416.0014870966891
36047086800,3091,47708.0,37.8,2.588159171789065,87.3827240375283,2.0058233581365252,3.5587188612099645,94.0,89.0,-5.0,1,"lower-income, black_nh-plurality, farther reach",0.1139653110697771,0.1279217364995969,352.26677651668103,395.406087520254
36047087401,3069,35298.0,42.8,14.467253176930596,68.00260671228413,0.0,6.158357771260997,93.0,88.0,-5.0,1,"lower-income, black_nh-plurality, farther reach",0.11662912394210094,0.13091176535257834,357.9347813783078,401.7682078670629
36047087600,1917,46789.0,34.0,27.438706311945747,55.659885237350025,0.20865936358894105,5.372978612415232,91.0,86.0,-5.0,1,"lower-income, black_nh-plurality, farther reach",0.12214499605428075,0.13710312246182826,234.1519574360562,262.8266857593248
36047087800,2691,57900.0,50.6,2.0438498699368264,79.52434039390562,1.89520624303233,4.496469713861019,89.0,84.0,-5.0,1,"lower-income, black_nh-plurality, farther reach",0.1279217364995969,0.14358729437462942,344.23739292041523,386.39340916212774
36047088001,1882,60500.0,53.9,0.053134962805526036,79.3836344314559,0.0,15.196599362380447,88.0,83.0,-5.0,1,"lower-income, black_nh-plurality, farther reach",0.13091176535257834,0.14694348828545112,246.37594239355244,276.547644953219
36047088002,1166,103529.0,31.7,27.18696397941681,52.5728987993139,1.5437392795883362,5.746140651801029,89.0,84.0,-5.0,1,"lower-income, black_nh-plurality, farther reach",0.1279217364995969,0.14358729437462942,149.15674475852998,167.4227852408179
36047088200,7033,48028.0,35.2,11.502914830086734,69.82795393146594,0.0,7.1235603583108205,92.0,85.0,-7.0,1,"lower-income, black_nh-plurality, farther reach",0.1193552004888021,0.14030775603867163,839.4251250377451,986.7844482199775
36047088400,5493,47269.0,33.0,0.7281995266703076,72.92918259603131,0.0,4.587657018022938,88.0,82.0,-6.0,1,"lower-income, black_nh-plurality, farther reach",0.13091176535257834,0.15037812951026458,719.0983270817128,826.0270653998833
36047088600,3997,54158.0,40.6,1.901426069552164,87.96597448086065,0.7755816862646985,5.028771578684013,93.0,85.0,-8.0,1,"lower-income, black_nh-plurality, farther reach",0.11662912394210094,0.14030775603867163,466.16660839657743,560.8101008865705
36047088800,4118,61346.0,38.1,0.3642544924720738,73.02088392423506,2.9140359397765905,10.757649344341914,97.0,84.0,-13.0,1,"lower-income, black_nh-plurality, farther reach",0.10633339511885696,0.14358729437462942,437.88092109945296,591.292478234724
36047089000,6919,59583.0,36.7,2.081225610637375,82.69981211157682,0.0,6.807342101459748,92.0,84.0,-8.0,1,"lower-income, black_nh-plurality, farther reach",0.1193552004888021,0.14358729437462942,825.8186321820218,993.4804897780609
36047089200,3642,31496.0,52.0,2.9928610653487095,86.60076880834706,0.0,5.848434925864909,87.0,81.0,-6.0,1,"lower-income, black_nh-plurality, farther reach",0.13397168281703667,0.15389305166811457,487.92486881964754,560.4784941752732
36047089400,3717,62157.0,34.4,0.5649717514124294,90.63761097659403,0.0,6.4030131826742,85.0,77.0,-8.0,1,"lower-income, black_nh-plurality, farther reach",0.14030775603867163,0.16879374327102378,521.5239291957424,627.4063437383954
36047089800,2260,79554.0,43.3,2.566371681415929,55.75221238938053,9.955752212389381,7.743362831858407,90.0,82.0,-8.0,1,"lower-income, black_nh-plurality, farther reach",0.12500000000000003,0.15037812951026458,282.50000000000006,339.85457269319795
36047090000,4556,22396.0,36.4,4.389815627743634,73.1782265144864,0.0,18.437225636523266,88.0,81.0,-7.0,1,"lower-income, black_nh-plurality, farther reach",0.13091176535257834,0.15389305166811457,596.4340029463469,701.13674339993
36047090200,3886,42424.0,36.4,4.117344312918168,64.02470406587751,6.690684508492023,22.3623262995368,94.0,76.0,-18.0,1,"lower-income, black_nh-plurality, farther reach",0.1139653110697771,0.17273910999597203,442.8691988171538,671.2641814443473
36047090600,4404,27706.0,26.9,0.1589464123524069,70.25431425976385,0.885558583106267,25.408719346049047,96.0,72.0,-24.0,1,"lower-income, black_nh-plurality, farther reach",0.10881882041201553,0.1894645708137998,479.2380850945164,834.4019698639744
36047090800,6456,31003.0,33.6,1.3940520446096654,47.13444857496902,1.006815365551425,43.12267657992565,93.0,68.0,-25.0,2,"lower-income, hispanic/latino-plurality, farther reach",0.11662912394210094,0.20780947403569697,752.9576241702036,1341.6179643744597
36047091000,5939,17028.0,31.2,0.28624347533254757,41.92625021047314,1.7006230005051355,47.1123084694393,91.0,71.0,-20.0,2,"lower-income, hispanic/latino-plurality, farther reach",0.12214499605428075,0.19389309522921686,725.4191315663734,1151.5310925663189
36047091200,6710,21840.0,32.5,6.736214605067064,59.83606557377049,0.0,32.59314456035767,91.0,75.0,-16.0,1,"lower-income, black_nh-plurality, farther reach",0.12214499605428075,0.17677669529663692,819.5929235242238,1186.1716254404337
36047091600,4650,43109.0,34.5,2.924731182795699,68.55913978494624,0.5161290322580645,17.376344086021504,92.0,80.0,-12.0,1,"lower-income, black_nh-plurality, farther reach",0.1193552004888021,0.15749013123685918,555.0016822729298,732.3291102513952
36047091800,2546,46657.0,39.8,1.1390416339355853,51.885310290652,0.0,45.600942655145325,92.0,73.0,-19.0,1,"lower-income, black_nh-plurality, farther reach",0.1193552004888021,0.18513719403582055,303.87834044449016,471.3592960151991
36047092000,2850,43901.0,32.6,0.0,85.6140350877193,1.5087719298245614,7.719298245614035,94.0,72.0,-22.0,1,"lower-income, black_nh-plurality, farther reach",0.1139653110697771,0.1894645708137998,324.80113654886475,539.9740268193294
36047092200,2990,50603.0,42.1,7.759197324414716,58.06020066889632,2.74247491638796,26.722408026755854,97.0,79.0,-18.0,1,"lower-income, black_nh-plurality, farther reach",0.10633339511885696,0.16117128855494742,317.9368514053823,481.9021527792928
36047092400,3026,33231.0,27.8,9.814937210839393,75.90879048248513,0.0,13.053536021150032,94.0,76.0,-18.0,1,"lower-income, black_nh-plurality, farther reach",0.1139653110697771,0.17273910999597203,344.8590312971455,522.7085468478114
36047092800,2401,86313.0,51.7,0.08329862557267805,86.29737609329446,0.0,5.622657226155768,99.0,84.0,-15.0,1,"lower-income, black_nh-plurality, farther reach",0.10153154954452946,0.14358729437462942,243.77725045641523,344.7530937934852
36047093000,3011,96250.0,36.7,0.033211557622052475,86.71537695117901,0.0,2.391232148787778,100.0,87.0,-13.0,1,"lower-income, black_nh-plurality, farther reach",0.09921256574801247,0.13397168281703667,298.72903546726553,403.3887369620974
36047093400,2430,83357.0,47.5,2.5925925925925926,81.23456790123457,0.0,8.065843621399177,102.0,88.0,-14.0,1,"lower-income, black_nh-plurality, farther reach",0.09473228540689989,0.13091176535257834,230.19945353876673,318.11558980676534
36047093600,1565,78929.0,51.6,0.6389776357827476,93.35463258785943,3.7060702875399363,0.8945686900958466,103.0,90.0,-13.0,1,"lower-income, black_nh-plurality, farther reach",0.09256859701791026,0.12500000000000003,144.86985433302956,195.62500000000006
36047093800,2511,74781.0,38.5,6.451612903225806,79.29111907606531,0.0,2.6682596575069693,99.0,90.0,-9.0,1,"lower-income, black_nh-plurality, farther reach",0.10153154954452946,0.12500000000000003,254.94572090631348,313.87500000000006
36047095600,4054,100404.0,38.9,2.664035520473606,89.39319190922545,0.0,1.8253576714356192,111.0,89.0,-22.0,1,"lower-income, black_nh-plurality, farther reach",0.07694652583405728,0.1279217364995969,311.94121573126824,518.5947197693658
36047095800,2987,67091.0,34.3,3.2808838299296954,76.06293940408436,1.2387010378305994,10.980917308336123,108.0,87.0,-21.0,1,"lower-income, black_nh-plurality, farther reach",0.0824692444233059,0.13397168281703667,246.33563309241472,400.17341657448856
36047096200,1529,96500.0,32.6,5.755395683453237,78.22105951602354,4.774362328319163,9.61412688031393,103.0,85.0,-18.0,1,"lower-income, black_nh-plurality, farther reach",0.09256859701791026,0.14030775603867163,141.5373848403848,214.5305589831289
36047096400,2476,82350.0,40.0,2.0597738287560583,71.4458804523425,2.0193861066235863,10.420032310177707,105.0,83.0,-22.0,1,"lower-income, black_nh-plurality, farther reach",0.08838834764831845,0.14694348828545112,218.84954877723646,363.83207699477697
36047096600,2138,72396.0,35.6,1.9176800748362957,71.04770813844715,4.303086997193639,8.652946679139383,107.0,85.0,-22.0,1,"lower-income, black_nh-plurality, farther reach",0.08439687163551189,0.14030775603867163,180.44051155672443,299.97798241067994
36047096800,1396,90357.0,47.5,5.587392550143266,51.21776504297994,8.30945558739255,30.157593123209168,102.0,78.0,-24.0,1,"lower-income, black_nh-plurality, farther reach",0.09473228540689989,0.16493848884661183,132.24627042803223,230.25413042987012
36047097000,2301,102566.0,48.5,7.040417209908735,67.92698826597132,0.0,10.99521946979574,103.0,80.0,-23.0,1,"lower-income, black_nh-plurality, farther reach",0.09256859701791026,0.15749013123685918,213.00034173821152,362.384791976013
36047097400,2516,80769.0,47.2,9.260731319554848,65.85850556438791,2.1065182829888713,17.329093799682035,100.0,76.0,-24.0,1,"lower-income, black_nh-plurality, farther reach",0.09921256574801247,0.17273910999597203,249.6188154219994,434.6116007498656
36047098200,4124,23580.0,31.6,0.0,70.17458777885548,0.0,26.551891367604266,101.0,77.0,-24.0,1,"lower-income, black_nh-plurality, farther reach",0.09694654761460844,0.16879374327102378,399.8075623626452,696.105397249702
36047098400,1989,114292.0,40.2,1.5082956259426847,92.15686274509804,0.0,1.6591251885369533,105.0,81.0,-24.0,1,"lower-income, black_nh-plurality, farther reach",0.08838834764831845,0.15389305166811457,175.8044234725054,306.0932797678799
36047098600,2486,98750.0,38.2,5.3097345132743365,73.69267900241351,2.49396621078037,7.723250201126307,103.0,79.0,-24.0,1,"lower-income, black_nh-plurality, farther reach",0.09256859701791026,0.16117128855494742,230.1255321865249,400.6718233475993
36047098800,2926,78892.0,47.5,2.6657552973342447,84.55228981544771,4.6479835953520166,4.3745727956254274,107.0,83.0,-24.0,1,"lower-income, black_nh-plurality, farther reach",0.08439687163551189,0.14694348828545112,246.9452464055078,429.95664672323
36047099000,1484,91848.0,37.3,0.4716981132075472,85.3099730458221,4.514824797843666,6.064690026954178,110.0,86.0,-24.0,1,"lower-income, black_nh-plurality, farther reach",0.07874506561842959,0.13710312246182826,116.85767737774951,203.46103373335313
36047099200,1805,90897.0,48.8,3.7673130193905817,76.62049861495845,5.92797783933518,5.872576177285318,109.0,90.0,-19.0,1,"lower-income, black_nh-plurality, farther reach",0.0805856442774737,0.12500000000000003,145.45708792084002,225.62500000000006
36047101000,2860,69700.0,38.1,6.223776223776224,79.0909090909091,3.5664335664335662,8.041958041958042,112.0,89.0,-23.0,1,"lower-income, black_nh-plurality, farther reach",0.07518906475513229,0.1279217364995969,215.04072519967835,365.85616638884716
36047101200,2176,101953.0,44.8,2.2058823529411766,77.29779411764706,6.25,1.9301470588235294,112.0,88.0,-24.0,1,"lower-income, black_nh-plurality, farther reach",0.07518906475513229,0.13091176535257834,163.61140490716787,284.8640014072105
36047101400,2057,74219.0,38.5,1.5070491006319884,89.40204180845892,2.479338842975207,4.666990763247448,109.0,85.0,-24.0,1,"lower-income, black_nh-plurality, farther reach",0.0805856442774737,0.14030775603867163,165.7646702787634,288.61305417154756
36047101600,1768,173292.0,40.4,2.997737556561086,82.3529411764706,0.0,3.33710407239819,110.0,86.0,-24.0,1,"lower-income, black_nh-plurality, farther reach",0.07874506561842959,0.13710312246182826,139.22127601338352,242.39832051251238
36047101800,1667,97845.0,46.1,3.4793041391721657,83.62327534493102,0.47990401919616077,4.139172165566887,113.0,89.0,-24.0,1,"lower-income, black_nh-plurality, farther reach",0.07347174414272556,0.1279217364995969,122.4773974859235,213.24553474482803
36047102000,2137,120682.0,40.1,8.376228357510529,78.3809078146935,4.211511464670099,2.6204960224613947,114.0,90.0,-24.0,1,"lower-income, black_nh-plurality, farther reach",0.0717936471873147,0.12500000000000003,153.4230240392915,267.12500000000006
36047107001,3852,53108.0,34.7,1.2461059190031152,59.215991692627206,0.0,28.868120456905505,107.0,89.0,-18.0,1,"lower-income, black_nh-plurality, farther reach",0.08439687163551189,0.1279217364995969,325.09674953999183,492.7545289964473
36047107800,4067,82540.0,47.1,0.6392918613228424,79.39513154659454,0.1475288910745021,13.130071305630686,102.0,87.0,-15.0,1,"lower-income, black_nh-plurality, farther reach",0.09473228540689989,0.13397168281703667,385.27620474986185,544.8628340168881
36047109800,2515,74673.0,36.8,2.147117296222664,74.59244532803181,5.0894632206759445,7.992047713717694,101.0,77.0,-24.0,1,"lower-income, black_nh-plurality, farther reach",0.09694654761460844,0.16879374327102378,243.82056725074023,424.5162643266248
36047110400,4571,75833.0,35.8,0.656311529205863,64.47166921898928,0.0,21.352001750164078,102.0,81.0,-21.0,1,"lower-income, black_nh-plurality, farther reach",0.09473228540689989,0.15389305166811457,433.02127659493937,703.4451391749517
36047110600,4583,30198.0,32.8,1.1346279729434867,80.25310931704124,0.0,17.063059131573205,103.0,87.0,-16.0,1,"lower-income, black_nh-plurality, farther reach",0.09256859701791026,0.13397168281703667,424.2418801330827,613.9922223504791
36047111000,2856,31218.0,44.4,0.1400560224089636,70.20308123249299,0.7002801120448179,28.11624649859944,100.0,87.0,-13.0,1,"lower-income, black_nh-plurality, farther reach",0.09921256574801247,0.13397168281703667,283.35108777632365,382.62312612545674
36047111600,3674,71593.0,38.8,1.30647795318454,74.08818726183996,0.0,22.890582471420796,100.0,82.0,-18.0,1,"lower-income, black_nh-plurality, farther reach",0.09921256574801247,0.15037812951026458,364.5069665581978,552.4892478207121
36047111800,4004,82773.0,32.4,0.5994005994005994,47.55244755244755,15.359640359640359,29.62037962037962,98.0,78.0,-20.0,1,"lower-income, black_nh-plurality, farther reach",0.1039047370178485,0.16493848884661183,416.0345670194654,660.4137093418337
36047112000,3266,67396.0,41.4,0.21432945499081446,68.27924066135947,1.5615431720759338,22.99448867115738,95.0,82.0,-13.0,1,"lower-income, black_nh-plurality, farther reach",0.11136233976754245,0.15037812951026458,363.70940168079363,491.13497098052414
36047112200,3101,28888.0,50.6,1.5478877781360851,61.754272815220894,4.611415672363754,26.217349242179942,96.0,83.0,-13.0,1,"lower-income, black_nh-plurality, farther reach",0.10881882041201553,0.14694348828545112,337.44716209766017,455.6717571731839
36047112400,3290,49422.0,32.8,1.3069908814589666,82.82674772036474,0.6382978723404256,11.793313069908814,93.0,80.0,-13.0,1,"lower-income, black_nh-plurality, farther reach",0.11662912394210094,0.15749013123685918,383.7098177695121,518.1425317692667
36047112600,4607,73493.0,36.5,0.0,77.72954200130236,0.0,18.819188191881917,90.0,73.0,-17.0,1,"lower-income, black_nh-plurality, farther reach",0.12500000000000003,0.18513719403582055,575.8750000000001,852.9270529230253
36047112800,4183,54484.0,40.6,2.199378436528807,67.29619890031078,0.8845326320822376,26.870666985417166,95.0,76.0,-19.0,1,"lower-income, black_nh-plurality, farther reach",0.11136233976754245,0.17273910999597203,465.82866724763005,722.567697113151
36047113000,4303,58547.0,35.7,0.5345108064141296,71.92656286311876,0.8366256100395073,22.19381826632582,94.0,72.0,-22.0,1,"lower-income, black_nh-plurality, farther reach",0.1139653110697771,0.1894645708137998,490.39273353325086,815.2660482117806
36047113200,2552,49306.0,37.0,5.015673981191223,72.25705329153605,0.7053291536050157,14.14576802507837,93.0,70.0,-23.0,1,"lower-income, black_nh-plurality, farther reach",0.11662912394210094,0.19842513149602495,297.6375243002416,506.38093557785567
36047113400,2702,26745.0,35.0,1.147298297557365,66.43227239082161,0.0,29.755736491487788,93.0,69.0,-24.0,1,"lower-income, black_nh-plurality, farther reach",0.11662912394210094,0.2030630990890589,315.13189289155673,548.6764937386372
36047114201,1478,41196.0,50.2,6.427604871447903,40.054127198917456,3.9918809201623815,47.564276048714476,95.0,75.0,-20.0,2,"lower-income, hispanic/latino-plurality, farther reach",0.11136233976754245,0.17677669529663692,164.59353817642776,261.2759556484294
36047114202,2546,63049.0,35.8,3.5742340926944225,26.82639434406913,0.0,67.63550667714061,100.0,74.0,-26.0,2,"lower-income, hispanic/latino-plurality, farther reach",0.09921256574801247,0.1809086546800473,252.59519239443975,460.5934348154004
36047114400,2637,75444.0,37.3,1.5927189988623436,60.29579067121729,1.6685627607129314,33.06788016685628,93.0,67.0,-26.0,1,"lower-income, black_nh-plurality, farther reach",0.11662912394210094,0.21266679023771395,307.55099983532017,560.8023258568517
36047114600,3052,72438.0,35.5,2.653997378768021,14.842726081258192,4.030144167758847,73.06684141546526,97.0,68.0,-29.0,2,"lower-income, hispanic/latino-plurality, farther reach",0.10633339511885696,0.20780947403569697,324.52952190275147,634.2345147569472
36047115000,2937,68944.0,30.9,2.826012938372489,57.06503234593122,2.519577800476677,36.533878106911814,96.0,75.0,-21.0,1,"lower-income, black_nh-plurality, farther reach",0.10881882041201553,0.17677669529663692,319.6008755500896,519.1931540862226
36047115600,4106,21238.0,35.9,0.07306380905991232,65.58694593278129,0.024354603019970774,34.31563565513882,94.0,73.0,-21.0,1,"lower-income, black_nh-plurality, farther reach",0.1139653110697771,0.18513719403582055,467.9415672525048,760.1733187110791
36047115800,2528,75764.0,35.6,1.5031645569620253,54.70727848101266,1.5031645569620253,27.729430379746834,97.0,77.0,-20.0,1,"lower-income, black_nh-plurality, farther reach",0.10633339511885696,0.16879374327102378,268.8108228604704,426.7105829891481
36047116000,2566,73244.0,38.7,6.040530007794232,43.95946999220577,0.4286827747466875,34.41153546375682,97.0,78.0,-19.0,1,"lower-income, black_nh-plurality, farther reach",0.10633339511885696,0.16493848884661183,272.85149187498695,423.23216238040595
36047116200,2538,64100.0,32.2,0.0,70.01576044129236,1.4578408195429473,14.026792750197005,96.0,79.0,-17.0,1,"lower-income, black_nh-plurality, farther reach",0.10881882041201553,0.16117128855494742,276.1821662056954,409.05273035245654
36047116400,3745,80125.0,34.9,2.2162883845126835,62.590120160213615,8.09078771695594,22.216288384512684,97.0,79.0,-18.0,1,"lower-income, black_nh-plurality, farther reach",0.10633339511885696,0.16117128855494742,398.21856472011933,603.5864756382781
36047116600,3172,41086.0,37.2,1.544766708701135,41.645649432534675,8.039092055485499,41.04665825977301,94.0,73.0,-21.0,2,"lower-income, hispanic/latino-plurality, farther reach",0.1139653110697771,0.18513719403582055,361.49796671333297,587.2551794816228
36047116800,2603,83841.0,32.3,0.7299270072992701,22.589320015366884,4.840568574721475,53.86092969650404,100.0,68.0,-32.0,2,"lower-income, hispanic/latino-plurality, farther reach",0.09921256574801247,0.20780947403569697,258.25030864207645,540.9280609149192
36047117201,2004,70179.0,39.2,3.942115768463074,26.84630738522954,3.8922155688622753,65.31936127744511,101.0,69.0,-32.0,2,"lower-income, hispanic/latino-plurality, farther reach",0.09694654761460844,0.2030630990890589,194.28088141967532,406.938450574474
36047117202,4640,77401.0,35.8,0.646551724137931,21.853448275862068,2.1767241379310347,67.75862068965517,102.0,69.0,-33.0,2,"lower-income, hispanic/latino-plurality, farther reach",0.09473228540689989,0.2030630990890589,439.55780428801546,942.2127797732333
36047117400,3716,47444.0,36.9,8.584499461786868,14.827771797631863,1.1302475780409043,72.09364908503767,100.0,66.0,-34.0,2,"lower-income, hispanic/latino-plurality, farther reach",0.09921256574801247,0.21763764082403103,368.67389431961436,808.7414733020993
36047117601,2815,67222.0,42.0,3.161634103019538,15.772646536412077,1.8827708703374777,76.51865008880995,102.0,67.0,-35.0,2,"lower-income, hispanic/latino-plurality, farther reach",0.09473228540689989,0.21266679023771395,266.6713834204232,598.6570145191648
36047117602,3076,59071.0,43.2,10.208062418725618,7.70481144343303,6.144343302990897,70.57867360208063,102.0,66.0,-36.0,2,"lower-income, hispanic/latino-plurality, farther reach",0.09473228540689989,0.21763764082403103,291.39650991162404,669.4533831747194
36047117800,1703,52750.0,45.7,1.5267175572519085,12.80093951849677,17.557251908396946,61.53846153846154,96.0,64.0,-32.0,2,"lower-income, hispanic/latino-plurality, farther reach",0.10881882041201553,0.22793062213955423,185.31845116166244,388.16584950366087
36047118201,3561,91167.0,30.0,1.9376579612468408,16.821117663577645,6.8800898623982025,73.0974445380511,100.0,62.0,-38.0,2,"lower-income, hispanic/latino-plurality, farther reach",0.09921256574801247,0.23871040097760418,353.2959466286724,850.0477378812485
36047118202,3119,88140.0,33.9,9.874959923052261,7.694773966014749,0.7374158384097467,81.30811157422251,102.0,63.0,-39.0,2,"lower-income, hispanic/latino-plurality, farther reach",0.09473228540689989,0.23325824788420185,295.46999818412075,727.5324751508256
36047118400,4880,65766.0,39.5,4.159836065573771,12.64344262295082,4.057377049180328,73.68852459016394,100.0,65.0,-35.0,2,"lower-income, hispanic/latino-plurality, farther reach",0.09921256574801247,0.22272467953508487,484.1573208503009,1086.8964361312142
36047118600,3740,83125.0,38.0,3.5828877005347595,19.518716577540108,33.36898395721925,38.8235294117647,95.0,67.0,-28.0,0,"higher-income, asian_nh-plurality, closer reach",0.11136233976754245,0.21266679023771395,416.49515073060877,795.3737954890502
36047118800,5288,60197.0,30.4,3.4228441754916794,27.382753403933435,39.52344931921331,24.07337367624811,91.0,67.0,-24.0,0,"higher-income, asian_nh-plurality, closer reach",0.12214499605428075,0.21266679023771395,645.9027391350367,1124.5819867770315
36047119000,1877,46979.0,40.5,1.9179541822056474,23.654768247202984,12.519978689397975,52.7437400106553,93.0,68.0,-25.0,2,"lower-income, hispanic/latino-plurality, farther reach",0.11662912394210094,0.20780947403569697,218.91286563932346,390.0583827650032
36047119200,3649,88705.0,34.2,2.384214853384489,30.720745409701287,3.1515483694162785,49.27377363661277,95.0,70.0,-25.0,2,"lower-income, hispanic/latino-plurality, farther reach",0.11136233976754245,0.19842513149602495,406.3611778117624,724.053304828995
36047119400,5402,71801.0,33.9,0.31469825990373934,56.21991854868567,16.438356164383563,22.71380970011107,94.0,75.0,-19.0,1,"lower-income, black_nh-plurality, farther reach",0.1139653110697771,0.17677669529663692,615.6406103989359,954.9477079924327
36047119600,6608,54177.0,33.6,1.1803874092009685,37.87832929782083,24.818401937046005,22.866222760290558,87.0,70.0,-17.0,1,"lower-income, black_nh-plurality, farther reach",0.13397168281703667,0.19842513149602495,885.2848800549783,1311.1932689257328
36047119800,4170,46391.0,33.6,3.4532374100719423,16.258992805755394,0.7673860911270983,79.04076738609113,95.0,69.0,-26.0,2,"lower-income, hispanic/latino-plurality, farther reach",0.11136233976754245,0.2030630990890589,464.380956830652,846.7731232013756
36047120000,2735,47656.0,37.2,1.8281535648994516,40.21937842778794,36.70932358318099,13.126142595978061,92.0,70.0,-22.0,0,"higher-income, asian_nh-plurality, closer reach",0.1193552004888021,0.19842513149602495,326.43647333687375,542.6927346416282
36047120200,2013,119522.0,33.7,10.233482364629905,16.24441132637854,32.886239443616496,26.924987580725286,89.0,67.0,-22.0,0,"higher-income, asian_nh-plurality, closer reach",0.1279217364995969,0.21266679023771395,257.5064555736886,428.0982487485182
36047120801,4520,58869.0,38.6,1.7256637168141593,64.91150442477876,14.513274336283185,12.898230088495575,95.0,75.0,-20.0,1,"lower-income, black_nh-plurality, farther reach",0.11136233976754245,0.17677669529663692,503.3577757492919,799.0306627407989
36047120802,4569,33662.0,29.9,0.0,86.53972422849638,0.0,13.46027577150361,98.0,75.0,-23.0,1,"lower-income, black_nh-plurality, farther reach",0.1039047370178485,0.17677669529663692,474.7407434345498,807.6927208103341
36047120803,1583,49702.0,42.4,16.234996841440303,54.83259633607075,0.7580543272267846,26.152874289324068,97.0,75.0,-22.0,1,"lower-income, black_nh-plurality, farther reach",0.10633339511885696,0.17677669529663692,168.32576447315057,279.83750865457625
36047121000,4050,21985.0,29.7,0.0,51.45679012345679,0.41975308641975306,48.123456790123456,94.0,75.0,-19.0,2,"lower-income, hispanic/latino-plurality, farther reach",0.1139653110697771,0.17677669529663692,461.55950983259726,715.9456159513795
36047121400,4747,37626.0,27.6,0.25279123657046554,57.72066568358964,0.10532968190436065,38.129344849378555,100.0,80.0,-20.0,1,"lower-income, black_nh-plurality, farther reach",0.09921256574801247,0.15749013123685918,470.9620496058152,747.6056529813706
36047122000,7587,70268.0,30.7,0.0,91.45907473309609,3.0315012521418216,4.4286279161724,110.0,88.0,-22.0,1,"lower-income, black_nh-plurality, farther reach",0.07874506561842959,0.13091176535257834,597.4388128470252,993.2275637300119
36047123700,9320,52649.0,13.9,93.98068669527898,1.888412017167382,0.20386266094420602,3.186695278969957,88.0,58.0,-30.0,3,"higher-income, white_nh-plurality, closer reach",0.13091176535257834,0.26182353070515674,1220.09765308603,2440.195306172061
36047150200,2807,126364.0,42.7,82.04488778054863,3.9900249376558605,3.206270039187745,9.796936230851443,90.0,76.0,-14.0,3,"higher-income, white_nh-plurality, closer reach",0.12500000000000003,0.17273910999597203,350.87500000000006,484.87868175869346
36047152200,3064,214297.0,46.9,49.608355091383814,12.108355091383812,24.379895561357703,7.180156657963447,87.0,78.0,-9.0,3,"higher-income, white_nh-plurality, closer reach",0.13397168281703667,0.16493848884661183,410.48923615140035,505.3715298260187
36059302600,2484,124583.0,41.3,52.05314009661836,10.909822866344605,22.82608695652174,13.285024154589372,105.0,73.0,-32.0,3,"higher-income, white_nh-plurality, closer reach",0.08838834764831845,0.18513719403582055,219.55665555842302,459.88078998497826
36059303000,5988,124808.0,42.5,43.38677354709419,2.1543086172344688,37.692050768203075,11.172344689378757,105.0,78.0,-27.0,0,"higher-income, asian_nh-plurality, closer reach",0.08838834764831845,0.16493848884661183,529.2694257181308,987.6516712135117
36059303204,5060,120417.0,39.1,29.604743083003953,2.411067193675889,42.74703557312253,19.466403162055336,117.0,78.0,-39.0,0,"higher-income, asian_nh-plurality, closer reach",0.06698584140851833,0.16493848884661183,338.94835752710276,834.5887535638559
36059303600,8157,129038.0,39.5,60.62277798210126,1.5446855461566753,11.2296187323771,17.702586735319358,105.0,78.0,-27.0,3,"higher-income, white_nh-plurality, closer reach",0.08838834764831845,0.16493848884661183,720.9837517673336,1345.4032535218128
36059404300,3265,161182.0,42.1,30.535987748851454,2.419601837672282,42.32771822358346,16.447166921898926,108.0,63.0,-45.0,0,"higher-income, asian_nh-plurality, closer reach",0.0824692444233059,0.23325824788420185,269.26208304209376,761.588179341919
36059404400,4842,172045.0,44.8,80.50392399834779,0.0,5.658818669971087,12.969847170590665,100.0,65.0,-35.0,3,"higher-income, white_nh-plurality, closer reach",0.09921256574801247,0.22272467953508487,480.3872433518764,1078.432898308881
36059404500,4419,142208.0,44.0,58.203213396696086,0.5657388549445576,13.306177868295995,23.738402353473635,101.0,69.0,-32.0,3,"higher-income, white_nh-plurality, closer reach",0.09694654761460844,0.2030630990890589,428.4067939089547,897.3358348745512
36059404600,4280,151250.0,42.3,72.57009345794393,0.4672897196261682,13.317757009345794,11.962616822429906,105.0,73.0,-32.0,3,"higher-income, white_nh-plurality, closer reach",0.08838834764831845,0.18513719403582055,378.30212793480297,792.387190473312
36059404700,6183,161979.0,44.7,63.69076500080867,1.6496846191169334,15.364709687853793,12.712275594371665,105.0,70.0,-35.0,3,"higher-income, white_nh-plurality, closer reach",0.08838834764831845,0.19842513149602495,546.505153509553,1226.8625880399222
36059404800,5911,107571.0,40.8,15.648790390796819,36.27135848418203,24.530536288276096,18.50786668922348,111.0,79.0,-32.0,0,"higher-income, asian_nh-plurality, closer reach",0.07694652583405728,0.16117128855494742,454.8309142051126,952.6834866482942
36059406300,3985,185966.0,43.0,81.20451693851945,1.8318695106649938,9.335006273525721,5.470514429109159,107.0,67.0,-40.0,3,"higher-income, white_nh-plurality, closer reach",0.08439687163551189,0.21266679023771395,336.3215334675149,847.4771590972902
36059410400,5176,150381.0,40.2,11.379443585780525,44.6870170015456,14.20015455950541,16.61514683153014,116.0,89.0,-27.0,1,"lower-income, black_nh-plurality, farther reach",0.06855156123091415,0.1279217364995969,354.8228809312116,662.1229081219135
36059410500,8529,77225.0,47.9,23.57837964591394,20.72927658576621,20.952045960839488,31.082190174698088,112.0,85.0,-27.0,0,"higher-income, asian_nh-plurality, closer reach",0.07518906475513229,0.14030775603867163,641.2875332965233,1196.6848512538304
36059410700,6962,113227.0,40.6,22.493536340132145,23.59954036196495,10.700948003447285,31.485205400746914,113.0,83.0,-30.0,2,"lower-income, hispanic/latino-plurality, farther reach",0.07347174414272556,0.14694348828545112,511.51028272165536,1023.0205654433107
36059410800,5431,129554.0,38.6,34.10053397164427,15.429939237709446,28.042717731541153,20.23568403608912,112.0,85.0,-27.0,0,"higher-income, asian_nh-plurality, closer reach",0.07518906475513229,0.14030775603867163,408.35181068512344,762.0114230460256
36059410900,6177,138783.0,43.9,35.988343856240895,18.50412821758135,24.299821920025902,13.679779828395661,118.0,90.0,-28.0,0,"higher-income, asian_nh-plurality, closer reach",0.0654558826762892,0.12500000000000003,404.32098729143837,772.1250000000002
36059411800,6540,142500.0,40.7,75.9480122324159,3.623853211009174,2.2018348623853212,15.611620795107033,109.0,85.0,-24.0,3,"higher-income, white_nh-plurality, closer reach",0.0805856442774737,0.14030775603867163,527.030113574678,917.6127244929124
36059411901,3471,89776.0,42.5,65.54307116104869,8.729472774416594,1.6997983290118122,21.78046672428695,106.0,79.0,-27.0,3,"higher-income, white_nh-plurality, closer reach",0.086369554997986,0.16117128855494742,299.78872539800943,559.4255425742225
36059411902,3801,150057.0,46.6,44.514601420678765,12.680873454354117,18.047882136279927,22.283609576427256,113.0,86.0,-27.0,3,"higher-income, white_nh-plurality, closer reach",0.07347174414272556,0.13710312246182826,279.26609948649985,521.1289684774092
36059412000,6439,148438.0,38.5,53.93694673085883,6.134492933685355,7.112905730703526,28.762230159962726,115.0,88.0,-27.0,3,"higher-income, white_nh-plurality, closer reach",0.07015387801933584,0.13091176535257834,451.7208205665035,842.9408571052519
36061000201,2568,38657.0,25.9,6.658878504672897,13.9797507788162,18.925233644859812,57.90498442367601,80.0,65.0,-15.0,2,"lower-income, hispanic/latino-plurality, farther reach",0.15749013123685918,0.22272467953508487,404.4346570162544,571.9569770460979
36061000202,6934,40182.0,47.1,25.209114508220363,14.594750504759158,22.58436688779925,36.14075569656764,85.0,70.0,-15.0,0,"higher-income, asian_nh-plurality, closer reach",0.14030775603867163,0.19842513149602495,972.893980372149,1375.879861793437
36061000600,10179,34473.0,47.0,11.15040770213184,6.6902446212791045,49.34669417428038,29.256312014932703,75.0,60.0,-15.0,0,"higher-income, asian_nh-plurality, closer reach",0.17677669529663692,0.25,1799.409981424467,2544.75
36061000700,9008,197058.0,31.1,67.86190053285968,4.218472468916518,13.632326820603907,9.569271758436946,67.0,64.0,-3.0,3,"higher-income, white_nh-plurality, closer reach",0.21266679023771395,0.22793062213955423,1915.7024464613273,2053.1990442331044
36061000800,8889,33953.0,47.8,12.071099111261109,0.5062436719541006,80.48149398132523,4.3424457194285075,72.0,62.0,-10.0,0,"higher-income, asian_nh-plurality, closer reach",0.1894645708137998,0.23871040097760418,1684.1505699638665,2121.8967542899236
36061000900,1860,222237.0,31.6,61.72043010752688,9.516129032258064,14.56989247311828,10.591397849462366,64.0,67.0,3.0,3,"higher-income, white_nh-plurality, closer reach",0.22793062213955423,0.21266679023771395,423.9509571795709,395.560229842148
36061001001,1720,130417.0,45.5,64.30232558139535,3.0813953488372094,9.651162790697674,14.825581395348838,88.0,72.0,-16.0,3,"higher-income, white_nh-plurality, closer reach",0.13091176535257834,0.1894645708137998,225.16823640643474,325.87906179973567
36061001002,6098,24350.0,38.6,2.5582158084617905,21.03968514266973,16.8579862249918,56.44473597900951,86.0,71.0,-15.0,2,"lower-income, hispanic/latino-plurality, farther reach",0.13710312246182826,0.19389309522921686,836.0548407722288,1182.3600947077643
36061001200,4364,105938.0,46.2,50.68744271310724,2.2685609532538957,18.331805682859763,25.48120989917507,75.0,60.0,-15.0,3,"higher-income, white_nh-plurality, closer reach",0.17677669529663692,0.25,771.4534982745236,1091.0
36061001300,5371,193984.0,31.7,62.16719419102588,6.832991994042078,23.62688512381307,2.662446471792962,54.0,57.0,3.0,3,"higher-income, white_nh-plurality, closer reach",0.2871745887492588,0.2679433656340733,1542.414716172269,1439.1238168206075
36061001401,3395,94076.0,54.7,69.8379970544919,1.914580265095729,7.59941089837997,10.89837997054492,72.0,59.0,-13.0,3,"higher-income, white_nh-plurality, closer reach",0.1894645708137998,0.2558434729991938,643.2322179128504,868.588590832263
36061001402,3449,50347.0,42.4,29.22586256886054,7.219483908379241,33.806900550884315,23.5720498695274,71.0,56.0,-15.0,0,"higher-income, asian_nh-plurality, closer reach",0.19389309522921686,0.2742062449236565,668.7372854455689,945.7373387416911
36061001501,7777,123750.0,41.2,54.982641121254986,5.889160344605889,26.771248553426773,3.703227465603703,64.0,60.0,-4.0,3,"higher-income, white_nh-plurality, closer reach",0.22793062213955423,0.25,1772.6164483793132,1944.25
36061001502,8485,182348.0,29.0,57.91396582203889,6.022392457277548,20.436063641720683,8.956982911019447,63.0,62.0,-1.0,3,"higher-income, white_nh-plurality, closer reach",0.23325824788420185,0.23871040097760418,1979.1962332974526,2025.4577522949714
36061001800,6702,79973.0,33.9,34.01969561324977,6.117576842733512,43.58400477469412,13.503431811399583,69.0,55.0,-14.0,0,"higher-income, asian_nh-plurality, closer reach",0.2030630990890589,0.2806155120773433,1360.9288900948727,1880.6851619423549
36061002000,4793,24655.0,42.4,1.1475067807218862,20.008345503859797,18.1306071354058,56.93720008345504,85.0,69.0,-16.0,2,"lower-income, hispanic/latino-plurality, farther reach",0.14030775603867163,0.2030630990890589,672.4950746933531,973.2814339338593
36061002100,7944,250001.0,33.5,61.71953675730111,7.187814702920443,14.249748237663646,10.712487411883183,54.0,53.0,-1.0,3,"higher-income, white_nh-plurality, closer reach",0.2871745887492588,0.2938869765709022,2281.3149330241117,2334.638141879247
36061002201,6437,38594.0,40.9,27.264253534255086,22.57262700015535,15.177877893428615,30.806276215628397,76.0,61.0,-15.0,2,"lower-income, hispanic/latino-plurality, farther reach",0.17273910999597203,0.2442899921085615,1111.921651044072,1572.4946792028104
36061002202,2407,137313.0,31.4,56.25259659326963,8.101371001246365,12.629829663481512,21.562110511009557,77.0,61.0,-16.0,3,"higher-income, white_nh-plurality, closer reach",0.16879374327102378,0.2442899921085615,406.28654005335426,588.0060110053075
36061002400,4019,20876.0,44.6,3.657626275192834,21.696939537198308,17.392386165712864,55.95919382931078,82.0,69.0,-13.0,2,"lower-income, hispanic/latino-plurality, farther reach",0.15037812951026458,0.2030630990890589,604.3697025017533,816.1105952389277
36061002500,5070,23737.0,44.2,1.4990138067061145,26.62721893491124,31.952662721893493,34.35897435897436,68.0,61.0,-7.0,0,"higher-income, asian_nh-plurality, closer reach",0.20780947403569697,0.2442899921085615,1053.5940333609835,1238.5502599904069
36061002601,4329,32837.0,44.2,22.22222222222222,17.34811734811735,14.945714945714945,42.96604296604296,78.0,62.0,-16.0,2,"lower-income, hispanic/latino-plurality, farther reach",0.16493848884661183,0.23871040097760418,714.0187182169826,1033.3773258320484
36061002602,3431,73899.0,37.8,55.90206936753133,4.896531623433401,15.039347129116875,16.117749927134945,75.0,62.0,-13.0,3,"higher-income, white_nh-plurality, closer reach",0.17677669529663692,0.23871040097760418,606.5208415627612,819.01538575416
36061002700,1191,135000.0,60.2,24.09739714525609,0.08396305625524769,71.45256087321579,0.41981528127623846,65.0,58.0,-7.0,0,"higher-income, asian_nh-plurality, closer reach",0.22272467953508487,0.26182353070515674,265.2650933262861,311.83182506984167
36061002800,6234,75100.0,41.9,33.49374398460058,8.437600256657042,14.436958614051973,35.803657362848895,72.0,60.0,-12.0,2,"lower-income, hispanic/latino-plurality, farther reach",0.1894645708137998,0.25,1181.122134453228,1558.5
36061002901,789,11612.0,38.2,11.660329531051964,32.82636248415716,10.773130544993663,43.346007604562736,60.0,53.0,-7.0,2,"lower-income, hispanic/latino-plurality, farther reach",0.25,0.2938869765709022,197.25,231.8768245144418
36061003001,4073,102883.0,29.8,50.40510680088387,11.023815369506506,11.61306162533759,24.502823471642525,72.0,56.0,-16.0,3,"higher-income, white_nh-plurality, closer reach",0.1894645708137998,0.2742062449236565,771.6891969246066,1116.8420355740527
36061003002,2964,70346.0,34.8,44.635627530364374,9.345479082321187,21.558704453441294,22.300944669365723,72.0,55.0,-17.0,3,"higher-income, white_nh-plurality, closer reach",0.1894645708137998,0.2806155120773433,561.5729878921027,831.7443777972455
36061003100,2770,225694.0,24.2,42.59927797833935,11.588447653429602,27.36462093862816,17.292418772563177,61.0,54.0,-7.0,3,"higher-income, white_nh-plurality, closer reach",0.2442899921085615,0.2871745887492588,676.6832781407154,795.4736108354468
36061003200,7740,92434.0,37.4,72.36434108527132,1.5116279069767442,9.741602067183463,9.612403100775193,71.0,57.0,-14.0,3,"higher-income, white_nh-plurality, closer reach",0.19389309522921686,0.2679433656340733,1500.7325570741384,2073.8816500077273
36061003300,5574,250001.0,39.6,73.89666307857912,2.2604951560818085,8.575529242913527,5.059203444564047,61.0,54.0,-7.0,3,"higher-income, white_nh-plurality, closer reach",0.2442899921085615,0.2871745887492588,1361.6724160131218,1600.7111576883683
36061003400,6474,112030.0,33.6,66.3422922459067,3.7380290392338584,10.426320667284523,15.199258572752548,66.0,55.0,-11.0,3,"higher-income, white_nh-plurality, closer reach",0.21763764082403103,0.2806155120773433,1408.986086694777,1816.7048251887206
36061003601,2935,49869.0,42.5,30.18739352640545,5.383304940374787,22.793867120954005,35.63884156729131,69.0,53.0,-16.0,0,"higher-income, asian_nh-plurality, closer reach",0.2030630990890589,0.2938869765709022,595.9901958263879,862.5582762355979
36061003602,3461,136607.0,34.7,61.54290667437157,9.534816527015314,12.07743426755273,14.388904940768564,68.0,52.0,-16.0,3,"higher-income, white_nh-plurality, closer reach",0.20780947403569697,0.3007562590205292,719.2285896375472,1040.9174124700517
36061003700,3528,250001.0,40.2,63.378684807256235,5.782312925170068,17.488662131519273,8.58843537414966,68.0,60.0,-8.0,3,"higher-income, white_nh-plurality, closer reach",0.20780947403569697,0.25,733.1518243979389,882.0
36061003800,7393,78526.0,31.3,61.558230758825914,2.5970512647098607,17.77356959285811,15.027728932774245,68.0,52.0,-16.0,3,"higher-income, white_nh-plurality, closer reach",0.20780947403569697,0.3007562590205292,1536.3354415459078,2223.4910229387724
36061003900,6180,184604.0,43.2,54.045307443365694,2.3300970873786406,27.055016181229774,13.31715210355987,66.0,62.0,-4.0,3,"higher-income, white_nh-plurality, closer reach",0.21763764082403103,0.23871040097760418,1345.0006202925117,1475.230278041594
36061004001,3615,153701.0,31.7,70.7883817427386,1.2448132780082988,15.186721991701244,9.571230982019364,67.0,54.0,-13.0,3,"higher-income, white_nh-plurality, closer reach",0.21266679023771395,0.2871745887492588,768.7904467093359,1038.1361383285705
36061004002,6250,154390.0,27.0,57.264,6.576,17.216,12.512,65.0,51.0,-14.0,3,"higher-income, white_nh-plurality, closer reach",0.22272467953508487,0.3077861033362291,1392.0292470942804,1923.6631458514316
36061004100,6815,96461.0,42.2,50.08070432868672,2.1129860601614086,39.4424064563463,5.7226705796038155,65.0,55.0,-10.0,3,"higher-income, white_nh-plurality, closer reach",0.22272467953508487,0.2806155120773433,1517.8686910316035,1912.3947148070947
36061004200,5302,166447.0,20.7,50.66012825348925,6.450396076952093,24.990569596378727,12.844209732176537,63.0,50.0,-13.0,3,"higher-income, white_nh-plurality, closer reach",0.23325824788420185,0.3149802624737183,1236.7352302820382,1670.0253516356545
36061004300,3590,93816.0,36.2,58.35654596100279,1.5598885793871866,13.008356545961004,21.309192200557103,65.0,51.0,-14.0,3,"higher-income, white_nh-plurality, closer reach",0.22272467953508487,0.3077861033362291,799.5815995309547,1104.9521109770624
36061004400,16684,150697.0,38.7,71.34979621193958,2.6912011508031646,9.721889235195396,12.017501798129945,77.0,64.0,-13.0,3,"higher-income, white_nh-plurality, closer reach",0.16879374327102378,0.22793062213955423,2816.154812733761,3802.794499776323
36061004500,1047,185208.0,40.2,73.63896848137536,2.005730659025788,16.6189111747851,3.915950334288443,64.0,54.0,-10.0,3,"higher-income, white_nh-plurality, closer reach",0.22793062213955423,0.2871745887492588,238.64336138011328,300.67179442047393
36061004700,2619,156000.0,36.9,77.1286750668194,0.0,12.409316533027873,5.956471935853379,64.0,55.0,-9.0,3,"higher-income, white_nh-plurality, closer reach",0.22793062213955423,0.2806155120773433,596.9502993834925,734.9320261305621
36061004800,6660,171472.0,32.5,67.52252252252252,4.474474474474475,19.024024024024023,7.5825825825825826,65.0,53.0,-12.0,3,"higher-income, white_nh-plurality, closer reach",0.22272467953508487,0.2938869765709022,1483.3463657036652,1957.2872639622085
36061004900,4568,151546.0,37.5,77.01401050788091,1.5323992994746058,11.01138353765324,8.822241681260946,66.0,53.0,-13.0,3,"higher-income, white_nh-plurality, closer reach",0.21763764082403103,0.2938869765709022,994.1687432841737,1342.4757089758812
36061005000,4780,190380.0,39.8,73.93305439330544,1.8619246861924685,15.439330543933055,2.99163179916318,61.0,50.0,-11.0,3,"higher-income, white_nh-plurality, closer reach",0.2442899921085615,0.3149802624737183,1167.706162278924,1505.6056546243735
36061005200,3349,229963.0,35.9,67.21409375933115,5.882352941176471,12.332039414750671,8.211406389967154,60.0,49.0,-11.0,3,"higher-income, white_nh-plurality, closer reach",0.25,0.32234257710989483,837.25,1079.525290741038
36061005400,4721,139891.0,46.1,73.09891972039821,1.503918661300572,16.034738402880745,7.837322601143826,62.0,49.0,-13.0,3,"higher-income, white_nh-plurality, closer reach",0.23871040097760418,0.32234257710989483,1126.9518030152694,1521.7793065358135
36061005501,5581,230167.0,35.4,51.49614764379144,7.1671743415158575,28.04156961118079,8.923132055187242,66.0,51.0,-15.0,3,"higher-income, white_nh-plurality, closer reach",0.21763764082403103,0.3077861033362291,1214.6356734389171,1717.7542427194944
36061005502,1933,149853.0,36.6,66.73564407656492,2.1210553543714434,17.84790481117434,11.639937920331091,64.0,50.0,-14.0,3,"higher-income, white_nh-plurality, closer reach",0.22793062213955423,0.3149802624737183,440.58989259575833,608.8568473616974
36061005600,4071,228750.0,42.4,50.06140997297961,8.00786047654139,9.850159665929747,22.132154261852126,59.0,47.0,-12.0,3,"higher-income, white_nh-plurality, closer reach",0.2558434729991938,0.3375874865420475,1041.538778579718,1374.3186577126753
36061005700,2865,222237.0,40.1,83.6998254799302,0.6980802792321117,7.958115183246074,4.9214659685863875,64.0,49.0,-15.0,3,"higher-income, white_nh-plurality, closer reach",0.22793062213955423,0.32234257710989483,653.0212324298228,923.5114834198487
36061005800,4412,221875.0,31.7,57.524932003626475,8.204895738893926,19.26563916591115,8.703535811423391,58.0,47.0,-11.0,3,"higher-income, white_nh-plurality, closer reach",0.26182353070515674,0.3375874865420475,1155.1654174711516,1489.4359906235136
36061005900,5098,163583.0,38.9,73.79364456649667,3.668105139270302,12.926637897214594,6.512357787367595,63.0,51.0,-12.0,3,"higher-income, white_nh-plurality, closer reach",0.23325824788420185,0.3077861033362291,1189.1505477136611,1569.0935548080959
36061006000,5279,206087.0,43.3,74.5595756772116,3.201363894677022,8.978973290395908,7.04678916461451,77.0,64.0,-13.0,3,"higher-income, white_nh-plurality, closer reach",0.16879374327102378,0.22793062213955423,891.0621707277345,1203.2457542747068
36061006100,4970,244014.0,34.6,50.32193158953722,5.372233400402415,32.1327967806841,8.853118712273641,61.0,50.0,-11.0,3,"higher-income, white_nh-plurality, closer reach",0.2442899921085615,0.3149802624737183,1214.1212607795508,1565.45190449438
36061006200,4303,101598.0,32.4,38.81013246572159,16.964908203578897,22.751568673018824,17.174064606088777,76.0,64.0,-12.0,3,"higher-income, white_nh-plurality, closer reach",0.17273910999597203,0.22793062213955423,743.2963903126677,980.7854670665018
36061006300,5843,176827.0,41.5,82.11535170289235,1.3349306862912886,7.444805750470649,6.024302584288892,60.0,51.0,-9.0,3,"higher-income, white_nh-plurality, closer reach",0.25,0.3077861033362291,1460.75,1798.3942017935865
36061006400,7939,113556.0,35.9,67.31326363521855,8.137044967880085,10.920770877944326,8.703866985766469,68.0,51.0,-17.0,3,"higher-income, white_nh-plurality, closer reach",0.20780947403569697,0.3077861033362291,1649.7994143693982,2443.5138743863226
36061006500,5227,119467.0,31.6,75.35871436770614,3.7306294241438684,9.489190740386455,8.417830495504113,64.0,50.0,-14.0,3,"higher-income, white_nh-plurality, closer reach",0.22793062213955423,0.3149802624737183,1191.39336192345,1646.4018319501256
36061006600,11510,135367.0,34.3,55.09991311902693,8.470894874022589,21.1120764552563,11.841876629018245,66.0,51.0,-15.0,3,"higher-income, white_nh-plurality, closer reach",0.21763764082403103,0.3077861033362291,2505.009245884597,3542.618049399997
36061006700,4928,129494.0,34.1,77.94237012987013,3.794642857142857,5.8644480519480515,8.745941558441558,62.0,50.0,-12.0,3,"higher-income, white_nh-plurality, closer reach",0.23871040097760418,0.3149802624737183,1176.3648560176334,1552.2227334704837
36061006800,7144,153913.0,32.6,65.43952967525196,8.846584546472565,8.972564389697649,8.692609182530795,63.0,48.0,-15.0,3,"higher-income, white_nh-plurality, closer reach",0.23325824788420185,0.3298769776932236,1666.396922884738,2356.6411286403895
36061006900,2570,239038.0,35.9,72.41245136186771,1.1673151750972763,7.54863813229572,14.82490272373541,65.0,60.0,-5.0,3,"higher-income, white_nh-plurality, closer reach",0.22272467953508487,0.25,572.4024264051682,642.5
36061007001,4195,157802.0,32.9,78.73659117997616,5.196662693682956,8.510131108462454,3.67103694874851,65.0,51.0,-14.0,3,"higher-income, white_nh-plurality, closer reach",0.22272467953508487,0.3077861033362291,934.330030649681,1291.162703495481
36061007002,3676,158158.0,32.0,67.70946681175191,3.4820457018498367,14.771490750816104,9.249183895538629,62.0,48.0,-14.0,3,"higher-income, white_nh-plurality, closer reach",0.23871040097760418,0.3298769776932236,877.4994339936729,1212.62777000029
36061007100,5364,167963.0,37.8,67.82252050708426,4.175988068605518,8.016405667412378,16.68530947054437,58.0,49.0,-9.0,3,"higher-income, white_nh-plurality, closer reach",0.26182353070515674,0.32234257710989483,1404.4214187024606,1729.0455836174758
36061007200,7224,160880.0,32.3,63.52436323366556,4.305094130675526,19.089147286821706,4.2912513842746405,59.0,45.0,-14.0,3,"higher-income, white_nh-plurality, closer reach",0.2558434729991938,0.3535533905932738,1848.213248946176,2554.06969364581
36061007300,5744,170434.0,39.8,78.74303621169916,2.7332869080779942,3.7430362116991645,12.830779944289693,60.0,50.0,-10.0,3,"higher-income, white_nh-plurality, closer reach",0.25,0.3149802624737183,1436.0,1809.246627649038
36061007400,5257,194636.0,34.7,65.43656077610805,3.252805782765836,23.987064865893096,5.953966140384249,55.0,45.0,-10.0,3,"higher-income, white_nh-plurality, closer reach",0.2806155120773433,0.3535533905932738,1475.1957469905938,1858.6301743488402
36061007500,3814,157350.0,47.6,83.53434714210802,1.914001048767698,6.030414263240692,5.899318300996329,64.0,59.0,-5.0,3,"higher-income, white_nh-plurality, closer reach",0.22793062213955423,0.2558434729991938,869.3273928402598,975.7870060189251
36061007600,2455,164188.0,34.4,42.40325865580448,6.069246435845214,31.120162932790222,14.908350305498981,52.0,45.0,-7.0,3,"higher-income, white_nh-plurality, closer reach",0.3007562590205292,0.3535533905932738,738.3566158953993,867.9735739064871
36061007700,5584,170655.0,38.5,80.64111747851003,0.7342406876790831,4.835243553008596,5.641117478510028,58.0,50.0,-8.0,3,"higher-income, white_nh-plurality, closer reach",0.26182353070515674,0.3149802624737183,1462.0225954575951,1758.8497856532429
36061007800,8412,126617.0,34.7,53.994293865905846,2.0803613884926295,25.320970042796006,14.467427484545887,64.0,47.0,-17.0,3,"higher-income, white_nh-plurality, closer reach",0.22793062213955423,0.3375874865420475,1917.3523934379302,2839.7859367917035
36061007900,4514,159763.0,43.7,72.88435976960567,3.123615418697386,4.186973859105007,17.9441736818786,67.0,58.0,-9.0,3,"higher-income, white_nh-plurality, closer reach",0.21266679023771395,0.26182353070515674,959.9778911330408,1181.8714176030776
36061008000,5292,176988.0,35.5,67.10128495842781,6.840513983371126,17.498110355253214,7.161753590325019,63.0,40.0,-23.0,3,"higher-income, white_nh-plurality, closer reach",0.23325824788420185,0.3968502629920499,1234.4026478031963,2100.131591753928
36061008100,6331,161474.0,43.9,76.82830516506081,1.3110093192228716,8.529458221450009,10.26694045174538,57.0,47.0,-10.0,3,"higher-income, white_nh-plurality, closer reach",0.2679433656340733,0.3375874865420475,1696.349447829318,2137.266377297703
36061008200,3346,191250.0,36.4,49.731022115959355,6.545128511655708,13.419007770472206,19.605499103407052,61.0,43.0,-18.0,3,"higher-income, white_nh-plurality, closer reach",0.2442899921085615,0.3702743880716411,817.3943135952468,1238.9381024877111
36061008300,3629,79036.0,42.5,39.68035271424635,2.7280242491044366,12.152108018737945,32.267842380821165,62.0,50.0,-12.0,3,"higher-income, white_nh-plurality, closer reach",0.23871040097760418,0.3149802624737183,866.2800451477256,1143.0633725171238
36061008400,1660,250001.0,39.2,38.0722891566265,11.024096385542169,33.795180722891565,12.409638554216867,58.0,44.0,-14.0,3,"higher-income, white_nh-plurality, closer reach",0.26182353070515674,0.36181730936009454,434.6270609705602,600.6167335377569
36061008601,3197,168320.0,32.4,43.91617141069753,0.5317485142320926,35.157960588051296,17.42258367219268,72.0,57.0,-15.0,3,"higher-income, white_nh-plurality, closer reach",0.1894645708137998,0.2679433656340733,605.718232891718,856.6149399321323
36061008603,5188,189926.0,54.2,71.0100231303007,0.0,7.035466461063994,15.902081727062452,77.0,43.0,-34.0,3,"higher-income, white_nh-plurality, closer reach",0.16879374327102378,0.3702743880716411,875.7019400900714,1920.983525315674
36061008700,5712,147454.0,33.5,65.47619047619048,6.915266106442577,11.74719887955182,12.079831932773109,56.0,48.0,-8.0,3,"higher-income, white_nh-plurality, closer reach",0.2742062449236565,0.3298769776932236,1566.2660710039258,1884.2572965836932
36061008800,7096,106033.0,41.9,59.92108229988726,3.283540022547914,19.489853438556935,1.507891770011274,65.0,42.0,-23.0,3,"higher-income, white_nh-plurality, closer reach",0.22272467953508487,0.37892914162759955,1580.4543259809623,2688.8811889894464
36061008900,5849,98952.0,41.3,62.19866643870747,3.6587450846298513,10.942041374593948,18.071465207727815,60.0,51.0,-9.0,3,"higher-income, white_nh-plurality, closer reach",0.25,0.3077861033362291,1462.25,1800.2409184136038
36061009000,7308,152716.0,39.4,65.25725232621784,3.5987958401751503,19.225506294471813,6.376573617952928,69.0,39.0,-30.0,3,"higher-income, white_nh-plurality, closer reach",0.2030630990890589,0.4061261981781178,1483.9851281428423,2967.9702562856846
36061009100,6445,188145.0,38.0,59.16214119472459,10.923196276183088,13.747090768037237,11.295577967416602,52.0,45.0,-7.0,3,"higher-income, white_nh-plurality, closer reach",0.3007562590205292,0.3535533905932738,1938.3740893873107,2278.6516023736494
36061009200,1408,170341.0,35.1,61.50568181818182,1.4204545454545454,26.136363636363637,6.818181818181818,64.0,39.0,-25.0,3,"higher-income, white_nh-plurality, closer reach",0.22793062213955423,0.4061261981781178,320.9263159724924,571.8256870347899
36061009300,9699,105682.0,51.4,62.511599133931334,7.423445716053202,4.4540674296319205,20.486648108052375,57.0,48.0,-9.0,3,"higher-income, white_nh-plurality, closer reach",0.2679433656340733,0.3298769776932236,2598.782703284877,3199.476806646576
36061009400,77,120625.0,38.9,57.142857142857146,0.0,7.792207792207792,5.194805194805195,64.0,39.0,-25.0,3,"higher-income, white_nh-plurality, closer reach",0.22793062213955423,0.4061261981781178,17.550657904745677,31.27171725971507
36061009500,3482,200455.0,30.1,69.41412981045376,7.897759908098794,13.584147041929926,7.438253877082137,49.0,47.0,-2.0,3,"higher-income, white_nh-plurality, closer reach",0.32234257710989483,0.3375874865420475,1122.3968534966539,1175.4796281394094
36061009600,474,91538.0,26.1,23.628691983122362,20.464135021097047,20.253164556962027,16.455696202531644,61.0,43.0,-18.0,3,"higher-income, white_nh-plurality, closer reach",0.2442899921085615,0.3702743880716411,115.79345625945815,175.5100599459579
36061009700,4477,70816.0,57.6,52.959571141389326,3.7971856153674337,15.43444270716998,24.078624078624077,53.0,51.0,-2.0,3,"higher-income, white_nh-plurality, closer reach",0.2938869765709022,0.3077861033362291,1315.731994107929,1377.9583846362975
36061009800,8389,141989.0,40.9,67.29049946358326,1.4185242579568482,19.442126594349745,7.640958397902015,71.0,37.0,-34.0,3,"higher-income, white_nh-plurality, closer reach",0.19389309522921686,0.4253335804754279,1626.5691758779003,3568.123406608365
36061009901,1884,250001.0,36.6,71.3375796178344,2.5477707006369426,11.624203821656051,9.925690021231423,70.0,59.0,-11.0,3,"higher-income, white_nh-plurality, closer reach",0.19842513149602495,0.2558434729991938,373.832947738511,482.0091031304811
36061009902,3890,169241.0,32.3,42.26221079691517,10.951156812339331,19.717223650385606,22.39074550128535,64.0,55.0,-9.0,3,"higher-income, white_nh-plurality, closer reach",0.22793062213955423,0.2806155120773433,886.6501201228659,1091.5943419808655
36061009903,1061,139659.0,33.5,42.03581526861451,14.326107445805844,25.447690857681433,11.310084825636192,63.0,50.0,-13.0,3,"higher-income, white_nh-plurality, closer reach",0.23325824788420185,0.3149802624737183,247.48700100513815,334.19405848461514
36061010000,1651,115536.0,39.8,57.298606904906116,2.786190187764991,15.505754088431253,19.079345850999395,68.0,36.0,-32.0,3,"higher-income, white_nh-plurality, closer reach",0.20780947403569697,0.4352752816480621,343.0934416329357,718.6394900009506
36061010100,1923,106528.0,33.5,35.413416536661465,13.000520020800833,32.50130005200208,17.888715548621946,47.0,44.0,-3.0,3,"higher-income, white_nh-plurality, closer reach",0.3375874865420475,0.36181730936009454,649.1807366203574,695.7746858994618
36061010200,244,96375.0,65.5,81.9672131147541,8.60655737704918,2.8688524590163933,0.4098360655737705,66.0,36.0,-30.0,3,"higher-income, white_nh-plurality, closer reach",0.21763764082403103,0.4352752816480621,53.10358436106357,106.20716872212715
36061010300,3083,158343.0,34.3,47.9403178722024,9.665909828089523,27.18131689912423,9.730781706130392,51.0,48.0,-3.0,3,"higher-income, white_nh-plurality, closer reach",0.3077861033362291,0.3298769776932236,948.9045565855943,1017.0107222282084
36061010400,960,188971.0,48.7,69.79166666666667,1.0416666666666667,16.875,4.583333333333333,63.0,40.0,-23.0,3,"higher-income, white_nh-plurality, closer reach",0.23325824788420185,0.3968502629920499,223.92791796883378,380.9762524723679
36061010601,7562,250001.0,49.8,84.21052631578948,1.4017455699550383,6.016926738957948,4.046548532134356,75.0,45.0,-30.0,3,"higher-income, white_nh-plurality, closer reach",0.17677669529663692,0.3535533905932738,1336.7853698331685,2673.5707396663365
36061010602,5006,202674.0,35.7,59.868158210147826,4.674390731122653,16.660007990411508,12.045545345585298,73.0,45.0,-28.0,3,"higher-income, white_nh-plurality, closer reach",0.18513719403582055,0.3535533905932738,926.7967933433176,1769.8882733099285
36061010801,3476,162455.0,37.5,61.65132336018412,3.855005753739931,17.088607594936708,7.537399309551208,72.0,37.0,-35.0,3,"higher-income, white_nh-plurality, closer reach",0.1894645708137998,0.4253335804754279,658.5788481487681,1478.4595257325875
36061010802,4094,157532.0,68.4,83.48803126526624,0.0,9.208597948216903,4.982901807523205,71.0,41.0,-30.0,3,"higher-income, white_nh-plurality, closer reach",0.19389309522921686,0.38778619045843365,793.7983318684138,1587.5966637368274
36061010803,1840,116758.0,47.4,83.15217391304348,1.9021739130434783,6.9021739130434785,5.108695652173913,69.0,39.0,-30.0,3,"higher-income, white_nh-plurality, closer reach",0.2030630990890589,0.4061261981781178,373.6361023238684,747.2722046477368
36061010900,200,150625.0,32.6,42.0,25.5,14.5,14.0,50.0,45.0,-5.0,3,"higher-income, white_nh-plurality, closer reach",0.3149802624737183,0.3535533905932738,62.99605249474366,70.71067811865476
36061011000,6955,144856.0,35.0,59.49676491732566,4.572250179726815,14.550682961897914,18.00143781452193,67.0,39.0,-28.0,3,"higher-income, white_nh-plurality, closer reach",0.21266679023771395,0.4061261981781178,1479.0975261033007,2824.607708328809
36061011100,4767,104119.0,32.8,40.885252779525906,9.60771973987833,28.55045101741137,15.92196349905601,54.0,48.0,-6.0,3,"higher-income, white_nh-plurality, closer reach",0.2871745887492588,0.3298769776932236,1368.9612645677166,1572.523552663597
36061011201,950,207850.0,51.6,74.84210526315789,0.0,16.210526315789473,5.894736842105263,63.0,40.0,-23.0,3,"higher-income, white_nh-plurality, closer reach",0.23325824788420185,0.3968502629920499,221.59533548999175,377.0077498424474
36061011202,520,206295.0,66.9,83.65384615384616,0.0,6.346153846153846,0.9615384615384616,66.0,40.0,-26.0,3,"higher-income, white_nh-plurality, closer reach",0.21763764082403103,0.3968502629920499,113.17157322849613,206.36213675586595
36061011203,1053,174453.0,45.0,74.4539411206078,0.0,14.814814814814815,1.899335232668566,66.0,38.0,-28.0,3,"higher-income, white_nh-plurality, closer reach",0.21763764082403103,0.4156189480713939,229.17243578770467,437.6467523191778
36061011300,122,91250.0,48.1,13.114754098360656,58.19672131147541,13.114754098360656,4.918032786885246,54.0,41.0,-13.0,1,"lower-income, black_nh-plurality, farther reach",0.2871745887492588,0.38778619045843365,35.035299827409574,47.309915235928905
36061011401,1138,250001.0,53.9,78.29525483304042,0.5272407732864675,11.335676625659051,4.745166959578207,66.0,40.0,-26.0,3,"higher-income, white_nh-plurality, closer reach",0.21763764082403103,0.3968502629920499,247.6716352577473,451.6155992849528
36061011402,2283,217500.0,44.1,72.88655278142795,2.3653088042049935,11.957950065703022,10.424879544459046,63.0,36.0,-27.0,3,"higher-income, white_nh-plurality, closer reach",0.23325824788420185,0.4352752816480621,532.5285799196329,993.7334680025258
36061011500,3929,130302.0,34.0,49.55459404428608,9.646220412318657,20.055993891575465,14.074828200559939,58.0,46.0,-12.0,3,"higher-income, white_nh-plurality, closer reach",0.26182353070515674,0.34547821999194406,1028.7046521405607,1357.3839263483483
36061011600,3346,105893.0,36.1,61.655708308427975,3.0783024506873877,18.738792588164973,12.821279139270771,75.0,48.0,-27.0,3,"higher-income, white_nh-plurality, closer reach",0.17677669529663692,0.3298769776932236,591.4948224625472,1103.768367361526
36061011700,5051,114517.0,35.7,55.23658681449218,4.89012076816472,17.739061571965948,16.214610968125125,67.0,54.0,-13.0,3,"higher-income, white_nh-plurality, closer reach",0.21266679023771395,0.2871745887492588,1074.1799574906931,1450.518847772506
36061011800,9462,157480.0,40.1,81.79031917142254,0.6129782287042909,9.617417036567321,5.633058549989431,69.0,42.0,-27.0,3,"higher-income, white_nh-plurality, closer reach",0.2030630990890589,0.37892914162759955,1921.3830435806753,3585.427538080347
36061011900,1174,15843.0,65.3,26.235093696763204,45.14480408858603,2.1294718909710393,23.42419080068143,56.0,43.0,-13.0,1,"lower-income, black_nh-plurality, farther reach",0.2742062449236565,0.3702743880716411,321.9181315403727,434.70213159610665
36061012000,3199,159605.0,52.4,75.99249765551735,1.6567677399187246,11.847452328852766,5.064082525789309,65.0,39.0,-26.0,3,"higher-income, white_nh-plurality, closer reach",0.22272467953508487,0.4061261981781178,712.4962498327366,1299.1977079717988
36061012101,3110,68434.0,34.3,61.864951768488744,4.501607717041801,11.189710610932476,15.40192926045016,60.0,45.0,-15.0,3,"higher-income, white_nh-plurality, closer reach",0.25,0.3535533905932738,777.5,1099.5510447450815
36061012102,4850,58180.0,60.0,56.90721649484536,4.680412371134021,2.948453608247423,30.45360824742268,63.0,48.0,-15.0,3,"higher-income, white_nh-plurality, closer reach",0.23325824788420185,0.3298769776932236,1131.302502238379,1599.9033418121344
36061012200,3008,218869.0,56.5,89.26196808510639,0.0,6.815159574468085,2.69281914893617,68.0,42.0,-26.0,3,"higher-income, white_nh-plurality, closer reach",0.20780947403569697,0.37892914162759955,625.0908978993765,1139.8188580158194
36061012400,9788,157375.0,37.6,72.09848794442173,1.2770739681242338,17.18430731507969,5.394360441356763,70.0,50.0,-20.0,3,"higher-income, white_nh-plurality, closer reach",0.19842513149602495,0.3149802624737183,1942.1851870830922,3083.026809092755
36061012500,2635,136865.0,38.3,42.27703984819734,10.398481973434535,26.18595825426945,11.461100569259962,57.0,40.0,-17.0,3,"higher-income, white_nh-plurality, closer reach",0.2679433656340733,0.3968502629920499,706.0307684457831,1045.7004429840515
36061012601,7288,118758.0,43.5,78.0735455543359,0.0,10.4006586169045,9.220636663007683,65.0,45.0,-20.0,3,"higher-income, white_nh-plurality, closer reach",0.22272467953508487,0.3535533905932738,1623.2174644516986,2576.6971106437795
36061012602,4550,217106.0,41.5,88.04395604395604,0.10989010989010989,0.7032967032967034,2.901098901098901,65.0,44.0,-21.0,3,"higher-income, white_nh-plurality, closer reach",0.22272467953508487,0.36181730936009454,1013.3972918846362,1646.2687575884302
36061012700,6786,145545.0,35.9,63.23312702623048,2.0483348069554967,8.841732979664014,12.938402593575008,63.0,43.0,-20.0,3,"higher-income, white_nh-plurality, closer reach",0.23325824788420185,0.3702743880716411,1582.8904701421939,2512.6819974541563
36061012800,4914,189583.0,52.8,83.27228327228327,0.10175010175010175,7.142857142857143,7.407407407407407,69.0,43.0,-26.0,3,"higher-income, white_nh-plurality, closer reach",0.2030630990890589,0.3702743880716411,997.8520689236354,1819.5283429840442
36061012901,7091,120911.0,36.4,48.103229445776336,3.8781554082639964,24.989423212522915,15.963897898744888,67.0,54.0,-13.0,3,"higher-income, white_nh-plurality, closer reach",0.21266679023771395,0.2871745887492588,1508.0202095756297,2036.355008820994
36061012902,2647,102684.0,38.3,39.78088401964488,9.860219115980355,11.446921042689837,25.878352852285605,73.0,55.0,-18.0,3,"higher-income, white_nh-plurality, closer reach",0.18513719403582055,0.2806155120773433,490.05815261281697,742.7892604687278
36061013000,3272,169674.0,54.4,77.50611246943765,0.8251833740831296,12.71393643031785,7.487775061124695,73.0,47.0,-26.0,3,"higher-income, white_nh-plurality, closer reach",0.18513719403582055,0.3375874865420475,605.7688988852049,1104.5862559655795
36061013100,3235,109764.0,40.7,44.605873261205566,7.882534775888717,25.038639876352395,17.49613601236476,60.0,38.0,-22.0,3,"higher-income, white_nh-plurality, closer reach",0.25,0.4156189480713939,808.75,1344.5272970109593
36061013201,2316,146250.0,31.6,77.50431778929189,3.0224525043177892,8.937823834196891,5.181347150259067,75.0,54.0,-21.0,3,"higher-income, white_nh-plurality, closer reach",0.17677669529663692,0.2871745887492588,409.4148263070111,665.0963475432833
36061013202,3649,93333.0,35.2,75.82899424499863,2.466429158673609,4.001096190737188,14.661551109893121,75.0,53.0,-22.0,3,"higher-income, white_nh-plurality, closer reach",0.17677669529663692,0.2938869765709022,645.0581611374281,1072.393577507222
36061013203,4291,117741.0,37.6,83.59356793288278,0.0,10.440456769983687,5.709624796084829,73.0,51.0,-22.0,3,"higher-income, white_nh-plurality, closer reach",0.18513719403582055,0.3077861033362291,794.423699607706,1320.710169415759
36061013300,6510,151250.0,37.0,50.78341013824885,2.5345622119815667,22.319508448540706,19.907834101382488,63.0,43.0,-20.0,3,"higher-income, white_nh-plurality, closer reach",0.23325824788420185,0.3702743880716411,1518.511193726154,2410.4862663463837
36061013400,10647,128580.0,37.2,80.28552643937259,0.13149243918474687,8.4155161078238,7.5326383018690715,68.0,46.0,-22.0,3,"higher-income, white_nh-plurality, closer reach",0.20780947403569697,0.34547821999194406,2212.5474700580658,3678.306608254228
36061013501,5154,84129.0,38.6,32.59604190919674,8.537058595265814,22.40977881257276,31.742336049670158,76.0,56.0,-20.0,0,"higher-income, asian_nh-plurality, closer reach",0.17273910999597203,0.2742062449236565,890.2973729192398,1413.2589863365254
36061013502,5828,97942.0,41.7,40.49416609471517,10.312285518188057,23.901853122855183,21.22512010981469,77.0,56.0,-21.0,3,"higher-income, white_nh-plurality, closer reach",0.16879374327102378,0.2742062449236565,983.7299357835266,1598.07399541507
36061013601,1711,250001.0,69.8,85.27177089421392,0.0,6.370543541788428,5.610753945061368,78.0,57.0,-21.0,3,"higher-income, white_nh-plurality, closer reach",0.16493848884661183,0.2679433656340733,282.20975441655287,458.4510985998994
36061013602,6244,164093.0,40.2,79.93273542600897,1.777706598334401,11.32286995515695,5.028827674567585,77.0,54.0,-23.0,3,"higher-income, white_nh-plurality, closer reach",0.16879374327102378,0.2871745887492588,1053.9481329842724,1793.1181321503718
36061013603,4426,153977.0,39.7,84.139177586986,0.0,6.529597830998644,4.2250338906461815,75.0,52.0,-23.0,3,"higher-income, white_nh-plurality, closer reach",0.17677669529663692,0.3007562590205292,782.413653382915,1331.1472024248624
36061013604,3488,160556.0,38.9,86.23853211009174,1.548165137614679,5.33256880733945,2.121559633027523,73.0,53.0,-20.0,3,"higher-income, white_nh-plurality, closer reach",0.18513719403582055,0.2938869765709022,645.7585327969421,1025.0777742793068
36061013700,6352,165600.0,47.9,63.74370277078086,6.6278337531486144,18.828715365239294,5.289672544080605,59.0,39.0,-20.0,3,"higher-income, white_nh-plurality, closer reach",0.2558434729991938,0.4061261981781178,1625.117740490879,2579.7136108274044
36061013800,11868,152500.0,42.8,78.6484664644422,1.4914054600606674,7.895180316818335,7.954162453656893,69.0,49.0,-20.0,3,"higher-income, white_nh-plurality, closer reach",0.2030630990890589,0.32234257710989483,2409.952859988951,3825.561705140232
36061013900,9316,106915.0,37.8,69.14984972091027,1.1914984972091027,9.886217260626879,16.938600257621296,65.0,45.0,-20.0,3,"higher-income, white_nh-plurality, closer reach",0.22272467953508487,0.3535533905932738,2074.9031145488507,3293.703386766939
36061014000,7932,215987.0,45.7,86.35905194150277,1.4372163388804842,6.9339384770549675,1.714573877962683,74.0,46.0,-28.0,3,"higher-income, white_nh-plurality, closer reach",0.1809086546800473,0.34547821999194406,1434.9674489221352,2740.3332409761
36061014200,4092,250001.0,49.8,75.53763440860214,0.4887585532746823,8.79765395894428,8.308895405669599,75.0,49.0,-26.0,3,"higher-income, white_nh-plurality, closer reach",0.17677669529663692,0.32234257710989483,723.3702371538383,1319.0258255336896
36061014401,4718,201585.0,47.7,82.17465027554049,0.31793132683340397,6.104281475201357,5.82874099194574,71.0,51.0,-20.0,3,"higher-income, white_nh-plurality, closer reach",0.19389309522921686,0.3077861033362291,914.7876232914451,1452.1348355403288
36061014402,7257,156389.0,47.6,68.99545266639107,6.531624638280281,9.136006614303431,10.679344081576408,73.0,53.0,-20.0,3,"higher-income, white_nh-plurality, closer reach",0.18513719403582055,0.2938869765709022,1343.5406171179498,2132.7377889750373
36061014500,6857,202780.0,39.7,57.5032813183608,3.456322006708473,27.344319673326527,9.114773224442176,64.0,47.0,-17.0,3,"higher-income, white_nh-plurality, closer reach",0.22793062213955423,0.3375874865420475,1562.9202760109233,2314.83739521882
36061014601,3621,145189.0,36.1,72.60425296879315,2.595967964650649,13.891190278928473,7.014636840651754,66.0,46.0,-20.0,3,"higher-income, white_nh-plurality, closer reach",0.21763764082403103,0.34547821999194406,788.0658974238164,1250.9766345908295
36061014602,8543,136671.0,43.5,80.61570876741192,0.6555074329860705,7.16375980334777,8.533302118693667,66.0,46.0,-20.0,3,"higher-income, white_nh-plurality, closer reach",0.21763764082403103,0.34547821999194406,1859.278365559697,2951.420433391178
36061014700,3044,224554.0,36.9,43.39684625492772,2.9894875164257555,34.78975032851511,6.011826544021025,69.0,51.0,-18.0,3,"higher-income, white_nh-plurality, closer reach",0.2030630990890589,0.3077861033362291,618.1240736270953,936.9008985554813
36061014801,2858,199167.0,46.4,78.30650804758572,0.6648005598320503,2.834149755073478,13.05108467459762,70.0,45.0,-25.0,3,"higher-income, white_nh-plurality, closer reach",0.19842513149602495,0.3535533905932738,567.0990258156393,1010.4555903155765
36061014802,6377,171442.0,39.5,66.64575819350792,3.1362709738121373,8.483612984161832,18.990120746432492,71.0,46.0,-25.0,3,"higher-income, white_nh-plurality, closer reach",0.19389309522921686,0.34547821999194406,1236.456268276716,2203.114608888627
36061014900,5873,179732.0,53.3,65.34990635109824,2.043248765537204,19.598161076111015,8.973267495317556,63.0,46.0,-17.0,3,"higher-income, white_nh-plurality, closer reach",0.23325824788420185,0.34547821999194406,1369.9256898239175,2028.9935860126875
36061015001,2018,172788.0,49.9,91.67492566897918,0.0,3.815659068384539,1.5857284440039643,73.0,48.0,-25.0,3,"higher-income, white_nh-plurality, closer reach",0.18513719403582055,0.3298769776932236,373.60685756428586,665.6917409849252
36061015002,4558,235643.0,57.6,80.89074155331285,0.0,7.722685388328214,5.506801228609039,75.0,50.0,-25.0,3,"higher-income, white_nh-plurality, closer reach",0.17677669529663692,0.3149802624737183,805.7481771620711,1435.680036355208
36061015102,8963,174659.0,34.5,41.02421064375767,9.661943545687828,24.19948677898025,12.350775410018967,72.0,59.0,-13.0,3,"higher-income, white_nh-plurality, closer reach",0.1894645708137998,0.2558434729991938,1698.1709482040876,2293.125048491774
36061015200,8240,147285.0,39.6,45.75242718446602,14.004854368932039,11.516990291262136,23.531553398058254,80.0,60.0,-20.0,3,"higher-income, white_nh-plurality, closer reach",0.15749013123685918,0.25,1297.7186813917197,2060.0
36061015301,4698,181813.0,44.7,68.81651766709238,0.10642826734780758,11.600681140911027,8.301404853128991,65.0,50.0,-15.0,3,"higher-income, white_nh-plurality, closer reach",0.22272467953508487,0.3149802624737183,1046.3605444558286,1479.7772731015286
36061015302,5570,151935.0,42.6,75.58348294434471,0.0,15.888689407540395,5.6014362657091565,61.0,48.0,-13.0,3,"higher-income, white_nh-plurality, closer reach",0.2442899921085615,0.3298769776932236,1360.6952560446875,1837.4147657512556
36061015401,4986,118167.0,44.3,85.39911752908142,1.764941837144003,8.924989971921379,1.9855595667870036,69.0,49.0,-20.0,3,"higher-income, white_nh-plurality, closer reach",0.2030630990890589,0.32234257710989483,1012.4726120580476,1607.2000894699356
36061015402,3841,173737.0,36.4,54.95964592554022,20.801874511845874,6.79510544129133,11.142931528247852,71.0,51.0,-20.0,3,"higher-income, white_nh-plurality, closer reach",0.19389309522921686,0.3077861033362291,744.7433787754219,1182.206422914456
36061015403,5015,126472.0,48.4,71.06679960119641,4.227318045862413,10.169491525423728,10.149551345962113,72.0,50.0,-22.0,3,"higher-income, white_nh-plurality, closer reach",0.1894645708137998,0.3149802624737183,950.164822631206,1579.6260163056972
36061015501,5057,193056.0,53.2,70.47656713466482,1.9774569903104608,21.79157603322128,4.132885109748863,62.0,50.0,-12.0,3,"higher-income, white_nh-plurality, closer reach",0.23871040097760418,0.3149802624737183,1207.1584977437444,1592.8551873295935
36061015502,5475,152337.0,51.6,67.4337899543379,3.050228310502283,17.863013698630137,6.575342465753424,71.0,59.0,-12.0,3,"higher-income, white_nh-plurality, closer reach",0.19389309522921686,0.2558434729991938,1061.5646963799622,1400.743014670586
36061015601,4992,108368.0,35.6,61.979166666666664,3.90625,15.745192307692308,11.959134615384615,68.0,48.0,-20.0,3,"higher-income, white_nh-plurality, closer reach",0.20780947403569697,0.3298769776932236,1037.3848943861992,1646.7458726445723
36061015602,2139,58125.0,38.7,26.64796633941094,11.921458625525947,14.399251986909771,44.740532959326785,68.0,48.0,-20.0,2,"lower-income, hispanic/latino-plurality, farther reach",0.20780947403569697,0.3298769776932236,444.5044649623558,705.6068552858053
36061015700,10613,161886.0,42.7,76.09535475360407,2.0352398002449825,12.76736078394422,8.527277866767172,61.0,49.0,-12.0,3,"higher-income, white_nh-plurality, closer reach",0.2442899921085615,0.32234257710989483,2592.649686248163,3421.021770867314
36061015801,5384,180264.0,43.6,72.4368499257058,1.0772659732540861,10.419762258543834,11.069836552748885,73.0,48.0,-25.0,3,"higher-income, white_nh-plurality, closer reach",0.18513719403582055,0.3298769776932236,996.7786526888578,1776.057647900316
36061015802,4397,93537.0,31.3,52.331134864680465,7.43688878780987,23.197634750966568,13.031612463042984,72.0,47.0,-25.0,3,"higher-income, white_nh-plurality, closer reach",0.1894645708137998,0.3375874865420475,833.0757178682777,1484.372178325383
36061015900,9202,170824.0,50.6,76.3638339491415,1.8365572701586612,8.987176700717235,7.650510758530754,64.0,51.0,-13.0,3,"higher-income, white_nh-plurality, closer reach",0.22793062213955423,0.3077861033362291,2097.417584928178,2832.24772289998
36061016001,3029,250001.0,55.9,82.53549026081215,0.26411356883459886,6.173654671508749,8.253549026081215,77.0,52.0,-25.0,3,"higher-income, white_nh-plurality, closer reach",0.16879374327102378,0.3007562590205292,511.27624836793103,910.990708573183
36061016002,3133,109762.0,37.1,51.73954676029365,1.5639961698052984,17.33163102457708,25.151611873603574,76.0,51.0,-25.0,3,"higher-income, white_nh-plurality, closer reach",0.17273910999597203,0.3077861033362291,541.1916316173804,964.2938617524057
36061016100,6177,152782.0,40.2,78.48470131131617,3.86919216448114,6.459446333171442,7.139388052452647,65.0,52.0,-13.0,3,"higher-income, white_nh-plurality, closer reach",0.22272467953508487,0.3007562590205292,1375.7703454882192,1857.771411969809
36061016200,8862,22923.0,42.1,8.76777251184834,37.305348679756264,12.762356127285038,28.80839539607312,85.0,64.0,-21.0,1,"lower-income, black_nh-plurality, farther reach",0.14030775603867163,0.22793062213955423,1243.4073340147079,2019.9211734007297
36061016300,7013,122500.0,46.0,77.12819050335092,3.1227719948666763,7.7285042064736915,6.359617852559532,68.0,56.0,-12.0,3,"higher-income, white_nh-plurality, closer reach",0.20780947403569697,0.2742062449236565,1457.3678414123428,1923.0083956496028
36061016400,7850,29000.0,37.6,9.10828025477707,24.101910828025478,9.528662420382165,54.05095541401274,72.0,51.0,-21.0,2,"lower-income, hispanic/latino-plurality, farther reach",0.1894645708137998,0.3077861033362291,1487.2968808883284,2416.120911189398
36061016500,7253,222391.0,45.6,79.55328829449883,0.8410312973941817,6.631738590927892,9.816627602371433,67.0,52.0,-15.0,3,"higher-income, white_nh-plurality, closer reach",0.21266679023771395,0.3007562590205292,1542.4722295941392,2181.3851466758983
36061016600,6011,60778.0,34.7,21.327566128763934,10.331059723839628,15.72117784062552,46.78090168025287,75.0,49.0,-26.0,2,"lower-income, hispanic/latino-plurality, farther reach",0.17677669529663692,0.32234257710989483,1062.6047154280845,1937.6012310075778
36061016700,7504,249141.0,44.8,85.91417910447761,0.7329424307036247,6.076759061833688,4.024520255863539,73.0,57.0,-16.0,3,"higher-income, white_nh-plurality, closer reach",0.18513719403582055,0.2679433656340733,1389.2695040447975,2010.6470157180859
36061016800,4755,33952.0,43.5,16.19348054679285,35.89905362776025,3.2386961093585698,42.27129337539432,78.0,53.0,-25.0,2,"lower-income, hispanic/latino-plurality, farther reach",0.16493848884661183,0.2938869765709022,784.2825144656392,1397.43257359464
36061016900,8202,175647.0,39.7,80.99244086808096,4.4135576688612534,4.6086320409656185,8.656425262131188,69.0,54.0,-15.0,3,"higher-income, white_nh-plurality, closer reach",0.2030630990890589,0.2871745887492588,1665.523538728461,2355.4059769214205
36061017000,8746,48082.0,39.8,7.900754630688315,13.789160759204208,24.273953807454838,52.88131717356506,77.0,54.0,-23.0,2,"lower-income, hispanic/latino-plurality, farther reach",0.16879374327102378,0.2871745887492588,1476.270078648374,2511.6289532010173
36061017100,8327,167801.0,49.1,83.89576077819143,3.0623273688002883,2.23369761018374,8.67058964813258,74.0,58.0,-16.0,3,"higher-income, white_nh-plurality, closer reach",0.1809086546800473,0.26182353070515674,1506.426367520754,2180.20454018184
36061017200,4967,30507.0,37.2,8.999396013690356,37.527682705858666,2.1542178377290115,43.95007046506946,76.0,50.0,-26.0,2,"lower-income, hispanic/latino-plurality, farther reach",0.17273910999597203,0.3149802624737183,857.9951593499931,1564.5069637069587
36061017300,8764,157896.0,44.7,80.84208124144226,3.1606572341396624,5.659516202647193,6.492469192149703,69.0,53.0,-16.0,3,"higher-income, white_nh-plurality, closer reach",0.2030630990890589,0.2938869765709022,1779.6450004165122,2575.6254626673867
36061017401,5218,39950.0,45.3,13.875047911077042,36.2782675354542,10.693752395553853,35.95247221157532,73.0,54.0,-19.0,2,"lower-income, hispanic/latino-plurality, farther reach",0.18513719403582055,0.2871745887492588,966.0458784789116,1498.4770040936323
36061017402,2529,71435.0,36.1,21.668643732700673,26.255436931593515,12.69276393831554,27.75800711743772,70.0,53.0,-17.0,2,"lower-income, hispanic/latino-plurality, farther reach",0.19842513149602495,0.2938869765709022,501.8171575534471,743.2401637478116
36061017500,10151,184375.0,52.4,69.68771549601024,4.364102058910452,3.79272978031721,15.811250123140578,72.0,59.0,-13.0,3,"higher-income, white_nh-plurality, closer reach",0.1894645708137998,0.2558434729991938,1923.254858330882,2597.0670944148164
36061017700,9586,117398.0,38.4,61.28729397037346,5.205508032547465,5.914875860630086,21.10369288545796,68.0,55.0,-13.0,3,"higher-income, white_nh-plurality, closer reach",0.20780947403569697,0.2806155120773433,1992.0616181061912,2689.980298773413
36061017800,4050,55076.0,32.7,26.839506172839506,23.530864197530864,7.037037037037037,39.111111111111114,84.0,61.0,-23.0,2,"lower-income, hispanic/latino-plurality, farther reach",0.14358729437462942,0.2442899921085615,581.5285422172491,989.3744680396741
36061017900,9319,132808.0,40.5,71.37031870372357,1.641807060843438,7.0930357334477945,17.576993239617984,69.0,57.0,-12.0,3,"higher-income, white_nh-plurality, closer reach",0.2030630990890589,0.2679433656340733,1892.34502041094,2496.964224343929
36061018000,6621,28413.0,36.9,12.037456577556261,26.61229421537532,9.998489654130797,48.346171273221564,79.0,55.0,-24.0,2,"lower-income, hispanic/latino-plurality, farther reach",0.16117128855494742,0.2806155120773433,1067.1151015223068,1857.95530546409
36061018100,8339,120703.0,51.0,62.52548267178319,8.046528360714714,3.945317184314666,9.86928888355918,66.0,53.0,-13.0,3,"higher-income, white_nh-plurality, closer reach",0.21763764082403103,0.2938869765709022,1814.8802868315947,2450.7234976247532
36061018200,7175,37257.0,35.2,9.268292682926829,43.21951219512195,4.83623693379791,40.8780487804878,75.0,50.0,-25.0,2,"lower-income, hispanic/latino-plurality, farther reach",0.17677669529663692,0.3149802624737183,1268.3727887533698,2259.983383248929
36061018300,8493,150462.0,43.2,64.28823737195337,6.899799835158365,6.80560461556576,17.237725185446838,73.0,61.0,-12.0,3,"higher-income, white_nh-plurality, closer reach",0.18513719403582055,0.2442899921085615,1572.3701889462238,2074.754902978013
36061018400,7818,39365.0,36.6,4.3233563571245845,42.17191097467383,6.983883346124329,41.54515221284216,71.0,54.0,-17.0,2,"lower-income, hispanic/latino-plurality, farther reach",0.19389309522921686,0.2871745887492588,1515.8562185020173,2245.1309348417053
36061018500,4950,145511.0,37.9,63.39393939393939,7.2727272727272725,16.181818181818183,8.505050505050505,68.0,56.0,-12.0,3,"higher-income, white_nh-plurality, closer reach",0.20780947403569697,0.2742062449236565,1028.6568964767,1357.3209123720994
36061018600,6009,51832.0,32.9,5.941088367448827,56.764852720918626,0.0,35.06407056082543,67.0,56.0,-11.0,1,"lower-income, black_nh-plurality, farther reach",0.21266679023771395,0.2742062449236565,1277.914742538423,1647.7053257462517
36061018700,10321,140838.0,38.6,60.226722216839455,10.454413332041469,6.549752930917546,21.6548784032555,71.0,60.0,-11.0,3,"higher-income, white_nh-plurality, closer reach",0.19389309522921686,0.25,2001.170635860747,2580.25
36061018800,5071,40572.0,36.6,11.536186156576612,31.84776178268586,8.873989351212778,47.70262275685269,80.0,55.0,-25.0,2,"lower-income, hispanic/latino-plurality, farther reach",0.15749013123685918,0.2806155120773433,798.6324555021129,1423.001261744208
36061018900,10371,37210.0,43.0,22.485777649214153,19.458104329380003,12.467457332947642,42.647767814097,69.0,55.0,-14.0,2,"lower-income, hispanic/latino-plurality, farther reach",0.2030630990890589,0.2806155120773433,2105.9674006526297,2910.2634757541273
36061019000,3849,87708.0,40.5,24.032216160041568,48.61002857885165,10.41829046505586,12.392829306313327,68.0,56.0,-12.0,1,"lower-income, black_nh-plurality, farther reach",0.20780947403569697,0.2742062449236565,799.8586655633976,1055.4198367111537
36061019100,8670,141698.0,47.4,64.39446366782006,11.522491349480969,6.286043829296425,13.079584775086506,72.0,61.0,-11.0,3,"higher-income, white_nh-plurality, closer reach",0.1894645708137998,0.2442899921085615,1642.6578289556444,2117.994231581228
36061019200,4365,19441.0,31.1,6.414662084765178,44.054982817869416,1.0996563573883162,46.18556701030928,92.0,68.0,-24.0,2,"lower-income, hispanic/latino-plurality, farther reach",0.1193552004888021,0.20780947403569697,520.9854501336212,907.0883541658172
36061019300,9652,76250.0,34.2,30.832987981765438,13.240779113137174,10.174057190219644,43.182760049730625,73.0,58.0,-15.0,2,"lower-income, hispanic/latino-plurality, farther reach",0.18513719403582055,0.26182353070515674,1786.9441968337399,2527.1207183661727
36061019400,6487,38418.0,35.1,10.898720517958996,25.420070911052875,8.278094650840142,55.26437490365346,81.0,57.0,-24.0,2,"lower-income, hispanic/latino-plurality, farther reach",0.15389305166811457,0.2679433656340733,998.3042261710592,1738.1486128682334
36061019500,7457,119547.0,45.1,53.37266997452058,9.23964060614188,11.492557328684457,20.718787716239774,75.0,63.0,-12.0,3,"higher-income, white_nh-plurality, closer reach",0.17677669529663692,0.23325824788420185,1318.2238168270214,1739.4067544724933
36061019600,4067,24665.0,43.6,12.564543889845094,22.842389968035405,5.3848045242193265,54.0447504302926,76.0,52.0,-24.0,2,"lower-income, hispanic/latino-plurality, farther reach",0.17273910999597203,0.3007562590205292,702.5299603536182,1223.1757054364923
36061019701,999,60398.0,31.5,34.134134134134136,10.11011011011011,25.825825825825827,27.227227227227228,73.0,61.0,-12.0,2,"lower-income, hispanic/latino-plurality, farther reach",0.18513719403582055,0.2442899921085615,184.95205684178472,244.04570211645293
36061019702,2660,101667.0,35.1,29.24812030075188,30.977443609022558,9.210526315789474,21.203007518796994,72.0,56.0,-16.0,3,"higher-income, white_nh-plurality, closer reach",0.1894645708137998,0.2742062449236565,503.9757583647075,729.3886114969263
36061019800,2534,98347.0,43.5,24.62509865824783,43.01499605367009,7.49802683504341,16.4956590370955,74.0,56.0,-18.0,1,"lower-income, black_nh-plurality, farther reach",0.1809086546800473,0.2742062449236565,458.42253095923985,694.8386246365455
36061019900,9013,103636.0,28.8,60.690114279374235,5.780539221125042,18.107178519915678,12.881393542660602,75.0,63.0,-12.0,3,"higher-income, white_nh-plurality, closer reach",0.17677669529663692,0.23325824788420185,1593.2883547085885,2102.3565881803115
36061020000,2954,65064.0,42.2,46.51320243737305,39.33649289099526,4.129993229519296,7.7183480027081925,70.0,58.0,-12.0,3,"higher-income, white_nh-plurality, closer reach",0.19842513149602495,0.26182353070515674,586.1478384392577,773.426709703033
36061020101,1976,153826.0,21.9,53.94736842105263,9.564777327935223,23.633603238866396,8.502024291497976,71.0,59.0,-12.0,3,"higher-income, white_nh-plurality, closer reach",0.19389309522921686,0.2558434729991938,383.1327561729325,505.54670264640697
36061020102,4045,78235.0,38.7,28.603213844252164,45.29048207663782,4.4004944375772554,13.918417799752781,71.0,56.0,-15.0,1,"lower-income, black_nh-plurality, farther reach",0.19389309522921686,0.2742062449236565,784.2975702021822,1109.1642607161905
36061020300,3930,65806.0,20.2,39.4910941475827,8.320610687022901,35.038167938931295,13.053435114503817,71.0,59.0,-12.0,3,"higher-income, white_nh-plurality, closer reach",0.19389309522921686,0.2558434729991938,761.9998642508223,1005.4648488868316
36061020500,5606,208500.0,22.0,59.026043524794865,5.20870495897253,20.01427042454513,13.110952550838388,86.0,74.0,-12.0,3,"higher-income, white_nh-plurality, closer reach",0.13710312246182826,0.1809086546800473,768.6001045210093,1014.1739181363452
36061020600,3411,51100.0,38.0,19.964819700967457,50.5716798592788,8.179419525065963,16.124303723248314,76.0,57.0,-19.0,1,"lower-income, black_nh-plurality, farther reach",0.17273910999597203,0.2679433656340733,589.2131041962606,913.954820177824
36061020701,2856,82778.0,28.2,40.33613445378151,4.3767507002801125,31.022408963585434,16.211484593837536,75.0,62.0,-13.0,3,"higher-income, white_nh-plurality, closer reach",0.17677669529663692,0.23871040097760418,504.87424176719503,681.7569051920375
36061020800,5573,76513.0,33.4,29.463484658173336,45.21801543154495,4.037322806387942,11.017405347209762,72.0,60.0,-12.0,1,"lower-income, black_nh-plurality, farther reach",0.1894645708137998,0.25,1055.8860531453063,1393.25
36061020901,3382,28015.0,36.6,3.1933767001774096,37.61088113542283,4.701360141927854,52.42460082791248,74.0,58.0,-16.0,2,"lower-income, hispanic/latino-plurality, farther reach",0.1809086546800473,0.26182353070515674,611.83307012792,885.48718084484
36061021000,6324,46942.0,42.2,4.0164452877925365,59.89879822896901,5.6609740670461735,26.66034155597723,76.0,58.0,-18.0,1,"lower-income, black_nh-plurality, farther reach",0.17273910999597203,0.26182353070515674,1092.4021316145272,1655.7720081794112
36061021100,10222,79522.0,33.8,36.22578751711994,15.407943650948933,17.07102328311485,22.764625317941693,78.0,66.0,-12.0,3,"higher-income, white_nh-plurality, closer reach",0.16493848884661183,0.21763764082403103,1686.0012329900662,2224.6919645032453
36061021200,4905,80909.0,41.9,12.497451580020387,64.44444444444444,3.4862385321100917,14.801223241590215,70.0,61.0,-9.0,1,"lower-income, black_nh-plurality, farther reach",0.19842513149602495,0.2442899921085615,973.2752699880024,1198.2424112924941
36061021303,6381,55466.0,35.1,22.802068641278797,39.931045290706784,3.7141513869299483,31.076633756464503,75.0,60.0,-15.0,2,"lower-income, hispanic/latino-plurality, farther reach",0.17677669529663692,0.25,1128.01209268784,1595.25
36061021400,2902,59615.0,50.6,12.68090971743625,73.74224672639559,3.7215713301171607,5.27222605099931,75.0,64.0,-11.0,1,"lower-income, black_nh-plurality, farther reach",0.17677669529663692,0.22793062213955423,513.0059697508403,661.4546654489864
36061021500,4054,66667.0,36.6,15.71287617168229,56.68475579674396,3.8480513073507647,19.067587567834238,75.0,59.0,-16.0,1,"lower-income, black_nh-plurality, farther reach",0.17677669529663692,0.2558434729991938,716.6527227325661,1037.1894395387317
36061021600,9151,71833.0,35.9,24.161293847666922,50.60649109386952,3.7591520052453284,14.643208392525407,68.0,56.0,-12.0,1,"lower-income, black_nh-plurality, farther reach",0.20780947403569697,0.2742062449236565,1901.664496900663,2509.2613472963803
36061021800,5931,41902.0,40.2,28.410048895633114,38.71185297588939,12.207047715393694,15.123925139099645,68.0,56.0,-12.0,1,"lower-income, black_nh-plurality, farther reach",0.20780947403569697,0.2742062449236565,1232.5179905057187,1626.3172386422066
36061021900,5400,20912.0,31.2,8.962962962962964,26.203703703703702,0.4444444444444444,61.388888888888886,74.0,62.0,-12.0,2,"lower-income, hispanic/latino-plurality, farther reach",0.1809086546800473,0.23871040097760418,976.9067352722554,1289.0361652790625
36061022000,6102,89896.0,40.3,31.776466732218946,40.00327761389708,4.703375942313995,18.1579809898394,72.0,60.0,-12.0,1,"lower-income, black_nh-plurality, farther reach",0.1894645708137998,0.25,1156.1128111058065,1525.5
36061022102,2365,72083.0,41.6,25.412262156448204,45.91966173361522,6.638477801268499,17.970401691331922,76.0,60.0,-16.0,1,"lower-income, black_nh-plurality, farther reach",0.17273910999597203,0.25,408.5279951404738,591.25
36061022200,3501,82438.0,40.7,26.792345044273066,41.90231362467866,6.055412739217367,16.281062553556126,71.0,59.0,-12.0,1,"lower-income, black_nh-plurality, farther reach",0.19389309522921686,0.2558434729991938,678.8197263974882,895.7079989701775
36061022301,7270,49410.0,35.0,18.15680880330124,18.4181568088033,5.116918844566713,55.70839064649243,79.0,67.0,-12.0,2,"lower-income, hispanic/latino-plurality, farther reach",0.16117128855494742,0.21266679023771395,1171.7152677944678,1546.0875650281805
36061022302,2998,39004.0,36.7,12.341561040693795,19.779853235490325,5.070046697798532,61.67444963308873,80.0,68.0,-12.0,2,"lower-income, hispanic/latino-plurality, farther reach",0.15749013123685918,0.20780947403569697,472.1554134481038,623.0128031590195
36061022400,6931,27551.0,33.7,6.6368489395469625,66.28192180060597,1.3995094502957726,22.132448420141394,73.0,61.0,-12.0,1,"lower-income, black_nh-plurality, farther reach",0.18513719403582055,0.2442899921085615,1283.1858918622722,1693.1739353044397
36061022500,10605,58015.0,44.0,13.531353135313532,24.09240924092409,2.413955681282414,57.08628005657709,78.0,66.0,-12.0,2,"lower-income, hispanic/latino-plurality, farther reach",0.16493848884661183,0.21763764082403103,1749.1726742183184,2308.047180938849
36061022600,5052,61521.0,35.6,17.319873317498022,37.74742676167854,7.264449722882027,34.71892319873317,74.0,62.0,-12.0,2,"lower-income, hispanic/latino-plurality, farther reach",0.1809086546800473,0.23871040097760418,913.950523443599,1205.9649457388564
36061022700,5694,70120.0,38.9,15.173867228661749,44.819107832806466,3.1436599929750613,27.9768177028451,78.0,64.0,-14.0,1,"lower-income, black_nh-plurality, farther reach",0.16493848884661183,0.22793062213955423,939.1597554926078,1297.8369624626218
36061022800,6548,74614.0,39.5,12.919975565058033,59.81979230299328,3.9095907147220523,19.257788637751986,72.0,60.0,-12.0,1,"lower-income, black_nh-plurality, farther reach",0.1894645708137998,0.25,1240.6140096887611,1637.0
36061022900,8471,59145.0,37.7,13.197969543147208,23.527328532640773,1.664502420021249,58.50548931649156,77.0,65.0,-12.0,2,"lower-income, hispanic/latino-plurality, farther reach",0.16879374327102378,0.22272467953508487,1429.8517992488426,1886.700760341704
36061023000,9357,38636.0,37.8,4.894731217270492,62.605535962381104,8.068825478251576,20.12397135834135,76.0,64.0,-12.0,1,"lower-income, black_nh-plurality, farther reach",0.17273910999597203,0.22793062213955423,1616.3198522323103,2132.7468313598088
36061023100,6824,67175.0,36.4,16.691090269636575,30.290152403282534,2.5058616647127785,42.541031652989446,74.0,60.0,-14.0,2,"lower-income, hispanic/latino-plurality, farther reach",0.1809086546800473,0.25,1234.5206595366428,1706.0
36061023200,9279,29571.0,35.2,6.649423429248841,48.35650393361354,1.972195279663757,40.16596616014657,74.0,66.0,-8.0,2,"lower-income, hispanic/latino-plurality, farther reach",0.1809086546800473,0.21763764082403103,1678.6514067761589,2019.459669206184
36061023300,7181,83232.0,36.2,26.597966856983707,19.91366104999304,9.190920484612171,42.487118785684444,83.0,71.0,-12.0,2,"lower-income, hispanic/latino-plurality, farther reach",0.14694348828545112,0.19389309522921686,1055.2011893778244,1392.3463168410062
36061023400,5244,72423.0,38.2,12.986270022883295,55.81617086193745,1.1250953470633105,25.28604118993135,77.0,66.0,-11.0,1,"lower-income, black_nh-plurality, farther reach",0.16879374327102378,0.21763764082403103,885.1543897132487,1141.2917884812186
36061023501,7177,80337.0,35.7,14.295666713111327,29.051135571966004,6.994565974641215,42.41326459523478,79.0,65.0,-14.0,2,"lower-income, hispanic/latino-plurality, farther reach",0.16117128855494742,0.22272467953508487,1156.7263379588576,1598.4950250233042
36061023502,1872,44799.0,39.5,6.3568376068376065,68.80341880341881,2.5106837606837606,19.925213675213676,81.0,65.0,-16.0,1,"lower-income, black_nh-plurality, farther reach",0.15389305166811457,0.22272467953508487,288.08779272271045,416.94060008967887
36061023600,10061,42692.0,44.6,1.023755093927045,65.87814332571315,0.26836298578670115,26.39896630553623,78.0,70.0,-8.0,1,"lower-income, black_nh-plurality, farther reach",0.16493848884661183,0.19842513149602495,1659.4461362857617,1996.355247981507
36061023700,6578,60116.0,35.4,21.602310732745515,26.877470355731226,3.1924597141988444,44.05594405594405,84.0,72.0,-12.0,2,"lower-income, hispanic/latino-plurality, farther reach",0.14358729437462942,0.1894645708137998,944.5172223963123,1246.297946813175
36061023802,5094,115000.0,41.5,35.96387907341971,15.488810365135453,30.50647820965842,11.778563015312132,81.0,48.0,-33.0,0,"higher-income, asian_nh-plurality, closer reach",0.15389305166811457,0.3298769776932236,783.9312051973756,1680.3933243692811
36061023803,3514,73750.0,41.3,45.56061468412066,17.75754126351736,23.27831531018782,9.077973819009676,73.0,40.0,-33.0,3,"higher-income, white_nh-plurality, closer reach",0.18513719403582055,0.3968502629920499,650.5720998418734,1394.5318241540633
36061023804,3390,189327.0,35.6,44.8377581120944,9.233038348082596,34.15929203539823,9.174041297935103,75.0,41.0,-34.0,3,"higher-income, white_nh-plurality, closer reach",0.17677669529663692,0.38778619045843365,599.2729970555991,1314.59518565409
36061023900,2992,46458.0,38.5,15.54144385026738,21.62433155080214,3.0080213903743314,55.54812834224599,79.0,67.0,-12.0,2,"lower-income, hispanic/latino-plurality, farther reach",0.16117128855494742,0.21266679023771395,482.22449535640266,636.2990363912402
36061024100,8068,61484.0,42.4,15.08428358948934,21.331184928111057,1.6980664352999504,56.71789786812097,83.0,71.0,-12.0,2,"lower-income, hispanic/latino-plurality, farther reach",0.14694348828545112,0.19389309522921686,1185.5400634870196,1564.3294923093215
36061024200,5603,38235.0,30.6,6.442976976619668,44.54756380510441,1.3028734606460826,47.52810994110298,80.0,56.0,-24.0,2,"lower-income, hispanic/latino-plurality, farther reach",0.15749013123685918,0.2742062449236565,882.417205320122,1536.3775903072471
36061024301,4596,71706.0,34.6,16.971279373368148,20.670147954743253,2.2410791993037424,54.48215839860748,82.0,69.0,-13.0,2,"lower-income, hispanic/latino-plurality, farther reach",0.15037812951026458,0.2030630990890589,691.137883229176,933.2780034133147
36061024302,7234,22973.0,39.2,3.1932540779651646,46.862040364943326,1.5344207907105336,42.05142383190489,82.0,66.0,-16.0,2,"lower-income, hispanic/latino-plurality, farther reach",0.15037812951026458,0.21763764082403103,1087.835388877254,1574.3906937210404
36061024500,13985,50184.0,37.3,15.53092599213443,10.675723989989274,5.648909545942081,63.796925277082586,80.0,68.0,-12.0,2,"lower-income, hispanic/latino-plurality, farther reach",0.15749013123685918,0.20780947403569697,2202.4994853474755,2906.215494389222
36061024900,1061,76563.0,39.2,19.698397737983036,15.26861451460886,3.393025447690858,55.32516493873704,80.0,68.0,-12.0,2,"lower-income, hispanic/latino-plurality, farther reach",0.15749013123685918,0.20780947403569697,167.0970292423076,220.48585195187448
36061025100,2698,39115.0,38.2,9.303187546330616,12.453669384729428,4.151223128243143,72.72053372868791,76.0,64.0,-12.0,2,"lower-income, hispanic/latino-plurality, farther reach",0.17273910999597203,0.22793062213955423,466.05011876913255,614.9568185325173
36061025300,10195,70266.0,38.0,14.968121628249142,3.011280039234919,3.92349190779794,73.79107405590976,79.0,67.0,-12.0,2,"lower-income, hispanic/latino-plurality, farther reach",0.16117128855494742,0.21266679023771395,1643.141286817689,2168.1379264734937
36061025500,5474,93149.0,38.0,30.361709901351844,2.7036901717208623,18.396054073803434,44.738765071245886,96.0,84.0,-12.0,2,"lower-income, hispanic/latino-plurality, farther reach",0.10881882041201553,0.14358729437462942,595.674222935373,785.9968494067214
36061025700,4601,90792.0,38.9,36.60073896978918,37.88306889806564,5.564007824386003,11.58443816561617,74.0,59.0,-15.0,3,"higher-income, white_nh-plurality, closer reach",0.1809086546800473,0.2558434729991938,832.3607201828976,1177.1358192692908
36061025900,4713,75406.0,33.9,19.096117122851687,29.598981540420116,5.028644175684278,38.786335667303206,76.0,62.0,-14.0,2,"lower-income, hispanic/latino-plurality, farther reach",0.17273910999597203,0.23871040097760418,814.1194254110162,1125.0421198074484
36061026100,11613,47837.0,36.9,4.86523723413416,2.6694221992594507,1.782485145957117,89.012313786274,83.0,72.0,-11.0,2,"lower-income, hispanic/latino-plurality, farther reach",0.14694348828545112,0.1894645708137998,1706.4547294589438,2200.252060860657
36061026300,7997,58184.0,33.2,13.905214455420783,2.4884331624359133,0.16256096036013504,81.01788170563961,84.0,72.0,-12.0,2,"lower-income, hispanic/latino-plurality, farther reach",0.14358729437462942,0.1894645708137998,1148.2675931139115,1515.148172797957
36061026500,8036,91589.0,40.1,30.338476854156298,7.740169238427078,4.131408661025386,56.2344449975112,85.0,73.0,-12.0,2,"lower-income, hispanic/latino-plurality, farther reach",0.14030775603867163,0.18513719403582055,1127.5131275267652,1487.7624912718538
36061026700,2053,71719.0,25.0,54.45689235265465,0.6332196785192401,6.3321967851924015,38.23672674135412,85.0,73.0,-12.0,3,"higher-income, white_nh-plurality, closer reach",0.14030775603867163,0.18513719403582055,288.05182314739284,380.08665935553955
36061026900,7676,66208.0,38.3,9.58832725377801,3.699843668577384,1.1855132881709223,83.67639395518499,82.0,70.0,-12.0,2,"lower-income, hispanic/latino-plurality, farther reach",0.15037812951026458,0.19842513149602495,1154.3025221207909,1523.1113093634874
36061027100,7583,77021.0,40.0,23.93511802716603,9.534485032309112,4.325464855598049,60.58288276407754,83.0,71.0,-12.0,2,"lower-income, hispanic/latino-plurality, farther reach",0.14694348828545112,0.19389309522921686,1114.272471668576,1470.2913411231514
36061027300,7317,119902.0,37.1,72.54339210058767,2.241355746890802,2.7333606669400026,17.76684433511002,86.0,74.0,-12.0,3,"higher-income, white_nh-plurality, closer reach",0.13710312246182826,0.1809086546800473,1003.1835470531975,1323.708626293906
36061027700,6698,55585.0,41.4,9.375933114362496,4.613317408181547,0.26873693639892504,82.05434458047178,82.0,70.0,-12.0,2,"lower-income, hispanic/latino-plurality, farther reach",0.15037812951026458,0.19842513149602495,1007.2327114597522,1329.051530760375
36061027900,10035,64509.0,39.2,27.683109118086698,2.5610363726955656,2.112605879422023,65.95914299950175,82.0,70.0,-12.0,2,"lower-income, hispanic/latino-plurality, farther reach",0.15037812951026458,0.19842513149602495,1509.0445296355051,1991.1961945626103
36061028100,3222,119063.0,40.1,64.09062693978895,3.631284916201117,4.2209807572936064,16.635630043451272,88.0,77.0,-11.0,3,"higher-income, white_nh-plurality, closer reach",0.13091176535257834,0.16879374327102378,421.7977079660074,543.8534408192386
36061028300,8132,72444.0,45.4,18.69158878504673,4.181013280865716,2.484013772749631,71.22479094933595,86.0,74.0,-12.0,2,"lower-income, hispanic/latino-plurality, farther reach",0.13710312246182826,0.1809086546800473,1114.9225918595876,1471.1491798581446
36061028500,7712,47846.0,40.7,6.703838174273859,2.6063278008298756,0.0,88.7448132780083,85.0,73.0,-12.0,2,"lower-income, hispanic/latino-plurality, farther reach",0.14030775603867163,0.18513719403582055,1082.0534145702356,1427.778040404248
36061028700,4001,88138.0,43.2,36.64083979005249,5.548612846788303,1.6745813546613346,48.13796550862284,102.0,90.0,-12.0,2,"lower-income, hispanic/latino-plurality, farther reach",0.09473228540689989,0.12500000000000003,379.02387391300647,500.1250000000001
36061029100,10831,58731.0,36.2,7.2384821346136095,5.1611116240421016,3.0745083556458312,83.07635490721078,88.0,76.0,-12.0,2,"lower-income, hispanic/latino-plurality, farther reach",0.13091176535257834,0.17273910999597203,1417.9053305337761,1870.937300366373
36061029300,8677,46227.0,33.8,1.936153048288579,2.397141869309669,1.9937766509162154,93.67292843148553,85.0,73.0,-12.0,2,"lower-income, hispanic/latino-plurality, farther reach",0.14030775603867163,0.18513719403582055,1217.4503991475538,1606.4354326488149
36061029500,7542,75938.0,39.1,27.844073190135244,4.614160700079554,6.390877751259612,51.27287191726332,91.0,80.0,-11.0,2,"lower-income, hispanic/latino-plurality, farther reach",0.12214499605428075,0.15749013123685918,921.2175602413854,1187.7905697883918
36061029900,3430,42607.0,47.8,2.5947521865889214,21.865889212827987,0.0,72.71137026239067,85.0,73.0,-12.0,2,"lower-income, hispanic/latino-plurality, farther reach",0.14030775603867163,0.18513719403582055,481.2556032126437,635.0205755428644
36061030300,3823,96414.0,40.7,34.42322783154591,5.702328014648182,3.2435260266806174,50.091551137849855,88.0,76.0,-12.0,2,"lower-income, hispanic/latino-plurality, farther reach",0.13091176535257834,0.17273910999597203,500.475678942907,660.3816175146011
36061030700,3906,120114.0,45.6,56.83563748079877,15.821812596006144,1.5104966717869943,22.043010752688172,89.0,77.0,-12.0,3,"higher-income, white_nh-plurality, closer reach",0.1279217364995969,0.16879374327102378,499.6623027674255,659.3083612166189
36061030900,10529,44217.0,30.6,3.913002184442967,19.071136860100676,1.111216639756862,70.56700541361953,90.0,78.0,-12.0,2,"lower-income, hispanic/latino-plurality, farther reach",0.12500000000000003,0.16493848884661183,1316.1250000000002,1736.637349065976
36061031703,5960,250001.0,39.4,70.58724832214764,2.4328859060402683,15.151006711409396,2.0805369127516777,58.0,63.0,5.0,3,"higher-income, white_nh-plurality, closer reach",0.26182353070515674,0.23325824788420185,1560.4682430027342,1390.219157389843
36061031704,10147,242705.0,40.6,57.04149009559476,1.586675864787622,29.181038730659306,10.08179757563812,62.0,64.0,2.0,3,"higher-income, white_nh-plurality, closer reach",0.23871040097760418,0.22793062213955423,2422.1944387197495,2312.8120228500566
36081000101,4600,128641.0,37.9,43.65217391304348,0.8260869565217391,33.95652173913044,10.021739130434783,73.0,41.0,-32.0,3,"higher-income, white_nh-plurality, closer reach",0.18513719403582055,0.38778619045843365,851.6310925647745,1783.8164761087949
36081000102,6324,213452.0,33.3,63.614800759013285,0.7590132827324478,25.332068311195446,4.522454142947502,74.0,41.0,-33.0,3,"higher-income, white_nh-plurality, closer reach",0.1809086546800473,0.38778619045843365,1144.0663321966192,2452.3598684591343
36081000200,2344,74509.0,42.9,12.926621160409557,8.532423208191126,30.46075085324232,45.093856655290104,104.0,62.0,-42.0,0,"higher-income, asian_nh-plurality, closer reach",0.09045432734002365,0.23871040097760418,212.02494328501544,559.5371798915043
36081000400,4684,81326.0,37.1,1.7506404782237404,6.148590947907771,27.433817250213494,60.546541417591804,103.0,63.0,-40.0,2,"lower-income, hispanic/latino-plurality, farther reach",0.09256859701791026,0.23325824788420185,433.59130843189166,1092.5816330896014
36081000600,3888,104958.0,37.5,9.130658436213992,0.668724279835391,21.373456790123456,63.55452674897119,100.0,65.0,-35.0,2,"lower-income, hispanic/latino-plurality, farther reach",0.09921256574801247,0.22272467953508487,385.7384556282725,865.95355403241
36081000701,3559,136827.0,34.2,43.01770160157348,7.193031750491711,21.213824107895476,17.28013486934532,66.0,34.0,-32.0,3,"higher-income, white_nh-plurality, closer reach",0.21763764082403103,0.45586124427910846,774.5723636927264,1622.410168389347
36081000702,4131,122125.0,33.7,52.98959089808763,5.470830307431615,25.80488985717744,10.118615347373517,72.0,35.0,-37.0,3,"higher-income, white_nh-plurality, closer reach",0.1894645708137998,0.4454493590701697,782.6781420318069,1840.151302318871
36081000800,3617,112708.0,39.2,8.432402543544374,9.565938623168371,22.670721592479957,56.20680121647774,101.0,62.0,-39.0,2,"lower-income, hispanic/latino-plurality, farther reach",0.09694654761460844,0.23871040097760418,350.65566272203876,863.4155203359943
36081001000,4899,95476.0,33.7,7.32802612778118,3.551745254133497,13.288426209430495,67.72810777709736,102.0,59.0,-43.0,2,"lower-income, hispanic/latino-plurality, farther reach",0.09473228540689989,0.2558434729991938,464.09346620840256,1253.3771742230504
36081001200,4596,84656.0,35.7,8.942558746736292,0.9355961705831157,19.669277632724107,64.57789382071367,103.0,59.0,-44.0,2,"lower-income, hispanic/latino-plurality, farther reach",0.09256859701791026,0.2558434729991938,425.44527189431557,1175.8566019042946
36081001400,3966,84063.0,43.0,19.692385274836106,6.959152798789712,20.17145738779627,50.30257186081695,101.0,55.0,-46.0,0,"higher-income, asian_nh-plurality, closer reach",0.09694654761460844,0.2806155120773433,384.4900078395371,1112.9211208987435
36081001600,2501,75028.0,47.5,9.236305477808877,1.639344262295082,31.827269092363053,51.6593362654938,101.0,58.0,-43.0,0,"higher-income, asian_nh-plurality, closer reach",0.09694654761460844,0.26182353070515674,242.4633155841357,654.820650293597
36081001800,2865,88409.0,40.1,13.263525305410122,1.6055846422338569,10.959860383944154,56.96335078534032,99.0,56.0,-43.0,2,"lower-income, hispanic/latino-plurality, farther reach",0.10153154954452946,0.2742062449236565,290.8878894450769,785.6008917062758
36081001901,1974,201425.0,33.7,36.01823708206687,5.167173252279635,40.0709219858156,11.195542046605876,71.0,33.0,-38.0,3,"higher-income, white_nh-plurality, closer reach",0.19389309522921686,0.4665164957684037,382.74496998247406,920.903562646829
36081001902,6099,153000.0,31.5,35.202492211838006,2.016724053123463,49.46712575832104,8.96868339071979,73.0,32.0,-41.0,0,"higher-income, asian_nh-plurality, closer reach",0.18513719403582055,0.4774208019552083,1129.1517464244696,2911.7894711248155
36081001903,1409,144531.0,31.9,40.73811213626686,1.9162526614620299,44.14478353442158,6.529453513129879,72.0,35.0,-37.0,3,"higher-income, white_nh-plurality, closer reach",0.1894645708137998,0.4454493590701697,266.9555802766439,627.6381469298691
36081002000,1609,115000.0,41.8,14.294592914853947,1.9266625233064014,19.20447482908639,55.873213175885645,98.0,55.0,-43.0,0,"higher-income, asian_nh-plurality, closer reach",0.1039047370178485,0.2806155120773433,167.18272186171822,451.5103589324454
36081002200,2324,81219.0,37.4,14.457831325301205,5.292598967297763,13.941480206540447,61.79001721170396,100.0,54.0,-46.0,2,"lower-income, hispanic/latino-plurality, farther reach",0.09921256574801247,0.2871745887492588,230.57000279838098,667.3937442532774
36081002400,2185,74489.0,35.5,15.05720823798627,5.308924485125858,18.672768878718536,53.36384439359268,99.0,52.0,-47.0,2,"lower-income, hispanic/latino-plurality, farther reach",0.10153154954452946,0.3007562590205292,221.8464357547969,657.1524259598564
36081002500,6032,26511.0,43.5,6.896551724137931,33.007294429708224,21.601458885941646,31.631299734748012,71.0,33.0,-38.0,0,"higher-income, asian_nh-plurality, closer reach",0.19389309522921686,0.4665164957684037,1169.563150422636,2814.0275024750113
36081002600,2218,130089.0,39.1,17.04238052299369,6.807935076645626,14.96844003606853,39.7204688908927,100.0,50.0,-50.0,0,"higher-income, asian_nh-plurality, closer reach",0.09921256574801247,0.3149802624737183,220.05347082909168,698.6262221667072
36081002800,3160,90914.0,39.3,8.00632911392405,2.9746835443037973,27.753164556962027,53.10126582278481,100.0,57.0,-43.0,0,"higher-income, asian_nh-plurality, closer reach",0.09921256574801247,0.2679433656340733,313.5117077637194,846.7010354036715
36081003000,1497,93981.0,41.5,13.827655310621243,2.338009352037408,9.953239812959252,64.8630594522378,100.0,56.0,-44.0,2,"lower-income, hispanic/latino-plurality, farther reach",0.09921256574801247,0.2742062449236565,148.52121092477466,410.48674865071376
36081003100,1663,109926.0,32.4,31.389055923030668,4.810583283223091,24.954900781719783,31.028262176788935,74.0,35.0,-39.0,3,"higher-income, white_nh-plurality, closer reach",0.1809086546800473,0.4454493590701697,300.85109273291863,740.7822841336922
36081003200,1835,120000.0,42.3,11.771117166212534,6.866485013623978,13.896457765667575,60.59945504087194,100.0,58.0,-42.0,2,"lower-income, hispanic/latino-plurality, farther reach",0.09921256574801247,0.26182353070515674,182.0550581476029,480.4461788439626
36081003301,3303,173910.0,31.3,39.90311837723282,4.450499545867394,43.29397517408417,9.052376627308508,70.0,30.0,-40.0,3,"higher-income, white_nh-plurality, closer reach",0.19842513149602495,0.5,655.3982093313704,1651.5
36081003302,918,57949.0,34.1,20.043572984749456,7.516339869281046,34.967320261437905,33.55119825708061,75.0,38.0,-37.0,0,"higher-income, asian_nh-plurality, closer reach",0.17677669529663692,0.4156189480713939,162.2810062823127,381.5381943295396
36081003400,2600,82143.0,40.3,16.153846153846153,3.3846153846153846,15.307692307692308,58.84615384615385,98.0,63.0,-35.0,2,"lower-income, hispanic/latino-plurality, farther reach",0.1039047370178485,0.23325824788420185,270.1523162464061,606.4714444989248
36081003600,3448,85508.0,41.6,12.906032482598608,4.7853828306264505,24.82598607888631,51.769141531322504,97.0,64.0,-33.0,0,"higher-income, asian_nh-plurality, closer reach",0.10633339511885696,0.22793062213955423,366.63754636981884,785.904785137183
36081003800,2255,98125.0,38.1,13.259423503325943,5.942350332594235,26.518847006651885,54.27937915742794,98.0,58.0,-40.0,0,"higher-income, asian_nh-plurality, closer reach",0.1039047370178485,0.26182353070515674,234.30518197524836,590.4120617401285
36081003900,1474,56201.0,33.5,16.010854816824967,3.7991858887381276,10.244233378561736,67.57123473541384,77.0,43.0,-34.0,2,"lower-income, hispanic/latino-plurality, farther reach",0.16879374327102378,0.3702743880716411,248.80197758148907,545.784448017599
36081004001,2152,84630.0,41.0,17.936802973977695,4.275092936802974,21.933085501858734,48.37360594795539,96.0,57.0,-39.0,0,"higher-income, asian_nh-plurality, closer reach",0.10881882041201553,0.2679433656340733,234.17810152665743,576.6141228445257
36081004002,1654,47150.0,53.5,8.887545344619106,1.9347037484885128,32.22490931076179,29.081015719467956,95.0,61.0,-34.0,0,"higher-income, asian_nh-plurality, closer reach",0.11136233976754245,0.2442899921085615,184.1933099755152,404.0556469475607
36081004200,4414,81806.0,38.4,8.337109198006344,6.456728590847304,53.1717263253285,25.07929315813321,93.0,66.0,-27.0,0,"higher-income, asian_nh-plurality, closer reach",0.11662912394210094,0.21763764082403103,514.8009530804336,960.6525465972729
36081004300,1912,26203.0,38.9,4.654811715481172,44.97907949790795,6.2238493723849375,37.08158995815899,78.0,40.0,-38.0,2,"lower-income, hispanic/latino-plurality, farther reach",0.16493848884661183,0.3968502629920499,315.36239067472184,758.7777028407994
36081004401,3595,81071.0,38.2,6.787204450625869,5.813630041724617,65.61891515994436,18.720445062586926,92.0,67.0,-25.0,0,"higher-income, asian_nh-plurality, closer reach",0.1193552004888021,0.21266679023771395,429.08194575724355,764.5371109045817
36081004500,2750,91111.0,52.6,59.27272727272727,2.4363636363636365,21.418181818181818,11.89090909090909,82.0,46.0,-36.0,0,"higher-income, asian_nh-plurality, closer reach",0.15037812951026458,0.34547821999194406,413.5398561532276,950.0651049778462
36081004700,4254,59125.0,36.1,28.772919605077576,26.8688293370945,14.174894217207335,26.70427832628115,79.0,41.0,-38.0,2,"lower-income, hispanic/latino-plurality, farther reach",0.16117128855494742,0.38778619045843365,685.6226615127463,1649.6424542101768
36081005100,2262,87250.0,35.2,19.893899204244033,1.5915119363395225,50.39787798408488,21.352785145888593,77.0,36.0,-41.0,0,"higher-income, asian_nh-plurality, closer reach",0.16879374327102378,0.4352752816480621,381.8114472790558,984.5926870879165
36081005200,2671,81912.0,35.2,13.178584799700486,1.7222014226881317,40.80868588543617,36.578060651441405,94.0,64.0,-30.0,0,"higher-income, asian_nh-plurality, closer reach",0.1139653110697771,0.22793062213955423,304.40134586737463,608.8026917347494
36081005300,5509,112438.0,34.4,48.3390815029951,1.9785805046287892,21.982210927573064,20.148847340715193,81.0,40.0,-41.0,3,"higher-income, white_nh-plurality, closer reach",0.15389305166811457,0.3968502629920499,847.7968216396431,2186.248098823203
36081005400,5363,80464.0,45.1,19.112437068804773,6.899123624836845,20.93977251538318,40.9285847473429,94.0,63.0,-31.0,0,"higher-income, asian_nh-plurality, closer reach",0.1139653110697771,0.23325824788420185,611.1959632672146,1250.9639834029745
36081005500,1375,95833.0,32.4,31.345454545454544,2.109090909090909,22.472727272727273,38.4,77.0,35.0,-42.0,3,"higher-income, white_nh-plurality, closer reach",0.16879374327102378,0.4454493590701697,232.0913969976577,612.4928687214833
36081005700,4077,112273.0,33.8,50.649987736080455,1.1528084375766494,14.226146676477802,25.729703213146923,79.0,37.0,-42.0,3,"higher-income, white_nh-plurality, closer reach",0.16117128855494742,0.4253335804754279,657.0953434385207,1734.0850075983196
36081005800,6012,89354.0,35.4,22.20558882235529,5.52228875582169,27.14570858283433,35.91151031270792,100.0,68.0,-32.0,0,"higher-income, asian_nh-plurality, closer reach",0.09921256574801247,0.20780947403569697,596.465945277051,1249.3505579026103
36081005900,4123,87414.0,34.4,47.90201309725928,1.1399466407955372,12.490904681057483,32.06403104535532,80.0,37.0,-43.0,3,"higher-income, white_nh-plurality, closer reach",0.15749013123685918,0.4253335804754279,649.3318110895704,1753.6503523001893
36081006100,5186,121711.0,34.1,54.878519089857306,2.5260316236020053,19.649055148476666,19.784033937524104,81.0,40.0,-41.0,3,"higher-income, white_nh-plurality, closer reach",0.15389305166811457,0.3968502629920499,798.0893659508422,2058.0654638767705
36081006201,6134,67394.0,46.9,42.06064558200195,12.080208672970329,12.879034887512226,30.762960547766546,109.0,65.0,-44.0,0,"higher-income, asian_nh-plurality, closer reach",0.0805856442774737,0.22272467953508487,494.31234199802367,1366.1931842682106
36081006202,6830,83278.0,41.7,35.75402635431918,4.407027818448023,5.95900439238653,46.149341142020496,108.0,71.0,-37.0,2,"lower-income, hispanic/latino-plurality, farther reach",0.0824692444233059,0.19389309522921686,563.2649394111793,1324.2898404155512
36081006300,6052,126799.0,37.0,57.534699272967615,1.140118968935889,18.45670852610707,16.341705221414408,82.0,43.0,-39.0,3,"higher-income, white_nh-plurality, closer reach",0.15037812951026458,0.3702743880716411,910.0884397961213,2240.900596609572
36081006501,3059,94926.0,37.4,38.77084014383786,3.170970905524681,13.141549525988886,42.628309905197774,84.0,46.0,-38.0,3,"higher-income, white_nh-plurality, closer reach",0.14358729437462942,0.34547821999194406,439.2335334919914,1056.817874955357
36081006502,3853,89697.0,34.6,62.78224759927329,1.4015053205294576,6.929665195951207,23.955359460160913,86.0,44.0,-42.0,3,"higher-income, white_nh-plurality, closer reach",0.13710312246182826,0.36181730936009454,528.2583308454243,1394.0820929644442
36081006900,4531,121090.0,36.6,55.21959832266608,1.920105936879276,18.362392407856984,22.003972632972854,84.0,48.0,-36.0,3,"higher-income, white_nh-plurality, closer reach",0.14358729437462942,0.3298769776932236,650.5940308114459,1494.6725859279961
36081007100,3298,89167.0,36.5,48.21103699211643,6.701030927835052,14.46331109763493,21.346270466949665,83.0,48.0,-35.0,3,"higher-income, white_nh-plurality, closer reach",0.14694348828545112,0.3298769776932236,484.6196243654178,1087.9342724322514
36081007300,3594,95714.0,40.2,45.937673900946024,0.5008347245409015,17.306622148024484,24.095715080690038,84.0,49.0,-35.0,3,"higher-income, white_nh-plurality, closer reach",0.14358729437462942,0.32234257710989483,516.0527359824181,1158.4992221329621
36081007500,4619,76490.0,49.0,45.464386230785884,4.524788915349642,18.294003030959082,26.672439922061052,82.0,45.0,-37.0,0,"higher-income, asian_nh-plurality, closer reach",0.15037812951026458,0.3535533905932738,694.5965802079121,1633.0631111503317
36081007700,1935,135903.0,35.1,46.09819121447028,2.0671834625322996,19.018087855297157,29.870801033591732,82.0,49.0,-33.0,3,"higher-income, white_nh-plurality, closer reach",0.15037812951026458,0.32234257710989483,290.98168060236196,623.7328867076465
36081007900,2683,121667.0,36.6,29.929183749534104,1.8635855385762206,29.444651509504286,30.82370480805069,86.0,52.0,-34.0,0,"higher-income, asian_nh-plurality, closer reach",0.13710312246182826,0.3007562590205292,367.84767756508523,806.9290429520798
36081008100,1301,117350.0,32.9,53.42044581091468,6.533435818601076,14.45042275172944,21.36817832436587,85.0,53.0,-32.0,3,"higher-income, white_nh-plurality, closer reach",0.14030775603867163,0.2938869765709022,182.54039060631177,382.34695651874375
36081008300,2534,98676.0,38.0,25.69060773480663,8.366219415943172,12.786108918705605,48.85556432517758,87.0,51.0,-36.0,2,"lower-income, hispanic/latino-plurality, farther reach",0.13397168281703667,0.3077861033362291,339.4842442583709,779.9299858540045
36081008500,1554,75625.0,29.9,34.813384813384815,8.172458172458173,16.28056628056628,38.73873873873874,78.0,40.0,-38.0,2,"lower-income, hispanic/latino-plurality, farther reach",0.16493848884661183,0.3968502629920499,256.3144116676348,616.7053086896456
36081008600,3068,72205.0,41.6,24.21773142112125,3.226857887874837,18.741851368970014,46.544980443285525,98.0,63.0,-35.0,2,"lower-income, hispanic/latino-plurality, farther reach",0.1039047370178485,0.23325824788420185,318.7797331707592,715.6363045087313
36081008700,3299,25293.0,42.1,12.79175507729615,27.22036980903304,11.276144286147318,43.619278569263415,88.0,55.0,-33.0,2,"lower-income, hispanic/latino-plurality, farther reach",0.13091176535257834,0.2806155120773433,431.87791389815595,925.7505743431556
36081008800,3624,119656.0,37.3,25.55187637969095,9.98896247240618,9.35430463576159,55.049668874172184,103.0,66.0,-37.0,2,"lower-income, hispanic/latino-plurality, farther reach",0.09256859701791026,0.21763764082403103,335.46859559290675,788.7188103462885
36081009100,1790,102256.0,38.2,55.865921787709496,6.256983240223463,8.994413407821229,22.40223463687151,91.0,56.0,-35.0,3,"higher-income, white_nh-plurality, closer reach",0.12214499605428075,0.2742062449236565,218.63954293716256,490.82917841334506
36081009400,2874,72130.0,35.2,6.367432150313152,13.639526791927628,36.32567849686848,22.30340988169798,100.0,61.0,-39.0,0,"higher-income, asian_nh-plurality, closer reach",0.09921256574801247,0.2442899921085615,285.1369139597879,702.0894373200058
36081009500,2057,121458.0,35.3,72.63004375303841,0.7778317938745746,12.834224598930481,11.375789985415654,87.0,49.0,-38.0,3,"higher-income, white_nh-plurality, closer reach",0.13397168281703667,0.32234257710989483,275.5797515546444,663.0586811150537
36081009600,3308,121042.0,45.8,2.962515114873035,11.275695284159614,41.23337363966143,14.782345828295043,103.0,59.0,-44.0,0,"higher-income, asian_nh-plurality, closer reach",0.09256859701791026,0.2558434729991938,306.2169189352471,846.330208681333
36081009700,3820,118433.0,35.4,66.07329842931937,0.4712041884816754,12.565445026178011,16.073298429319372,90.0,52.0,-38.0,3,"higher-income, white_nh-plurality, closer reach",0.12500000000000003,0.3007562590205292,477.5000000000001,1148.8889094584215
36081009800,2358,81027.0,45.3,1.9508057675996606,14.631043256997456,41.85750636132315,15.860899067005937,98.0,55.0,-43.0,0,"higher-income, asian_nh-plurality, closer reach",0.1039047370178485,0.2806155120773433,245.00736988808677,661.6913774783756
36081010000,3184,112798.0,49.7,7.192211055276382,3.64321608040201,39.57286432160804,21.82788944723618,105.0,57.0,-48.0,0,"higher-income, asian_nh-plurality, closer reach",0.08838834764831845,0.2679433656340733,281.4284989122459,853.1316761788893
36081010100,2611,116477.0,40.3,66.60283416315588,2.4511681348142473,4.366143240137879,17.081577939486788,89.0,53.0,-36.0,3,"higher-income, white_nh-plurality, closer reach",0.1279217364995969,0.2938869765709022,334.0036540004475,767.3388958266256
36081010200,2837,104201.0,38.3,3.7363412054987664,9.023616496298906,50.475854776172014,11.526260133944307,105.0,61.0,-44.0,0,"higher-income, asian_nh-plurality, closer reach",0.08838834764831845,0.2442899921085615,250.75774227827944,693.050707611989
36081010300,4288,83500.0,35.5,59.468283582089555,2.40205223880597,15.928171641791044,18.353544776119403,92.0,56.0,-36.0,3,"higher-income, white_nh-plurality, closer reach",0.1193552004888021,0.2742062449236565,511.7950996959834,1175.796378232639
36081010400,3455,84275.0,44.2,9.059334298118669,23.386396526772792,21.38929088277858,22.72069464544139,101.0,59.0,-42.0,0,"higher-income, asian_nh-plurality, closer reach",0.09694654761460844,0.2558434729991938,334.95032200847214,883.9391992122146
36081010500,4930,82730.0,40.6,44.198782961460445,9.391480730223124,14.685598377281947,27.322515212981745,98.0,62.0,-36.0,3,"higher-income, white_nh-plurality, closer reach",0.1039047370178485,0.23871040097760418,512.250353497993,1176.8422768195885
36081010600,2998,112583.0,47.9,4.336224149432955,8.338892595063376,23.015343562374916,22.48165443629086,97.0,54.0,-43.0,0,"higher-income, asian_nh-plurality, closer reach",0.10633339511885696,0.2871745887492588,318.7875185663332,860.9494170702778
36081010800,3255,105625.0,34.5,1.443932411674347,0.3686635944700461,55.97542242703533,18.832565284178187,94.0,54.0,-40.0,0,"higher-income, asian_nh-plurality, closer reach",0.1139653110697771,0.2871745887492588,370.9570875321245,934.7532863788373
36081011000,2951,80388.0,44.4,6.03185360894612,10.064384954252796,24.771263978312437,35.00508302270417,95.0,54.0,-41.0,0,"higher-income, asian_nh-plurality, closer reach",0.11136233976754245,0.2871745887492588,328.63026465401776,847.4522113990627
36081011100,2995,96500.0,38.0,63.17195325542571,0.0,6.777963272120201,27.14524207011686,88.0,53.0,-35.0,3,"higher-income, white_nh-plurality, closer reach",0.13091176535257834,0.2938869765709022,392.08073723097215,880.191494829852
36081011200,2505,67444.0,41.6,16.087824351297407,1.3972055888223553,31.49700598802395,30.059880239520957,101.0,61.0,-40.0,0,"higher-income, asian_nh-plurality, closer reach",0.09694654761460844,0.2442899921085615,242.85110177459416,611.9464302319466
36081011300,4627,86285.0,34.4,56.60255024854117,3.6308623298033282,9.639074994596932,24.98379079317052,86.0,51.0,-35.0,3,"higher-income, white_nh-plurality, closer reach",0.13710312246182826,0.3077861033362291,634.3761476308794,1424.126300136732
36081011400,2368,127917.0,27.1,5.363175675675675,0.08445945945945946,28.25168918918919,52.78716216216216,101.0,60.0,-41.0,2,"lower-income, hispanic/latino-plurality, farther reach",0.09694654761460844,0.25,229.5694247513928,592.0
36081011500,2369,110729.0,32.5,63.90882228788519,8.18910932883073,4.981004643309413,19.29084001688476,83.0,48.0,-35.0,3,"higher-income, white_nh-plurality, closer reach",0.14694348828545112,0.3298769776932236,348.1091237482337,781.4785601552467
36081011600,2069,75438.0,45.2,12.663122281295312,0.0,35.18608023199614,41.469308844852584,100.0,58.0,-42.0,0,"higher-income, asian_nh-plurality, closer reach",0.09921256574801247,0.26182353070515674,205.2707985326378,541.7128850289693
36081011700,4268,139000.0,33.0,54.07685098406748,0.8669165885660731,19.00187441424555,23.9456419868791,86.0,48.0,-38.0,3,"higher-income, white_nh-plurality, closer reach",0.13710312246182826,0.3298769776932236,585.1561266670831,1407.9149407946784
36081011800,2551,84109.0,37.0,6.6640533124265,5.488043904351235,43.23794590356723,26.734613876911016,97.0,51.0,-46.0,0,"higher-income, asian_nh-plurality, closer reach",0.10633339511885696,0.3077861033362291,271.2564909482041,785.1623496107204
36081011900,1648,80417.0,34.5,54.06553398058252,0.0,6.128640776699029,33.616504854368934,90.0,47.0,-43.0,3,"higher-income, white_nh-plurality, closer reach",0.12500000000000003,0.3375874865420475,206.00000000000006,556.3441778212944
36081012000,2453,79342.0,38.5,1.5083571137382796,3.8320423970648188,43.45699143905422,24.45984508764778,95.0,52.0,-43.0,0,"higher-income, asian_nh-plurality, closer reach",0.11136233976754245,0.3007562590205292,273.17181944978165,737.7551033773582
36081012100,2013,100000.0,38.1,73.82016890213612,0.19870839542970692,8.743169398907105,16.04570293094883,91.0,49.0,-42.0,3,"higher-income, white_nh-plurality, closer reach",0.12214499605428075,0.32234257710989483,245.87787705726714,648.8756077222183
36081012200,2894,98107.0,40.8,13.856254319281271,7.18728403593642,28.71458189357291,43.08914996544575,97.0,49.0,-48.0,0,"higher-income, asian_nh-plurality, closer reach",0.10633339511885696,0.32234257710989483,307.72884547397206,932.8594181560356
36081012301,3063,109250.0,38.4,64.2833823049298,7.966046359777995,3.1994776363042767,22.396343454129937,97.0,54.0,-43.0,3,"higher-income, white_nh-plurality, closer reach",0.10633339511885696,0.2871745887492588,325.69918924905886,879.6157653389796
36081012400,3139,86538.0,38.4,3.3131570563873844,24.65753424657534,29.945842625039823,36.60401401720293,98.0,50.0,-48.0,0,"higher-income, asian_nh-plurality, closer reach",0.1039047370178485,0.3149802624737183,326.15696949902645,988.7230439050018
36081012500,1463,119074.0,36.4,48.66712235133288,2.1189336978810664,15.1742993848257,24.606971975393026,82.0,46.0,-36.0,3,"higher-income, white_nh-plurality, closer reach",0.15037812951026458,0.34547821999194406,220.0032034735171,505.43463584821416
36081012601,2676,79097.0,34.2,4.633781763826607,3.6621823617339313,20.328849028400597,55.044843049327355,100.0,51.0,-49.0,2,"lower-income, hispanic/latino-plurality, farther reach",0.09921256574801247,0.3077861033362291,265.49282594168136,823.635612527749
36081012602,2413,82188.0,42.3,7.41815167840862,0.33153750518027353,41.15209283050145,34.72855366763365,101.0,53.0,-48.0,0,"higher-income, asian_nh-plurality, closer reach",0.09694654761460844,0.2938869765709022,233.93201939405017,709.1492744655869
36081012800,2411,113068.0,34.6,31.065947739527168,2.9448361675653256,13.3139776026545,42.67938614682704,99.0,47.0,-52.0,3,"higher-income, white_nh-plurality, closer reach",0.10153154954452946,0.3375874865420475,244.79256595186052,813.9234300528766
36081013000,1862,72675.0,48.0,37.003222341568204,13.104189044038668,14.822771213748657,29.86036519871106,97.0,45.0,-52.0,0,"higher-income, asian_nh-plurality, closer reach",0.10633339511885696,0.3535533905932738,197.99278171131166,658.3164132846758
36081013200,1996,83984.0,39.2,37.37474949899799,9.669338677354709,14.779559118236472,26.25250501002004,96.0,47.0,-49.0,0,"higher-income, asian_nh-plurality, closer reach",0.10881882041201553,0.3375874865420475,217.202365542383,673.8246231379268
36081013400,5778,83601.0,41.6,40.359986154378674,9.25925925925926,16.043613707165107,27.17203184492904,97.0,45.0,-52.0,0,"higher-income, asian_nh-plurality, closer reach",0.10633339511885696,0.3535533905932738,614.3943569967555,2042.831490847936
36081013500,1014,90694.0,41.6,81.65680473372781,0.0,3.5502958579881656,14.792899408284024,95.0,47.0,-48.0,3,"higher-income, white_nh-plurality, closer reach",0.11136233976754245,0.3375874865420475,112.92141252428804,342.31371135363617
36081013600,2102,84848.0,37.2,45.71836346336822,4.28163653663178,12.03615604186489,33.111322549952426,95.0,44.0,-51.0,3,"higher-income, white_nh-plurality, closer reach",0.11136233976754245,0.36181730936009454,234.08363819137423,760.5399842749188
36081013700,1959,103603.0,36.3,70.59724349157733,0.0,2.399183256763655,22.970903522205205,91.0,45.0,-46.0,3,"higher-income, white_nh-plurality, closer reach",0.12214499605428075,0.3535533905932738,239.282047270336,692.6110921722234
36081013800,3923,83082.0,36.2,35.20265103237318,5.888350751975529,27.86133061432577,22.916135610502167,94.0,44.0,-50.0,0,"higher-income, asian_nh-plurality, closer reach",0.1139653110697771,0.36181730936009454,447.0859153267356,1419.4093046196508
36081014000,4096,113347.0,31.3,59.3017578125,2.392578125,10.1318359375,24.3896484375,95.0,47.0,-48.0,3,"higher-income, white_nh-plurality, closer reach",0.11136233976754245,0.3375874865420475,456.1401436878539,1382.7583448762266
36081014100,1552,96731.0,37.8,45.425257731958766,3.4149484536082473,16.301546391752577,25.0,92.0,44.0,-48.0,3,"higher-income, white_nh-plurality, closer reach",0.1193552004888021,0.36181730936009454,185.23927115862085,561.5404641268667
36081014201,4549,63409.0,35.5,10.046163992086173,5.605627610463838,37.0191250824357,41.56957573092988,90.0,44.0,-46.0,0,"higher-income, asian_nh-plurality, closer reach",0.12500000000000003,0.36181730936009454,568.6250000000001,1645.90694027907
36081014202,2877,102627.0,53.1,8.550573514077163,8.237747653806048,16.962113312478277,46.64581160931526,91.0,46.0,-45.0,0,"higher-income, asian_nh-plurality, closer reach",0.12214499605428075,0.34547821999194406,351.41115364816574,993.940838916823
36081014300,3868,97582.0,35.5,51.5511892450879,0.9307135470527405,10.729058945191314,31.10134436401241,88.0,44.0,-44.0,3,"higher-income, white_nh-plurality, closer reach",0.13091176535257834,0.36181730936009454,506.366708383773,1399.5093526048456
36081014400,1633,76795.0,46.0,6.79730557256583,6.6748315982853645,48.009797917942436,28.475199020208205,97.0,50.0,-47.0,0,"higher-income, asian_nh-plurality, closer reach",0.10633339511885696,0.3149802624737183,173.64243422909342,514.362768619582
36081014500,2406,79135.0,37.7,57.64754779717373,2.5353283458021614,7.231920199501247,21.030756442227762,93.0,41.0,-52.0,3,"higher-income, white_nh-plurality, closer reach",0.11662912394210094,0.38778619045843365,280.60967220469485,933.0135742429914
36081014700,3221,82485.0,36.2,57.37348649487737,5.4641415709407015,6.1782055262340885,26.886060229742316,88.0,39.0,-49.0,3,"higher-income, white_nh-plurality, closer reach",0.13091176535257834,0.4061261981781178,421.66679620065486,1308.1324843317175
36081014900,2315,62740.0,33.1,56.11231101511879,0.0,9.028077753779698,31.922246220302377,86.0,36.0,-50.0,3,"higher-income, white_nh-plurality, closer reach",0.13710312246182826,0.4352752816480621,317.3937284991324,1007.6622770152638
36081015000,2462,98636.0,43.0,1.868399675060926,13.160032493907392,37.69293257514216,27.863525588952072,92.0,54.0,-38.0,0,"higher-income, asian_nh-plurality, closer reach",0.1193552004888021,0.2871745887492588,293.85250360343076,707.0238375006751
36081015100,2706,78542.0,38.5,56.09756097560975,1.958610495195861,7.834441980783444,28.492239467849224,87.0,35.0,-52.0,3,"higher-income, white_nh-plurality, closer reach",0.13397168281703667,0.4454493590701697,362.52737370290123,1205.3859656438792
36081015200,2670,79626.0,35.9,1.6104868913857677,15.917602996254681,25.730337078651687,22.05992509363296,87.0,49.0,-38.0,0,"higher-income, asian_nh-plurality, closer reach",0.13397168281703667,0.32234257710989483,357.7043931214879,860.6546808834192
36081015300,1834,85188.0,34.7,62.595419847328245,1.5267175572519085,14.449291166848418,14.667393675027263,83.0,31.0,-52.0,3,"higher-income, white_nh-plurality, closer reach",0.14694348828545112,0.488579984217123,269.4943575155174,896.0556910542036
36081015400,2016,80469.0,39.2,5.357142857142857,11.061507936507937,37.45039682539682,9.126984126984127,91.0,56.0,-35.0,0,"higher-income, asian_nh-plurality, closer reach",0.12214499605428075,0.2742062449236565,246.24431204543,552.7997897660914
36081015500,2015,105368.0,34.4,53.7468982630273,2.034739454094293,28.684863523573203,10.76923076923077,84.0,36.0,-48.0,3,"higher-income, white_nh-plurality, closer reach",0.14358729437462942,0.4352752816480621,289.32839816487825,877.0796925208451
36081015600,3267,79539.0,45.2,1.8365472910927456,15.64126109580655,41.47535965717784,13.070094888276707,91.0,57.0,-34.0,0,"higher-income, asian_nh-plurality, closer reach",0.12214499605428075,0.2679433656340733,399.0477021093352,875.3709755265174
36081015700,1786,70353.0,33.7,29.171332586786114,1.2877939529675253,23.68421052631579,43.28107502799552,81.0,33.0,-48.0,0,"higher-income, asian_nh-plurality, closer reach",0.15389305166811457,0.4665164957684037,274.8529902792526,833.198461442369
36081015801,3628,97047.0,36.9,0.5512679162072768,8.103638368246967,46.96802646085998,4.713340683572216,93.0,56.0,-37.0,0,"higher-income, asian_nh-plurality, closer reach",0.11662912394210094,0.2742062449236565,423.1304616619422,994.8202565830256
36081015802,5263,102838.0,41.7,2.0710621318639557,10.678320349610487,20.71062131863956,25.821774653239597,95.0,58.0,-37.0,0,"higher-income, asian_nh-plurality, closer reach",0.11136233976754245,0.26182353070515674,586.099994196576,1377.9772421012399
36081015900,3535,87067.0,37.9,57.62376237623762,8.628005657708629,4.582743988684583,23.875530410183874,82.0,33.0,-49.0,3,"higher-income, white_nh-plurality, closer reach",0.15037812951026458,0.4665164957684037,531.5866878187853,1649.1358125413071
36081016100,2253,95066.0,36.4,37.949400798934754,2.4411895250776743,19.70705725699068,37.54993342210386,83.0,30.0,-53.0,0,"higher-income, asian_nh-plurality, closer reach",0.14694348828545112,0.5,331.06367910712135,1126.5
36081016300,3998,40402.0,39.8,12.08104052026013,16.95847923961981,19.13456728364182,51.62581290645323,85.0,33.0,-52.0,2,"lower-income, hispanic/latino-plurality, farther reach",0.14030775603867163,0.4665164957684037,560.9504086426092,1865.132950082078
36081016400,3281,82273.0,40.6,0.0609570252971655,17.007010057909174,33.099664736360864,25.876257238646755,100.0,62.0,-38.0,0,"higher-income, asian_nh-plurality, closer reach",0.09921256574801247,0.23871040097760418,325.51642821922894,783.2088256075193
36081016600,4140,69889.0,44.4,1.78743961352657,6.78743961352657,33.26086956521739,18.840579710144926,103.0,58.0,-45.0,0,"higher-income, asian_nh-plurality, closer reach",0.09256859701791026,0.26182353070515674,383.2339916541485,1083.949417119349
36081016800,3148,110208.0,49.2,0.22236340533672172,12.801778907242694,33.95806861499365,30.241423125794157,103.0,61.0,-42.0,0,"higher-income, asian_nh-plurality, closer reach",0.09256859701791026,0.2442899921085615,291.4059434123815,769.0248951577516
36081016900,5387,93356.0,41.7,44.90439948023018,2.7659179506218674,28.9029144236124,21.347688880638575,85.0,30.0,-55.0,0,"higher-income, asian_nh-plurality, closer reach",0.14030775603867163,0.5,755.8378817803241,2693.5
36081017000,2527,103958.0,41.3,1.187178472497032,37.35654926790661,31.658092599920856,8.428967154728928,97.0,58.0,-39.0,0,"higher-income, asian_nh-plurality, closer reach",0.10633339511885696,0.26182353070515674,268.70448946535157,661.628062091931
36081017200,1790,71012.0,39.2,1.6201117318435754,35.81005586592179,37.09497206703911,17.262569832402235,99.0,60.0,-39.0,0,"higher-income, asian_nh-plurality, closer reach",0.10153154954452946,0.25,181.74147368470773,447.5
36081017400,2804,125694.0,39.0,1.3195435092724679,21.897289586305277,33.09557774607703,24.286733238231097,100.0,60.0,-40.0,0,"higher-income, asian_nh-plurality, closer reach",0.09921256574801247,0.25,278.19203435742696,701.0
36081017600,2305,82266.0,40.2,3.947939262472885,45.5531453362256,20.563991323210413,18.91540130151844,101.0,61.0,-40.0,1,"lower-income, black_nh-plurality, farther reach",0.09694654761460844,0.2442899921085615,223.46179225167245,563.0884318102343
36081017800,2146,81298.0,36.7,1.1183597390493942,23.112767940354146,41.891891891891895,18.732525629077355,103.0,62.0,-41.0,0,"higher-income, asian_nh-plurality, closer reach",0.09256859701791026,0.23871040097760418,198.6522092004354,512.2725204979386
36081017901,884,69804.0,35.2,31.787330316742082,0.11312217194570136,23.642533936651585,29.29864253393665,76.0,27.0,-49.0,0,"higher-income, asian_nh-plurality, closer reach",0.17273910999597203,0.5358867312681466,152.70137323643928,473.7238704410416
36081018000,1515,79539.0,34.6,3.8283828382838285,31.023102310231025,24.224422442244226,6.732673267326732,100.0,61.0,-39.0,0,"higher-income, asian_nh-plurality, closer reach",0.09921256574801247,0.2442899921085615,150.3070371082389,370.0993380444707
36081018101,3727,83817.0,39.9,34.639119935605045,0.6439495572846794,20.633217064663267,38.39549235309901,74.0,25.0,-49.0,0,"higher-income, asian_nh-plurality, closer reach",0.1809086546800473,0.5612310241546865,674.2465559925363,2091.7080270245165
36081018102,3679,87273.0,40.6,36.06958412612123,3.017124218537646,33.65044849143789,22.560478390867083,76.0,27.0,-49.0,0,"higher-income, asian_nh-plurality, closer reach",0.17273910999597203,0.5358867312681466,635.5071856751811,1971.5272843355112
36081018200,2811,95417.0,42.3,3.664176449662042,60.08537886872999,1.992173603699751,13.020277481323372,98.0,56.0,-42.0,1,"lower-income, black_nh-plurality, farther reach",0.1039047370178485,0.2742062449236565,292.0762157571721,770.7937544803983
36081018300,5459,78164.0,39.3,40.68510716248397,1.8684740795017403,24.5466202601209,28.027111192526103,79.0,28.0,-51.0,0,"higher-income, asian_nh-plurality, closer reach",0.16117128855494742,0.5236470614103134,879.834064221458,2858.5893082389007
36081018401,2048,57833.0,34.5,0.0,67.3828125,1.416015625,9.47265625,97.0,58.0,-39.0,1,"lower-income, black_nh-plurality, farther reach",0.10633339511885696,0.26182353070515674,217.77079320341906,536.214590884161
36081018402,2829,87021.0,36.9,0.7069635913750442,64.40438317426653,9.720749381406858,14.598798161894662,97.0,58.0,-39.0,1,"lower-income, black_nh-plurality, farther reach",0.10633339511885696,0.26182353070515674,300.8171747912464,740.6987683648885
36081018501,3714,87500.0,40.5,41.22240172320948,0.7269789983844911,21.3785675821217,34.24878836833602,82.0,31.0,-51.0,0,"higher-income, asian_nh-plurality, closer reach",0.15037812951026458,0.488579984217123,558.5043730011226,1814.5860613823947
36081018502,2981,120286.0,36.9,51.35860449513586,0.4696410600469641,18.886279771888628,24.421335122442134,80.0,29.0,-51.0,3,"higher-income, white_nh-plurality, closer reach",0.15749013123685918,0.5116869459983875,469.4780812170772,1525.338786021193
36081018600,1792,94750.0,40.5,0.390625,58.091517857142854,4.799107142857143,9.542410714285714,96.0,54.0,-42.0,1,"lower-income, black_nh-plurality, farther reach",0.10881882041201553,0.2871745887492588,195.00332617833183,514.6168630386717
36081018700,2968,95795.0,36.8,16.745283018867923,6.46900269541779,37.971698113207545,37.735849056603776,84.0,35.0,-49.0,0,"higher-income, asian_nh-plurality, closer reach",0.14358729437462942,0.4454493590701697,426.1670897039001,1322.0936977202637
36081018800,1302,97056.0,32.3,0.15360983102918588,66.2826420890937,8.832565284178187,13.287250384024578,96.0,54.0,-42.0,1,"lower-income, black_nh-plurality, farther reach",0.10881882041201553,0.2871745887492588,141.68210417644423,373.90131455153494
36081018900,3111,91516.0,40.4,19.54355512696882,7.071681131468981,45.09803921568628,24.59016393442623,81.0,33.0,-48.0,0,"higher-income, asian_nh-plurality, closer reach",0.15389305166811457,0.4665164957684037,478.7612837395044,1451.3328183355038
36081019000,2542,83636.0,40.5,5.2321007081038555,57.59244689221086,5.861526357199056,12.667191188040913,93.0,54.0,-39.0,1,"lower-income, black_nh-plurality, farther reach",0.11662912394210094,0.2871745887492588,296.47123306082057,729.9978046006158
36081019200,2133,102222.0,42.9,5.2977027660571965,53.21143928738866,18.143459915611814,11.298640412564463,93.0,51.0,-42.0,1,"lower-income, black_nh-plurality, farther reach",0.11662912394210094,0.3077861033362291,248.76992136850131,656.5077584161767
36081019400,2942,90000.0,40.6,0.6798096532970768,42.72603670972128,20.25832766825289,23.079537729435756,92.0,50.0,-42.0,0,"higher-income, asian_nh-plurality, closer reach",0.1193552004888021,0.3149802624737183,351.1429998380558,926.6719321976792
36081019600,3532,94766.0,29.1,0.0,67.0158550396376,8.83352208380521,8.890147225368063,91.0,52.0,-39.0,1,"lower-income, black_nh-plurality, farther reach",0.12214499605428075,0.3007562590205292,431.4161260637196,1062.2711068605092
36081019800,2888,75682.0,36.5,1.2119113573407203,37.29224376731302,28.63573407202216,23.303324099722992,87.0,51.0,-36.0,0,"higher-income, asian_nh-plurality, closer reach",0.13397168281703667,0.3077861033362291,386.9102199756019,888.8862664350296
36081020200,1752,133409.0,38.3,0.0,44.52054794520548,15.011415525114156,19.977168949771688,90.0,52.0,-38.0,1,"lower-income, black_nh-plurality, farther reach",0.12500000000000003,0.3007562590205292,219.00000000000006,526.9249658039672
36081020400,2006,63031.0,41.0,2.143569292123629,29.361914257228314,20.388833499501494,36.59022931206381,82.0,46.0,-36.0,0,"higher-income, asian_nh-plurality, closer reach",0.15037812951026458,0.34547821999194406,301.65852779759075,693.0293093038398
36081020500,1419,74625.0,35.3,12.473572938689218,2.466525722339676,14.728682170542635,70.33121916842848,96.0,45.0,-51.0,2,"lower-income, hispanic/latino-plurality, farther reach",0.10881882041201553,0.3535533905932738,154.41390616465003,501.6922612518555
36081020600,1424,56818.0,41.1,6.530898876404494,12.991573033707866,20.786516853932586,42.907303370786515,84.0,48.0,-36.0,2,"lower-income, hispanic/latino-plurality, farther reach",0.14358729437462942,0.3298769776932236,204.46830718947228,469.74481623515044
36081020800,3974,60458.0,34.2,16.38147961751384,26.472068444891796,14.997483643683946,27.6295923502768,76.0,41.0,-35.0,2,"lower-income, hispanic/latino-plurality, farther reach",0.17273910999597203,0.38778619045843365,686.4652231239928,1541.0623208818154
36081021200,2651,63702.0,40.3,4.187099207846096,7.959260656356092,14.032440588457186,54.470011316484346,81.0,42.0,-39.0,2,"lower-income, hispanic/latino-plurality, farther reach",0.15389305166811457,0.37892914162759955,407.9704799721717,1004.5411544547665
36081021400,5943,84304.0,34.6,8.901228335857311,28.605081608615176,29.547366649840146,26.13158337539963,88.0,42.0,-46.0,0,"higher-income, asian_nh-plurality, closer reach",0.13091176535257834,0.37892914162759955,778.0086214903731,2251.9758886928244
36081021601,2894,103958.0,39.3,45.68071872840359,11.713890808569454,27.574291637871458,10.089841050449206,89.0,37.0,-52.0,0,"higher-income, asian_nh-plurality, closer reach",0.1279217364995969,0.4253335804754279,370.2055054298334,1230.9153818958885
36081021602,1355,70296.0,45.1,21.54981549815498,3.4686346863468636,7.232472324723247,65.38745387453875,89.0,40.0,-49.0,2,"lower-income, hispanic/latino-plurality, farther reach",0.1279217364995969,0.3968502629920499,173.3339529569538,537.7321063542277
36081022001,6824,76336.0,37.5,25.996483001172333,14.727432590855804,16.09026963657679,34.188159437280184,94.0,43.0,-51.0,0,"higher-income, asian_nh-plurality, closer reach",0.1139653110697771,0.3702743880716411,777.6992827401589,2526.752424200879
36081022002,6860,105068.0,36.4,39.7667638483965,19.504373177842567,20.014577259475217,12.215743440233236,96.0,44.0,-52.0,3,"higher-income, white_nh-plurality, closer reach",0.10881882041201553,0.36181730936009454,746.4971080264265,2482.066742210249
36081023000,1806,115403.0,42.4,38.095238095238095,5.48172757475083,40.80841638981174,12.513842746400886,94.0,49.0,-45.0,0,"higher-income, asian_nh-plurality, closer reach",0.1139653110697771,0.32234257710989483,205.82135179201745,582.1506942604701
36081023200,5065,90250.0,42.7,16.8213228035538,14.254689042448174,38.183613030602174,17.630799605133266,91.0,48.0,-43.0,0,"higher-income, asian_nh-plurality, closer reach",0.12214499605428075,0.3298769776932236,618.664405014932,1670.8268920161775
36081023501,3936,58279.0,31.9,9.197154471544716,1.7022357723577235,31.70731707317073,50.635162601626014,83.0,32.0,-51.0,0,"higher-income, asian_nh-plurality, closer reach",0.14694348828545112,0.4774208019552083,578.3695698915355,1879.1282764957
36081023502,2673,75958.0,37.2,16.685372240927798,0.0,18.40628507295174,58.88514777403666,78.0,27.0,-51.0,2,"lower-income, hispanic/latino-plurality, farther reach",0.16493848884661183,0.5358867312681466,440.8805806869934,1432.4252326797557
36081023600,3443,80707.0,34.5,10.281731048504211,15.91635201858844,39.209991286668604,33.546325878594246,88.0,42.0,-46.0,0,"higher-income, asian_nh-plurality, closer reach",0.13091176535257834,0.37892914162759955,450.72920810892725,1304.6530346238253
36081023800,4691,62500.0,36.3,1.4922191430398635,8.825410360264335,32.59432956725645,53.165636324877426,83.0,41.0,-42.0,0,"higher-income, asian_nh-plurality, closer reach",0.14694348828545112,0.38778619045843365,689.3119035470512,1819.1050194405123
36081024000,7155,63333.0,34.1,4.262753319357093,15.83508036338225,22.3340321453529,53.20754716981132,82.0,44.0,-38.0,2,"lower-income, hispanic/latino-plurality, farther reach",0.15037812951026458,0.36181730936009454,1075.9555166459431,2588.8028484714764
36081024300,5264,60243.0,42.9,20.38373860182371,0.3609422492401216,24.791033434650455,52.735562310030396,90.0,35.0,-55.0,0,"higher-income, asian_nh-plurality, closer reach",0.12500000000000003,0.4454493590701697,658.0000000000001,2344.845426145373
36081024500,4997,66548.0,47.7,37.282369421652994,1.2807684610766459,33.86031618971383,24.31458875325195,89.0,33.0,-56.0,0,"higher-income, asian_nh-plurality, closer reach",0.1279217364995969,0.4665164957684037,639.2249172884857,2331.1829293547135
36081024700,1416,60234.0,37.4,11.158192090395481,3.8135593220338984,64.4774011299435,18.220338983050848,84.0,26.0,-58.0,0,"higher-income, asian_nh-plurality, closer reach",0.14358729437462942,0.5484124898473131,203.31960883447525,776.5520856237953
36081024900,5424,77815.0,41.4,22.271386430678465,1.1430678466076696,39.325221238938056,34.80825958702065,82.0,26.0,-56.0,0,"higher-income, asian_nh-plurality, closer reach",0.15037812951026458,0.5484124898473131,815.6509744636751,2974.589344931826
36081025100,6018,92929.0,41.8,29.76071784646062,0.5317381189764041,24.543037554004652,43.10402126952476,80.0,25.0,-55.0,0,"higher-income, asian_nh-plurality, closer reach",0.15749013123685918,0.5612310241546865,947.7756097834185,3377.4883033629035
36081025301,3813,71371.0,41.9,28.219249934434828,1.049042748492001,30.55337004982953,38.10647783897194,78.0,26.0,-52.0,0,"higher-income, asian_nh-plurality, closer reach",0.16493848884661183,0.5484124898473131,628.9104579721309,2091.0968237878046
36081025302,3184,64180.0,35.3,16.331658291457288,0.2198492462311558,26.884422110552762,54.71105527638191,79.0,23.0,-56.0,0,"higher-income, asian_nh-plurality, closer reach",0.16117128855494742,0.5877739531418044,513.1693827589526,1871.4722668035051
36081025401,4230,84550.0,31.8,0.1182033096926714,63.94799054373522,22.60047281323877,6.24113475177305,89.0,51.0,-38.0,1,"lower-income, black_nh-plurality, farther reach",0.1279217364995969,0.3077861033362291,541.1089453932949,1301.935217112249
36081025402,5881,35952.0,35.9,0.6971603468797823,45.60448903247747,21.373916000680158,19.11239585104574,93.0,53.0,-40.0,1,"lower-income, black_nh-plurality, farther reach",0.11662912394210094,0.2938869765709022,685.8958779034956,1728.3493092134756
36081025500,1685,98714.0,40.9,22.373887240356083,0.0,47.359050445103854,29.376854599406528,87.0,31.0,-56.0,0,"higher-income, asian_nh-plurality, closer reach",0.13397168281703667,0.488579984217123,225.7422855467068,823.2572734058523
36081025700,1458,84561.0,40.7,20.85048010973937,1.3717421124828533,42.04389574759945,28.257887517146777,86.0,29.0,-57.0,0,"higher-income, asian_nh-plurality, closer reach",0.13710312246182826,0.5116869459983875,199.8963525493456,746.039567265649
36081025800,2560,104698.0,37.1,0.234375,61.0546875,26.25,5.78125,97.0,54.0,-43.0,1,"lower-income, black_nh-plurality, farther reach",0.10633339511885696,0.2871745887492588,272.2134915042738,735.1669471981024
36081025900,3109,72708.0,49.6,18.269540045030556,0.7076230299131554,36.02444515921518,43.615310389192665,82.0,27.0,-55.0,0,"higher-income, asian_nh-plurality, closer reach",0.15037812951026458,0.5358867312681466,467.5256046474126,1666.0718475126678
36081026000,2809,61202.0,30.9,0.0,75.64969740121039,14.631541473834105,6.585973656105375,93.0,56.0,-37.0,1,"lower-income, black_nh-plurality, farther reach",0.11662912394210094,0.2742062449236565,327.61120915336153,770.2453419905511
36081026100,7466,81192.0,38.9,9.255290650950977,0.29466916688990086,43.43691401017948,44.91025984462898,80.0,23.0,-57.0,0,"higher-income, asian_nh-plurality, closer reach",0.15749013123685918,0.5877739531418044,1175.8213198143906,4388.320334156711
36081026200,1684,80197.0,38.7,0.0,48.99049881235155,29.75059382422803,15.380047505938242,94.0,57.0,-37.0,0,"higher-income, asian_nh-plurality, closer reach",0.1139653110697771,0.2679433656340733,191.91758384150464,451.2166277277794
36081026300,4953,86974.0,37.9,11.447607510599637,1.7767009892994146,64.50635978195034,20.936805976176053,78.0,20.0,-58.0,0,"higher-income, asian_nh-plurality, closer reach",0.16493848884661183,0.6299605249474366,816.9403352572684,3120.1944800646534
36081026400,2570,82500.0,39.9,0.933852140077821,55.175097276264594,9.727626459143968,21.439688715953306,100.0,59.0,-41.0,1,"lower-income, black_nh-plurality, farther reach",0.09921256574801247,0.2558434729991938,254.97629397239206,657.517725607928
36081026501,2976,63520.0,41.1,24.39516129032258,3.797043010752688,42.708333333333336,26.948924731182796,74.0,19.0,-55.0,0,"higher-income, asian_nh-plurality, closer reach",0.1809086546800473,0.6446851542197896,538.3841563278207,1918.5830189580938
36081026502,1354,71927.0,33.8,2.2895125553914326,0.5908419497784343,34.711964549483014,59.084194977843424,78.0,23.0,-55.0,0,"higher-income, asian_nh-plurality, closer reach",0.16493848884661183,0.5877739531418044,223.32671389831242,795.8459325540031
36081026600,1963,65288.0,49.5,1.477330616403464,67.70249617931736,15.53744268976057,8.150789607743251,99.0,58.0,-41.0,1,"lower-income, black_nh-plurality, farther reach",0.10153154954452946,0.26182353070515674,199.30643175591135,513.9595907742226
36081026700,4982,58077.0,45.3,7.6876756322761945,1.846647932557206,50.98354074668808,37.695704536330794,76.0,21.0,-55.0,0,"higher-income, asian_nh-plurality, closer reach",0.17273910999597203,0.6155722066724582,860.5862459999327,3066.7807336421865
36081026901,4714,63971.0,37.5,3.0335171828595673,0.0,35.06576156130674,60.267288926601616,76.0,18.0,-58.0,0,"higher-income, asian_nh-plurality, closer reach",0.17273910999597203,0.6597539553864472,814.2921645210122,3110.080145691712
36081026902,4310,54111.0,36.7,5.197215777262181,0.5568445475638051,46.49651972157773,44.988399071925755,79.0,21.0,-58.0,0,"higher-income, asian_nh-plurality, closer reach",0.16117128855494742,0.6155722066724582,694.6482536718233,2653.1162107582945
36081027000,2026,115613.0,33.8,13.376110562685094,38.647581441263576,11.105626850937808,17.374136229022707,94.0,57.0,-37.0,1,"lower-income, black_nh-plurality, farther reach",0.1139653110697771,0.2679433656340733,230.89372022736842,542.8532587746324
36081027101,5428,54460.0,35.0,2.800294767870302,0.0,52.81871775976418,40.512159174649966,81.0,23.0,-58.0,0,"higher-income, asian_nh-plurality, closer reach",0.15389305166811457,0.5877739531418044,835.3314844545258,3190.437017653714
36081027102,2726,69904.0,43.5,5.906089508437271,0.917094644167278,11.408657373440938,81.76815847395451,78.0,18.0,-60.0,2,"lower-income, hispanic/latino-plurality, farther reach",0.16493848884661183,0.6597539553864472,449.62232059586387,1798.489282383455
36081027200,1878,94464.0,42.5,0.0,63.84451544195953,14.749733759318424,16.02768903088392,95.0,56.0,-39.0,1,"lower-income, black_nh-plurality, farther reach",0.11136233976754245,0.2742062449236565,209.13847408344472,514.9593279666268
36081027301,3004,67266.0,33.6,0.0,0.0,22.503328894806923,77.49667110519307,80.0,17.0,-63.0,2,"lower-income, hispanic/latino-plurality, farther reach",0.15749013123685918,0.675174973084095,473.10035423552495,2028.2256191446215
36081027302,4169,71818.0,38.1,4.557447829215639,1.918925401775006,19.141280882705686,72.84720556488367,84.0,21.0,-63.0,2,"lower-income, hispanic/latino-plurality, farther reach",0.14358729437462942,0.6155722066724582,598.61543024783,2566.320529617478
36081027400,2060,65000.0,40.4,0.0,68.20388349514563,12.087378640776699,15.145631067961165,98.0,59.0,-39.0,1,"lower-income, black_nh-plurality, farther reach",0.1039047370178485,0.2558434729991938,214.04375825676792,527.0375543783392
36081027500,7128,65993.0,40.1,10.171156004489339,0.7435465768799102,24.298540965207632,63.453984287317624,81.0,21.0,-60.0,0,"higher-income, asian_nh-plurality, closer reach",0.15389305166811457,0.6155722066724582,1096.9496722903207,4387.798689161282
36081027701,3789,63667.0,41.3,2.7183953549749273,0.5278437582475587,10.979150171549222,82.76590129321721,78.0,18.0,-60.0,2,"lower-income, hispanic/latino-plurality, farther reach",0.16493848884661183,0.6597539553864472,624.9519342398122,2499.8077369592484
36081027702,3292,58984.0,50.2,5.6500607533414335,0.5467800729040098,29.070473876063183,63.36573511543135,83.0,23.0,-60.0,0,"higher-income, asian_nh-plurality, closer reach",0.14694348828545112,0.5877739531418044,483.73796343570507,1934.95185374282
36081027800,2520,55365.0,40.2,0.0,72.73809523809524,0.23809523809523808,22.738095238095237,103.0,60.0,-43.0,1,"lower-income, black_nh-plurality, farther reach",0.09256859701791026,0.25,233.27286448513385,630.0
36081027900,8605,83614.0,39.4,7.402672864613597,1.5456130156885532,5.113306217315515,77.21092388146427,82.0,22.0,-60.0,2,"lower-income, hispanic/latino-plurality, farther reach",0.15037812951026458,0.6015125180410583,1294.0038044358266,5176.0152177433065
36081028000,1633,64803.0,33.4,1.7146356399265157,53.03123086344152,9.430496019595836,22.22902633190447,101.0,61.0,-40.0,1,"lower-income, black_nh-plurality, farther reach",0.09694654761460844,0.2442899921085615,158.3137122546556,398.92555711328095
36081028100,6271,61699.0,44.3,23.55286238239515,1.0365173018657312,13.155796523680435,57.19980864295965,81.0,23.0,-58.0,2,"lower-income, hispanic/latino-plurality, farther reach",0.15389305166811457,0.5877739531418044,965.0633270107464,3685.9304601522554
36081028200,2022,80556.0,30.5,2.917903066271019,75.51928783382789,7.467853610286845,11.52324431256182,101.0,62.0,-39.0,1,"lower-income, black_nh-plurality, farther reach",0.09694654761460844,0.23871040097760418,196.02591927673828,482.67243077671566
36081028300,7443,83750.0,44.8,25.151148730350666,2.0959290608625554,11.232030095391643,52.881902458686014,79.0,21.0,-58.0,0,"higher-income, asian_nh-plurality, closer reach",0.16117128855494742,0.6155722066724582,1199.5979007144736,4581.703934263106
36081028400,3581,87682.0,41.7,0.809829656520525,89.05333705668808,0.41887740854509914,6.031834683049428,104.0,64.0,-40.0,1,"lower-income, black_nh-plurality, farther reach",0.09045432734002365,0.22793062213955423,323.9169462046247,816.2195578817436
36081028500,5266,120758.0,46.8,38.98594758830232,3.133308013672617,11.317888340296241,38.90998860615268,82.0,24.0,-58.0,0,"higher-income, asian_nh-plurality, closer reach",0.15037812951026458,0.5743491774985175,791.8912300010533,3024.5227687071933
36081028700,6697,80250.0,47.8,27.952814693146184,1.3737494400477825,25.339704345229208,41.03329849186203,80.0,25.0,-55.0,0,"higher-income, asian_nh-plurality, closer reach",0.15749013123685918,0.5612310241546865,1054.711408893246,3758.5641687639354
36081028801,2648,87946.0,30.4,1.0196374622356494,79.2296072507553,8.04380664652568,3.9274924471299095,98.0,59.0,-39.0,1,"lower-income, black_nh-plurality, farther reach",0.1039047370178485,0.2558434729991938,275.1397436232628,677.4735165018652
36081028802,2185,79519.0,40.4,1.0068649885583525,60.732265446224254,12.082379862700229,22.334096109839816,104.0,62.0,-42.0,1,"lower-income, black_nh-plurality, farther reach",0.09045432734002365,0.23871040097760418,197.64270523795167,521.5822261360652
36081028900,4932,81644.0,40.2,44.809407948094076,0.0,29.034874290348743,20.884022708840227,78.0,23.0,-55.0,0,"higher-income, asian_nh-plurality, closer reach",0.16493848884661183,0.5877739531418044,813.4766269914895,2898.9011368953793
36081029100,6487,64051.0,45.8,13.550177277632187,1.0328349005703714,60.8447664559889,22.814860490211192,80.0,25.0,-55.0,0,"higher-income, asian_nh-plurality, closer reach",0.15749013123685918,0.5612310241546865,1021.6384813335055,3640.7056536914515
36081029300,1105,55714.0,41.0,10.316742081447964,0.36199095022624433,57.10407239819005,22.895927601809955,83.0,27.0,-56.0,0,"higher-income, asian_nh-plurality, closer reach",0.14694348828545112,0.5358867312681466,162.37255455542348,592.1548380513019
36081029400,8246,102472.0,39.4,2.7285956827552753,67.2568518069367,0.2910502061605627,20.567547902013096,102.0,63.0,-39.0,1,"lower-income, black_nh-plurality, farther reach",0.09473228540689989,0.23325824788420185,781.1624254652965,1923.4475120531285
36081029500,3652,81014.0,42.7,37.23986856516977,3.8608981380065717,32.58488499452355,19.140197152245346,87.0,31.0,-56.0,0,"higher-income, asian_nh-plurality, closer reach",0.13397168281703667,0.488579984217123,489.2645856478179,1784.2941023609333
36081029700,2450,107979.0,35.9,19.591836734693878,0.16326530612244897,30.571428571428573,46.326530612244895,93.0,37.0,-56.0,0,"higher-income, asian_nh-plurality, closer reach",0.11662912394210094,0.4253335804754279,285.7413536581473,1042.0672721647984
36081030600,5436,99158.0,34.1,1.839587932303164,72.47976453274467,7.008830022075055,14.514348785871965,104.0,65.0,-39.0,1,"lower-income, black_nh-plurality, farther reach",0.09045432734002365,0.22272467953508487,491.70972342036856,1210.7313579527213
36081030903,4284,74444.0,47.4,17.34360410830999,0.0,42.50700280112045,34.92063492063492,90.0,33.0,-57.0,0,"higher-income, asian_nh-plurality, closer reach",0.12500000000000003,0.4665164957684037,535.5000000000001,1998.5566678718415
36081030904,2616,55489.0,50.1,14.793577981651376,0.3058103975535168,33.37155963302752,47.89755351681957,94.0,39.0,-55.0,0,"higher-income, asian_nh-plurality, closer reach",0.1139653110697771,0.4061261981781178,298.1332537585369,1062.4261344339561
36081030905,3670,72857.0,34.5,12.670299727520437,4.1961852861035425,35.5858310626703,47.05722070844686,91.0,36.0,-55.0,0,"higher-income, asian_nh-plurality, closer reach",0.12214499605428075,0.4352752816480621,448.27213551921034,1597.460283648388
36081030906,3650,81875.0,46.9,13.232876712328768,0.1643835616438356,46.68493150684932,39.12328767123287,87.0,32.0,-55.0,0,"higher-income, asian_nh-plurality, closer reach",0.13397168281703667,0.4774208019552083,488.99664228218387,1742.5859271365102
36081031700,5816,73846.0,41.5,71.7331499312242,3.266850068775791,4.36726272352132,20.63273727647868,97.0,44.0,-53.0,3,"higher-income, white_nh-plurality, closer reach",0.10633339511885696,0.36181730936009454,618.435026011272,2104.32947123831
36081032000,5514,97022.0,37.3,5.5132390279289085,70.16684802321363,2.3757707653246283,14.236488937250634,110.0,70.0,-40.0,1,"lower-income, black_nh-plurality, farther reach",0.07874506561842959,0.19842513149602495,434.20029182002077,1094.1161750690815
36081032700,3813,91830.0,33.1,8.339889850511408,0.23603461841070023,24.206661421452925,64.41122475740886,88.0,30.0,-58.0,2,"lower-income, hispanic/latino-plurality, farther reach",0.13091176535257834,0.5,499.1665612893812,1906.5
36081032800,3121,100260.0,34.8,0.06408202499198974,81.44825376481897,0.16020506247997437,11.630887536046139,98.0,71.0,-27.0,1,"lower-income, black_nh-plurality, farther reach",0.1039047370178485,0.19389309522921686,324.28668423270517,605.1403502103858
36081032900,3823,71680.0,36.0,4.891446507978028,21.63222600052315,28.773214752811928,42.008893539105415,95.0,38.0,-57.0,0,"higher-income, asian_nh-plurality, closer reach",0.11136233976754245,0.4156189480713939,425.7382249313148,1588.9112384769387
36081033000,6722,103550.0,39.5,0.7587027670336209,79.51502529009224,2.915798869384112,10.919369235346624,97.0,70.0,-27.0,1,"lower-income, black_nh-plurality, farther reach",0.10633339511885696,0.19842513149602495,714.7730819889565,1333.8137339162797
36081033401,4000,85547.0,43.4,0.525,83.475,0.0,13.3,97.0,69.0,-28.0,1,"lower-income, black_nh-plurality, farther reach",0.10633339511885696,0.2030630990890589,425.3335804754279,812.2523963562356
36081033403,4329,52973.0,48.6,1.3398013398013398,91.33749133749134,2.032802032802033,3.4188034188034186,103.0,65.0,-38.0,1,"lower-income, black_nh-plurality, farther reach",0.09256859701791026,0.22272467953508487,400.7294564905335,964.1751377073824
36081033404,6406,55366.0,42.6,0.32781767093349984,87.48048704339682,1.7327505463627848,1.2956603184514517,99.0,66.0,-33.0,1,"lower-income, black_nh-plurality, farther reach",0.10153154954452946,0.21763764082403103,650.4111063822558,1394.1867271187427
36081033405,3301,79895.0,46.6,3.514086640411996,80.79369887912753,0.0,10.178733717055438,94.0,66.0,-28.0,1,"lower-income, black_nh-plurality, farther reach",0.1139653110697771,0.21763764082403103,376.19949184133424,718.4218523601264
36081033700,2784,106250.0,41.9,10.739942528735632,0.0,23.886494252873565,64.29597701149426,91.0,33.0,-58.0,0,"higher-income, asian_nh-plurality, closer reach",0.12214499605428075,0.4665164957684037,340.0516690151176,1298.7819242192359
36081033900,2925,64404.0,43.7,25.094017094017094,2.5982905982905984,15.076923076923077,48.41025641025641,90.0,30.0,-60.0,0,"higher-income, asian_nh-plurality, closer reach",0.12500000000000003,0.5,365.62500000000006,1462.5
36081034700,3636,75583.0,38.7,7.398239823982398,7.040704070407041,16.694169416941694,68.26182618261826,96.0,39.0,-57.0,2,"lower-income, hispanic/latino-plurality, farther reach",0.10881882041201553,0.4061261981781178,395.6652310180885,1476.6748565756363
36081035100,3649,89408.0,40.2,7.8925733077555495,6.385311044121678,16.662099205261715,66.73061112633599,90.0,30.0,-60.0,2,"lower-income, hispanic/latino-plurality, farther reach",0.12500000000000003,0.5,456.1250000000001,1824.5
36081035200,2776,117031.0,42.4,0.8285302593659942,72.3342939481268,0.7564841498559077,8.501440922190202,103.0,70.0,-33.0,1,"lower-income, black_nh-plurality, farther reach",0.09256859701791026,0.19842513149602495,256.9704253217189,550.8281650329652
36081035300,1942,100673.0,43.6,0.5664263645726055,13.130792996910401,4.94335736354274,72.60556127703398,91.0,28.0,-63.0,2,"lower-income, hispanic/latino-plurality, farther reach",0.12214499605428075,0.5236470614103134,237.20558233741323,1016.9225932588286
36081035700,4475,91494.0,43.3,9.11731843575419,28.24581005586592,16.11173184357542,44.245810055865924,99.0,33.0,-66.0,0,"higher-income, asian_nh-plurality, closer reach",0.10153154954452946,0.4665164957684037,454.35368421176935,2087.6613185636065
36081035800,4210,95476.0,38.5,2.684085510688836,87.9809976247031,1.2351543942992873,5.7007125890736345,103.0,74.0,-29.0,1,"lower-income, black_nh-plurality, farther reach",0.09256859701791026,0.1809086546800473,389.7137934454022,761.6254362029991
36081036100,2307,95096.0,49.1,0.3034243606415258,25.617685305591678,9.839618552232336,56.653662765496314,94.0,31.0,-63.0,0,"higher-income, asian_nh-plurality, closer reach",0.1139653110697771,0.488579984217123,262.91797263797577,1127.1540235889029
36081036300,2173,75469.0,34.8,1.932811780947998,18.453750575241603,8.099401748734468,67.9245283018868,93.0,28.0,-65.0,2,"lower-income, hispanic/latino-plurality, farther reach",0.11662912394210094,0.5236470614103134,253.43508632618534,1137.8850644446109
36081036500,2944,72125.0,30.8,0.7133152173913043,12.873641304347826,9.884510869565217,75.50951086956522,91.0,26.0,-65.0,2,"lower-income, hispanic/latino-plurality, farther reach",0.12214499605428075,0.5484124898473131,359.5948683838025,1614.5263701104896
36081036600,3089,91215.0,41.9,0.2589834898025251,79.0870831984461,6.215603755260602,10.294593719650372,103.0,66.0,-37.0,1,"lower-income, black_nh-plurality, farther reach",0.09256859701791026,0.21763764082403103,285.9443961883248,672.2826725054318
36081036700,2492,69821.0,39.2,3.651685393258427,24.879614767255216,14.727126805778491,56.30016051364366,97.0,31.0,-66.0,2,"lower-income, hispanic/latino-plurality, farther reach",0.10633339511885696,0.488579984217123,264.98282063619155,1217.5413206690705
36081036800,2842,138750.0,35.0,0.8796622097114708,83.53272343420127,0.0,3.4482758620689653,103.0,65.0,-38.0,1,"lower-income, black_nh-plurality, farther reach",0.09256859701791026,0.22272467953508487,263.079952724901,632.9835392387112
36081037100,1506,74702.0,42.1,3.5192563081009296,37.64940239043825,10.889774236387781,47.144754316069054,98.0,29.0,-69.0,2,"lower-income, hispanic/latino-plurality, farther reach",0.1039047370178485,0.5116869459983875,156.48053394887984,770.6005406735716
36081037300,2484,73352.0,32.1,2.0128824476650564,7.930756843800322,12.681159420289855,75.2415458937198,91.0,23.0,-68.0,2,"lower-income, hispanic/latino-plurality, farther reach",0.12214499605428075,0.5877739531418044,303.4081701988334,1460.030499604242
36081037501,1609,78942.0,32.5,0.6836544437538844,0.0,6.525792417650715,92.7905531385954,80.0,17.0,-63.0,2,"lower-income, hispanic/latino-plurality, farther reach",0.15749013123685918,0.675174973084095,253.4016211601064,1086.3565316923089
36081037502,2683,72100.0,32.6,0.633619083115915,15.840477077897875,5.180767797241893,78.34513604174431,83.0,20.0,-63.0,2,"lower-income, hispanic/latino-plurality, farther reach",0.14694348828545112,0.6299605249474366,394.24937906986537,1690.1840884339724
36081037600,6982,96188.0,35.2,0.3580635920939559,88.5133199656259,1.3033514752219995,4.311085648811229,107.0,70.0,-37.0,1,"lower-income, black_nh-plurality, farther reach",0.08439687163551189,0.19842513149602495,589.258957759144,1385.4042681052463
36081037700,4061,90714.0,28.7,1.1819748830337355,5.442009357301157,3.6444225560206847,89.68234425018468,87.0,24.0,-63.0,2,"lower-income, hispanic/latino-plurality, farther reach",0.13397168281703667,0.5743491774985175,544.0590039199859,2332.43200982148
36081037900,6112,81216.0,33.4,0.8344240837696335,4.2539267015706805,5.399214659685864,89.51243455497382,87.0,22.0,-65.0,2,"lower-income, hispanic/latino-plurality, farther reach",0.13397168281703667,0.6015125180410583,818.8349253777282,3676.4445102669483
36081038100,7308,81484.0,34.0,1.4504652435686918,15.64039408866995,11.247947454844006,70.36124794745484,85.0,18.0,-67.0,2,"lower-income, hispanic/latino-plurality, farther reach",0.14030775603867163,0.6597539553864472,1025.3690811306124,4821.481905964156
36081038400,2700,101500.0,45.6,0.2962962962962963,90.44444444444444,0.0,3.2222222222222223,104.0,72.0,-32.0,1,"lower-income, black_nh-plurality, farther reach",0.09045432734002365,0.1894645708137998,244.22668381806386,511.5543411972595
36081039400,3201,98646.0,41.3,0.6248047485160887,76.91346454233052,0.40612308653545764,9.809434551702592,107.0,69.0,-38.0,1,"lower-income, black_nh-plurality, farther reach",0.08439687163551189,0.2030630990890589,270.15438610527355,650.0049801840776
36081039800,1545,93563.0,40.6,0.6472491909385113,86.08414239482201,0.9061488673139159,11.650485436893204,111.0,66.0,-45.0,1,"lower-income, black_nh-plurality, farther reach",0.07694652583405728,0.21763764082403103,118.8823824136185,336.2501550731279
36081039901,2305,103981.0,35.0,2.2125813449023863,0.6073752711496746,11.062906724511931,83.51409978308025,82.0,15.0,-67.0,2,"lower-income, hispanic/latino-plurality, farther reach",0.15037812951026458,0.7071067811865476,346.6215885211599,1629.8811306349921
36081039902,1970,55481.0,31.4,10.203045685279188,6.243654822335025,13.756345177664974,68.22335025380711,83.0,16.0,-67.0,2,"lower-income, hispanic/latino-plurality, farther reach",0.14694348828545112,0.690956439983888,289.4786719223387,1361.1841867682595
36081040000,1495,110577.0,44.0,1.0702341137123745,73.11036789297658,1.6722408026755853,10.167224080267559,100.0,67.0,-33.0,1,"lower-income, black_nh-plurality, farther reach",0.09921256574801247,0.21266679023771395,148.32278579327865,317.93685140538236
36081040101,2696,61203.0,39.9,0.44510385756676557,0.29673590504451036,13.835311572700297,84.64391691394658,82.0,15.0,-67.0,2,"lower-income, hispanic/latino-plurality, farther reach",0.15037812951026458,0.7071067811865476,405.4194371596733,1906.3598820789323
36081040102,4638,74181.0,33.2,0.0,1.4877102199223804,10.758947822337214,87.7533419577404,82.0,15.0,-67.0,2,"lower-income, hispanic/latino-plurality, farther reach",0.15037812951026458,0.7071067811865476,697.4537646686072,3279.5612511432078
36081040200,1712,146250.0,43.5,1.6939252336448598,59.11214953271028,2.5116822429906542,9.11214953271028,99.0,66.0,-33.0,1,"lower-income, black_nh-plurality, farther reach",0.10153154954452946,0.21763764082403103,173.82201282023445,372.59564109074114
36081040301,2853,36921.0,36.0,0.0,0.0,30.003505082369436,69.99649491763057,82.0,17.0,-65.0,2,"lower-income, hispanic/latino-plurality, farther reach",0.15037812951026458,0.675174973084095,429.02880349278485,1926.274198208923
36081040302,3941,79231.0,30.3,2.7404212128901295,0.0,11.012433392539965,86.24714539456991,82.0,17.0,-65.0,2,"lower-income, hispanic/latino-plurality, farther reach",0.15037812951026458,0.675174973084095,592.6402083999527,2660.8645689244186
36081040400,3998,91556.0,46.4,2.526263131565783,73.63681840920461,9.129564782391196,10.380190095047524,94.0,62.0,-32.0,1,"lower-income, black_nh-plurality, farther reach",0.1139653110697771,0.23871040097760418,455.6333136569688,954.3641831084615
36081040501,997,100818.0,35.4,1.9057171514543632,2.0060180541624875,6.018054162487462,90.07021063189569,80.0,15.0,-65.0,2,"lower-income, hispanic/latino-plurality, farther reach",0.15749013123685918,0.7071067811865476,157.0176608431486,704.9854608429879
36081040502,1912,81144.0,41.8,4.393305439330544,0.0,6.589958158995816,88.59832635983264,80.0,15.0,-65.0,2,"lower-income, hispanic/latino-plurality, farther reach",0.15749013123685918,0.7071067811865476,301.12113092487476,1351.9881656286789
36081040701,3264,56375.0,26.8,0.0,0.0,5.545343137254902,93.84191176470588,80.0,15.0,-65.0,2,"lower-income, hispanic/latino-plurality, farther reach",0.15749013123685918,0.7071067811865476,514.0477883571084,2307.996533792891
36081040702,3888,100525.0,37.0,0.0,2.4434156378600824,10.159465020576132,86.95987654320987,85.0,22.0,-63.0,2,"lower-income, hispanic/latino-plurality, farther reach",0.14030775603867163,0.6015125180410583,545.5165554783553,2338.680670143635
36081040901,2082,117742.0,33.3,1.1047070124879923,0.0,12.920268972142171,83.04514889529298,81.0,17.0,-64.0,2,"lower-income, hispanic/latino-plurality, farther reach",0.15389305166811457,0.675174973084095,320.4053335730145,1405.7142939610858
36081040902,3176,79800.0,35.1,2.2670025188916876,1.605793450881612,0.28337531486146095,94.5528967254408,81.0,18.0,-63.0,2,"lower-income, hispanic/latino-plurality, farther reach",0.15389305166811457,0.6597539553864472,488.76433209793186,2095.3785623073563
36081041100,4010,70490.0,33.9,4.513715710723192,0.0,12.443890274314214,83.0423940149626,88.0,23.0,-65.0,2,"lower-income, hispanic/latino-plurality, farther reach",0.13091176535257834,0.5877739531418044,524.9561790638392,2356.9735520986355
36081041300,4504,62361.0,34.2,0.9991119005328597,1.1323268206039077,14.27619893428064,83.5923623445826,85.0,20.0,-65.0,2,"lower-income, hispanic/latino-plurality, farther reach",0.14030775603867163,0.6299605249474366,631.946133198177,2837.3422043632545
36081041400,4515,91500.0,38.3,2.12624584717608,57.43078626799557,8.23920265780731,3.9867109634551494,100.0,60.0,-40.0,1,"lower-income, black_nh-plurality, farther reach",0.09921256574801247,0.25,447.9447343522763,1128.75
36081041500,3941,65833.0,35.6,5.759959401167216,0.1522456229383405,3.8822633849276835,89.8249175336209,87.0,21.0,-66.0,2,"lower-income, hispanic/latino-plurality, farther reach",0.13397168281703667,0.6155722066724582,527.9824019819415,2425.9700664961574
36081042400,2696,79384.0,40.0,1.2982195845697329,83.79080118694363,0.0,3.5608308605341246,103.0,65.0,-38.0,1,"lower-income, black_nh-plurality, farther reach",0.09256859701791026,0.22272467953508487,249.56493756028607,600.4657360265888
36081042700,4226,59773.0,35.5,3.525792711784193,5.040227165168008,8.282063416942735,83.15191670610507,91.0,24.0,-67.0,2,"lower-income, hispanic/latino-plurality, farther reach",0.12214499605428075,0.5743491774985175,516.1847533253905,2427.199624108735
36081043200,1290,87083.0,42.0,0.15503875968992248,84.65116279069767,3.255813953488372,1.550387596899225,98.0,60.0,-38.0,1,"lower-income, black_nh-plurality, farther reach",0.1039047370178485,0.25,134.03711075302456,322.5
36081043400,1861,101691.0,43.2,5.588393336915637,64.5889306824288,9.511015583019882,13.809779688339603,100.0,60.0,-40.0,1,"lower-income, black_nh-plurality, farther reach",0.09921256574801247,0.25,184.6345848570512,465.25
36081043701,3398,63333.0,39.6,8.298999411418482,9.417304296645085,5.44437904649794,75.01471453796351,97.0,30.0,-67.0,2,"lower-income, hispanic/latino-plurality, farther reach",0.10633339511885696,0.5,361.32087661387595,1699.0
36081043702,6925,66250.0,38.4,13.328519855595667,5.8483754512635375,21.84837545126354,58.26714801444043,97.0,32.0,-65.0,0,"higher-income, asian_nh-plurality, closer reach",0.10633339511885696,0.4774208019552083,736.3587611980845,3306.1390535398177
36081043900,3450,62333.0,33.9,2.608695652173913,4.405797101449275,7.478260869565218,85.5072463768116,94.0,29.0,-65.0,2,"lower-income, hispanic/latino-plurality, farther reach",0.1139653110697771,0.5116869459983875,393.180323190731,1765.3199636944369
36081044000,3734,61970.0,32.6,0.9373326191751473,49.89287627209427,12.854847348687734,28.97696839850027,96.0,58.0,-38.0,1,"lower-income, black_nh-plurality, farther reach",0.10881882041201553,0.26182353070515674,406.32947541846596,977.6490636530552
36081044301,3543,26859.0,46.8,2.2861981371718882,9.568162574089754,11.17696867061812,76.96867061812024,91.0,26.0,-65.0,2,"lower-income, hispanic/latino-plurality, farther reach",0.12214499605428075,0.5484124898473131,432.7597210203167,1943.02545152903
36081044302,4803,63247.0,43.2,2.7066416822819073,12.117426608369769,31.938371850926504,42.848219862585886,91.0,27.0,-64.0,0,"higher-income, asian_nh-plurality, closer reach",0.12214499605428075,0.5358867312681466,586.6624160487105,2573.863970280908
36081044400,3925,44805.0,34.2,2.7770700636942673,30.547770700636942,29.78343949044586,16.840764331210192,96.0,58.0,-38.0,0,"higher-income, asian_nh-plurality, closer reach",0.10881882041201553,0.26182353070515674,427.11387011716096,1027.6573580177403
36081044601,3775,55278.0,38.1,0.7417218543046358,25.218543046357617,24.05298013245033,40.47682119205298,87.0,47.0,-40.0,2,"lower-income, hispanic/latino-plurality, farther reach",0.13397168281703667,0.3375874865420475,505.7431026343134,1274.3927616962294
36081044602,5354,44338.0,40.9,8.124766529697423,18.30407172207695,40.84796413896152,30.22039596563317,89.0,44.0,-45.0,0,"higher-income, asian_nh-plurality, closer reach",0.1279217364995969,0.36181730936009454,684.8929772188418,1937.1698743139461
36081044800,2726,71765.0,37.8,8.51063829787234,8.14380044020543,48.16581071166544,29.200293470286134,92.0,46.0,-46.0,0,"higher-income, asian_nh-plurality, closer reach",0.1193552004888021,0.34547821999194406,325.36227653247454,941.7736276980395
36081045000,2137,134081.0,32.5,22.087037903603182,4.351895180159102,59.89705194197473,6.598034627983154,98.0,51.0,-47.0,0,"higher-income, asian_nh-plurality, closer reach",0.1039047370178485,0.3077861033362291,222.04442300714223,657.7389028295215
36081045200,993,59896.0,58.0,11.983887210473313,11.178247734138973,58.20745216515609,15.81067472306143,97.0,53.0,-44.0,0,"higher-income, asian_nh-plurality, closer reach",0.10633339511885696,0.2938869765709022,105.58906135302496,291.8297677349059
36081045400,4776,70000.0,42.2,0.8165829145728644,11.683417085427136,67.73450586264657,7.747068676716918,94.0,51.0,-43.0,0,"higher-income, asian_nh-plurality, closer reach",0.1139653110697771,0.3077861033362291,544.2983256692554,1469.98642953383
36081045500,12756,76386.0,37.6,12.480401379742865,34.548447789275635,13.624960802759485,36.798369394794605,93.0,37.0,-56.0,2,"lower-income, hispanic/latino-plurality, farther reach",0.11662912394210094,0.4253335804754279,1487.7211050054395,5425.555152544558
36081045600,1195,74792.0,42.7,3.933054393305439,0.5857740585774058,68.8702928870293,12.635983263598327,100.0,56.0,-44.0,0,"higher-income, asian_nh-plurality, closer reach",0.09921256574801247,0.2742062449236565,118.55901606887491,327.6764626837695
36081045700,3499,73684.0,34.4,5.458702486424693,0.40011431837667905,52.386396113175195,39.01114604172621,88.0,32.0,-56.0,0,"higher-income, asian_nh-plurality, closer reach",0.13091176535257834,0.4774208019552083,458.0602669686716,1670.4953860412738
36081045800,2436,80972.0,38.4,6.280788177339901,15.270935960591133,58.66174055829228,8.045977011494253,98.0,55.0,-43.0,0,"higher-income, asian_nh-plurality, closer reach",0.1039047370178485,0.2806155120773433,253.11193937547893,683.5793874204084
36081045900,3832,84846.0,38.8,0.5219206680584552,1.7484342379958246,46.99895615866388,48.72129436325678,88.0,29.0,-59.0,0,"higher-income, asian_nh-plurality, closer reach",0.13091176535257834,0.5116869459983875,501.6538848310802,1960.7843770658208
36081046000,5703,67375.0,33.7,4.506400140277047,18.32368928634052,35.64790461160793,29.65106084516921,89.0,49.0,-40.0,0,"higher-income, asian_nh-plurality, closer reach",0.1279217364995969,0.32234257710989483,729.5376632572011,1838.3197172577302
36081046100,2512,84844.0,34.5,1.7914012738853504,0.07961783439490445,33.12101910828026,60.27070063694268,88.0,26.0,-62.0,0,"higher-income, asian_nh-plurality, closer reach",0.13091176535257834,0.5484124898473131,328.8503545656768,1377.6121744964505
36081046200,6178,56679.0,41.6,4.289414049854321,17.837487860148915,56.62026545807705,16.040789899643897,95.0,55.0,-40.0,0,"higher-income, asian_nh-plurality, closer reach",0.11136233976754245,0.2806155120773433,687.9965350838772,1733.642633613827
36081046300,4116,73555.0,34.3,1.2147716229348882,3.5714285714285716,29.834791059280857,61.904761904761905,84.0,22.0,-62.0,0,"higher-income, asian_nh-plurality, closer reach",0.14358729437462942,0.6015125180410583,591.0053036459747,2475.8255242569962
36081046400,2123,113043.0,33.1,24.493641073951956,17.757889778615166,24.116815826660385,26.424870466321245,102.0,59.0,-43.0,0,"higher-income, asian_nh-plurality, closer reach",0.09473228540689989,0.2558434729991938,201.11664191884847,543.1556931772884
36081046500,4574,88365.0,33.6,0.3060778312199388,0.17490161783996502,5.946655006558811,92.65413205072147,80.0,17.0,-63.0,2,"lower-income, hispanic/latino-plurality, farther reach",0.15749013123685918,0.675174973084095,720.3598602773939,3088.250326886651
36081046600,4627,75493.0,38.4,5.122109358115409,25.99956775448455,44.86708450399827,17.095310136157337,100.0,57.0,-43.0,0,"higher-income, asian_nh-plurality, closer reach",0.09921256574801247,0.2679433656340733,459.05654171605374,1239.773952788857
36081046700,7445,78932.0,35.4,4.35191403626595,1.3297515110812625,20.322364002686367,73.16319677635997,80.0,20.0,-60.0,2,"lower-income, hispanic/latino-plurality, farther reach",0.15749013123685918,0.6299605249474366,1172.5140270584166,4690.056108233665
36081046800,3735,81833.0,39.9,0.9906291834002677,20.107095046854084,56.68005354752343,6.827309236947791,99.0,57.0,-42.0,0,"higher-income, asian_nh-plurality, closer reach",0.10153154954452946,0.2679433656340733,379.22033754881755,1000.7684706432638
36081046901,4566,68601.0,36.6,3.504161191414805,0.5037231712658782,47.56898817345598,40.25405168637757,83.0,23.0,-60.0,0,"higher-income, asian_nh-plurality, closer reach",0.14694348828545112,0.5877739531418044,670.9439675113698,2683.7758700454788
36081046902,3157,88200.0,43.1,1.5837820715869497,1.6471333544504276,24.295216978143806,68.98954703832753,77.0,17.0,-60.0,0,"higher-income, asian_nh-plurality, closer reach",0.16879374327102378,0.675174973084095,532.8818475066221,2131.527390026488
36081047000,3341,77045.0,47.1,1.7360071834780006,5.088296917090691,50.463932954205326,25.172104160431008,97.0,61.0,-36.0,0,"higher-income, asian_nh-plurality, closer reach",0.10633339511885696,0.2442899921085615,355.2598730921011,816.172863634704
36081047100,4362,62635.0,41.6,1.0545621274644659,0.0,76.31820265933058,21.824850985786338,85.0,28.0,-57.0,0,"higher-income, asian_nh-plurality, closer reach",0.14030775603867163,0.5236470614103134,612.0224318406856,2284.1484818717868
36081047200,3952,117344.0,54.0,24.266194331983804,26.492914979757085,29.30161943319838,12.70242914979757,103.0,60.0,-43.0,0,"higher-income, asian_nh-plurality, closer reach",0.09256859701791026,0.25,365.8310954147813,988.0
36081047300,4177,65083.0,41.8,6.080919320086187,0.8858032080440508,74.4314101029447,18.17093607852526,81.0,30.0,-51.0,0,"higher-income, asian_nh-plurality, closer reach",0.15389305166811457,0.5,642.8112768177145,2088.5
36081047500,4987,84160.0,38.1,10.707840385001003,1.3434930820132345,50.611590134349306,36.41467816322438,85.0,34.0,-51.0,0,"higher-income, asian_nh-plurality, closer reach",0.14030775603867163,0.45586124427910846,699.7147793648554,2273.380025219914
36081047600,1362,112567.0,51.8,34.36123348017621,15.93245227606461,32.305433186490454,4.845814977973569,104.0,60.0,-44.0,0,"higher-income, asian_nh-plurality, closer reach",0.09045432734002365,0.25,123.1987938371122,340.5
36081047801,4020,54045.0,53.3,21.54228855721393,26.09452736318408,24.27860696517413,24.129353233830845,103.0,65.0,-38.0,0,"higher-income, asian_nh-plurality, closer reach",0.09256859701791026,0.22272467953508487,372.12576001199926,895.3532117310411
36081047802,1320,96050.0,41.5,1.4393939393939394,43.484848484848484,29.242424242424242,12.878787878787879,99.0,59.0,-40.0,0,"higher-income, asian_nh-plurality, closer reach",0.10153154954452946,0.2558434729991938,134.0216453987789,337.7133843589358
36081047900,6101,89395.0,37.6,5.884281265366333,5.8678905097525,72.18488772332404,15.243402720865431,88.0,36.0,-52.0,0,"higher-income, asian_nh-plurality, closer reach",0.13091176535257834,0.4352752816480621,798.6926804160804,2655.614493334827
36081048000,2301,76250.0,50.6,3.867883528900478,3.8244241634072145,48.9787049109083,22.468491960017385,93.0,59.0,-34.0,0,"higher-income, asian_nh-plurality, closer reach",0.11662912394210094,0.2558434729991938,268.3636141907743,588.6958313711449
36081048100,6530,69250.0,42.6,4.732006125574273,3.0321592649310873,52.78713629402756,37.626339969372125,81.0,24.0,-57.0,0,"higher-income, asian_nh-plurality, closer reach",0.15389305166811457,0.5743491774985175,1004.9216273927881,3750.5001290653195
36081048200,1241,74907.0,53.6,8.38033843674456,29.170024174053182,39.40370668815471,11.84528605962933,90.0,57.0,-33.0,0,"higher-income, asian_nh-plurality, closer reach",0.12500000000000003,0.2679433656340733,155.12500000000003,332.51771675188496
36081048301,2076,68125.0,39.7,11.03082851637765,0.626204238921002,69.26782273603082,18.352601156069365,79.0,24.0,-55.0,0,"higher-income, asian_nh-plurality, closer reach",0.16117128855494742,0.5743491774985175,334.59159504007084,1192.3488924869225
36081048302,1967,88051.0,36.5,8.6934417895272,0.0,47.432638535841384,43.51804778851042,82.0,26.0,-56.0,0,"higher-income, asian_nh-plurality, closer reach",0.15037812951026458,0.5484124898473131,295.7937807466904,1078.727367529665
36081048400,4932,82515.0,34.2,3.588807785888078,19.3227899432279,49.51338199513382,14.922952149229522,95.0,62.0,-33.0,0,"higher-income, asian_nh-plurality, closer reach",0.11136233976754245,0.23871040097760418,549.2390597335194,1177.3196976215438
36081048500,4963,64159.0,37.7,2.1761031634092283,0.8059641345960105,67.27785613540198,28.027402780576264,86.0,32.0,-54.0,0,"higher-income, asian_nh-plurality, closer reach",0.13710312246182826,0.4774208019552083,680.4427967780537,2369.439440103699
36081048900,1670,59106.0,40.1,3.8323353293413174,1.6167664670658684,44.37125748502994,47.4251497005988,93.0,39.0,-54.0,0,"higher-income, asian_nh-plurality, closer reach",0.11662912394210094,0.4061261981781178,194.77063698330858,678.2307509574567
36081049201,3034,82750.0,43.6,0.5932762030323006,67.30388925510877,10.54713249835201,16.809492419248517,105.0,61.0,-44.0,1,"lower-income, black_nh-plurality, farther reach",0.08838834764831845,0.2442899921085615,268.1702467649982,741.1758360573756
36081049202,2517,108053.0,34.5,0.8740564163686929,20.738974970202623,32.141438220103296,17.95788637266587,104.0,62.0,-42.0,0,"higher-income, asian_nh-plurality, closer reach",0.09045432734002365,0.23871040097760418,227.67354191483952,600.8340792606298
36081049301,2317,65357.0,50.1,33.966335779024604,0.0,43.54769097971515,18.774277082434182,93.0,38.0,-55.0,0,"higher-income, asian_nh-plurality, closer reach",0.11662912394210094,0.4156189480713939,270.2296801738479,962.9891026814196
36081049302,3126,58384.0,38.9,23.80038387715931,2.4312220089571337,22.680742162507997,46.3531669865643,89.0,39.0,-50.0,0,"higher-income, asian_nh-plurality, closer reach",0.1279217364995969,0.4061261981781178,399.88334829773993,1269.5504955047961
36081049500,1299,97250.0,48.9,47.42109314857583,0.0,8.391070053887606,42.725173210161664,95.0,45.0,-50.0,0,"higher-income, asian_nh-plurality, closer reach",0.11136233976754245,0.3535533905932738,144.65967935803764,459.26585438066263
36081049600,2967,88125.0,48.3,0.7077856420626896,32.355915065722954,37.3778227165487,15.942028985507246,101.0,67.0,-34.0,0,"higher-income, asian_nh-plurality, closer reach",0.09694654761460844,0.21266679023771395,287.64040677254326,630.9823666352974
36081049700,2992,61563.0,45.6,31.183155080213904,0.20053475935828877,34.157754010695186,31.517379679144383,91.0,40.0,-51.0,0,"higher-income, asian_nh-plurality, closer reach",0.12214499605428075,0.3968502629920499,365.457828194408,1187.3759868722134
36081049900,5289,85759.0,37.0,12.289657780298732,0.5104934770277936,66.06163736055966,17.621478540366798,88.0,37.0,-51.0,0,"higher-income, asian_nh-plurality, closer reach",0.13091176535257834,0.4253335804754279,692.3923269497868,2249.589307134538
36081050000,4746,74951.0,36.2,3.413400758533502,71.32321955330805,7.732827644332069,12.094395280235988,88.0,56.0,-32.0,1,"lower-income, black_nh-plurality, farther reach",0.13091176535257834,0.2742062449236565,621.3072383633368,1301.3828384076737
36081050201,1495,93182.0,44.4,0.0,73.11036789297658,2.5418060200668897,13.645484949832776,86.0,54.0,-32.0,1,"lower-income, black_nh-plurality, farther reach",0.13710312246182826,0.2871745887492588,204.96916808043326,429.32601018014185
36081050202,1534,110357.0,36.9,1.7601043024771839,64.14602346805736,17.601043024771837,8.996088657105606,92.0,60.0,-32.0,1,"lower-income, black_nh-plurality, farther reach",0.1193552004888021,0.25,183.09087754982244,383.5
36081050400,1715,130179.0,41.4,1.9825072886297377,66.58892128279884,4.139941690962099,11.428571428571429,91.0,59.0,-32.0,1,"lower-income, black_nh-plurality, farther reach",0.12214499605428075,0.2558434729991938,209.4786682330915,438.77155619361736
36081050500,1891,109728.0,38.2,50.02644103648863,0.0,32.46959280803807,14.383923849814913,90.0,38.0,-52.0,0,"higher-income, asian_nh-plurality, closer reach",0.12500000000000003,0.4156189480713939,236.37500000000006,785.9354308030058
36081050600,1615,106786.0,40.7,0.0,70.6501547987616,14.736842105263158,5.944272445820434,94.0,61.0,-33.0,1,"lower-income, black_nh-plurality, farther reach",0.1139653110697771,0.2442899921085615,184.05397737769002,394.52833725532685
36081050700,3267,98274.0,53.1,48.607284970921334,0.0,30.547903275176,20.32445668809305,94.0,42.0,-52.0,0,"higher-income, asian_nh-plurality, closer reach",0.1139653110697771,0.37892914162759955,372.3246712649618,1237.9615056973678
36081050800,1985,79432.0,39.4,0.3022670025188917,80.65491183879094,13.45088161209068,4.987405541561713,99.0,65.0,-34.0,1,"lower-income, black_nh-plurality, farther reach",0.10153154954452946,0.22272467953508487,201.54012584589097,442.1084888771435
36081051000,1568,91250.0,34.9,2.423469387755102,69.4515306122449,20.727040816326532,5.739795918367347,99.0,66.0,-33.0,1,"lower-income, black_nh-plurality, farther reach",0.10153154954452946,0.21763764082403103,159.2014696858222,341.25582081208063
36081051100,2542,110357.0,47.9,60.11014948859166,1.2195121951219512,11.998426435877262,26.671911880409127,95.0,43.0,-52.0,3,"higher-income, white_nh-plurality, closer reach",0.11136233976754245,0.3702743880716411,283.0830676890929,941.2374944781117
36081051200,2657,103214.0,36.9,1.9570944674444863,66.0519382762514,12.34474971772676,11.968385397064358,103.0,70.0,-33.0,1,"lower-income, black_nh-plurality, farther reach",0.09256859701791026,0.19842513149602495,245.95476227658756,527.2155743849382
36081051300,2831,104583.0,40.6,35.14659131049099,0.7771105616389968,26.245143058989758,33.16849169904627,93.0,38.0,-55.0,0,"higher-income, asian_nh-plurality, closer reach",0.11662912394210094,0.4156189480713939,330.17704988008774,1176.617241990116
36081051500,3141,96792.0,41.7,64.37440305635148,0.0,12.734797835084368,20.471187519898123,95.0,41.0,-54.0,3,"higher-income, white_nh-plurality, closer reach",0.11136233976754245,0.38778619045843365,349.78910920985084,1218.0364242299402
36081051600,2281,122826.0,41.2,3.7264357737834284,67.64576939938624,0.394563787812363,20.078912757562474,103.0,70.0,-33.0,1,"lower-income, black_nh-plurality, farther reach",0.09256859701791026,0.19842513149602495,211.1489697978533,452.6077249424329
36081051700,1911,111413.0,45.4,70.90528519099948,0.0,9.209837781266353,16.431187859759287,94.0,44.0,-50.0,3,"higher-income, white_nh-plurality, closer reach",0.1139653110697771,0.36181730936009454,217.78770945434403,691.4328781871407
36081051800,2233,114583.0,37.5,0.2686968204209583,71.92118226600985,0.0,13.390058217644425,105.0,70.0,-35.0,1,"lower-income, black_nh-plurality, farther reach",0.08838834764831845,0.19842513149602495,197.3711802986951,443.0833186306237
36081052000,1544,102950.0,41.2,1.2953367875647668,84.19689119170984,2.9792746113989637,3.756476683937824,103.0,69.0,-34.0,1,"lower-income, black_nh-plurality, farther reach",0.09256859701791026,0.2030630990890589,142.92591379565343,313.52942499350695
36081052100,1798,100806.0,48.1,60.28921023359288,0.05561735261401557,5.005561735261401,34.20467185761958,96.0,48.0,-48.0,3,"higher-income, white_nh-plurality, closer reach",0.10881882041201553,0.3298769776932236,195.65623910080393,593.118805892416
36081052200,2286,92833.0,41.1,0.0,76.07174103237095,5.730533683289589,9.186351706036746,101.0,68.0,-33.0,1,"lower-income, black_nh-plurality, farther reach",0.09694654761460844,0.20780947403569697,221.6198078469949,475.0524576456033
36081052400,2217,110357.0,37.7,0.0,79.20613441587732,8.119079837618404,9.562471808750564,98.0,66.0,-32.0,1,"lower-income, black_nh-plurality, farther reach",0.1039047370178485,0.21763764082403103,230.35680196857012,482.5026497068768
36081052500,2301,72031.0,44.5,48.935245545415036,0.0,8.12690134724033,41.63407214254672,95.0,49.0,-46.0,3,"higher-income, white_nh-plurality, closer reach",0.11136233976754245,0.32234257710989483,256.2447438051152,741.710269929868
36081052600,2312,93000.0,41.1,3.93598615916955,67.56055363321799,4.022491349480969,11.20242214532872,102.0,67.0,-35.0,1,"lower-income, black_nh-plurality, farther reach",0.09473228540689989,0.21266679023771395,219.02104386075254,491.68561902959465
36081052800,1720,81477.0,37.4,0.0,73.66279069767442,0.0,10.581395348837209,110.0,69.0,-41.0,1,"lower-income, black_nh-plurality, farther reach",0.07874506561842959,0.2030630990890589,135.4415128636989,349.2685304331813
36081053000,2535,110938.0,37.4,1.8540433925049309,81.06508875739645,0.591715976331361,10.650887573964496,107.0,71.0,-36.0,1,"lower-income, black_nh-plurality, farther reach",0.08439687163551189,0.19389309522921686,213.94606959602265,491.51899640606473
36081053100,3393,64307.0,46.2,56.82287061597406,0.08841732979664015,3.6251105216622457,31.535514294134984,94.0,48.0,-46.0,3,"higher-income, white_nh-plurality, closer reach",0.1139653110697771,0.3298769776932236,386.68430045975373,1119.2725853131076
36081053200,2185,98850.0,39.3,0.2288329519450801,78.94736842105263,3.935926773455378,15.789473684210526,106.0,70.0,-36.0,1,"lower-income, black_nh-plurality, farther reach",0.086369554997986,0.19842513149602495,188.7174776705994,433.5589123188145
36081053401,1813,104688.0,48.2,0.9928295642581357,85.10755653612796,2.8130170987313843,10.75565361279647,101.0,70.0,-31.0,1,"lower-income, black_nh-plurality, farther reach",0.09694654761460844,0.19842513149602495,175.7640908252851,359.74476340229324
36081053501,1249,63816.0,37.1,28.42273819055244,0.0,6.4851881505204165,65.09207365892715,90.0,50.0,-40.0,2,"lower-income, hispanic/latino-plurality, farther reach",0.12500000000000003,0.3149802624737183,156.12500000000003,393.41034782967415
36081053800,1800,117155.0,38.1,0.6666666666666666,77.05555555555556,2.111111111111111,10.555555555555555,99.0,68.0,-31.0,1,"lower-income, black_nh-plurality, farther reach",0.10153154954452946,0.20780947403569697,182.75678918015302,374.05705326425453
36081053901,4210,84183.0,35.9,31.828978622327792,3.9667458432304037,20.213776722090262,40.1187648456057,84.0,60.0,-24.0,2,"lower-income, hispanic/latino-plurality, farther reach",0.14358729437462942,0.25,604.5025093171898,1052.5
36081054000,4194,80270.0,41.9,0.6914639961850262,57.93991416309013,9.895088221268479,20.93466857415355,97.0,65.0,-32.0,1,"lower-income, black_nh-plurality, farther reach",0.10633339511885696,0.22272467953508487,445.9622591284861,934.107305970146
36081054200,5441,90461.0,45.5,5.146112846903143,18.764932916743245,24.701341665135086,32.86160632236721,98.0,66.0,-32.0,0,"higher-income, asian_nh-plurality, closer reach",0.1039047370178485,0.21763764082403103,565.3456741141136,1184.1664037235528
36081054500,3438,60368.0,38.8,35.340314136125656,0.6108202443280978,5.2356020942408374,57.32984293193717,86.0,65.0,-21.0,2,"lower-income, hispanic/latino-plurality, farther reach",0.13710312246182826,0.22272467953508487,471.3605350237656,765.7274482416218
36081054700,4680,115076.0,30.1,21.794871794871796,6.260683760683761,14.722222222222221,56.1965811965812,86.0,63.0,-23.0,2,"lower-income, hispanic/latino-plurality, farther reach",0.13710312246182826,0.23325824788420185,641.6426131213562,1091.6486000980647
36081054800,2430,83533.0,43.9,2.3045267489711936,16.872427983539094,53.04526748971193,12.798353909465021,106.0,66.0,-40.0,0,"higher-income, asian_nh-plurality, closer reach",0.086369554997986,0.21763764082403103,209.87801864510598,528.8594672023954
36081054900,5734,95897.0,31.9,22.04394837809557,2.179979072200907,7.1328915242413675,65.12033484478549,84.0,63.0,-21.0,2,"lower-income, hispanic/latino-plurality, farther reach",0.14358729437462942,0.23325824788420185,823.329545944125,1337.5027933680135
36081055100,4419,85947.0,31.4,40.91423398959041,6.245756958587916,11.11111111111111,36.569359583616205,88.0,60.0,-28.0,3,"higher-income, white_nh-plurality, closer reach",0.13091176535257834,0.25,578.4990910930437,1104.75
36081055200,2790,61895.0,43.7,10.609318996415771,11.11111111111111,50.28673835125448,20.28673835125448,103.0,61.0,-42.0,0,"higher-income, asian_nh-plurality, closer reach",0.09256859701791026,0.2442899921085615,258.26638567996963,681.5690779828866
36081055300,3131,91604.0,28.7,13.41424465027148,2.6509102523155543,19.642286809326094,61.67358671351006,86.0,65.0,-21.0,2,"lower-income, hispanic/latino-plurality, farther reach",0.13710312246182826,0.22272467953508487,429.2698764279843,697.3509716243508
36081055400,2683,92679.0,46.8,10.13790532985464,10.13790532985464,45.508758852031306,24.636600819977637,97.0,59.0,-38.0,0,"higher-income, asian_nh-plurality, closer reach",0.10633339511885696,0.2558434729991938,285.29249910389325,686.428038056837
36081055500,2426,108417.0,39.8,13.396537510305029,6.224237427864798,6.265457543281121,72.38252267106348,84.0,62.0,-22.0,2,"lower-income, hispanic/latino-plurality, farther reach",0.14358729437462942,0.23871040097760418,348.34277615285094,579.1114327716678
36081055600,2233,130338.0,46.3,4.38871473354232,9.583519928347515,36.90103000447828,35.15450067174205,100.0,61.0,-39.0,0,"higher-income, asian_nh-plurality, closer reach",0.09921256574801247,0.2442899921085615,221.54165931531185,545.4995523784179
36081055700,3767,85750.0,34.0,39.713299707990444,3.026280860100876,2.787363950092912,52.7740907884258,90.0,58.0,-32.0,2,"lower-income, hispanic/latino-plurality, farther reach",0.12500000000000003,0.26182353070515674,470.8750000000001,986.2892401663254
36081055800,1587,72841.0,51.7,7.498424700693132,6.86830497794581,39.067422810333966,34.90863264020164,94.0,60.0,-34.0,0,"higher-income, asian_nh-plurality, closer reach",0.1139653110697771,0.25,180.86294866773625,396.75
36081055900,1106,80221.0,30.6,20.07233273056058,6.962025316455696,9.945750452079565,61.301989150090414,84.0,64.0,-20.0,2,"lower-income, hispanic/latino-plurality, farther reach",0.14358729437462942,0.22793062213955423,158.80754757834012,252.091268086347
36081056000,1668,96905.0,45.7,9.172661870503598,2.158273381294964,64.80815347721823,14.568345323741006,98.0,62.0,-36.0,0,"higher-income, asian_nh-plurality, closer reach",0.1039047370178485,0.23871040097760418,173.3131013457713,398.1689488306438
36081056200,1339,100441.0,52.4,23.37565347274085,10.828976848394325,32.63629574309186,30.61986557132188,99.0,65.0,-34.0,0,"higher-income, asian_nh-plurality, closer reach",0.10153154954452946,0.22272467953508487,135.95074484012494,298.2283458974786
36081056400,1493,76875.0,46.1,15.807099799062291,8.104487608841259,22.30408573342264,30.073677160080376,94.0,61.0,-33.0,0,"higher-income, asian_nh-plurality, closer reach",0.1139653110697771,0.2442899921085615,170.1502094271772,364.72495821808235
36081056500,1883,129327.0,32.6,14.020180562931492,2.7615507169410516,2.2835900159320235,77.80138077535847,89.0,64.0,-25.0,2,"lower-income, hispanic/latino-plurality, farther reach",0.1279217364995969,0.22793062213955423,240.87662982874096,429.1933614887806
36081056600,1513,74022.0,48.4,2.577660277594184,34.17052214144085,20.423000660938534,15.069398545935227,89.0,57.0,-32.0,0,"higher-income, asian_nh-plurality, closer reach",0.1279217364995969,0.2679433656340733,193.54558732389012,405.39831220435286
36081056700,4538,108750.0,38.8,38.12252093433231,1.498457470251212,0.22036139268400176,60.158660202732484,97.0,61.0,-36.0,2,"lower-income, hispanic/latino-plurality, farther reach",0.10633339511885696,0.2442899921085615,482.5409470493729,1108.5879841886522
36081056800,4808,103661.0,46.9,6.114808652246256,55.5324459234609,3.826955074875208,19.86272878535774,92.0,60.0,-32.0,1,"lower-income, black_nh-plurality, farther reach",0.1193552004888021,0.25,573.8598039501605,1202.0
36081057700,4162,78854.0,34.3,44.762133589620376,0.0,2.162421912542047,52.33061028351754,97.0,62.0,-35.0,2,"lower-income, hispanic/latino-plurality, farther reach",0.10633339511885696,0.23871040097760418,442.5595904846827,993.5126888687886
36081057900,1636,73125.0,37.6,44.07090464547677,2.26161369193154,0.0,51.40586797066015,96.0,65.0,-31.0,2,"lower-income, hispanic/latino-plurality, farther reach",0.10881882041201553,0.22272467953508487,178.0275901940574,364.37757571939886
36081058000,4369,112034.0,42.9,2.037079423208972,72.48798352025635,2.3804074158846418,7.988097962920577,104.0,73.0,-31.0,1,"lower-income, black_nh-plurality, farther reach",0.09045432734002365,0.18513719403582055,395.19495614856334,808.8644007424999
36081058100,2844,74556.0,37.9,35.30239099859353,0.5274261603375527,3.129395218002813,49.68354430379747,91.0,63.0,-28.0,2,"lower-income, hispanic/latino-plurality, farther reach",0.12214499605428075,0.23325824788420185,347.3803687783745,663.3864569826701
36081058200,5568,127837.0,37.2,3.5201149425287355,64.42169540229885,7.471264367816092,15.086206896551724,98.0,67.0,-31.0,1,"lower-income, black_nh-plurality, farther reach",0.1039047370178485,0.21266679023771395,578.5415757153804,1184.1286880435914
36081058300,3656,101431.0,40.0,58.971553610503285,2.9540481400437635,6.947483588621444,24.972647702407002,92.0,61.0,-31.0,3,"higher-income, white_nh-plurality, closer reach",0.1193552004888021,0.2442899921085615,436.3626129870605,893.1242111489008
36081058500,4265,96897.0,37.1,56.740914419695194,2.6494724501758498,10.715123094958969,26.4947245017585,90.0,59.0,-31.0,3,"higher-income, white_nh-plurality, closer reach",0.12500000000000003,0.2558434729991938,533.1250000000001,1091.1724123415615
36081058700,3470,93281.0,39.0,58.242074927953894,2.7089337175792507,5.821325648414986,28.18443804034582,91.0,58.0,-33.0,3,"higher-income, white_nh-plurality, closer reach",0.12214499605428075,0.26182353070515674,423.8431363083542,908.5276515468939
36081058900,5136,67801.0,31.6,51.65498442367601,2.453271028037383,3.446261682242991,40.57632398753894,89.0,57.0,-32.0,2,"lower-income, hispanic/latino-plurality, farther reach",0.1279217364995969,0.2679433656340733,657.0060386619297,1376.1571258966003
36081059000,1207,76917.0,49.8,14.333057166528583,70.75393537696769,3.728251864125932,8.450704225352112,102.0,71.0,-31.0,1,"lower-income, black_nh-plurality, farther reach",0.09473228540689989,0.19389309522921686,114.34186848612816,234.02896594166475
36081059100,4920,61314.0,40.0,36.44308943089431,0.4878048780487805,6.747967479674797,51.84959349593496,91.0,60.0,-31.0,2,"lower-income, hispanic/latino-plurality, farther reach",0.12214499605428075,0.25,600.9533805870612,1230.0
36081059200,1343,91250.0,49.5,0.37230081906180196,90.2457185405808,4.467609828741623,2.3827252419955323,110.0,76.0,-34.0,1,"lower-income, black_nh-plurality, farther reach",0.07874506561842959,0.17273910999597203,105.75462312555094,231.98862472459044
36081059300,4062,82917.0,37.4,58.493353028064995,1.4032496307237814,5.9330379123584445,31.68389955686854,94.0,55.0,-39.0,3,"higher-income, white_nh-plurality, closer reach",0.1139653110697771,0.2806155120773433,462.9270935654346,1139.8602100581686
36081059400,1766,147250.0,45.1,1.189127972819932,86.57984144960362,0.0,6.3986409966024915,108.0,77.0,-31.0,1,"lower-income, black_nh-plurality, farther reach",0.0824692444233059,0.16879374327102378,145.64068565155821,298.089750616628
36081059501,1890,72222.0,38.3,60.58201058201058,0.9523809523809523,3.386243386243386,35.07936507936508,91.0,56.0,-35.0,3,"higher-income, white_nh-plurality, closer reach",0.12214499605428075,0.2742062449236565,230.85404254259063,518.2498029057107
36081059502,2881,56467.0,32.6,31.55154460256855,0.8677542519958348,10.204790003471016,57.23707046164526,91.0,54.0,-37.0,2,"lower-income, hispanic/latino-plurality, farther reach",0.12214499605428075,0.2871745887492588,351.89973363238283,827.3499901866145
36081059600,1520,100625.0,50.0,0.8552631578947368,73.61842105263158,0.06578947368421052,22.894736842105264,106.0,75.0,-31.0,1,"lower-income, black_nh-plurality, farther reach",0.086369554997986,0.17677669529663692,131.28172359693872,268.7005768508881
36081059800,1648,87692.0,35.9,2.5485436893203883,83.79854368932038,0.0,8.070388349514563,102.0,71.0,-31.0,1,"lower-income, black_nh-plurality, farther reach",0.09473228540689989,0.19389309522921686,156.11880635057102,319.53582093774935
36081059900,1439,89583.0,45.9,50.590687977762336,0.06949270326615706,15.149409312022238,32.036136205698405,96.0,49.0,-47.0,0,"higher-income, asian_nh-plurality, closer reach",0.10881882041201553,0.32234257710989483,156.59028257289035,463.8509684611387
36081060000,1041,100000.0,50.3,0.0,82.9971181556196,0.0,3.362151777137368,110.0,79.0,-31.0,1,"lower-income, black_nh-plurality, farther reach",0.07874506561842959,0.16117128855494742,81.9736133087852,167.77931138570025
36081060100,2405,83125.0,40.6,62.24532224532224,0.2494802494802495,3.6590436590436592,33.5966735966736,95.0,52.0,-43.0,3,"higher-income, white_nh-plurality, closer reach",0.11136233976754245,0.3007562590205292,267.8264271409396,723.3188029443728
36081060300,1884,107067.0,45.6,46.496815286624205,0.0,5.148619957537155,46.44373673036093,96.0,54.0,-42.0,3,"higher-income, white_nh-plurality, closer reach",0.10881882041201553,0.2871745887492588,205.01465765623726,541.0369252036036
36081060600,1276,135147.0,49.7,0.0,91.22257053291536,0.8620689655172413,7.915360501567398,111.0,78.0,-33.0,1,"lower-income, black_nh-plurality, farther reach",0.07694652583405728,0.16493848884661183,98.18376696425709,210.4615117682767
36081060800,1473,148583.0,39.4,1.1541072640868975,86.76171079429736,10.522742701968772,0.3394433129667346,105.0,74.0,-31.0,1,"lower-income, black_nh-plurality, farther reach",0.08838834764831845,0.1809086546800473,130.19603608597308,266.47844834370966
36081061000,1250,87500.0,55.7,2.4,91.84,0.0,1.84,101.0,70.0,-31.0,1,"lower-income, black_nh-plurality, farther reach",0.09694654761460844,0.19842513149602495,121.18318451826055,248.03141437003117
36081061200,1994,132969.0,48.6,0.4012036108324975,88.66599799398195,2.657973921765296,0.7522567703109327,107.0,73.0,-34.0,1,"lower-income, black_nh-plurality, farther reach",0.08439687163551189,0.18513719403582055,168.2873620412107,369.1635649074262
36081061301,5096,83125.0,36.9,36.26373626373626,2.0408163265306123,6.946624803767661,54.10125588697017,95.0,61.0,-34.0,2,"lower-income, hispanic/latino-plurality, farther reach",0.11136233976754245,0.2442899921085615,567.5024834553964,1244.9017997852295
36081061400,1557,143468.0,41.0,1.9910083493898523,87.73281952472703,2.3121387283236996,4.174694926140013,115.0,77.0,-38.0,1,"lower-income, black_nh-plurality, farther reach",0.07015387801933584,0.16879374327102378,109.2295880761059,262.811858272984
36081061601,2446,105192.0,42.8,1.3900245298446443,92.80457890433361,0.0,4.088307440719542,115.0,82.0,-33.0,1,"lower-income, black_nh-plurality, farther reach",0.07015387801933584,0.15037812951026458,171.59638563529546,367.8249047821072
36081061602,1081,105682.0,49.5,2.9602220166512487,60.129509713228494,0.0,27.752081406105457,108.0,82.0,-26.0,1,"lower-income, black_nh-plurality, farther reach",0.0824692444233059,0.15037812951026458,89.14925322159368,162.55875800059601
36081061800,1765,91638.0,47.9,1.4164305949008498,75.86402266288952,5.1558073654390935,13.201133144475921,106.0,79.0,-27.0,1,"lower-income, black_nh-plurality, farther reach",0.086369554997986,0.16117128855494742,152.4422645714453,284.4673242994822
36081061900,3123,77794.0,35.2,70.7973102785783,0.0,5.251360870957413,19.020172910662826,104.0,54.0,-50.0,3,"higher-income, white_nh-plurality, closer reach",0.09045432734002365,0.2871745887492588,282.48886428289387,896.8462406639352
36081062000,1456,118646.0,51.6,1.304945054945055,88.9423076923077,0.0,6.593406593406593,113.0,81.0,-32.0,1,"lower-income, black_nh-plurality, farther reach",0.07347174414272556,0.15389305166811457,106.97485947180841,224.06828322877482
36081062100,3178,91940.0,42.3,53.83889238514789,7.300188797986155,5.821271239773442,32.221522970421645,104.0,52.0,-52.0,3,"higher-income, white_nh-plurality, closer reach",0.09045432734002365,0.3007562590205292,287.46385228659517,955.8033911672419
36081062200,2088,119632.0,50.2,5.268199233716475,87.02107279693486,0.0,4.693486590038314,116.0,82.0,-34.0,1,"lower-income, black_nh-plurality, farther reach",0.06855156123091415,0.15037812951026458,143.13565985014873,313.9895344174324
36081062300,2273,79107.0,46.4,68.63176418829741,5.587329520457545,0.0,25.20897492300924,110.0,60.0,-50.0,3,"higher-income, white_nh-plurality, closer reach",0.07874506561842959,0.25,178.98753415069046,568.25
36081062500,2545,75375.0,39.6,55.32416502946955,2.6719056974459723,2.5147347740667976,38.07465618860511,105.0,62.0,-43.0,3,"higher-income, white_nh-plurality, closer reach",0.08838834764831845,0.23871040097760418,224.94834476497044,607.5179704880027
36081062600,2972,115167.0,37.5,1.278600269179004,78.26379542395694,5.383580080753701,13.156123822341858,112.0,75.0,-37.0,1,"lower-income, black_nh-plurality, farther reach",0.07518906475513229,0.17677669529663692,223.46190045225316,525.380338421605
36081062700,2915,76382.0,41.1,47.341337907375646,0.0686106346483705,6.655231560891938,43.97941680960549,100.0,64.0,-36.0,2,"lower-income, hispanic/latino-plurality, farther reach",0.09921256574801247,0.22793062213955423,289.20462915545636,664.4177635368005
36081062900,3250,96908.0,36.4,46.4,2.6769230769230767,10.830769230769231,37.815384615384616,105.0,61.0,-44.0,3,"higher-income, white_nh-plurality, closer reach",0.08838834764831845,0.2442899921085615,287.26212985703495,793.9424743528249
36081063000,1720,124773.0,48.0,1.2209302325581395,90.5813953488372,2.6744186046511627,4.011627906976744,110.0,76.0,-34.0,1,"lower-income, black_nh-plurality, farther reach",0.07874506561842959,0.17273910999597203,135.4415128636989,297.1112691930719
36081063200,2462,112500.0,37.6,2.0308692120227456,90.49553208773355,0.0,3.2087733549959383,105.0,75.0,-30.0,1,"lower-income, black_nh-plurality, farther reach",0.08838834764831845,0.17677669529663692,217.61211191016002,435.2242238203201
36081063301,1607,128114.0,36.5,57.93403858120722,0.0,3.73366521468575,38.33229620410703,111.0,57.0,-54.0,3,"higher-income, white_nh-plurality, closer reach",0.07694652583405728,0.2679433656340733,123.65306701533005,430.58498857395574
36081063302,1963,142891.0,40.0,61.89505858380031,0.0,1.0188487009679064,37.086092715231786,112.0,55.0,-57.0,3,"higher-income, white_nh-plurality, closer reach",0.07518906475513229,0.2806155120773433,147.59613411432468,550.8482502078249
36081063500,2637,89688.0,37.8,63.557072430792566,0.5688282138794084,4.891922639362912,29.465301478953357,109.0,54.0,-55.0,3,"higher-income, white_nh-plurality, closer reach",0.0805856442774737,0.2871745887492588,212.50434395969813,757.2793905317953
36081063700,3542,91705.0,44.1,66.74195369847544,1.0163749294184077,7.453416149068323,20.158102766798418,102.0,50.0,-52.0,3,"higher-income, white_nh-plurality, closer reach",0.09473228540689989,0.3149802624737183,335.5417549112394,1115.6600896819102
36081063800,3404,140870.0,43.7,3.0258519388954173,84.87074030552292,2.673325499412456,7.4618096357226795,101.0,74.0,-27.0,1,"lower-income, black_nh-plurality, farther reach",0.09694654761460844,0.1809086546800473,330.00604808012713,615.813060530881
36081063900,3189,115156.0,38.6,34.305424898087175,5.2053935402947635,5.393540294763248,55.09564126685481,101.0,50.0,-51.0,2,"lower-income, hispanic/latino-plurality, farther reach",0.09694654761460844,0.3149802624737183,309.16254034298635,1004.4720570286877
36081064101,2392,96094.0,48.1,66.72240802675586,0.3762541806020067,16.931438127090303,12.081939799331103,103.0,53.0,-50.0,3,"higher-income, white_nh-plurality, closer reach",0.09256859701791026,0.2938869765709022,221.42408406684135,702.977647957598
36081064500,1860,85000.0,40.4,52.1505376344086,1.4516129032258065,15.43010752688172,26.774193548387096,98.0,46.0,-52.0,3,"higher-income, white_nh-plurality, closer reach",0.1039047370178485,0.34547821999194406,193.2628108531982,642.589489185016
36081064600,3247,128750.0,48.4,0.8315368032029565,89.03603326147213,1.6014782876501386,3.7573144441022484,106.0,78.0,-28.0,1,"lower-income, black_nh-plurality, farther reach",0.086369554997986,0.16493848884661183,280.44194507846055,535.5552732849486
36081065000,2807,136111.0,45.3,1.175632347702173,89.88243676522978,0.0,5.236907730673317,100.0,73.0,-27.0,1,"lower-income, black_nh-plurality, farther reach",0.09921256574801247,0.18513719403582055,278.489672054671,519.6801036585483
36081065401,3288,98821.0,35.9,2.8588807785888077,65.29805352798054,3.40632603406326,16.027980535279806,98.0,71.0,-27.0,1,"lower-income, black_nh-plurality, farther reach",0.1039047370178485,0.19389309522921686,341.63877531468586,637.520497113665
36081065600,4585,110875.0,45.7,9.443838604143947,78.08069792802617,1.1123227917121048,6.848418756815703,105.0,77.0,-28.0,1,"lower-income, black_nh-plurality, farther reach",0.08838834764831845,0.16879374327102378,405.2605739675401,773.9193128976441
36081065702,1311,61786.0,47.8,78.79481311975591,0.0,0.0,14.569031273836766,98.0,51.0,-47.0,3,"higher-income, white_nh-plurality, closer reach",0.1039047370178485,0.3077861033362291,136.2191102303994,403.50758147379634
36081065703,3083,115896.0,50.0,69.18585793058709,0.6487187804086928,2.4002594875121637,7.427830035679533,101.0,48.0,-53.0,3,"higher-income, white_nh-plurality, closer reach",0.09694654761460844,0.3298769776932236,298.88620629583784,1017.0107222282084
36081065900,1915,99107.0,44.7,66.10966057441253,0.0,16.60574412532637,16.710182767624023,101.0,49.0,-52.0,3,"higher-income, white_nh-plurality, closer reach",0.09694654761460844,0.32234257710989483,185.65263868197516,617.2860351654487
36081066000,3666,121705.0,40.0,5.210038188761593,78.88707037643208,1.1729405346426622,6.51936715766503,106.0,78.0,-28.0,1,"lower-income, black_nh-plurality, farther reach",0.086369554997986,0.16493848884661183,316.6307886226167,604.664500111679
36081066100,1618,111806.0,56.2,83.31273176761434,0.0,6.242274412855377,10.444993819530284,101.0,49.0,-52.0,3,"higher-income, white_nh-plurality, closer reach",0.09694654761460844,0.32234257710989483,156.85951404043647,521.5502897638098
36081066301,2753,102917.0,48.0,64.65673810388667,0.2905920813657828,21.32219397021431,10.570286959680349,97.0,43.0,-54.0,3,"higher-income, white_nh-plurality, closer reach",0.10633339511885696,0.3702743880716411,292.73583676221324,1019.3653903612279
36081066402,3482,109863.0,45.2,8.0413555427915,85.8701895462378,1.0626076967260196,4.451464675473866,110.0,79.0,-31.0,1,"lower-income, black_nh-plurality, farther reach",0.07874506561842959,0.16117128855494742,274.1903184833718,561.1984267483269
36081066403,5857,87031.0,35.2,7.307495304763531,79.73365204029366,0.9731944681577599,10.551476865289397,115.0,87.0,-28.0,1,"lower-income, black_nh-plurality, farther reach",0.07015387801933584,0.13397168281703667,410.89126355925004,784.6721462593838
36081066501,4048,86773.0,45.4,65.09387351778656,0.8399209486166008,2.272727272727273,28.68083003952569,102.0,52.0,-50.0,3,"higher-income, white_nh-plurality, closer reach",0.09473228540689989,0.3007562590205292,383.47629132713075,1217.4613365151022
36081066701,2747,123229.0,43.6,53.87695668001456,0.0,15.107389879868949,29.4139060793593,97.0,47.0,-50.0,3,"higher-income, white_nh-plurality, closer reach",0.10633339511885696,0.3375874865420475,292.0978363915001,927.3528255310046
36081066900,1773,94375.0,33.4,64.24139875916525,0.0,4.794134235758602,29.55442752397067,97.0,46.0,-51.0,3,"higher-income, white_nh-plurality, closer reach",0.10633339511885696,0.34547821999194406,188.5291095457334,612.5328840457169
36081067100,2354,116076.0,47.3,65.20815632965166,0.0,18.096856414613423,15.717926932880204,98.0,44.0,-54.0,3,"higher-income, white_nh-plurality, closer reach",0.1039047370178485,0.36181730936009454,244.59175094001537,851.7179462336626
36081067700,1912,108000.0,49.4,74.52928870292887,0.0,6.956066945606694,17.102510460251047,97.0,44.0,-53.0,3,"higher-income, white_nh-plurality, closer reach",0.10633339511885696,0.36181730936009454,203.30945146725452,691.7946954965007
36081067900,4199,72875.0,43.8,37.58037628006668,2.238628244820195,11.955227435103597,47.082638723505596,93.0,41.0,-52.0,0,"higher-income, asian_nh-plurality, closer reach",0.11662912394210094,0.38778619045843365,489.72569143288183,1628.314213734963
36081068000,5489,124789.0,42.6,0.783384951721625,83.84040808890508,1.8582619785024594,12.424849699398798,100.0,73.0,-27.0,1,"lower-income, black_nh-plurality, farther reach",0.09921256574801247,0.18513719403582055,544.5777733908404,1016.218058062619
36081068200,1104,93750.0,44.4,0.0,83.42391304347827,2.1739130434782608,7.427536231884058,94.0,67.0,-27.0,1,"lower-income, black_nh-plurality, farther reach",0.1139653110697771,0.21266679023771395,125.81770342103393,234.7841364224362
36081068300,3932,73466.0,46.6,7.171922685656154,4.984740590030519,54.14547304170905,32.477110885045775,85.0,32.0,-53.0,0,"higher-income, asian_nh-plurality, closer reach",0.14030775603867163,0.4774208019552083,551.6900967440569,1877.218593287879
36081068700,4202,69348.0,48.5,22.370299857210853,1.142313184198001,43.0271299381247,27.89148024750119,86.0,34.0,-52.0,0,"higher-income, asian_nh-plurality, closer reach",0.13710312246182826,0.45586124427910846,576.1073205846023,1915.5289484608138
36081069000,4022,131683.0,39.1,2.1631029338637493,83.9632023868722,0.4226752859273993,5.967180507210343,103.0,73.0,-30.0,1,"lower-income, black_nh-plurality, farther reach",0.09256859701791026,0.18513719403582055,372.31089720603507,744.6217944120702
36081069300,3005,58605.0,38.5,25.490848585690514,0.8652246256239601,18.80199667221298,47.42096505823627,85.0,33.0,-52.0,0,"higher-income, asian_nh-plurality, closer reach",0.14030775603867163,0.4665164957684037,421.6248068962082,1401.882069784053
36081069400,4046,101782.0,35.5,2.9411764705882355,84.47849728126545,1.7053880375679684,8.00790904597133,114.0,78.0,-36.0,1,"lower-income, black_nh-plurality, farther reach",0.0717936471873147,0.16493848884661183,290.47709651987526,667.3411258733914
36081069500,2349,112949.0,56.0,37.20732226479353,3.3631332481907195,39.08045977011494,13.707960834397616,92.0,40.0,-52.0,0,"higher-income, asian_nh-plurality, closer reach",0.1193552004888021,0.3968502629920499,280.36536594819614,932.2012677683252
36081069701,4320,102700.0,37.0,29.49074074074074,2.037037037037037,31.52777777777778,24.375,88.0,37.0,-51.0,0,"higher-income, asian_nh-plurality, closer reach",0.13091176535257834,0.4253335804754279,565.5388263231384,1837.4410676538487
36081069702,4285,89065.0,40.2,41.16686114352392,0.11668611435239207,35.682613768961495,15.565927654609101,96.0,44.0,-52.0,0,"higher-income, asian_nh-plurality, closer reach",0.10881882041201553,0.36181730936009454,466.2886454654865,1550.3871706080051
36081070300,2253,102833.0,45.6,35.19751442521083,0.2663115845539281,30.714602751886375,22.01509098979139,99.0,45.0,-54.0,0,"higher-income, asian_nh-plurality, closer reach",0.10153154954452946,0.3535533905932738,228.75058112382487,796.5557890066458
36081070700,2584,127188.0,47.5,51.470588235294116,0.23219814241486067,37.22910216718266,9.01702786377709,97.0,42.0,-55.0,0,"higher-income, asian_nh-plurality, closer reach",0.10633339511885696,0.37892914162759955,274.7654929871264,979.1529019657172
36081070900,2952,115000.0,38.2,45.32520325203252,0.6775067750677507,32.79132791327913,11.246612466124661,94.0,40.0,-54.0,0,"higher-income, asian_nh-plurality, closer reach",0.1139653110697771,0.3968502629920499,336.425598277982,1171.5019763525313
36081071100,5616,100625.0,46.4,42.85968660968661,2.4394586894586894,36.82336182336182,13.532763532763532,89.0,36.0,-53.0,0,"higher-income, asian_nh-plurality, closer reach",0.1279217364995969,0.4352752816480621,718.4084721817362,2444.505981735517
36081071303,5323,96641.0,43.4,53.860604922036444,1.6156302836746195,22.506105579560398,20.326883336464398,87.0,35.0,-52.0,0,"higher-income, asian_nh-plurality, closer reach",0.13397168281703667,0.4454493590701697,713.1312676350861,2371.1269383305134
36081071304,6115,89959.0,48.3,56.56582174979558,1.1447260834014719,24.10466067048242,13.687653311529028,89.0,37.0,-52.0,0,"higher-income, asian_nh-plurality, closer reach",0.1279217364995969,0.4253335804754279,782.241418695035,2600.914844607242
36081071305,5777,114158.0,33.7,53.12445906179678,1.5579020252726328,15.146269690150596,28.09416652241648,87.0,35.0,-52.0,3,"higher-income, white_nh-plurality, closer reach",0.13397168281703667,0.4454493590701697,773.9544116340209,2573.3609473483702
36081071306,7012,75560.0,39.9,34.0844266970907,14.97432972047918,21.962350256702795,19.951511694238448,88.0,36.0,-52.0,0,"higher-income, asian_nh-plurality, closer reach",0.13091176535257834,0.4352752816480621,917.9532986522793,3052.1502749162114
36081071701,4786,57300.0,40.8,56.68616798997075,2.632678646050982,24.467195988299206,12.87087338069369,86.0,33.0,-53.0,0,"higher-income, asian_nh-plurality, closer reach",0.13710312246182826,0.4665164957684037,656.17554410231,2232.7479487475803
36081071702,4300,99527.0,44.7,35.41860465116279,5.767441860465116,44.395348837209305,9.627906976744185,89.0,36.0,-53.0,0,"higher-income, asian_nh-plurality, closer reach",0.1279217364995969,0.4352752816480621,550.0634669482666,1871.683711086667
36081071900,3444,58606.0,40.3,38.879210220673635,0.7839721254355401,29.558652729384438,28.86178861788618,94.0,37.0,-57.0,0,"higher-income, asian_nh-plurality, closer reach",0.1139653110697771,0.4253335804754279,392.49653132431234,1464.8488511573737
36081072100,5358,100167.0,40.8,40.910787607316166,0.8212019410227697,40.96677864874953,12.486002239641657,91.0,39.0,-52.0,0,"higher-income, asian_nh-plurality, closer reach",0.12214499605428075,0.4061261981781178,654.4528888588362,2176.024169838355
36081072300,2338,221534.0,46.9,50.29940119760479,5.945252352437981,24.636441402908467,11.719418306244654,88.0,37.0,-51.0,3,"higher-income, white_nh-plurality, closer reach",0.13091176535257834,0.4253335804754279,306.07170739432814,994.4299111515504
36081072900,1298,124250.0,48.9,47.14946070878274,0.0,41.294298921417564,7.395993836671803,95.0,43.0,-52.0,0,"higher-income, asian_nh-plurality, closer reach",0.11136233976754245,0.3702743880716411,144.5483170182701,480.61615571699014
36081073100,1832,166481.0,43.8,59.1703056768559,0.0,24.290393013100438,10.152838427947598,95.0,45.0,-50.0,3,"higher-income, white_nh-plurality, closer reach",0.11136233976754245,0.3535533905932738,204.01580645413776,647.7098115668775
36081073700,1952,124545.0,46.5,57.6844262295082,1.5368852459016393,26.331967213114755,9.426229508196721,86.0,34.0,-52.0,3,"higher-income, white_nh-plurality, closer reach",0.13710312246182826,0.45586124427910846,267.62529504548877,889.8411488328197
36081073900,5288,113609.0,47.2,51.85325264750378,0.7186081694402421,24.394856278366113,9.701210287443267,84.0,32.0,-52.0,0,"higher-income, asian_nh-plurality, closer reach",0.14358729437462942,0.4774208019552083,759.2896126530403,2524.6012007391414
36081074100,3098,92857.0,51.2,39.89670755326017,5.229180116204002,25.0161394448031,25.048418334409295,88.0,36.0,-52.0,0,"higher-income, asian_nh-plurality, closer reach",0.13091176535257834,0.4352752816480621,405.5646490622877,1348.4828225456965
36081074300,3762,72344.0,43.8,52.12652844231791,1.3290802764486975,32.50930356193514,10.180754917597023,92.0,38.0,-54.0,0,"higher-income, asian_nh-plurality, closer reach",0.1193552004888021,0.4156189480713939,449.0142642388735,1563.5584826445838
36081074500,4076,65885.0,47.4,32.45829244357213,11.261040235525025,23.79784102060844,23.18449460255152,93.0,33.0,-60.0,0,"higher-income, asian_nh-plurality, closer reach",0.11662912394210094,0.4665164957684037,475.3803091880034,1901.5212367520135
36081074700,3425,88924.0,51.0,18.861313868613138,2.4817518248175183,44.846715328467155,29.021897810218977,95.0,42.0,-53.0,0,"higher-income, asian_nh-plurality, closer reach",0.11136233976754245,0.37892914162759955,381.4160137038329,1297.8323100745286
36081074900,1516,227054.0,44.8,48.482849604221634,1.121372031662269,36.80738786279684,6.596306068601583,94.0,42.0,-52.0,3,"higher-income, white_nh-plurality, closer reach",0.1139653110697771,0.37892914162759955,172.77141158178208,574.4565787074409
36081075701,4819,111042.0,46.1,40.879850591409,5.333056650757419,28.947914505084043,14.131562564847478,86.0,34.0,-52.0,0,"higher-income, asian_nh-plurality, closer reach",0.13710312246182826,0.45586124427910846,660.6999471435504,2196.7953361810237
36081075702,5447,124360.0,46.5,51.753258674499726,3.1026252983293556,29.355608591885442,12.392142463741509,87.0,35.0,-52.0,0,"higher-income, asian_nh-plurality, closer reach",0.13397168281703667,0.4454493590701697,729.7437563043987,2426.3626588552142
36081076901,5151,100710.0,47.0,50.32032615026208,2.7955736750145603,18.48184818481848,22.655794991263832,85.0,33.0,-52.0,0,"higher-income, asian_nh-plurality, closer reach",0.14030775603867163,0.4665164957684037,722.7252513551975,2403.0264697030475
36081076902,1588,133438.0,32.0,23.173803526448363,0.6297229219143576,28.022670025188916,16.120906801007557,87.0,35.0,-52.0,0,"higher-income, asian_nh-plurality, closer reach",0.13397168281703667,0.4454493590701697,212.74703231345424,707.3735822034295
36081077300,2246,105326.0,42.8,51.959038290293854,3.3392698130008904,21.95013357079252,19.54585930543188,91.0,39.0,-52.0,3,"higher-income, white_nh-plurality, closer reach",0.12214499605428075,0.4061261981781178,274.33766113791455,912.1594411080525
36081077500,2031,81058.0,47.6,56.179222058099455,1.674052191038897,17.183653372722798,20.630231413096997,94.0,41.0,-53.0,0,"higher-income, asian_nh-plurality, closer reach",0.1139653110697771,0.38778619045843365,231.4635467827173,787.5937528210787
36081077902,5863,106588.0,34.8,67.50810165444312,1.3986013986013985,11.103530615725738,12.689749275115128,100.0,41.0,-59.0,3,"higher-income, white_nh-plurality, closer reach",0.09921256574801247,0.38778619045843365,581.6832729805972,2273.5904346577963
36081077903,3445,90781.0,41.7,41.68359941944848,1.9448476052249637,32.075471698113205,19.5355587808418,97.0,43.0,-54.0,0,"higher-income, asian_nh-plurality, closer reach",0.10633339511885696,0.3702743880716411,366.31854618446226,1275.5952669068035
36081077904,5426,108542.0,37.1,44.52635458901585,0.9583486914854404,20.715075562108368,18.57722078879469,101.0,46.0,-55.0,3,"higher-income, white_nh-plurality, closer reach",0.09694654761460844,0.34547821999194406,526.0319673568654,1874.5648216762884
36081077905,3045,87375.0,41.0,28.76847290640394,20.098522167487683,28.374384236453203,19.441707717569788,100.0,45.0,-55.0,0,"higher-income, asian_nh-plurality, closer reach",0.09921256574801247,0.3535533905932738,302.102262702698,1076.5700743565187
36081077906,3584,85590.0,34.8,52.650669642857146,5.580357142857143,26.7578125,9.988839285714286,97.0,40.0,-57.0,3,"higher-income, white_nh-plurality, closer reach",0.10633339511885696,0.3968502629920499,381.09888810598335,1422.3113425635067
36081077907,3437,69718.0,30.5,54.40791387838231,10.445155659004946,6.808263020075647,24.207157404713413,100.0,38.0,-62.0,3,"higher-income, white_nh-plurality, closer reach",0.09921256574801247,0.4156189480713939,340.9935884759189,1428.4823245213809
36081077908,3382,74705.0,30.2,21.02306327616795,30.15966883500887,13.276167947959786,30.13010053222945,102.0,43.0,-59.0,2,"lower-income, hispanic/latino-plurality, farther reach",0.09473228540689989,0.3702743880716411,320.3845892461354,1252.2679804582901
36081078800,2082,98468.0,36.7,0.0,53.2180595581172,3.602305475504323,11.959654178674352,103.0,64.0,-39.0,1,"lower-income, black_nh-plurality, farther reach",0.09256859701791026,0.22793062213955423,192.72781899128915,474.5515552945519
36081079000,2653,74135.0,38.9,1.2815680361854505,56.012061816811155,5.352431209950999,9.272521673577083,100.0,59.0,-41.0,1,"lower-income, black_nh-plurality, farther reach",0.09921256574801247,0.2558434729991938,263.2109369294771,678.7527338668611
36081079200,2869,73676.0,37.1,0.0,55.4897176716626,7.145346810735448,17.950505402579296,103.0,61.0,-42.0,1,"lower-income, black_nh-plurality, farther reach",0.09256859701791026,0.2442899921085615,265.5793048443845,700.867987359463
36081079701,6306,55800.0,51.4,3.694893751982239,2.7751347922613383,85.01427212178878,4.678084364097685,96.0,25.0,-71.0,0,"higher-income, asian_nh-plurality, closer reach",0.10881882041201553,0.5612310241546865,686.2114815181699,3539.122838319453
36081079702,3313,40786.0,47.2,2.0223362511319047,0.724418955629339,89.76758225173559,3.56172653184425,97.0,26.0,-71.0,0,"higher-income, asian_nh-plurality, closer reach",0.10633339511885696,0.5484124898473131,352.2825380287731,1816.8905788641482
36081079900,3003,53981.0,40.5,7.958707958707959,0.06660006660006661,75.95737595737596,11.754911754911754,96.0,27.0,-69.0,0,"higher-income, asian_nh-plurality, closer reach",0.10881882041201553,0.5358867312681466,326.78291769728264,1609.2678539982442
36081080301,4216,67600.0,34.9,7.518975332068311,1.4943074003795067,66.86432637571157,22.6280834914611,101.0,30.0,-71.0,0,"higher-income, asian_nh-plurality, closer reach",0.09694654761460844,0.5,408.7266447431892,2108.0
36081080302,3657,92887.0,48.2,32.622368061252395,0.08203445447087777,57.64287667487011,9.543341536778781,99.0,31.0,-68.0,0,"higher-income, asian_nh-plurality, closer reach",0.10153154954452946,0.488579984217123,371.30087668434425,1786.737002282019
36081080900,7291,61345.0,35.6,40.37854889589905,4.663283500205733,31.340008229323825,18.145659031682897,99.0,34.0,-65.0,0,"higher-income, asian_nh-plurality, closer reach",0.10153154954452946,0.45586124427910846,740.2665277291643,3323.68433203898
36081081400,4545,141705.0,39.1,3.8943894389438944,31.44114411441144,24.84048404840484,22.156215621562158,105.0,66.0,-39.0,0,"higher-income, asian_nh-plurality, closer reach",0.08838834764831845,0.21763764082403103,401.72504006160733,989.1630775452211
36081081800,3788,127697.0,32.8,2.481520591341077,31.335797254487858,33.73812038014783,15.364308342133052,108.0,66.0,-42.0,0,"higher-income, asian_nh-plurality, closer reach",0.0824692444233059,0.21763764082403103,312.39349787548275,824.4113834414295
36081083700,4770,63732.0,46.8,15.031446540880504,0.649895178197065,75.9958071278826,7.169811320754717,102.0,33.0,-69.0,0,"higher-income, asian_nh-plurality, closer reach",0.09473228540689989,0.4665164957684037,451.87300139091246,2225.2836848152856
36081083800,5524,96551.0,40.2,7.657494569152788,16.74511223750905,30.412744388124548,20.56480811006517,111.0,66.0,-45.0,0,"higher-income, asian_nh-plurality, closer reach",0.07694652583405728,0.21763764082403103,425.0526087073324,1202.2303279119474
36081084000,6927,99424.0,46.9,9.628988017900967,12.602858380251192,37.823011404648476,23.848707954381407,107.0,63.0,-44.0,0,"higher-income, asian_nh-plurality, closer reach",0.08439687163551189,0.23325824788420185,584.6171298191908,1615.7798830938661
36081084500,4713,29589.0,54.0,6.450244005941014,7.977933375769149,53.447910036070446,29.95968597496287,99.0,29.0,-70.0,0,"higher-income, asian_nh-plurality, closer reach",0.10153154954452946,0.5116869459983875,478.51819300336734,2411.5805764904003
36081084601,2711,104659.0,45.7,10.992253780892659,6.787163408336407,34.48911840649207,33.308742161564,109.0,69.0,-40.0,0,"higher-income, asian_nh-plurality, closer reach",0.0805856442774737,0.2030630990890589,218.4676816362312,550.5040616304386
36081084602,1378,83000.0,29.2,5.587808417997097,17.271407837445572,25.108853410740203,50.653120464441216,115.0,74.0,-41.0,2,"lower-income, hispanic/latino-plurality, farther reach",0.07015387801933584,0.1809086546800473,96.67204391064479,249.29212614910517
36081084901,3037,67219.0,44.8,1.317089232795522,0.0,87.0266710569641,9.417188014487982,95.0,20.0,-75.0,0,"higher-income, asian_nh-plurality, closer reach",0.11136233976754245,0.6299605249474366,338.2074258740264,1913.1901142653649
36081084902,3807,45658.0,48.3,2.7843446283162594,2.6530076175466246,81.58655109009719,12.976096664039927,90.0,19.0,-71.0,0,"higher-income, asian_nh-plurality, closer reach",0.12500000000000003,0.6446851542197896,475.8750000000001,2454.3163821147386
36081085300,4969,33756.0,53.4,4.729321795129805,1.7106057556852485,76.11189374119542,16.18031797142282,89.0,18.0,-71.0,0,"higher-income, asian_nh-plurality, closer reach",0.1279217364995969,0.6597539553864472,635.643108666497,3278.317404315256
36081085500,6143,40199.0,46.3,7.406804492918769,2.3441315318248415,74.32850398827934,14.55314992674589,92.0,21.0,-71.0,0,"higher-income, asian_nh-plurality, closer reach",0.1193552004888021,0.6155722066724582,733.1989966027113,3781.4600655889103
36081085700,5502,57813.0,50.8,8.287895310796074,2.1992002908033443,64.61286804798254,18.86586695747001,94.0,23.0,-71.0,0,"higher-income, asian_nh-plurality, closer reach",0.1139653110697771,0.5877739531418044,627.0371415059136,3233.9322901862074
36081085900,5718,57706.0,50.5,9.12906610703043,0.1049317943336831,78.48898216159496,12.277019937040924,97.0,26.0,-71.0,0,"higher-income, asian_nh-plurality, closer reach",0.10633339511885696,0.5484124898473131,608.0143532896241,3135.8226169469363
36081086100,2071,43750.0,52.5,4.056011588604539,3.814582327378078,77.3056494447127,13.954611298889425,98.0,27.0,-71.0,0,"higher-income, asian_nh-plurality, closer reach",0.1039047370178485,0.5358867312681466,215.18671036396424,1109.8214204563315
36081086300,6859,56774.0,44.6,4.4758711182388105,3.9510132672401226,70.69543665257326,20.877678961947804,96.0,25.0,-71.0,0,"higher-income, asian_nh-plurality, closer reach",0.10881882041201553,0.5612310241546865,746.3882892060145,3849.483594676995
36081086400,2560,124141.0,43.6,16.015625,5.78125,22.3046875,47.0703125,109.0,65.0,-44.0,0,"higher-income, asian_nh-plurality, closer reach",0.0805856442774737,0.22272467953508487,206.29924935033267,570.1751796098173
36081086500,4480,62688.0,50.9,11.205357142857142,1.7410714285714286,74.21875,9.508928571428571,92.0,20.0,-72.0,0,"higher-income, asian_nh-plurality, closer reach",0.1193552004888021,0.6299605249474366,534.7112981898334,2822.223151764516
36081086900,1832,86165.0,43.5,7.314410480349345,1.3646288209606987,78.87554585152839,12.445414847161572,94.0,20.0,-74.0,0,"higher-income, asian_nh-plurality, closer reach",0.1139653110697771,0.6299605249474366,208.78444987983164,1154.0876817037038
36081087100,4889,47662.0,40.4,4.090816117815504,8.365718960932707,74.00286357128248,12.108815708733893,89.0,16.0,-73.0,0,"higher-income, asian_nh-plurality, closer reach",0.1279217364995969,0.690956439983888,625.4093697465293,3378.0860350812286
36081088400,9190,98921.0,49.1,67.80195865070729,6.430903155603917,1.8171926006528836,21.773667029379762,109.0,79.0,-30.0,3,"higher-income, white_nh-plurality, closer reach",0.0805856442774737,0.16117128855494742,740.5820709099833,1481.1641418199667
36081088902,6117,47661.0,47.9,14.631355239496486,3.547490599967304,58.70524767042668,21.15416053621056,99.0,25.0,-74.0,0,"higher-income, asian_nh-plurality, closer reach",0.10153154954452946,0.5612310241546865,621.0684885638867,3433.0501747542176
36081088903,4659,57807.0,54.1,13.39343206696716,1.1805108392358876,76.8190598840953,5.044000858553337,105.0,32.0,-73.0,0,"higher-income, asian_nh-plurality, closer reach",0.08838834764831845,0.4774208019552083,411.80131169351563,2224.3035163093155
36081089201,8936,165529.0,42.8,87.27618621307073,0.0,1.3540734109221129,8.504923903312443,111.0,75.0,-36.0,3,"higher-income, white_nh-plurality, closer reach",0.07694652583405728,0.17677669529663692,687.5941548531359,1579.6765491707474
36081090700,1545,107917.0,44.7,20.776699029126213,0.3883495145631068,56.44012944983819,21.035598705501616,102.0,30.0,-72.0,0,"higher-income, asian_nh-plurality, closer reach",0.09473228540689989,0.5,146.36138095366033,772.5
36081091900,5180,104375.0,47.7,19.362934362934364,5.598455598455598,41.02316602316602,33.66795366795367,106.0,33.0,-73.0,0,"higher-income, asian_nh-plurality, closer reach",0.086369554997986,0.4665164957684037,447.3942948895675,2416.555448080331
36081092500,3957,69250.0,39.3,15.516805660854182,0.22744503411675512,40.40940106141016,42.86075309577963,108.0,35.0,-73.0,0,"higher-income, asian_nh-plurality, closer reach",0.0824692444233059,0.4454493590701697,326.33080018302144,1762.6431138406615
36081093900,6366,94050.0,32.4,22.887213320766573,1.7750549795790136,34.54288407163054,40.2607602890355,115.0,44.0,-71.0,0,"higher-income, asian_nh-plurality, closer reach",0.07015387801933584,0.36181730936009454,446.599587471092,2303.328991386362
36081094500,4032,79700.0,50.2,45.114087301587304,0.0,29.935515873015873,23.834325396825395,118.0,48.0,-70.0,0,"higher-income, asian_nh-plurality, closer reach",0.0654558826762892,0.3298769776932236,263.91811895079803,1330.0639740590775
36081094700,2722,84125.0,37.0,16.972814107274065,0.5143277002204262,28.6921381337252,53.82072005878031,105.0,34.0,-71.0,0,"higher-income, asian_nh-plurality, closer reach",0.08838834764831845,0.45586124427910846,240.5930822987228,1240.8543069277332
36081101700,7027,109963.0,46.5,48.62672548740572,0.05692329585883023,26.981642237085527,12.992742279778,117.0,53.0,-64.0,0,"higher-income, asian_nh-plurality, closer reach",0.06698584140851833,0.2938869765709022,470.7095075776583,2065.1437843637295
36081102900,3472,100161.0,49.5,55.87557603686636,1.1232718894009217,23.819124423963135,13.392857142857142,118.0,48.0,-70.0,0,"higher-income, asian_nh-plurality, closer reach",0.0654558826762892,0.3298769776932236,227.2628246520761,1145.3328665508723
36081103300,4561,101816.0,49.5,52.00613900460425,1.183950887963166,36.50515237886428,6.5775049331287,113.0,44.0,-69.0,0,"higher-income, asian_nh-plurality, closer reach",0.07347174414272556,0.36181730936009454,335.10462503497126,1650.2487479913912
36081103900,6670,74272.0,40.8,37.481259370314845,0.0,35.23238380809595,21.424287856071963,111.0,39.0,-72.0,0,"higher-income, asian_nh-plurality, closer reach",0.07694652583405728,0.4061261981781178,513.2333273131621,2708.8617418480458
36081104700,7118,77454.0,51.4,29.96628266366957,0.028097780275358246,53.18909806125316,16.78842371452655,104.0,35.0,-69.0,0,"higher-income, asian_nh-plurality, closer reach",0.09045432734002365,0.4454493590701697,643.8539020062883,3170.708537861468
36081105900,3664,99740.0,47.7,47.625545851528386,0.32751091703056767,37.172489082969435,7.368995633187773,106.0,41.0,-65.0,0,"higher-income, asian_nh-plurality, closer reach",0.086369554997986,0.38778619045843365,316.45804951262073,1420.848601839701
36081107201,2323,112949.0,49.9,79.33706414119673,1.8510546706844597,8.006887645286268,9.255273353422298,116.0,84.0,-32.0,3,"higher-income, white_nh-plurality, closer reach",0.06855156123091415,0.14358729437462942,159.24527673941355,333.5532848322641
36081108500,2766,67226.0,51.3,45.770065075921906,1.2292118582791034,34.30947216196674,16.23282718727404,112.0,42.0,-70.0,0,"higher-income, asian_nh-plurality, closer reach",0.07518906475513229,0.37892914162759955,207.9729531126959,1048.1180057419404
36081109900,3457,93456.0,40.3,46.456465143187735,0.17356089094590685,32.48481342204224,11.91784784495227,114.0,36.0,-78.0,0,"higher-income, asian_nh-plurality, closer reach",0.0717936471873147,0.4352752816480621,248.1906383265469,1504.7466486573508
36081112300,2498,100929.0,38.5,27.622097678142513,1.3610888710968776,43.43474779823859,23.45876701361089,118.0,34.0,-84.0,0,"higher-income, asian_nh-plurality, closer reach",0.0654558826762892,0.45586124427910846,163.5087949253704,1138.741388209213
36081113300,1410,118412.0,41.2,46.59574468085106,0.0,34.680851063829785,18.72340425531915,118.0,34.0,-84.0,0,"higher-income, asian_nh-plurality, closer reach",0.0654558826762892,0.45586124427910846,92.29279457356778,642.764354433543
36081113900,3885,87850.0,40.5,25.662805662805663,1.3127413127413128,44.993564993564995,21.518661518661517,113.0,29.0,-84.0,0,"higher-income, asian_nh-plurality, closer reach",0.07347174414272556,0.5116869459983875,285.4377259944888,1987.9037852037354
36081114100,2506,126429.0,48.8,53.03272146847566,0.0,34.517158818834794,11.452513966480447,107.0,36.0,-71.0,0,"higher-income, asian_nh-plurality, closer reach",0.08439687163551189,0.4352752816480621,211.4985603185928,1090.7998558100437
36081114700,1891,98188.0,47.9,41.67107350608144,0.0,44.209413008989955,8.143839238498149,106.0,33.0,-73.0,0,"higher-income, asian_nh-plurality, closer reach",0.086369554997986,0.4665164957684037,163.32482850119152,882.1826934980514
36081115100,946,121719.0,57.1,25.47568710359408,0.0,55.39112050739958,18.6046511627907,106.0,34.0,-72.0,0,"higher-income, asian_nh-plurality, closer reach",0.086369554997986,0.45586124427910846,81.70559902809475,431.2447370880366
36081115500,2079,89118.0,42.4,22.943722943722943,0.0,51.418951418951416,14.718614718614718,105.0,31.0,-74.0,0,"higher-income, asian_nh-plurality, closer reach",0.08838834764831845,0.488579984217123,183.75937476085406,1015.7577871873988
36081115700,3273,62255.0,42.6,19.492820042774213,4.1857622975863125,62.54201038802322,10.754659333944394,104.0,28.0,-76.0,0,"higher-income, asian_nh-plurality, closer reach",0.09045432734002365,0.5236470614103134,296.0570133838974,1713.8968319959556
36081115900,3850,63132.0,48.7,17.584415584415584,3.6363636363636362,53.94805194805195,8.883116883116884,101.0,29.0,-72.0,0,"higher-income, asian_nh-plurality, closer reach",0.09694654761460844,0.5116869459983875,373.2442083162425,1969.9947420937917
36081116100,3642,42750.0,46.9,8.292147171883581,4.228445908841296,68.5612300933553,17.819879187259748,97.0,23.0,-74.0,0,"higher-income, asian_nh-plurality, closer reach",0.10633339511885696,0.5877739531418044,387.26622502287705,2140.6727373424515
36081116301,4398,41154.0,47.7,11.209640745793543,4.843110504774898,66.64392905866303,14.506593906321054,99.0,25.0,-74.0,0,"higher-income, asian_nh-plurality, closer reach",0.10153154954452946,0.5612310241546865,446.53575489684056,2468.294044232311
36081116302,3561,61359.0,41.4,12.721145745577084,1.9657399606852008,64.75709070485819,20.55602358887953,98.0,25.0,-73.0,0,"higher-income, asian_nh-plurality, closer reach",0.1039047370178485,0.5612310241546865,370.0047685205585,1998.5436770148387
36081116700,1994,55216.0,40.6,3.8114343029087263,0.8525576730190572,69.40822467402207,23.82146439317954,104.0,24.0,-80.0,0,"higher-income, asian_nh-plurality, closer reach",0.09045432734002365,0.5743491774985175,180.36592871600715,1145.252259932044
36081117100,2499,76658.0,47.6,16.166466586634655,1.8407362945178072,71.34853941576631,10.644257703081232,107.0,28.0,-79.0,0,"higher-income, asian_nh-plurality, closer reach",0.08439687163551189,0.5236470614103134,210.90778221714422,1308.594006464373
36081117500,4559,87938.0,36.7,20.552752796665935,1.359947356876508,57.66615485852161,12.831761351173503,113.0,29.0,-84.0,0,"higher-income, asian_nh-plurality, closer reach",0.07347174414272556,0.5116869459983875,334.9576815466858,2332.7807868066484
36081118100,1924,98056.0,41.8,31.704781704781706,1.4553014553014554,47.60914760914761,15.956340956340956,114.0,30.0,-84.0,0,"higher-income, asian_nh-plurality, closer reach",0.0717936471873147,0.5,138.13097718839347,962.0
36081118500,1808,60536.0,41.2,8.573008849557523,0.0,51.10619469026549,38.88274336283186,108.0,28.0,-80.0,0,"higher-income, asian_nh-plurality, closer reach",0.0824692444233059,0.5236470614103134,149.10439391733706,946.7538870298465
36081118700,2513,67443.0,49.5,10.147234381217668,0.8356545961002786,67.56864305610824,16.434540389972145,105.0,26.0,-79.0,0,"higher-income, asian_nh-plurality, closer reach",0.08838834764831845,0.5484124898473131,222.11991764022426,1378.1605869862976
36081118900,1865,54135.0,42.7,11.689008042895443,0.0,77.53351206434316,9.544235924932975,100.0,29.0,-71.0,0,"higher-income, asian_nh-plurality, closer reach",0.09921256574801247,0.5116869459983875,185.03143512004326,954.2961542869926
36081119300,2399,50966.0,46.4,15.381408920383493,0.0,56.94039182992914,16.548561900791995,110.0,30.0,-80.0,0,"higher-income, asian_nh-plurality, closer reach",0.07874506561842959,0.5,188.9094124186126,1199.5
36081119500,1588,104706.0,40.9,25.692695214105793,0.12594458438287154,41.12090680100756,32.68261964735516,108.0,34.0,-74.0,0,"higher-income, asian_nh-plurality, closer reach",0.0824692444233059,0.45586124427910846,130.96116014420977,723.9076559152243
36081119900,1563,120625.0,45.6,23.86436340371081,0.3838771593090211,69.48176583493282,2.495201535508637,104.0,33.0,-71.0,0,"higher-income, asian_nh-plurality, closer reach",0.09045432734002365,0.4665164957684037,141.38011363245695,729.165282886015
36081120100,1585,84167.0,50.1,11.987381703470032,1.8927444794952681,71.73501577287067,12.555205047318612,102.0,32.0,-70.0,0,"higher-income, asian_nh-plurality, closer reach",0.09473228540689989,0.4774208019552083,150.15067236993633,756.7119710990052
36081120300,1503,58646.0,44.5,12.574850299401197,0.0,74.25149700598803,12.242182302062542,105.0,36.0,-69.0,0,"higher-income, asian_nh-plurality, closer reach",0.08838834764831845,0.4352752816480621,132.84768651542262,654.2187483170374
36081120500,2682,31250.0,50.0,3.9522744220730797,2.684563758389262,85.75689783743475,3.9895600298284863,100.0,31.0,-69.0,0,"higher-income, asian_nh-plurality, closer reach",0.09921256574801247,0.488579984217123,266.0881013361695,1310.371517670324
36081120701,2876,106705.0,51.2,28.164116828929068,0.9388038942976356,57.51043115438109,11.022253129346314,107.0,35.0,-72.0,0,"higher-income, asian_nh-plurality, closer reach",0.08439687163551189,0.4454493590701697,242.7254028237322,1281.112356685808
36081121500,4236,89858.0,42.1,16.595845136921625,2.5731822474032104,56.32672332389046,19.428706326723322,103.0,42.0,-61.0,0,"higher-income, asian_nh-plurality, closer reach",0.09256859701791026,0.37892914162759955,392.12057696786786,1605.1438439345118
36081122300,3355,94397.0,47.7,27.12369597615499,3.0402384500745154,65.06706408345752,4.73919523099851,106.0,45.0,-61.0,0,"higher-income, asian_nh-plurality, closer reach",0.086369554997986,0.3535533905932738,289.76985701824304,1186.1716254404334
36081122702,6665,26694.0,37.9,19.504876219054765,29.032258064516128,15.783945986496624,32.2880720180045,98.0,42.0,-56.0,2,"lower-income, hispanic/latino-plurality, farther reach",0.1039047370178485,0.37892914162759955,692.5250722239603,2525.562728947951
36081122703,7452,71465.0,41.8,18.867418142780462,11.245303274288782,15.177133655394526,50.55018786902845,103.0,43.0,-60.0,0,"higher-income, asian_nh-plurality, closer reach",0.09256859701791026,0.3702743880716411,689.8211849774673,2759.2847399098696
36081122704,4719,84904.0,44.2,23.712650985378257,9.747827929646112,25.005297732570458,37.93176520449248,102.0,44.0,-58.0,0,"higher-income, asian_nh-plurality, closer reach",0.09473228540689989,0.36181730936009454,447.04165483516056,1707.4158828702862
36081124100,3872,93417.0,49.7,23.450413223140497,6.818181818181818,45.14462809917355,21.048553719008265,103.0,48.0,-55.0,0,"higher-income, asian_nh-plurality, closer reach",0.09256859701791026,0.3298769776932236,358.42560765334855,1277.2836576281618
36081124700,3676,120685.0,40.5,45.37540805223068,0.13601741022850924,53.291621327529924,0.2992383025027203,107.0,53.0,-54.0,0,"higher-income, asian_nh-plurality, closer reach",0.08439687163551189,0.2938869765709022,310.2429001321417,1080.3285258746364
36081125700,2977,82031.0,48.7,14.444071212630165,10.513940208263353,33.79240846489755,30.702049042660395,102.0,49.0,-53.0,0,"higher-income, asian_nh-plurality, closer reach",0.09473228540689989,0.32234257710989483,282.01801365634094,959.6138520561569
36081126500,1928,138424.0,35.0,21.57676348547718,7.780082987551867,37.75933609958506,22.199170124481327,98.0,47.0,-51.0,0,"higher-income, asian_nh-plurality, closer reach",0.1039047370178485,0.3375874865420475,200.3283329704119,650.8686740530676
36081126700,4457,117743.0,20.5,39.10702266098272,14.067758582005833,19.654476105003365,21.40453219654476,103.0,53.0,-50.0,3,"higher-income, white_nh-plurality, closer reach",0.09256859701791026,0.2938869765709022,412.578236908826,1309.854254576511
36081127700,2973,121577.0,53.8,66.22939791456442,6.189034645139589,15.237134207870838,2.9263370332996974,109.0,56.0,-53.0,3,"higher-income, white_nh-plurality, closer reach",0.0805856442774737,0.2742062449236565,239.5811204369293,815.2151661580307
36081129102,3654,144154.0,45.1,56.89655172413793,2.4904214559386975,28.07881773399015,7.690202517788725,110.0,65.0,-45.0,3,"higher-income, white_nh-plurality, closer reach",0.07874506561842959,0.22272467953508487,287.73446976974174,813.8359790212002
36081129103,4323,76705.0,47.0,55.56326625028915,1.9893592412676382,20.865139949109416,19.407818644459866,113.0,61.0,-52.0,0,"higher-income, asian_nh-plurality, closer reach",0.07347174414272556,0.2442899921085615,317.6183499290026,1056.0656358853114
36081129104,4397,109891.0,42.5,40.09551967250398,1.296338412554014,31.908119172162838,21.605640209233567,105.0,53.0,-52.0,0,"higher-income, asian_nh-plurality, closer reach",0.08838834764831845,0.2938869765709022,388.6435646096562,1292.2210359822568
36081130100,4111,91389.0,55.5,16.808562393578203,20.53028460228655,32.42520068109949,21.770858671855997,105.0,63.0,-42.0,0,"higher-income, asian_nh-plurality, closer reach",0.08838834764831845,0.23325824788420185,363.36449718223713,958.9246570519538
36081133300,3701,134083.0,40.7,40.772764117806,1.5671440151310456,43.39367738449068,10.942988381518509,111.0,51.0,-60.0,0,"higher-income, asian_nh-plurality, closer reach",0.07694652583405728,0.3077861033362291,284.779092111846,1139.1163684473838
36081133900,1376,141563.0,44.0,52.252906976744185,0.436046511627907,36.04651162790697,3.7063953488372094,106.0,55.0,-51.0,0,"higher-income, asian_nh-plurality, closer reach",0.086369554997986,0.2806155120773433,118.84450767722873,386.1269446184244
36081134100,2709,64324.0,54.4,25.58139534883721,4.983388704318937,62.64304171280916,5.943152454780361,107.0,48.0,-59.0,0,"higher-income, asian_nh-plurality, closer reach",0.08439687163551189,0.3298769776932236,228.63112526060172,893.6367325709427
36081134701,4840,89671.0,39.2,17.210743801652892,12.913223140495868,43.82231404958678,22.582644628099175,107.0,47.0,-60.0,0,"higher-income, asian_nh-plurality, closer reach",0.08439687163551189,0.3375874865420475,408.48085871587756,1633.92343486351
36081134702,4834,86058.0,38.5,11.108812577575506,23.913942904426975,56.99213901530823,4.695904013239553,114.0,54.0,-60.0,0,"higher-income, asian_nh-plurality, closer reach",0.0717936471873147,0.2871745887492588,347.05049050347924,1388.201962013917
36081136700,6523,95803.0,49.1,17.032040472175378,5.810210026061628,67.22367009044918,8.201747662118658,109.0,54.0,-55.0,0,"higher-income, asian_nh-plurality, closer reach",0.0805856442774737,0.2871745887492588,525.6601576219609,1873.2398424114149
36081137700,6652,109481.0,50.2,26.26277811184606,1.4431749849669273,52.72098616957306,17.092603728202043,110.0,57.0,-53.0,0,"higher-income, asian_nh-plurality, closer reach",0.07874506561842959,0.2679433656340733,523.8121764937936,1782.3592681978555
36081138501,4297,96563.0,38.7,24.202932278333723,0.0,53.85152431929253,16.38352338841052,111.0,49.0,-62.0,0,"higher-income, asian_nh-plurality, closer reach",0.07694652583405728,0.32234257710989483,330.63922150894416,1385.106053841218
36081139900,1546,159300.0,48.5,15.653298835705046,0.0,64.16558861578267,18.30530401034929,109.0,46.0,-63.0,0,"higher-income, asian_nh-plurality, closer reach",0.0805856442774737,0.34547821999194406,124.58540605297434,534.1093281075455
36081140300,2341,79375.0,52.1,24.903887227680478,0.17086715079026057,69.28662964545066,4.100811618966254,111.0,48.0,-63.0,0,"higher-income, asian_nh-plurality, closer reach",0.07694652583405728,0.3298769776932236,180.1318169775281,772.2420047798364
36081140901,1034,125038.0,46.0,18.27852998065764,2.0309477756286265,43.23017408123791,35.5899419729207,111.0,50.0,-61.0,0,"higher-income, asian_nh-plurality, closer reach",0.07694652583405728,0.3149802624737183,79.56270771241523,325.6895913978247
36081140902,2373,107321.0,46.3,24.06236831015592,0.1685630004214075,68.05731142014328,7.248209018120523,112.0,47.0,-65.0,0,"higher-income, asian_nh-plurality, closer reach",0.07518906475513229,0.3375874865420475,178.42365066392892,801.0951055642787
36081141700,4486,71500.0,46.5,20.59741417744093,2.652697280427998,58.6937137761926,13.776192599197504,110.0,47.0,-63.0,0,"higher-income, asian_nh-plurality, closer reach",0.07874506561842959,0.3375874865420475,353.25036436427513,1514.4174646276251
36081142900,4034,95227.0,43.3,31.507188894397622,0.0,53.247397124442244,12.097174020823005,112.0,41.0,-71.0,0,"higher-income, asian_nh-plurality, closer reach",0.07518906475513229,0.38778619045843365,303.31268722220364,1564.3294923093213
36081143500,2267,113974.0,39.8,24.481693868548742,0.9263343625937362,57.2562858403176,5.690339655932951,111.0,42.0,-69.0,0,"higher-income, asian_nh-plurality, closer reach",0.07694652583405728,0.37892914162759955,174.43777406580787,859.0323640697682
36081144100,2700,118001.0,48.0,34.851851851851855,0.0,55.592592592592595,8.148148148148149,107.0,42.0,-65.0,0,"higher-income, asian_nh-plurality, closer reach",0.08439687163551189,0.37892914162759955,227.87155341588212,1023.1086823945188
36081144700,3589,97917.0,38.0,7.773753134577877,18.528838116466982,56.61744218445249,14.655893006408471,112.0,40.0,-72.0,0,"higher-income, asian_nh-plurality, closer reach",0.07518906475513229,0.3968502629920499,269.8535534061698,1424.2955938784671
36081145101,1142,78125.0,48.8,35.90192644483363,0.0,59.80735551663748,2.189141856392294,113.0,38.0,-75.0,0,"higher-income, asian_nh-plurality, closer reach",0.07347174414272556,0.4156189480713939,83.90473181099259,474.6368386975318
36081145102,2578,93750.0,47.4,28.238944918541506,0.3491078355314197,48.40961986035686,19.43366951124903,110.0,40.0,-70.0,0,"higher-income, asian_nh-plurality, closer reach",0.07874506561842959,0.3968502629920499,203.0047791643115,1023.0799779935046
36081145900,2630,119017.0,48.7,31.520912547528518,0.0,39.42965779467681,23.76425855513308,108.0,36.0,-72.0,0,"higher-income, asian_nh-plurality, closer reach",0.0824692444233059,0.4352752816480621,216.8941128332945,1144.7739907344035
36081146300,2979,88620.0,42.4,38.7378314870762,4.531722054380665,30.815709969788518,19.133937562940584,118.0,37.0,-81.0,0,"higher-income, asian_nh-plurality, closer reach",0.0654558826762892,0.4253335804754279,194.99307449266553,1267.0687362362996
36081146700,2866,112500.0,44.2,50.66294487090021,3.5938590369853456,31.228192602930914,11.409630146545709,117.0,33.0,-84.0,0,"higher-income, asian_nh-plurality, closer reach",0.06698584140851833,0.4665164957684037,191.98142147681355,1337.036276872245
36081147100,3340,94773.0,43.1,54.61077844311377,3.9221556886227544,38.02395209580838,2.4550898203592815,115.0,38.0,-77.0,0,"higher-income, asian_nh-plurality, closer reach",0.07015387801933584,0.4156189480713939,234.3139525845817,1388.1672865584555
36081155104,3261,90192.0,51.2,31.43207605029132,9.874271695798834,45.59950935295922,9.78227537565164,117.0,80.0,-37.0,0,"higher-income, asian_nh-plurality, closer reach",0.06698584140851833,0.15749013123685918,218.4408288331783,513.5753179633978
36081156700,1799,60625.0,54.1,15.842134519177321,22.679266259032797,41.63424124513619,16.731517509727627,111.0,71.0,-40.0,0,"higher-income, asian_nh-plurality, closer reach",0.07694652583405728,0.19389309522921686,138.42679997546907,348.8136783173611
36081157101,8186,90857.0,51.2,19.203518201807963,2.7852430979721476,57.80601026142194,15.746396286342536,115.0,77.0,-38.0,0,"higher-income, asian_nh-plurality, closer reach",0.07015387801933584,0.16879374327102378,574.2796454662832,1381.7455824166007
36081157102,2005,114844.0,47.0,11.820448877805486,1.5960099750623442,55.86034912718205,23.291770573566083,112.0,72.0,-40.0,0,"higher-income, asian_nh-plurality, closer reach",0.07518906475513229,0.1894645708137998,150.75407483404024,379.8764644816686
36081157902,4054,109875.0,46.4,16.699555994079923,0.3206709422792304,68.27824370991613,9.398125308337445,119.0,82.0,-37.0,0,"higher-income, asian_nh-plurality, closer reach",0.06396086824979845,0.15037812951026458,259.2973598846829,609.6329370346126
36081157903,3746,121000.0,41.4,24.34596903363588,2.7495995728777363,60.891617725573944,8.889482114255205,106.0,74.0,-32.0,0,"higher-income, asian_nh-plurality, closer reach",0.086369554997986,0.1809086546800473,323.5403530224556,677.6838204314572
36081161700,4786,115125.0,46.7,31.007104053489343,9.841203510238195,30.881738403677392,20.4346009193481,106.0,69.0,-37.0,0,"higher-income, asian_nh-plurality, closer reach",0.086369554997986,0.2030630990890589,413.364690220361,971.8599922402359
36081162100,6446,131094.0,37.5,13.124418243872169,7.679180887372014,62.1160409556314,12.410797393732548,107.0,67.0,-40.0,0,"higher-income, asian_nh-plurality, closer reach",0.08439687163551189,0.21266679023771395,544.0222345625097,1370.8501298723043
36085000800,4908,102717.0,46.6,53.9119804400978,0.8557457212713936,21.454767726161368,22.45313773431133,98.0,87.0,-11.0,3,"higher-income, white_nh-plurality, closer reach",0.1039047370178485,0.13397168281703667,509.9644492836004,657.533019266016
36085002001,2736,81932.0,55.3,65.6798245614035,3.0701754385964914,14.25438596491228,11.147660818713451,95.0,86.0,-9.0,3,"higher-income, white_nh-plurality, closer reach",0.11136233976754245,0.13710312246182826,304.6873616039961,375.1141430555621
36085002002,3028,83581.0,47.6,66.08322324966974,7.49669749009247,14.266842800528401,11.889035667107,92.0,83.0,-9.0,3,"higher-income, white_nh-plurality, closer reach",0.1193552004888021,0.14694348828545112,361.4075470800928,444.944882528346
36085003600,2706,86695.0,35.6,30.41389504804139,0.29563932002956395,31.374722838137473,28.233555062823356,98.0,89.0,-9.0,0,"higher-income, asian_nh-plurality, closer reach",0.1039047370178485,0.1279217364995969,281.16621837029805,346.1562189679092
36085004001,2733,61118.0,56.2,38.968166849615805,33.40651298938895,15.660446395901939,6.732528357116721,107.0,87.0,-20.0,0,"higher-income, asian_nh-plurality, closer reach",0.08439687163551189,0.13397168281703667,230.656650179854,366.14460913896124
36085004003,3507,23021.0,30.4,0.0,68.43455945252353,0.0,29.51240376390077,109.0,90.0,-19.0,1,"lower-income, black_nh-plurality, farther reach",0.0805856442774737,0.12500000000000003,282.61385448110025,438.3750000000001
36085004004,3664,112609.0,37.4,8.706331877729257,22.025109170305676,31.004366812227076,38.0731441048035,100.0,84.0,-16.0,0,"higher-income, asian_nh-plurality, closer reach",0.09921256574801247,0.14358729437462942,363.51484090071773,526.1038465886422
36085005000,4683,79539.0,38.7,51.50544522741832,3.3098441170190047,24.94127695921418,20.243433696348493,102.0,89.0,-13.0,3,"higher-income, white_nh-plurality, closer reach",0.09473228540689989,0.1279217364995969,443.6312925605122,599.0574920276123
36085006400,3431,62188.0,45.8,57.76741474788691,5.450306033226465,23.987175750510055,12.416205187991839,95.0,88.0,-7.0,3,"higher-income, white_nh-plurality, closer reach",0.11136233976754245,0.13091176535257834,382.08418774243813,449.1582669246963
36085018701,1951,102109.0,35.7,61.250640697078424,3.177857508969759,17.939518195797028,11.788826242952332,111.0,90.0,-21.0,3,"higher-income, white_nh-plurality, closer reach",0.07694652583405728,0.12500000000000003,150.12267190224577,243.87500000000006
36085029104,6799,109896.0,48.4,59.126342109133695,5.5155169877923225,18.72334166789234,15.972937196646566,101.0,90.0,-11.0,3,"higher-income, white_nh-plurality, closer reach",0.09694654761460844,0.12500000000000003,659.1395772317228,849.8750000000002
36085030301,5749,109225.0,40.8,42.5987128196208,1.7046442859627762,24.160723604105062,29.36162810923639,101.0,90.0,-11.0,3,"higher-income, white_nh-plurality, closer reach",0.09694654761460844,0.12500000000000003,557.3457022363839,718.6250000000001
34003004001,3842,117292.0,39.0,29.80218636127017,11.087975013014056,7.287870900572618,51.45757418011453,97.0,85.0,-12.0,2,"lower-income, hispanic/latino-plurality, farther reach",0.10633339511885696,0.14030775603867163,408.53290404664847,539.0623987005764
34003005000,6343,94854.0,44.0,68.21693205107994,0.0,8.702506700299542,19.832886646697148,89.0,75.0,-14.0,3,"higher-income, white_nh-plurality, closer reach",0.1279217364995969,0.17677669529663692,811.4075746169432,1121.294578266568
34003006301,4474,54856.0,35.5,32.90120697362539,0.6481895395619133,7.174787662047385,53.66562360303978,95.0,89.0,-6.0,2,"lower-income, hispanic/latino-plurality, farther reach",0.11136233976754245,0.1279217364995969,498.23510811998494,572.3218490991966
34003006302,4227,90104.0,41.9,44.80719186184055,3.666903241069316,12.301868937780933,34.87106695055595,90.0,86.0,-4.0,3,"higher-income, white_nh-plurality, closer reach",0.12500000000000003,0.13710312246182826,528.3750000000001,579.5348986461481
34003012001,6426,81445.0,36.7,46.560846560846564,6.2558356676003735,12.620603797074386,32.29069405539994,100.0,79.0,-21.0,3,"higher-income, white_nh-plurality, closer reach",0.09921256574801247,0.16117128855494742,637.5399474967281,1035.686700254092
34003012002,3728,96373.0,36.0,51.60944206008584,0.08047210300429185,33.717811158798284,13.572961373390559,89.0,87.0,-2.0,3,"higher-income, white_nh-plurality, closer reach",0.1279217364995969,0.13397168281703667,476.89223367049726,499.4464335419127
34003013002,6572,122518.0,42.6,38.72489348752283,5.493000608642727,26.43031040779063,22.35240413877054,104.0,90.0,-14.0,3,"higher-income, white_nh-plurality, closer reach",0.09045432734002365,0.12500000000000003,594.4658392786354,821.5000000000002
34003013003,3907,164063.0,39.0,36.67775787048887,0.0,59.534169439467625,2.098797030970054,97.0,83.0,-14.0,0,"higher-income, asian_nh-plurality, closer reach",0.10633339511885696,0.14694348828545112,415.44457472937415,574.1082087312575
34003013004,4065,124706.0,38.8,37.76137761377614,3.5424354243542435,50.72570725707257,6.150061500615006,95.0,85.0,-10.0,0,"higher-income, asian_nh-plurality, closer reach",0.11136233976754245,0.14030775603867163,452.6879111550601,570.3510282972002
34003018101,4813,50750.0,40.1,23.60274257220029,0.5402036152088094,4.591730729274881,70.08103054228133,94.0,86.0,-8.0,2,"lower-income, hispanic/latino-plurality, farther reach",0.1139653110697771,0.13710312246182826,548.5150421788372,659.8773284087795
34003019104,4327,113446.0,46.9,28.37993991217934,1.548416917032586,52.64617517910793,15.253062167783684,108.0,86.0,-22.0,0,"higher-income, asian_nh-plurality, closer reach",0.0824692444233059,0.13710312246182826,356.8444206196446,593.2452108923309
34003019202,3574,137446.0,36.0,28.875209848908785,1.3430330162283157,53.24566312255176,11.10800223838836,106.0,85.0,-21.0,0,"higher-income, asian_nh-plurality, closer reach",0.086369554997986,0.14030775603867163,308.68478956280194,501.4599200822124
34003019203,3330,107739.0,51.7,46.066066066066064,0.7807807807807807,33.48348348348348,16.096096096096097,108.0,88.0,-20.0,0,"higher-income, asian_nh-plurality, closer reach",0.0824692444233059,0.13091176535257834,274.62258392960865,435.93617862408587
34003023304,2419,115341.0,59.7,46.79619677552708,24.72095907399752,10.706903679206283,10.665564282761471,105.0,89.0,-16.0,0,"higher-income, asian_nh-plurality, closer reach",0.08838834764831845,0.1279217364995969,213.81141296128231,309.4426805925249
34003023401,3937,82273.0,41.5,27.152654305308612,22.148844297688594,18.11023622047244,24.942849885699772,102.0,87.0,-15.0,0,"higher-income, asian_nh-plurality, closer reach",0.09473228540689989,0.13397168281703667,372.96100764696484,527.4465152506733
34003023402,6019,62046.0,44.1,23.010466854959297,17.245389599601264,25.88469845489284,29.141053331118126,88.0,83.0,-5.0,0,"higher-income, asian_nh-plurality, closer reach",0.13091176535257834,0.14694348828545112,787.957915657169,884.4528559901303
34003023502,4503,79881.0,44.8,27.204086164779035,14.923384410393071,17.3217854763491,37.26404619142794,94.0,89.0,-5.0,2,"lower-income, hispanic/latino-plurality, farther reach",0.1139653110697771,0.1279217364995969,513.1857957472063,576.0315794576849
34003023601,3672,85518.0,38.5,26.38888888888889,11.356209150326798,6.699346405228758,52.805010893246184,102.0,77.0,-25.0,2,"lower-income, hispanic/latino-plurality, farther reach",0.09473228540689989,0.16879374327102378,347.85695201413637,619.8106252911994
34003023602,4146,58799.0,36.7,8.128316449589967,11.722141823444284,2.363724071394115,76.45923781958514,93.0,83.0,-10.0,2,"lower-income, hispanic/latino-plurality, farther reach",0.11662912394210094,0.14694348828545112,483.5443478639505,609.2277024314803
34003025100,6325,91167.0,42.0,37.99209486166008,6.371541501976284,9.201581027667984,40.094861660079054,84.0,87.0,3.0,2,"lower-income, hispanic/latino-plurality, farther reach",0.14358729437462942,0.13397168281703667,908.189636919531,847.370893817757
34003025200,5742,127380.0,45.9,70.34134447927552,0.06966213862765587,14.48972483455242,13.671194705677465,89.0,80.0,-9.0,3,"higher-income, white_nh-plurality, closer reach",0.1279217364995969,0.15749013123685918,734.5266109806854,904.3083335620454
34003028001,5530,109728.0,43.1,28.26401446654611,3.6889692585895117,38.67992766726944,26.2748643761302,105.0,82.0,-23.0,0,"higher-income, asian_nh-plurality, closer reach",0.08838834764831845,0.15037812951026458,488.78756249520103,831.5910561917631
34003029100,4303,69688.0,44.8,37.22983964675807,5.159191261910295,30.653032767836393,25.122007901464094,95.0,77.0,-18.0,0,"higher-income, asian_nh-plurality, closer reach",0.11136233976754245,0.16879374327102378,479.19214801973516,726.3194772952154
34003029200,6639,89007.0,45.0,43.38002711251695,2.952251845157403,12.050007531254707,40.472962795601745,95.0,81.0,-14.0,3,"higher-income, white_nh-plurality, closer reach",0.11136233976754245,0.15389305166811457,739.3345737167143,1021.6959700246126
34003030401,3339,89275.0,41.2,25.067385444743934,21.62324049116502,16.082659478885894,31.746031746031747,94.0,88.0,-6.0,2,"lower-income, hispanic/latino-plurality, farther reach",0.1139653110697771,0.13091176535257834,380.5301736619857,437.1143845122591
34003030402,3954,114034.0,40.3,54.3247344461305,2.453211937278705,21.01669195751138,22.078907435508345,95.0,90.0,-5.0,3,"higher-income, white_nh-plurality, closer reach",0.11136233976754245,0.12500000000000003,440.3266914408629,494.2500000000001
34003031200,4747,95799.0,44.9,51.25342321466189,2.27512112913419,9.037286707394143,31.7463661259743,77.0,91.0,14.0,3,"higher-income, white_nh-plurality, closer reach",0.16879374327102378,0.12214499605428075,801.2638993075499,579.8222962696707
34003031300,6394,123359.0,38.6,58.945886768845796,0.7350641226149515,2.361588989677823,37.14419768533,75.0,106.0,31.0,3,"higher-income, white_nh-plurality, closer reach",0.17677669529663692,0.086369554997986,1130.3101897266965,552.2469346571224
34003031400,4749,86447.0,43.3,68.62497367866919,0.505369551484523,2.653190145293746,26.763529164034534,63.0,100.0,37.0,3,"higher-income, white_nh-plurality, closer reach",0.23325824788420185,0.09921256574801247,1107.7434192020746,471.16047473731123
34003033300,3419,101484.0,45.8,38.28604855220825,2.2813688212927756,29.833284586136298,28.98508335770693,105.0,89.0,-16.0,0,"higher-income, asian_nh-plurality, closer reach",0.08838834764831845,0.1279217364995969,302.1997606096008,437.3644170921218
34003036100,2671,77188.0,37.7,40.28453762635717,1.0108573567952077,6.214900786222389,50.7675028079371,97.0,83.0,-14.0,2,"lower-income, hispanic/latino-plurality, farther reach",0.10633339511885696,0.14694348828545112,284.01649836246696,392.4860572104399
34003036200,3106,108359.0,38.4,29.620090148100452,0.0,13.715389568576947,55.086928525434644,100.0,86.0,-14.0,2,"lower-income, hispanic/latino-plurality, farther reach",0.09921256574801247,0.13710312246182826,308.15422921332674,425.84229836643857
34003038100,5644,101934.0,39.5,57.016300496102055,0.4606661941885188,9.496810772501771,26.151665485471298,54.0,119.0,65.0,3,"higher-income, white_nh-plurality, closer reach",0.2871745887492588,0.06396086824979845,1620.8133789008166,360.99514040186244
34003038200,4483,78086.0,38.6,36.06959625250948,4.528217711354004,7.472674548293553,46.19674325228642,41.0,106.0,65.0,2,"lower-income, hispanic/latino-plurality, farther reach",0.38778619045843365,0.086369554997986,1738.4454918251581,387.19471505597124
34003038300,6241,119319.0,40.5,63.35523153340811,0.01602307322544464,9.149174811728889,26.00544784489665,58.0,116.0,58.0,3,"higher-income, white_nh-plurality, closer reach",0.26182353070515674,0.06855156123091415,1634.0406551308831,427.8302936421352
34003045101,4445,108934.0,43.4,36.67041619797525,0.7424071991001124,26.299212598425196,30.258717660292465,90.0,95.0,5.0,3,"higher-income, white_nh-plurality, closer reach",0.12500000000000003,0.11136233976754245,555.6250000000001,495.0056002667262
34003046100,4012,94630.0,40.9,39.0827517447657,1.5702891326021935,12.886340977068794,40.32901296111665,80.0,80.0,0.0,3,"higher-income, white_nh-plurality, closer reach",0.15749013123685918,0.15749013123685918,631.8504065222791,631.8504065222791
34003046200,4486,102636.0,38.7,41.90815871600535,4.547481052162283,4.725813642443156,46.455639768167636,93.0,90.0,-3.0,2,"lower-income, hispanic/latino-plurality, farther reach",0.11662912394210094,0.12500000000000003,523.1982500042648,560.7500000000001
34003046300,4669,99653.0,34.2,19.875776397515526,12.700792460912401,6.703790961662026,60.31270079246091,80.0,75.0,-5.0,2,"lower-income, hispanic/latino-plurality, farther reach",0.15749013123685918,0.17677669529663692,735.3214227448955,825.3703903399978
34003051100,6284,126935.0,40.1,65.11775938892426,3.898790579248886,11.123488224061107,17.66390833863781,84.0,86.0,2.0,3,"higher-income, white_nh-plurality, closer reach",0.14358729437462942,0.13710312246182826,902.3025578501713,861.5560215501288
34003051200,2763,175385.0,43.4,64.16938110749186,3.1849439015562795,9.518639160332972,18.74773796597901,82.0,93.0,11.0,3,"higher-income, white_nh-plurality, closer reach",0.15037812951026458,0.11662912394210094,415.49477183686105,322.2462694520249
34003051300,4993,113068.0,39.5,48.848387742839975,2.884037652713799,23.11235730022031,22.130983376727418,75.0,82.0,7.0,3,"higher-income, white_nh-plurality, closer reach",0.17677669529663692,0.15037812951026458,882.6460396161082,750.838000644751
34003051400,4708,161741.0,41.5,52.421410365335596,1.7204757858963466,12.064570943075616,28.16482582837723,87.0,89.0,2.0,3,"higher-income, white_nh-plurality, closer reach",0.13397168281703667,0.1279217364995969,630.7386827026087,602.2555354401022
34003054101,4803,133694.0,35.9,2.95648552987716,59.65021861336665,1.5198834062044555,29.02352696231522,100.0,82.0,-18.0,1,"lower-income, black_nh-plurality, farther reach",0.09921256574801247,0.15037812951026458,476.5179532877039,722.2661560378008
34003054102,3410,128056.0,42.1,39.06158357771261,34.75073313782991,15.982404692082111,5.513196480938417,107.0,82.0,-25.0,3,"higher-income, white_nh-plurality, closer reach",0.08439687163551189,0.15037812951026458,287.79333227709554,512.7894216300023
34003054200,5902,105789.0,33.1,25.076245340562522,24.17824466282616,12.995594713656388,32.446628261606236,95.0,81.0,-14.0,2,"lower-income, hispanic/latino-plurality, farther reach",0.11136233976754245,0.15389305166811457,657.2605293080355,908.2767909452122
34003054400,7747,127453.0,33.6,33.3032141474119,18.097327997934684,6.4799277139537885,32.877242803665936,103.0,86.0,-17.0,3,"higher-income, white_nh-plurality, closer reach",0.09256859701791026,0.13710312246182826,717.1289210977508,1062.1378897117836
34003054500,4546,136025.0,40.3,52.85965684117906,16.717993840739112,8.490981082270128,18.983721953365595,91.0,80.0,-11.0,3,"higher-income, white_nh-plurality, closer reach",0.12214499605428075,0.15749013123685918,555.2711520627603,715.9501366027619
34003054601,2804,80124.0,54.2,38.088445078459344,2.425106990014265,13.266761768901569,38.58773181169757,86.0,80.0,-6.0,0,"higher-income, asian_nh-plurality, closer reach",0.13710312246182826,0.15749013123685918,384.43715538296647,441.60232798815315
34003054602,5306,142974.0,45.4,24.55710516396532,14.30456087448172,15.510742555597437,44.72295514511873,99.0,74.0,-25.0,0,"higher-income, asian_nh-plurality, closer reach",0.10153154954452946,0.1809086546800473,538.7264018832733,959.901321732331
34003060001,3516,135250.0,46.8,57.3094425483504,6.683731513083049,15.358361774744028,20.079635949943118,83.0,81.0,-2.0,3,"higher-income, white_nh-plurality, closer reach",0.14694348828545112,0.15389305166811457,516.6533048116461,541.0879696650908
34003060002,6798,131194.0,36.4,49.47043248014122,3.883495145631068,24.16887319799941,20.211827007943512,99.0,90.0,-9.0,3,"higher-income, white_nh-plurality, closer reach",0.10153154954452946,0.12500000000000003,690.2114738037113,849.7500000000002
34013000100,6075,51554.0,37.8,9.794238683127572,16.0,1.4156378600823045,69.31687242798354,50.0,110.0,60.0,2,"lower-income, hispanic/latino-plurality, farther reach",0.3149802624737183,0.07874506561842959,1913.5050945278388,478.37627363195975
34013000200,3741,59839.0,39.2,10.237904303662122,14.75541299117883,0.0,72.17321571772253,41.0,101.0,60.0,2,"lower-income, hispanic/latino-plurality, farther reach",0.38778619045843365,0.09694654761460844,1450.7081385050003,362.6770346262502
34013000300,4316,31693.0,43.2,12.465245597775718,21.779425393883226,0.4865616311399444,62.557924003707136,46.0,106.0,60.0,2,"lower-income, hispanic/latino-plurality, farther reach",0.34547821999194406,0.086369554997986,1491.0839974852306,372.7709993713076
34013000400,2611,60357.0,37.3,13.787820758330142,7.3535044044427424,1.5702795863653773,77.28839525086174,44.0,104.0,60.0,2,"lower-income, hispanic/latino-plurality, farther reach",0.36181730936009454,0.09045432734002365,944.7049947392069,236.17624868480175
34013000500,2146,51622.0,34.0,9.645852749301024,7.269338303821063,8.853681267474371,70.78285181733457,42.0,102.0,60.0,2,"lower-income, hispanic/latino-plurality, farther reach",0.37892914162759955,0.09473228540689989,813.1819379328286,203.29548448320716
34013000600,4146,51164.0,44.8,13.91702846116739,8.99662325132658,0.482392667631452,64.83357452966715,46.0,106.0,60.0,2,"lower-income, hispanic/latino-plurality, farther reach",0.34547821999194406,0.086369554997986,1432.3527000866,358.08817502164993
34013000700,6530,52794.0,32.1,2.7105666156202144,39.95405819295559,0.015313935681470138,50.12251148545176,42.0,102.0,60.0,2,"lower-income, hispanic/latino-plurality, farther reach",0.37892914162759955,0.09473228540689989,2474.407294828225,618.6018237070563
34013000800,5089,57578.0,37.2,3.7138927097661623,5.226960110041265,2.2794262134014542,84.00471605423462,38.0,98.0,60.0,2,"lower-income, hispanic/latino-plurality, farther reach",0.4156189480713939,0.1039047370178485,2115.0848267353235,528.771206683831
34013000900,3210,37896.0,40.8,8.037383177570094,26.35514018691589,2.2429906542056073,59.00311526479751,39.0,99.0,60.0,2,"lower-income, hispanic/latino-plurality, farther reach",0.4061261981781178,0.10153154954452946,1303.665096151758,325.91627403793956
34013001000,4042,41063.0,36.4,4.5274616526472045,48.51558634339436,0.49480455220188024,45.76942107867392,39.0,98.0,59.0,1,"lower-income, black_nh-plurality, farther reach",0.4061261981781178,0.1039047370178485,1641.562093035952,419.9829470261436
34013001100,3377,103086.0,21.1,25.111045306485046,30.97423748889547,20.225051821143026,18.448326917382293,33.0,93.0,60.0,3,"higher-income, white_nh-plurality, closer reach",0.4665164957684037,0.11662912394210094,1575.4262062098994,393.85655155247485
34013001300,2453,51324.0,31.2,3.6689767631471666,62.16877293110477,1.7121891561353444,26.57969832857725,40.0,100.0,60.0,1,"lower-income, black_nh-plurality, farther reach",0.3968502629920499,0.09921256574801247,973.4736951194984,243.3684237798746
34013001400,3492,69628.0,35.4,0.25773195876288657,88.28751431844215,0.0,7.903780068728523,41.0,101.0,60.0,1,"lower-income, black_nh-plurality, farther reach",0.38778619045843365,0.09694654761460844,1354.1493770808504,338.53734427021266
34013001500,2059,36797.0,21.5,0.9713453132588635,95.726080621661,0.0,1.5055852355512385,39.0,104.0,65.0,1,"lower-income, black_nh-plurality, farther reach",0.4061261981781178,0.09045432734002365,836.2138420487445,186.24545999310868
34013001600,2042,61500.0,32.3,1.4691478942213516,45.886385896180215,0.0,41.919686581782564,41.0,104.0,63.0,1,"lower-income, black_nh-plurality, farther reach",0.38778619045843365,0.09045432734002365,791.8594009161216,184.7077364283283
34013001700,2550,42299.0,45.0,0.0,67.05882352941177,0.0,32.94117647058823,44.0,109.0,65.0,1,"lower-income, black_nh-plurality, farther reach",0.36181730936009454,0.0805856442774737,922.634138868241,205.49339290755793
34013001800,2390,63103.0,35.7,0.7112970711297071,82.00836820083683,0.0,13.97489539748954,46.0,105.0,59.0,1,"lower-income, black_nh-plurality, farther reach",0.34547821999194406,0.08838834764831845,825.6929457807463,211.24815087948107
34013001900,2259,41917.0,32.1,3.7184594953519254,79.85834440017707,0.7082779991146525,15.714918105356352,44.0,103.0,59.0,1,"lower-income, black_nh-plurality, farther reach",0.36181730936009454,0.09256859701791026,817.3453018444536,209.11246066345927
34013002000,4138,26250.0,45.4,0.14499758337361043,94.00676655389077,0.0,2.22329627839536,52.0,111.0,59.0,1,"lower-income, black_nh-plurality, farther reach",0.3007562590205292,0.07694652583405728,1244.5293998269499,318.404723901329
34013002100,2791,48229.0,36.5,0.0,92.97742744536009,3.2963095664636333,0.0,52.0,110.0,58.0,1,"lower-income, black_nh-plurality, farther reach",0.3007562590205292,0.07874506561842959,839.410718926297,219.777478141037
34013002202,3369,70625.0,45.8,1.3060255268625705,79.48946274859009,0.0,10.210745028198279,52.0,105.0,53.0,1,"lower-income, black_nh-plurality, farther reach",0.3007562590205292,0.08838834764831845,1013.247836640163,297.78034322718486
34013002203,6237,34031.0,33.0,5.64373897707231,25.23649190315857,23.729357062690397,41.478274811608145,61.0,111.0,50.0,2,"lower-income, hispanic/latino-plurality, farther reach",0.2442899921085615,0.07694652583405728,1523.636680781098,479.91548162701525
34013002204,2379,101250.0,43.4,2.3118957545187055,71.33249264396805,0.0,14.670029424127785,53.0,105.0,52.0,1,"lower-income, black_nh-plurality, farther reach",0.2938869765709022,0.08838834764831845,699.1571172621763,210.27587905534958
34013002300,5619,84038.0,37.5,0.0,87.70243815625557,0.0,11.461114077237943,50.0,104.0,54.0,1,"lower-income, black_nh-plurality, farther reach",0.3149802624737183,0.09045432734002365,1769.874094839823,508.2628653235929
34013002400,3844,46199.0,29.3,0.5723204994797086,82.7003121748179,0.0,13.709677419354838,50.0,108.0,58.0,1,"lower-income, black_nh-plurality, farther reach",0.3149802624737183,0.0824692444233059,1210.7841289489731,317.0117755631879
34013002500,5569,78147.0,31.5,0.6464356257855989,86.81989585203807,0.0,10.773927096426647,47.0,106.0,59.0,1,"lower-income, black_nh-plurality, farther reach",0.3375874865420475,0.086369554997986,1880.0247125526625,480.99205178378406
34013002600,1813,49848.0,34.2,0.882515168229454,78.76447876447877,0.0,19.470490899062327,43.0,102.0,59.0,1,"lower-income, black_nh-plurality, farther reach",0.3702743880716411,0.09473228540689989,671.3074655738853,171.7496334427095
34013002800,2413,59583.0,24.2,0.0,92.83050145047659,2.2793203481143802,0.6216328222130129,40.0,98.0,58.0,1,"lower-income, black_nh-plurality, farther reach",0.3968502629920499,0.1039047370178485,957.5996845998164,250.7221304240684
34013003100,1941,42861.0,33.5,0.1545595054095827,78.05255023183926,0.0,21.1231324059763,37.0,97.0,60.0,1,"lower-income, black_nh-plurality, farther reach",0.4253335804754279,0.10633339511885696,825.5724797028056,206.39311992570137
34013003500,3548,33239.0,19.9,0.0,96.16685456595265,0.0,1.8883878241262684,45.0,102.0,57.0,1,"lower-income, black_nh-plurality, farther reach",0.3535533905932738,0.09473228540689989,1254.4074298249354,336.1101486236808
34013003700,2657,37226.0,33.4,1.6183665788483252,81.82160331200602,0.0,16.560030109145654,48.0,103.0,55.0,1,"lower-income, black_nh-plurality, farther reach",0.3298769776932236,0.09256859701791026,876.4831297308951,245.95476227658756
34013003800,1861,35959.0,34.7,1.07469102632993,70.33852767329392,1.3433637829124128,25.25523911875336,41.0,100.0,59.0,1,"lower-income, black_nh-plurality, farther reach",0.38778619045843365,0.09921256574801247,721.6701004431451,184.6345848570512
34013003900,1366,25704.0,27.9,0.0,97.14494875549049,0.36603221083455345,2.4890190336749636,44.0,100.0,56.0,1,"lower-income, black_nh-plurality, farther reach",0.36181730936009454,0.09921256574801247,494.24244458588913,135.52436481178503
34013004100,3978,41525.0,25.9,0.4022121669180493,77.80291603821016,2.438411261940674,18.04927099044746,48.0,102.0,54.0,1,"lower-income, black_nh-plurality, farther reach",0.3298769776932236,0.09473228540689989,1312.2506172636436,376.84503134864775
34013004200,2702,45340.0,35.8,1.1843079200592155,79.86676535899333,0.11102886750555144,12.694300518134716,48.0,101.0,53.0,1,"lower-income, black_nh-plurality, farther reach",0.3298769776932236,0.09694654761460844,891.3275937270902,261.949571654672
34013004300,2570,56710.0,34.9,2.9571984435797667,94.2023346303502,0.0,1.7509727626459144,49.0,94.0,45.0,1,"lower-income, black_nh-plurality, farther reach",0.32234257710989483,0.1139653110697771,828.4204231724298,292.89084944932716
34013004400,1676,56108.0,34.9,1.0143198090692125,76.43198090692124,0.0,22.553699284009546,51.0,85.0,34.0,1,"lower-income, black_nh-plurality, farther reach",0.3077861033362291,0.14030775603867163,515.8495091915199,235.15579912081364
34013004500,3312,59647.0,42.1,2.475845410628019,93.23671497584542,0.0,2.9589371980676327,51.0,86.0,35.0,1,"lower-income, black_nh-plurality, farther reach",0.3077861033362291,0.13710312246182826,1019.3875742495907,454.0855415935752
34013004600,3970,45960.0,26.6,3.022670025188917,79.77329974811083,0.0,13.828715365239296,48.0,83.0,35.0,1,"lower-income, black_nh-plurality, farther reach",0.3298769776932236,0.14694348828545112,1309.6116014420977,583.3656484932409
34013004700,4674,61761.0,39.3,0.1925545571245186,93.0038510911425,0.04278990158322636,4.5785194694052205,49.0,84.0,35.0,1,"lower-income, black_nh-plurality, farther reach",0.32234257710989483,0.14358729437462942,1506.6292054116484,671.1270139070178
34013004801,2627,49526.0,36.4,0.0,86.63875142748383,0.0,12.028930338789493,45.0,80.0,35.0,1,"lower-income, black_nh-plurality, farther reach",0.3535533905932738,0.15749013123685918,928.7847570885302,413.72657475922904
34013004802,3702,12500.0,43.5,3.37655321447866,71.33981631550513,0.5942733657482442,18.098325229605617,54.0,90.0,36.0,1,"lower-income, black_nh-plurality, farther reach",0.2871745887492588,0.12500000000000003,1063.120327549756,462.7500000000001
34013004900,3932,38100.0,33.2,3.2807731434384535,77.51780264496439,0.0,8.774160732451678,46.0,81.0,35.0,1,"lower-income, black_nh-plurality, farther reach",0.34547821999194406,0.15389305166811457,1358.420361008324,605.1074791590265
34013005000,3199,52482.0,33.8,0.12503907471084713,77.68052516411379,1.5317286652078774,12.691466083150985,41.0,87.0,46.0,1,"lower-income, black_nh-plurality, farther reach",0.38778619045843365,0.13397168281703667,1240.5280232765292,428.5754133317003
34013005100,2816,51977.0,35.0,0.0,75.390625,2.237215909090909,17.542613636363637,46.0,88.0,42.0,1,"lower-income, black_nh-plurality, farther reach",0.34547821999194406,0.13091176535257834,972.8666674973144,368.6475312328606
34013005200,2040,41667.0,29.3,0.0,84.70588235294117,3.3823529411764706,11.568627450980392,45.0,94.0,49.0,1,"lower-income, black_nh-plurality, farther reach",0.3535533905932738,0.1139653110697771,721.2489168102785,232.4892345823453
34013005300,3348,41359.0,36.6,0.7765830346475507,86.14097968936679,0.0,10.842293906810037,45.0,95.0,50.0,1,"lower-income, black_nh-plurality, farther reach",0.3535533905932738,0.11136233976754245,1183.6967517062806,372.8411135417321
34013005400,4208,18326.0,26.3,0.5228136882129277,59.52946768060836,2.7566539923954374,26.44961977186312,43.0,94.0,51.0,1,"lower-income, black_nh-plurality, farther reach",0.3702743880716411,0.1139653110697771,1558.1146250054658,479.566028981622
34013005700,2783,35955.0,39.4,7.97700323392023,16.061803808839382,3.952569169960474,59.97125404240029,38.0,86.0,48.0,2,"lower-income, hispanic/latino-plurality, farther reach",0.4156189480713939,0.13710312246182826,1156.6675324826892,381.55798981126804
34013006200,1917,21756.0,28.5,1.98226395409494,66.7188315075639,0.8346374543557642,30.464267083985394,39.0,97.0,58.0,1,"lower-income, black_nh-plurality, farther reach",0.4061261981781178,0.10633339511885696,778.5439219074518,203.8411184428488
34013006400,1376,55341.0,30.6,4.433139534883721,65.625,20.421511627906977,7.267441860465116,37.0,97.0,60.0,1,"lower-income, black_nh-plurality, farther reach",0.4253335804754279,0.10633339511885696,585.2590067341888,146.31475168354717
34013006600,1923,71278.0,35.3,0.5720228809152366,77.37909516380655,0.0,16.900676027041083,39.0,96.0,57.0,1,"lower-income, black_nh-plurality, farther reach",0.4061261981781178,0.10881882041201553,780.9806790965205,209.25859165230585
34013006800,6411,69124.0,33.0,27.92076119170176,10.154422087037904,1.3102480112306973,44.486039619404146,38.0,95.0,57.0,2,"lower-income, hispanic/latino-plurality, farther reach",0.4156189480713939,0.11136233976754245,2664.533076085706,713.9439602497147
34013006900,5295,63217.0,36.0,33.97544853635505,1.9074598677998111,0.0,44.400377714825304,29.0,93.0,64.0,2,"lower-income, hispanic/latino-plurality, farther reach",0.5116869459983875,0.11662912394210094,2709.382379061462,617.5512112734244
34013007000,4742,43603.0,33.5,18.13580767608604,0.021088148460565163,0.021088148460565163,59.004639392661325,28.0,97.0,69.0,2,"lower-income, hispanic/latino-plurality, farther reach",0.5236470614103134,0.10633339511885696,2483.134365207706,504.23295965361973
34013007100,4040,54603.0,33.9,28.81188118811881,1.4108910891089108,0.297029702970297,44.975247524752476,30.0,99.0,69.0,2,"lower-income, hispanic/latino-plurality, farther reach",0.5,0.10153154954452946,2020.0,410.18746015989905
34013007200,4018,62349.0,33.7,27.02837232453957,2.887008461921354,0.0,63.887506222000994,25.0,94.0,69.0,2,"lower-income, hispanic/latino-plurality, farther reach",0.5612310241546865,0.1139653110697771,2255.0262550535303,457.9126198783644
34013007300,4995,51038.0,40.1,48.068068068068065,0.42042042042042044,1.6416416416416417,31.41141141141141,22.0,88.0,66.0,3,"higher-income, white_nh-plurality, closer reach",0.6015125180410583,0.13091176535257834,3004.555027615086,653.9042679361288
34013007400,6440,66336.0,35.2,23.773291925465838,36.2888198757764,1.4285714285714286,25.527950310559007,42.0,109.0,67.0,1,"lower-income, black_nh-plurality, farther reach",0.37892914162759955,0.0805856442774737,2440.3036720817413,518.9715491469306
34013007501,4763,40579.0,31.0,24.606340541675415,8.796976695360067,0.7768213310938484,55.700188956539996,32.0,88.0,56.0,2,"lower-income, hispanic/latino-plurality, farther reach",0.4774208019552083,0.13091176535257834,2273.955279712657,623.5327383743306
34013007502,3258,57521.0,34.6,16.206261510128915,8.839779005524862,0.0,58.99324739103745,48.0,101.0,53.0,2,"lower-income, hispanic/latino-plurality, farther reach",0.3298769776932236,0.09694654761460844,1074.7391933245226,315.8518521283943
34013007600,3976,54577.0,33.7,28.92354124748491,0.4778672032193159,0.32696177062374243,47.283702213279675,14.0,86.0,72.0,2,"lower-income, hispanic/latino-plurality, farther reach",0.7236346187201891,0.13710312246182826,2877.171244031472,545.1220149082292
34013007700,2886,70400.0,33.4,29.036729036729035,1.2127512127512128,1.3513513513513513,57.553707553707554,19.0,87.0,68.0,2,"lower-income, hispanic/latino-plurality, farther reach",0.6446851542197896,0.13397168281703667,1860.5613550783128,386.64227660996784
34013007800,3835,49503.0,38.3,22.398956975228163,0.5997392438070405,0.28683181225554105,55.488917861799216,27.0,88.0,61.0,2,"lower-income, hispanic/latino-plurality, farther reach",0.5358867312681466,0.13091176535257834,2055.125614413342,502.04662012713794
34013007900,4622,59781.0,37.6,17.827780181739506,4.586758978797057,1.2548680225010818,69.08264820424058,18.0,80.0,62.0,2,"lower-income, hispanic/latino-plurality, farther reach",0.6597539553864472,0.15749013123685918,3049.382781796159,727.9193865767631
34013008000,2736,75114.0,33.8,31.469298245614034,22.73391812865497,5.701754385964913,30.4093567251462,25.0,83.0,58.0,2,"lower-income, hispanic/latino-plurality, farther reach",0.5612310241546865,0.14694348828545112,1535.5280820872222,402.03738394899426
34013008100,3815,27240.0,38.3,5.5832241153342075,76.69724770642202,4.062909567496724,10.117955439056356,30.0,91.0,61.0,1,"lower-income, black_nh-plurality, farther reach",0.5,0.12214499605428075,1907.5,465.98315994708105
34013008200,2416,30288.0,27.0,8.9817880794702,61.38245033112583,5.4635761589403975,21.564569536423843,38.0,102.0,64.0,1,"lower-income, black_nh-plurality, farther reach",0.4156189480713939,0.09473228540689989,1004.1353785404876,228.87320154307014
34013008700,4094,54233.0,33.6,11.72447484123107,9.08646800195408,0.0,77.52808988764045,40.0,99.0,59.0,2,"lower-income, hispanic/latino-plurality, farther reach",0.3968502629920499,0.10153154954452946,1624.7049766894522,415.67016383530364
34013008800,2073,71234.0,30.9,2.6049204052098407,26.483357452966715,0.0,69.60926193921853,42.0,93.0,51.0,2,"lower-income, hispanic/latino-plurality, farther reach",0.37892914162759955,0.11662912394210094,785.5201105940139,241.77217393197526
34013008900,1898,57819.0,44.4,13.698630136986301,7.534246575342466,0.0,78.76712328767124,43.0,100.0,57.0,2,"lower-income, hispanic/latino-plurality, farther reach",0.3702743880716411,0.09921256574801247,702.7807885599748,188.30544978972767
34013009000,1786,45833.0,35.3,7.782754759238522,59.85442329227324,1.3997760358342666,28.555431131019038,44.0,101.0,57.0,1,"lower-income, black_nh-plurality, farther reach",0.36181730936009454,0.09694654761460844,646.2057145171289,173.14653403969066
34013009100,3997,69813.0,24.8,12.309231923942956,9.056792594445835,0.6254691018263697,74.83112334250688,41.0,101.0,60.0,2,"lower-income, hispanic/latino-plurality, farther reach",0.38778619045843365,0.09694654761460844,1549.9814032623592,387.4953508155899
34013009200,3326,29649.0,37.0,6.644618159951894,33.91461214672279,0.0,53.84846662657847,46.0,105.0,59.0,2,"lower-income, hispanic/latino-plurality, farther reach",0.34547821999194406,0.08838834764831845,1149.060559693206,293.97964427830715
34013009300,5162,53727.0,33.6,2.750871755133669,24.273537388609068,1.414180550174351,67.62882603642,46.0,105.0,59.0,2,"lower-income, hispanic/latino-plurality, farther reach",0.34547821999194406,0.08838834764831845,1783.3585715984152,456.2606505606198
34013009400,5764,32205.0,41.7,12.317834836918806,15.180430256766135,0.3469812630117974,65.52741151977793,47.0,107.0,60.0,2,"lower-income, hispanic/latino-plurality, farther reach",0.3375874865420475,0.08439687163551189,1945.8542724283618,486.46356810709057
34013009500,6717,58254.0,34.2,15.28956379336013,27.437844275718327,0.0,55.93270805419086,51.0,111.0,60.0,2,"lower-income, hispanic/latino-plurality, farther reach",0.3077861033362291,0.07694652583405728,2067.3992561094506,516.8498140273628
34013009600,5245,36813.0,39.1,5.357483317445186,26.101048617731173,0.0,67.81696854146807,51.0,110.0,59.0,2,"lower-income, hispanic/latino-plurality, farther reach",0.3077861033362291,0.07874506561842959,1614.3381119985215,413.0178691686632
34013009700,5619,53175.0,37.0,1.388147357180993,13.95266061576793,1.388147357180993,81.2066203950881,54.0,114.0,60.0,2,"lower-income, hispanic/latino-plurality, farther reach",0.2871745887492588,0.0717936471873147,1613.6340141820851,403.4085035455213
34013009900,2330,63302.0,53.0,0.6008583690987125,83.13304721030043,4.07725321888412,2.1030042918454934,62.0,118.0,56.0,1,"lower-income, black_nh-plurality, farther reach",0.23871040097760418,0.0654558826762892,556.1952342778177,152.51220663575384
34013010000,3680,118750.0,33.9,3.2065217391304346,67.17391304347827,3.4239130434782608,18.369565217391305,61.0,114.0,53.0,1,"lower-income, black_nh-plurality, farther reach",0.2442899921085615,0.0717936471873147,898.9871709595063,264.20062164931807
34013010100,2600,79115.0,41.4,1.8846153846153846,78.46153846153847,0.0,11.5,56.0,105.0,49.0,1,"lower-income, black_nh-plurality, farther reach",0.2742062449236565,0.08838834764831845,712.9362368015069,229.80970388562795
34013010200,4544,38424.0,47.9,1.6725352112676057,62.037852112676056,7.350352112676056,18.639964788732396,54.0,114.0,60.0,1,"lower-income, black_nh-plurality, farther reach",0.2871745887492588,0.0717936471873147,1304.921331276632,326.230332819158
34013010300,4168,67386.0,40.1,5.182341650671785,74.3042226487524,1.199616122840691,8.661228406909789,53.0,110.0,57.0,1,"lower-income, black_nh-plurality, farther reach",0.2938869765709022,0.07874506561842959,1224.9209183475202,328.2094334976145
34013010400,4610,47190.0,34.6,1.0195227765726682,93.83947939262472,0.0,4.620390455531453,53.0,105.0,52.0,1,"lower-income, black_nh-plurality, farther reach",0.2938869765709022,0.08838834764831845,1354.818961991859,407.47028265874803
34013010500,5742,58067.0,32.2,1.7067223963775688,84.51758969000349,0.0,13.148728665970046,47.0,103.0,56.0,1,"lower-income, black_nh-plurality, farther reach",0.3375874865420475,0.09256859701791026,1938.427347724437,531.5288840768407
34013010600,5192,56875.0,33.2,3.5439137134052388,66.21725731895224,4.237288135593221,18.412942989214176,51.0,96.0,45.0,1,"lower-income, black_nh-plurality, farther reach",0.3077861033362291,0.10881882041201553,1598.0254485217013,564.9873155791846
34013010700,4357,59461.0,30.9,1.8361257746155613,70.09410144594905,1.4459490475097545,4.796878586183153,48.0,101.0,53.0,1,"lower-income, black_nh-plurality, farther reach",0.3298769776932236,0.09694654761460844,1437.2739918093753,422.396107956849
34013010800,3054,54968.0,34.0,0.06548788474132286,77.96332678454486,0.0,20.988867059593975,49.0,107.0,58.0,1,"lower-income, black_nh-plurality, farther reach",0.32234257710989483,0.08439687163551189,984.4342304936188,257.7480459748533
34013010900,1915,41007.0,52.5,0.6788511749347258,78.69451697127937,3.028720626631854,11.279373368146214,50.0,106.0,56.0,1,"lower-income, black_nh-plurality, farther reach",0.3149802624737183,0.086369554997986,603.1872026371706,165.3976978211432
34013011100,3965,25886.0,39.3,2.068095838587642,82.21941992433796,1.235813366960908,12.812105926860026,52.0,98.0,46.0,1,"lower-income, black_nh-plurality, farther reach",0.3007562590205292,0.1039047370178485,1192.4985670163983,411.9822822757693
34013011200,2865,60059.0,40.9,3.944153577661431,84.64223385689354,0.0,5.724258289703316,53.0,99.0,46.0,1,"lower-income, black_nh-plurality, farther reach",0.2938869765709022,0.10153154954452946,841.9861878756348,290.8878894450769
34013011300,3993,58867.0,36.1,1.7781116954670673,94.916103180566,1.8031555221637867,1.5026296018031555,47.0,96.0,49.0,1,"lower-income, black_nh-plurality, farther reach",0.3375874865420475,0.10881882041201553,1347.9868337623957,434.513549905178
34013011400,4054,64941.0,52.9,2.2446965959546126,76.56635421805625,13.813517513566847,0.5426739023186976,62.0,115.0,53.0,1,"lower-income, black_nh-plurality, farther reach",0.23871040097760418,0.07015387801933584,967.7319655632074,284.4038214903875
34013011500,2884,76589.0,31.6,0.9015256588072122,90.98474341192788,0.5547850208044383,2.4618585298196947,59.0,110.0,51.0,1,"lower-income, black_nh-plurality, farther reach",0.2558434729991938,0.07874506561842959,737.852576129675,227.10076924355093
34013011600,3612,65373.0,27.6,0.0,80.20487264673311,0.0,7.973421926910299,56.0,107.0,51.0,1,"lower-income, black_nh-plurality, farther reach",0.2742062449236565,0.08439687163551189,990.4329566642472,304.841500347469
34013011700,2973,58616.0,43.2,0.7063572149344097,89.20282542885974,0.0,5.617221661621258,54.0,108.0,54.0,1,"lower-income, black_nh-plurality, farther reach",0.2871745887492588,0.0824692444233059,853.7700523515464,245.18106367048844
34013011800,2645,74226.0,33.7,1.0586011342155008,75.42533081285444,0.0,11.984877126654064,50.0,109.0,59.0,1,"lower-income, black_nh-plurality, farther reach",0.3149802624737183,0.0805856442774737,833.1227942429849,213.14902911391792
34013011900,1856,52112.0,37.3,0.8620689655172413,71.22844827586206,5.334051724137931,20.959051724137932,48.0,95.0,47.0,1,"lower-income, black_nh-plurality, farther reach",0.3298769776932236,0.11136233976754245,612.251670598623,206.6885026085588
34013012000,7363,70590.0,30.5,2.526144234686948,81.16256960478066,0.0,13.21472225994839,61.0,107.0,46.0,1,"lower-income, black_nh-plurality, farther reach",0.2442899921085615,0.08439687163551189,1798.7072118953383,621.4141658522741
34013012100,4148,77237.0,33.8,1.8081002892960463,67.35776277724204,2.4349083895853423,23.143683702989392,59.0,108.0,49.0,1,"lower-income, black_nh-plurality, farther reach",0.2558434729991938,0.0824692444233059,1061.2387260006558,342.08242586787287
34013012200,6788,61118.0,30.4,4.728933411903359,69.04832056570419,0.0,25.36829699469652,59.0,100.0,41.0,1,"lower-income, black_nh-plurality, farther reach",0.2558434729991938,0.09921256574801247,1736.6654947185275,673.4548962975086
34013012300,4790,70903.0,35.1,0.0,79.54070981210856,0.0,16.38830897703549,54.0,100.0,46.0,1,"lower-income, black_nh-plurality, farther reach",0.2871745887492588,0.09921256574801247,1375.5662801089495,475.2281899329798
34013012400,4223,31211.0,48.7,1.633909542978925,80.67724366564055,1.5155103007340753,10.466493014444708,60.0,99.0,39.0,1,"lower-income, black_nh-plurality, farther reach",0.25,0.10153154954452946,1055.75,428.76773372654793
34013012500,3570,62338.0,43.1,2.773109243697479,88.62745098039215,1.2044817927170868,3.9215686274509802,52.0,102.0,50.0,1,"lower-income, black_nh-plurality, farther reach",0.3007562590205292,0.09473228540689989,1073.6998447032893,338.1942589026326
34013012600,3381,57910.0,37.4,0.5028098195800059,81.72138420585625,0.0,13.57586512866016,47.0,101.0,54.0,1,"lower-income, black_nh-plurality, farther reach",0.3375874865420475,0.09694654761460844,1141.3832919986626,327.7762774849911
34013012700,3793,66819.0,34.4,6.61745320326918,70.26100711837596,0.0,18.37595570788294,59.0,94.0,35.0,1,"lower-income, black_nh-plurality, farther reach",0.2558434729991938,0.1139653110697771,970.4142930859421,432.27042488766455
34013012800,4156,70203.0,32.6,0.6737247353224254,89.36477382098171,0.0,4.8123195380173245,56.0,91.0,35.0,1,"lower-income, black_nh-plurality, farther reach",0.2742062449236565,0.12214499605428075,1139.6011539027163,507.6346036015908
34013012900,3983,52378.0,30.1,0.1506402209389907,89.63093145869948,0.0,5.724328395681647,51.0,92.0,41.0,1,"lower-income, black_nh-plurality, farther reach",0.3077861033362291,0.1193552004888021,1225.9120495882005,475.3917635468988
34013013000,2459,49006.0,34.2,3.6193574623830824,89.58926392842619,0.406669377795852,4.351362342415616,50.0,96.0,46.0,1,"lower-income, black_nh-plurality, farther reach",0.3149802624737183,0.10881882041201553,774.5364654228733,267.58547939314616
34013013100,2509,54250.0,34.7,1.2754085292945396,67.1582303706656,0.03985651654045436,20.486249501793544,48.0,91.0,43.0,1,"lower-income, black_nh-plurality, farther reach",0.3298769776932236,0.12214499605428075,827.661337032298,306.4617951001904
34013013200,3016,54508.0,37.6,2.453580901856764,83.42175066312997,3.183023872679045,5.603448275862069,47.0,99.0,52.0,1,"lower-income, black_nh-plurality, farther reach",0.3375874865420475,0.10153154954452946,1018.1638594108152,306.21915342630086
34013013300,4299,49085.0,35.1,2.907652942544778,65.78274017213306,0.0,5.722260990928123,42.0,99.0,57.0,1,"lower-income, black_nh-plurality, farther reach",0.37892914162759955,0.10153154954452946,1629.0163798570504,436.48413149193215
34013013400,3942,147321.0,45.0,74.80974124809741,0.0,5.961440892947742,13.54642313546423,82.0,106.0,24.0,3,"higher-income, white_nh-plurality, closer reach",0.15037812951026458,0.086369554997986,592.790586529463,340.46878580206084
34013013500,4594,130694.0,39.4,59.947757945145845,1.0883761427949499,5.790161079669134,22.485851110143667,79.0,104.0,25.0,3,"higher-income, white_nh-plurality, closer reach",0.16117128855494742,0.09045432734002365,740.4208996214285,415.54717980006865
34013013600,6968,111382.0,35.8,43.82893226176808,2.3392652123995408,22.93340987370838,28.932261768082665,70.0,112.0,42.0,3,"higher-income, white_nh-plurality, closer reach",0.19842513149602495,0.07518906475513229,1382.6263162643017,523.9174032137618
34013013700,4870,96141.0,37.8,52.17659137577002,6.8172484599589325,10.718685831622176,29.096509240246405,75.0,114.0,39.0,3,"higher-income, white_nh-plurality, closer reach",0.17677669529663692,0.0717936471873147,860.9025060946218,349.63506180222254
34013013800,4280,157750.0,46.4,68.80841121495327,1.7289719626168225,8.761682242990654,17.07943925233645,79.0,114.0,35.0,3,"higher-income, white_nh-plurality, closer reach",0.16117128855494742,0.0717936471873147,689.813115015175,307.2768099617069
34013013900,5113,112454.0,40.7,59.5149618619206,1.2712693135145707,7.2560140817523955,30.882065323684724,80.0,117.0,37.0,3,"higher-income, white_nh-plurality, closer reach",0.15749013123685918,0.06698584140851833,805.247041014061,342.4986071217542
34013014000,3916,100363.0,40.0,51.22574055158325,2.477017364657814,15.34729315628192,29.085801838610827,60.0,114.0,54.0,3,"higher-income, white_nh-plurality, closer reach",0.25,0.0717936471873147,979.0,281.1439223855243
34013014100,3766,97633.0,44.4,34.28040361125863,0.6372809346787042,13.250132766861391,48.486457780138075,65.0,117.0,52.0,2,"lower-income, hispanic/latino-plurality, farther reach",0.22272467953508487,0.06698584140851833,838.7811431291296,252.26867874448004
34013014400,3982,66181.0,38.3,22.978402812656956,3.2646911099949776,8.613761928679056,62.15469613259668,60.0,119.0,59.0,2,"lower-income, hispanic/latino-plurality, farther reach",0.25,0.06396086824979845,995.5,254.69217737069744
34013014700,6473,78340.0,46.0,37.15433338482929,7.044646995210876,4.3720067974663985,48.38560173026418,52.0,112.0,60.0,2,"lower-income, hispanic/latino-plurality, farther reach",0.3007562590205292,0.07518906475513229,1946.7952646398855,486.69881615997133
34013015600,4631,100938.0,37.4,47.20362772619305,31.267544806737206,1.7490822716475922,17.274886633556466,59.0,116.0,57.0,3,"higher-income, white_nh-plurality, closer reach",0.2558434729991938,0.06855156123091415,1184.8111234592666,317.4622800603634
34013015700,2835,94890.0,39.0,13.82716049382716,30.793650793650794,12.275132275132275,36.19047619047619,59.0,111.0,52.0,1,"lower-income, black_nh-plurality, farther reach",0.2558434729991938,0.07694652583405728,725.3162459527144,218.1434007395524
34013015800,4304,93409.0,37.1,26.88197026022305,21.700743494423794,6.2035315985130115,35.08364312267658,54.0,114.0,60.0,2,"lower-income, hispanic/latino-plurality, farther reach",0.2871745887492588,0.0717936471873147,1235.9994299768098,308.99985749420244
34013015900,5958,72051.0,33.4,17.405169519973146,25.444780127559582,11.547499160792212,36.79086941926821,52.0,111.0,59.0,2,"lower-income, hispanic/latino-plurality, farther reach",0.3007562590205292,0.07694652583405728,1791.9057912443131,458.4474009193133
34013017600,5523,87096.0,35.3,27.430744160782183,34.0756835053413,1.249321021184139,34.99909469491219,68.0,115.0,47.0,1,"lower-income, black_nh-plurality, farther reach",0.20780947403569697,0.07015387801933584,1147.7317250991543,387.45986830079187
34013017700,5120,71554.0,36.1,15.8203125,29.90234375,0.25390625,46.46484375,65.0,112.0,47.0,2,"lower-income, hispanic/latino-plurality, farther reach",0.22272467953508487,0.07518906475513229,1140.3503592196346,384.96801154627735
34013017800,3694,81047.0,36.9,17.596101786681103,30.996210070384407,5.089334055224689,44.260963724959396,57.0,111.0,54.0,2,"lower-income, hispanic/latino-plurality, farther reach",0.2679433656340733,0.07694652583405728,989.7827926522667,284.24046643100763
34013017900,3680,182721.0,40.1,49.375,26.032608695652176,0.46195652173913043,18.097826086956523,67.0,112.0,45.0,3,"higher-income, white_nh-plurality, closer reach",0.21266679023771395,0.07518906475513229,782.6137880747874,276.6957582988868
34013018200,4512,49330.0,33.5,1.8173758865248226,45.45656028368794,0.0,49.822695035460995,57.0,111.0,54.0,2,"lower-income, hispanic/latino-plurality, farther reach",0.2679433656340733,0.07694652583405728,1208.9604657409386,347.18272456326645
34013018300,4577,60341.0,34.9,3.05877212147695,44.09001529386061,3.5612846842910204,33.60279659165392,52.0,105.0,53.0,1,"lower-income, black_nh-plurality, farther reach",0.3007562590205292,0.08838834764831845,1376.5613975369622,404.55346718635354
34013018400,2651,46114.0,35.3,13.240286684270087,69.67182195397963,3.923047906450396,10.712938513768389,45.0,103.0,58.0,1,"lower-income, black_nh-plurality, farther reach",0.3535533905932738,0.09256859701791026,937.2700384627688,245.3993506944801
34013018600,5837,48798.0,33.6,7.401062189480898,38.59859516875107,0.5139626520472845,51.379133116326884,54.0,102.0,48.0,2,"lower-income, hispanic/latino-plurality, farther reach",0.2871745887492588,0.09473228540689989,1676.2380745294236,552.9523499200747
34013018700,5143,38341.0,42.1,0.4860976083997667,65.13707952556874,4.5304297102858255,23.60489986389267,58.0,113.0,55.0,1,"lower-income, black_nh-plurality, farther reach",0.26182353070515674,0.07347174414272556,1346.5584184166212,377.86518012603756
34013018800,4875,78979.0,41.3,12.77948717948718,68.6974358974359,2.7897435897435896,14.071794871794872,63.0,114.0,51.0,1,"lower-income, black_nh-plurality, farther reach",0.23325824788420185,0.0717936471873147,1137.133958435484,349.9940300381591
34013018900,4217,58989.0,30.6,2.7507706900640265,75.95447000237135,0.30827602561062367,15.318947118804838,62.0,106.0,44.0,1,"lower-income, black_nh-plurality, farther reach",0.23871040097760418,0.086369554997986,1006.6417609225568,364.220413426507
34013019200,5049,52297.0,20.6,59.001782531194294,18.875024757377698,7.664884135472371,9.982174688057041,64.0,110.0,46.0,3,"higher-income, white_nh-plurality, closer reach",0.22793062213955423,0.07874506561842959,1150.8217111826093,397.583836307451
34013019300,3593,135114.0,41.9,59.78291121625383,16.25382688561091,5.176732535485667,10.88227108266073,83.0,110.0,27.0,3,"higher-income, white_nh-plurality, closer reach",0.14694348828545112,0.07874506561842959,527.9679534096259,282.9310207670175
34013019600,6344,117621.0,39.0,32.613493064312735,49.810844892812106,4.271752837326607,9.221311475409836,66.0,109.0,43.0,1,"lower-income, black_nh-plurality, farther reach",0.21763764082403103,0.0805856442774737,1380.6931933876529,511.2353272962931
34013019800,2879,169583.0,38.9,65.54359152483501,17.019798541160124,4.411253907606808,2.9871483153872873,71.0,118.0,47.0,3,"higher-income, white_nh-plurality, closer reach",0.19389309522921686,0.0654558826762892,558.2182211649153,188.4474862250366
34013019900,2519,210588.0,44.6,81.22270742358079,1.0321556173084558,2.8979753870583567,9.487892020643113,87.0,113.0,26.0,3,"higher-income, white_nh-plurality, closer reach",0.13397168281703667,0.07347174414272556,337.47466901611534,185.07532349552568
34013022700,2725,37578.0,35.1,2.8990825688073394,62.27522935779817,0.9908256880733946,32.84403669724771,34.0,89.0,55.0,1,"lower-income, black_nh-plurality, farther reach",0.45586124427910846,0.1279217364995969,1242.2218906605706,348.58673196140154
34013022800,1743,27917.0,43.3,4.016064257028113,82.09982788296041,3.155479059093517,9.581181870338497,35.0,94.0,59.0,1,"lower-income, black_nh-plurality, farther reach",0.4454493590701697,0.1139653110697771,776.4182328593058,198.6415371946215
34013022900,4914,60304.0,27.4,12.148962148962148,52.421652421652425,8.160358160358161,23.26007326007326,37.0,92.0,55.0,1,"lower-income, black_nh-plurality, farther reach",0.4253335804754279,0.1193552004888021,2090.0892144562526,586.5114552019735
34013023100,2408,55096.0,37.4,0.0,73.04817275747509,0.0,15.406976744186046,41.0,98.0,57.0,1,"lower-income, black_nh-plurality, farther reach",0.38778619045843365,0.1039047370178485,933.7891466239082,250.20260673897917
34013023200,3410,30112.0,35.5,0.20527859237536658,72.43401759530792,0.0,23.079178885630498,41.0,94.0,53.0,1,"lower-income, black_nh-plurality, farther reach",0.38778619045843365,0.1139653110697771,1322.3509094632589,388.6217107479399
34017000101,2728,119375.0,39.3,9.237536656891496,6.854838709677419,32.80791788856305,50.25659824046921,65.0,83.0,18.0,2,"lower-income, hispanic/latino-plurality, farther reach",0.22272467953508487,0.14694348828545112,607.5929257717115,400.86183604271065
34017000102,3330,85353.0,36.4,20.3003003003003,12.372372372372372,30.03003003003003,32.912912912912915,61.0,78.0,17.0,2,"lower-income, hispanic/latino-plurality, farther reach",0.2442899921085615,0.16493848884661183,813.4856737215098,549.2451678592174
34017000200,4336,45280.0,34.1,14.206642066420665,1.7988929889298892,15.544280442804428,64.11439114391143,60.0,74.0,14.0,2,"lower-income, hispanic/latino-plurality, farther reach",0.25,0.1809086546800473,1084.0,784.4199266926851
34017000300,3975,109500.0,36.8,49.43396226415094,3.1446540880503147,9.182389937106919,37.484276729559745,65.0,69.0,4.0,3,"higher-income, white_nh-plurality, closer reach",0.22272467953508487,0.2030630990890589,885.3306011519624,807.1758188790091
34017000400,3543,92250.0,43.6,14.705052215636467,2.568444820773356,49.675416313858314,31.470505221563645,59.0,84.0,25.0,0,"higher-income, asian_nh-plurality, closer reach",0.2558434729991938,0.14358729437462942,906.4534248361437,508.729783969312
34017000500,4213,94688.0,35.9,23.83099928791835,2.8957987182530265,24.329456444338952,44.9323522430572,58.0,75.0,17.0,2,"lower-income, hispanic/latino-plurality, farther reach",0.26182353070515674,0.17677669529663692,1103.0625348608253,744.7602172847313
34017000600,5427,58708.0,37.1,29.72176156255758,6.633499170812604,30.99318223696333,31.87764879307168,58.0,77.0,19.0,2,"lower-income, hispanic/latino-plurality, farther reach",0.26182353070515674,0.16879374327102378,1420.9163011368855,916.043644731846
34017000700,3634,60972.0,34.4,26.55476059438635,2.2839845899834894,15.07980187121629,51.48596587782058,65.0,74.0,9.0,2,"lower-income, hispanic/latino-plurality, farther reach",0.22272467953508487,0.1809086546800473,809.3814854304984,657.4220511072918
34017000800,4088,117834.0,34.4,38.551859099804304,7.75440313111546,12.793542074363993,36.007827788649706,60.0,73.0,13.0,3,"higher-income, white_nh-plurality, closer reach",0.25,0.18513719403582055,1022.0,756.8408492184344
34017000902,5696,114647.0,38.5,25.087780898876403,1.9311797752808988,59.041432584269664,11.077949438202246,49.0,83.0,34.0,0,"higher-income, asian_nh-plurality, closer reach",0.32234257710989483,0.14694348828545112,1836.063319217961,836.9901092739295
34017001000,1940,82784.0,36.7,18.814432989690722,2.9896907216494846,28.298969072164947,46.03092783505155,53.0,84.0,31.0,2,"lower-income, hispanic/latino-plurality, farther reach",0.2938869765709022,0.14358729437462942,570.1407345475502,278.5593510867811
34017001100,4896,79750.0,37.8,29.534313725490197,2.7777777777777777,26.51143790849673,37.70424836601307,57.0,79.0,22.0,2,"lower-income, hispanic/latino-plurality, farther reach",0.2679433656340733,0.16117128855494742,1311.850718144423,789.0946287650225
34017001201,2026,72065.0,36.4,18.70681145113524,9.427443237907207,46.939782823297136,16.535044422507404,50.0,79.0,29.0,0,"higher-income, asian_nh-plurality, closer reach",0.3149802624737183,0.16117128855494742,638.1500117717533,326.53303061232344
34017001202,1606,44167.0,27.7,10.58530510585305,18.119551681195517,20.92154420921544,48.00747198007472,47.0,79.0,32.0,2,"lower-income, hispanic/latino-plurality, farther reach",0.3375874865420475,0.16117128855494742,542.1655033865283,258.8410894192456
34017001300,2954,146524.0,36.0,37.406905890318214,2.775897088693297,17.027758970886932,36.72985781990521,59.0,76.0,17.0,3,"higher-income, white_nh-plurality, closer reach",0.2558434729991938,0.17273910999597203,755.7616192396185,510.27133092810135
34017001400,3693,83458.0,36.2,26.94286487950176,12.103980503655565,19.496344435418358,36.47441104792851,53.0,78.0,25.0,2,"lower-income, hispanic/latino-plurality, farther reach",0.2938869765709022,0.16493848884661183,1085.3246044763418,609.1178393105375
34017001701,5794,87714.0,30.4,19.848118743527788,19.019675526406626,35.70935450465999,20.486710390058683,56.0,93.0,37.0,3,"higher-income, white_nh-plurality, closer reach",0.2742062449236565,0.11662912394210094,1588.7509830876656,675.7491441205328
34017001800,4154,69196.0,32.8,27.80452575830525,12.084737602311025,31.993259508907077,23.760231102551757,49.0,84.0,35.0,3,"higher-income, white_nh-plurality, closer reach",0.32234257710989483,0.14358729437462942,1339.0110653145032,596.4616208322105
34017001900,2526,109211.0,30.8,21.892319873317497,11.441013460015835,59.50118764845606,5.661124307205068,40.0,76.0,36.0,0,"higher-income, asian_nh-plurality, closer reach",0.3968502629920499,0.17273910999597203,1002.4437643179181,436.33899184982533
34017002001,1632,75769.0,38.0,14.767156862745098,5.269607843137255,47.916666666666664,27.267156862745097,45.0,80.0,35.0,0,"higher-income, asian_nh-plurality, closer reach",0.3535533905932738,0.15749013123685918,576.9991334482228,257.0238941785542
34017002002,2839,71394.0,33.0,22.613596336738286,10.707995773159563,44.734061289186336,19.83092638252906,43.0,78.0,35.0,0,"higher-income, asian_nh-plurality, closer reach",0.3702743880716411,0.16493848884661183,1051.208987735389,468.260369835531
34017002200,2032,143438.0,35.6,42.076771653543304,1.7716535433070866,20.226377952755904,28.1003937007874,54.0,80.0,26.0,3,"higher-income, white_nh-plurality, closer reach",0.2871745887492588,0.15749013123685918,583.5387643384938,320.01994667329785
34017002300,2584,129417.0,34.2,39.6671826625387,15.054179566563468,15.905572755417957,12.422600619195046,51.0,76.0,25.0,3,"higher-income, white_nh-plurality, closer reach",0.3077861033362291,0.17273910999597203,795.319291020816,446.3578602295917
34017002400,2901,163365.0,36.1,52.98173043778007,4.550155118924509,10.444674250258531,26.094450189589796,54.0,77.0,23.0,3,"higher-income, white_nh-plurality, closer reach",0.2871745887492588,0.16879374327102378,833.0934819615997,489.67064922924
34017002700,5556,51163.0,35.1,21.256299496040317,23.20014398848092,14.740820734341252,36.77105831533477,60.0,97.0,37.0,2,"lower-income, hispanic/latino-plurality, farther reach",0.25,0.10633339511885696,1389.0,590.7883432803693
34017002800,6241,75100.0,39.1,26.582278481012658,17.593334401538215,12.898573946482935,30.73225444640282,53.0,86.0,33.0,2,"lower-income, hispanic/latino-plurality, farther reach",0.2938869765709022,0.13710312246182826,1834.1486207790006,855.6605872842702
34017002900,3614,92736.0,37.7,36.05423353624793,8.716104039845048,29.579413392363033,18.428334255672386,47.0,83.0,36.0,3,"higher-income, white_nh-plurality, closer reach",0.3375874865420475,0.14694348828545112,1220.0411763629597,531.0537666636203
34017003000,2856,46037.0,50.7,20.798319327731093,13.795518207282914,30.252100840336134,32.49299719887955,52.0,83.0,31.0,0,"higher-income, asian_nh-plurality, closer reach",0.3007562590205292,0.14694348828545112,858.9598757626314,419.6706025432484
34017003101,2276,90703.0,32.1,15.07029876977153,19.288224956063267,45.03514938488576,17.26713532513181,54.0,85.0,31.0,0,"higher-income, asian_nh-plurality, closer reach",0.2871745887492588,0.14030775603867163,653.609363993313,319.3404527440166
34017003102,3562,55655.0,33.9,39.78102189781022,8.871420550252667,24.536777091521618,18.641212801796744,54.0,84.0,30.0,3,"higher-income, white_nh-plurality, closer reach",0.2871745887492588,0.14358729437462942,1022.9158851248598,511.45794256243
34017003500,2369,144000.0,33.8,44.9556775010553,7.3026593499366825,8.737864077669903,35.66905867454622,50.0,75.0,25.0,3,"higher-income, white_nh-plurality, closer reach",0.3149802624737183,0.17677669529663692,746.1882418002386,418.7839911577329
34017004000,6137,69740.0,35.9,11.797295095323449,20.074955189832167,42.44744989408506,17.989245559719734,63.0,101.0,38.0,0,"higher-income, asian_nh-plurality, closer reach",0.23325824788420185,0.09694654761460844,1431.5058672653468,594.960962710852
34017004102,4183,76708.0,40.6,7.745637102557973,25.412383456849152,8.606263447286636,50.22710972985895,55.0,86.0,31.0,2,"lower-income, hispanic/latino-plurality, farther reach",0.2806155120773433,0.13710312246182826,1173.8146870195271,573.5023612578276
34017004103,2088,101328.0,39.8,46.839080459770116,29.35823754789272,5.076628352490421,18.39080459770115,55.0,91.0,36.0,3,"higher-income, white_nh-plurality, closer reach",0.2806155120773433,0.12214499605428075,585.9251892174929,255.0387517613382
34017004104,3546,68517.0,39.2,33.44613649182177,15.707839819514946,14.043993231810491,26.367738296672307,53.0,88.0,35.0,3,"higher-income, white_nh-plurality, closer reach",0.2938869765709022,0.13091176535257834,1042.123218920419,464.2131199402428
34017004200,4786,41801.0,37.7,19.536147095695778,32.57417467613874,10.63518595904722,32.198077726702884,56.0,92.0,36.0,2,"lower-income, hispanic/latino-plurality, farther reach",0.2742062449236565,0.1193552004888021,1312.3510882046198,571.2339895394068
34017004300,3193,60338.0,33.5,24.334481678672095,51.08048856874413,1.1901033510804886,21.139993736298152,58.0,88.0,30.0,1,"lower-income, black_nh-plurality, farther reach",0.26182353070515674,0.13091176535257834,836.0025335415654,418.00126677078265
34017004400,2691,34569.0,36.1,6.280193236714976,55.9271646228168,0.0,34.150873281308066,58.0,89.0,31.0,1,"lower-income, black_nh-plurality, farther reach",0.26182353070515674,0.1279217364995969,704.5671211275768,344.23739292041523
34017004500,5725,61858.0,26.5,16.75109170305677,68.0349344978166,2.148471615720524,12.052401746724891,59.0,90.0,31.0,1,"lower-income, black_nh-plurality, farther reach",0.2558434729991938,0.12500000000000003,1464.7038829203846,715.6250000000001
34017004600,2700,70873.0,32.8,11.0,27.22222222222222,1.0740740740740742,58.592592592592595,63.0,96.0,33.0,2,"lower-income, hispanic/latino-plurality, farther reach",0.23325824788420185,0.10881882041201553,629.797269287345,293.81081511244196
34017004700,3213,83268.0,33.2,38.62433862433863,29.536258948023654,6.131341425459072,21.755368814192344,63.0,90.0,27.0,3,"higher-income, white_nh-plurality, closer reach",0.23325824788420185,0.12500000000000003,749.4587504519405,401.6250000000001
34017004800,5035,95997.0,33.1,15.690168818272095,31.459781529294936,27.0506454816286,20.397219463753725,69.0,104.0,35.0,1,"lower-income, black_nh-plurality, farther reach",0.2030630990890589,0.09045432734002365,1022.4227039134115,455.43753815701905
34017004900,4807,67589.0,27.7,11.670480549199084,48.22134387351779,12.211358435614729,18.015394216767213,61.0,97.0,36.0,1,"lower-income, black_nh-plurality, farther reach",0.2442899921085615,0.10633339511885696,1174.301992065855,511.1446303363454
34017005200,4585,52090.0,34.8,14.220283533260632,58.037077426390404,4.95092693565976,22.093784078516904,64.0,96.0,32.0,1,"lower-income, black_nh-plurality, farther reach",0.22793062213955423,0.10881882041201553,1045.061902509856,498.93429158909123
34017005300,3910,58306.0,33.7,7.851662404092072,56.24040920716113,3.3248081841432224,31.381074168797955,61.0,95.0,34.0,1,"lower-income, black_nh-plurality, farther reach",0.2442899921085615,0.11136233976754245,955.1738691444755,435.42674849109096
34017005400,7597,128854.0,40.7,13.847571409767014,26.97117283138081,34.842701066210346,14.518889035145452,79.0,110.0,31.0,1,"lower-income, black_nh-plurality, farther reach",0.16117128855494742,0.07874506561842959,1224.4182791519356,598.2262635032096
34017005500,4155,60523.0,24.2,13.935018050541517,71.52827918170878,0.36101083032490977,10.95066185318893,65.0,95.0,30.0,1,"lower-income, black_nh-plurality, farther reach",0.22272467953508487,0.11136233976754245,925.4210434682776,462.71052173413887
34017005600,4500,95256.0,38.7,6.4222222222222225,35.644444444444446,20.31111111111111,33.86666666666667,64.0,100.0,36.0,1,"lower-income, black_nh-plurality, farther reach",0.22793062213955423,0.09921256574801247,1025.687799627994,446.45654586605616
34017005801,6358,51361.0,32.4,3.28719723183391,65.05190311418686,0.8021390374331551,29.160113243158225,66.0,96.0,30.0,1,"lower-income, black_nh-plurality, farther reach",0.21763764082403103,0.10881882041201553,1383.7401203591894,691.8700601795947
34017005901,3330,108717.0,40.0,9.45945945945946,12.312312312312311,35.43543543543544,33.78378378378378,72.0,103.0,31.0,0,"higher-income, asian_nh-plurality, closer reach",0.1894645708137998,0.09256859701791026,630.9170208099533,308.2534280696412
34017005902,4793,108602.0,35.3,18.33924473190069,5.38284998956812,33.56978927602754,39.9958272480701,67.0,102.0,35.0,2,"lower-income, hispanic/latino-plurality, farther reach",0.21266679023771395,0.09473228540689989,1019.311925609363,454.0518439552712
34017006000,4668,68068.0,41.4,2.506426735218509,60.17566409597258,8.911739502999144,24.93573264781491,70.0,99.0,29.0,1,"lower-income, black_nh-plurality, farther reach",0.19842513149602495,0.10153154954452946,926.2485138234445,473.9492732738635
34017006101,4086,109745.0,41.1,24.840920215369554,11.674008810572687,37.273617229564366,19.383259911894275,73.0,107.0,34.0,3,"higher-income, white_nh-plurality, closer reach",0.18513719403582055,0.08439687163551189,756.4705748303628,344.8456175027016
34017006102,2969,69107.0,44.9,10.912765240821825,38.16099696867632,12.967329067025934,30.178511283260356,73.0,102.0,29.0,1,"lower-income, black_nh-plurality, farther reach",0.18513719403582055,0.09473228540689989,549.6723290923512,281.26015537308575
34017006200,4347,49911.0,41.0,10.006901311249138,32.02208419599724,8.120542903151598,40.07361398665746,69.0,99.0,30.0,2,"lower-income, hispanic/latino-plurality, farther reach",0.2030630990890589,0.10153154954452946,882.715291740139,441.3576458700696
34017006300,4044,70434.0,38.9,13.724035608308606,27.34915924826904,3.5855588526211672,47.2057368941642,68.0,102.0,34.0,2,"lower-income, hispanic/latino-plurality, farther reach",0.20780947403569697,0.09473228540689989,840.3815130003585,383.09736218550313
34017006400,3279,146667.0,35.4,57.15157060079292,3.537663921927417,18.420250076242755,17.535834095760904,47.0,72.0,25.0,3,"higher-income, white_nh-plurality, closer reach",0.3375874865420475,0.1894645708137998,1106.9493683713738,621.2543276984495
34017006500,2237,124950.0,35.7,45.86499776486366,4.023245417970497,16.27179257934734,31.470719713902547,54.0,77.0,23.0,3,"higher-income, white_nh-plurality, closer reach",0.2871745887492588,0.16879374327102378,642.4095550320919,377.5916036972802
34017006600,1262,98229.0,37.6,11.33122028526149,0.0,83.59746434231378,3.9619651347068148,52.0,87.0,35.0,0,"higher-income, asian_nh-plurality, closer reach",0.3007562590205292,0.13397168281703667,379.5543988839079,169.07226371510026
34017006700,3746,27663.0,37.9,11.372130272290443,46.396155899626265,1.414842498665243,37.58675920982381,60.0,87.0,27.0,1,"lower-income, black_nh-plurality, farther reach",0.25,0.13397168281703667,936.5,501.85792383261935
34017006800,4155,65221.0,38.3,4.717208182912154,43.48977135980746,0.0,45.67990373044525,60.0,91.0,31.0,2,"lower-income, hispanic/latino-plurality, farther reach",0.25,0.12214499605428075,1038.75,507.51245860553655
34017006900,60,2499.0,29.8,11.666666666666666,0.0,31.666666666666668,56.666666666666664,69.0,91.0,22.0,2,"lower-income, hispanic/latino-plurality, farther reach",0.2030630990890589,0.12214499605428075,12.183785945343534,7.328699763256845
34017007001,2617,91824.0,36.4,28.238440962934657,12.41880015284677,17.462743599541458,32.90026748184945,49.0,74.0,25.0,3,"higher-income, white_nh-plurality, closer reach",0.32234257710989483,0.1809086546800473,843.5705242965947,473.43794929768376
34017007002,2545,205720.0,33.3,29.351669941060905,2.1218074656188604,51.8664047151277,14.61689587426326,45.0,71.0,26.0,3,"higher-income, white_nh-plurality, closer reach",0.3535533905932738,0.19389309522921686,899.7933790598818,493.45792735835687
34017007100,2872,56719.0,41.6,39.032033426183844,7.625348189415042,31.65041782729805,14.798050139275766,46.0,79.0,33.0,3,"higher-income, white_nh-plurality, closer reach",0.34547821999194406,0.16117128855494742,992.2134478168633,462.88394072980896
34017007200,3286,224091.0,36.8,35.69689592209373,11.046865489957394,25.776019476567257,17.711503347534997,59.0,80.0,21.0,3,"higher-income, white_nh-plurality, closer reach",0.2558434729991938,0.15749013123685918,840.7016522753509,517.5125712443192
34017007300,4682,200693.0,33.0,47.71465185818027,3.9513028620247757,35.262708244340025,9.120034173430158,59.0,85.0,26.0,3,"higher-income, white_nh-plurality, closer reach",0.2558434729991938,0.14030775603867163,1197.8591405822253,656.9209137730605
34017007400,6214,225490.0,35.2,36.46604441583521,6.0830383006115225,47.08722240102993,6.147409076279369,51.0,76.0,25.0,3,"higher-income, white_nh-plurality, closer reach",0.3077861033362291,0.17273910999597203,1912.5828461313274,1073.4008295149702
34017007500,7455,142784.0,34.9,40.603621730382294,4.560697518443997,40.65727699530517,9.926224010731053,50.0,74.0,24.0,3,"higher-income, white_nh-plurality, closer reach",0.3149802624737183,0.1809086546800473,2348.17785674157,1348.6740206397526
34017007601,8401,228939.0,32.4,39.18581121295084,2.5473157957386023,49.37507439590525,4.594691108201404,49.0,73.0,24.0,3,"higher-income, white_nh-plurality, closer reach",0.32234257710989483,0.18513719403582055,2707.9999903002267,1555.3375670949283
34017007602,4446,247718.0,31.1,29.98200629779577,0.0,50.247413405308144,11.988304093567251,54.0,77.0,23.0,3,"higher-income, white_nh-plurality, closer reach",0.2871745887492588,0.16879374327102378,1276.7782215792045,750.4569825829717
34017007701,5023,141641.0,29.0,19.55006967947442,1.094963169420665,72.08839339040414,2.389010551463269,53.0,69.0,16.0,0,"higher-income, asian_nh-plurality, closer reach",0.2938869765709022,0.2030630990890589,1476.1942833156415,1019.9859467243429
34017007702,795,158631.0,31.7,29.056603773584907,0.0,63.77358490566038,2.0125786163522013,57.0,73.0,16.0,3,"higher-income, white_nh-plurality, closer reach",0.2679433656340733,0.18513719403582055,213.01497567908825,147.18406925847734
34017007703,4382,190313.0,31.3,21.24600638977636,2.2820629849383844,64.03468735737107,7.462345960748516,58.0,72.0,14.0,3,"higher-income, white_nh-plurality, closer reach",0.26182353070515674,0.1894645708137998,1147.3107115499968,830.2337493060708
34017007800,4022,130000.0,31.6,36.673296867230235,13.202386872202885,21.15862754848334,23.47090999502735,61.0,79.0,18.0,3,"higher-income, white_nh-plurality, closer reach",0.2442899921085615,0.16117128855494742,982.5343482606344,648.2309225679985
34017010100,6688,83095.0,39.2,37.72428229665072,9.16566985645933,10.00299043062201,38.96531100478469,85.0,118.0,33.0,2,"lower-income, hispanic/latino-plurality, farther reach",0.14030775603867163,0.0654558826762892,938.3782723866359,437.76894333902214
34017010200,3308,84916.0,38.9,49.39540507859734,8.04111245465538,8.615477629987907,32.194679564691654,70.0,106.0,36.0,3,"higher-income, white_nh-plurality, closer reach",0.19842513149602495,0.086369554997986,656.3903349888506,285.7104879333377
34017010500,5310,99017.0,37.5,47.30696798493409,6.290018832391714,7.853107344632768,33.634651600753294,80.0,114.0,34.0,3,"higher-income, white_nh-plurality, closer reach",0.15749013123685918,0.0717936471873147,836.2725968677222,381.224266564641
34017010602,4659,64706.0,38.2,37.7334191886671,3.5844601845889676,14.68126207340631,38.1841596909208,77.0,111.0,34.0,2,"lower-income, hispanic/latino-plurality, farther reach",0.16879374327102378,0.07694652583405728,786.4100498996999,358.49386386087286
34017010701,2425,71290.0,41.7,47.50515463917526,9.402061855670103,1.1546391752577319,39.670103092783506,75.0,112.0,37.0,2,"lower-income, hispanic/latino-plurality, farther reach",0.17677669529663692,0.07518906475513229,428.6834860943445,182.3334820311958
34017010900,2613,60875.0,45.2,37.236892460773056,19.326444699579028,13.088404133180253,26.29161882893226,69.0,108.0,39.0,1,"lower-income, black_nh-plurality, farther reach",0.2030630990890589,0.0824692444233059,530.6038779197108,215.49213567809832
34017011000,3072,66250.0,33.3,27.5390625,27.311197916666668,16.145833333333332,27.994791666666668,73.0,112.0,39.0,1,"lower-income, black_nh-plurality, farther reach",0.18513719403582055,0.07518906475513229,568.7414600780407,230.9808069277664
34017011100,4287,61625.0,35.4,32.30697457429438,11.173314672264986,13.529274550968044,38.60508514112433,83.0,119.0,36.0,2,"lower-income, hispanic/latino-plurality, farther reach",0.14694348828545112,0.06396086824979845,629.946734279729,274.20024218688593
34017011300,3708,55231.0,34.4,45.9007551240561,19.120819848975188,8.522114347357066,24.622437971952536,77.0,116.0,39.0,2,"lower-income, hispanic/latino-plurality, farther reach",0.16879374327102378,0.06855156123091415,625.8872000489562,254.18918904422966
34017012300,2145,84022.0,39.5,35.38461538461539,1.3053613053613053,5.734265734265734,55.8974358974359,37.0,102.0,65.0,2,"lower-income, hispanic/latino-plurality, farther reach",0.4253335804754279,0.09473228540689989,912.3405301197929,203.20075219780026
34017012400,3142,114083.0,43.3,42.9662635264163,2.2915340547422023,1.6231699554423933,37.23742838956079,47.0,112.0,65.0,3,"higher-income, white_nh-plurality, closer reach",0.3375874865420475,0.07518906475513229,1060.6998827151133,236.24404146062565
34017012500,3571,108691.0,44.8,47.745729487538505,0.39204704564547743,1.148137776533184,42.73312797535704,43.0,108.0,65.0,3,"higher-income, white_nh-plurality, closer reach",0.3702743880716411,0.0824692444233059,1322.2498398038304,294.4976718356254
34017012600,3647,85150.0,37.9,35.94735398958048,0.6580751302440362,3.3726350425006855,57.80093227310118,38.0,103.0,65.0,2,"lower-income, hispanic/latino-plurality, farther reach",0.4156189480713939,0.09256859701791026,1515.7623036163734,337.5976733243187
34017012800,4785,84797.0,36.0,43.19749216300941,3.3646812957157786,7.816091954022989,36.96969696969697,37.0,102.0,65.0,3,"higher-income, white_nh-plurality, closer reach",0.4253335804754279,0.09473228540689989,2035.2211825749225,453.293985672016
34017012900,3765,78333.0,39.9,25.152722443559096,2.8419654714475433,6.401062416998672,55.93625498007968,32.0,97.0,65.0,2,"lower-income, hispanic/latino-plurality, farther reach",0.4774208019552083,0.10633339511885696,1797.4893193613593,400.34523262249644
34017013000,3499,75805.0,39.1,18.891111746213205,4.086881966276079,1.4004001143183766,70.53443841097456,34.0,99.0,65.0,2,"lower-income, hispanic/latino-plurality, farther reach",0.45586124427910846,0.10153154954452946,1595.0584937326005,355.2588918563086
34017013100,2291,78750.0,43.7,32.47490178961152,2.9244871235268444,2.3134002618943694,56.43823657791358,43.0,108.0,65.0,2,"lower-income, hispanic/latino-plurality, farther reach",0.3702743880716411,0.0824692444233059,848.2986230721298,188.93703897379382
34017013200,4096,71125.0,38.4,26.7578125,1.6357421875,3.271484375,61.5234375,39.0,104.0,65.0,2,"lower-income, hispanic/latino-plurality, farther reach",0.4061261981781178,0.09045432734002365,1663.4929077375705,370.50092478473687
34017013300,3442,74821.0,33.8,29.662986635676933,9.296920395119116,2.5857059848925044,47.64671702498547,45.0,110.0,65.0,2,"lower-income, hispanic/latino-plurality, farther reach",0.3535533905932738,0.07874506561842959,1216.9307704220485,271.04051585863465
34017013400,2529,65272.0,42.1,19.137999209173586,1.5421115065243178,9.213127718465797,63.1079478054567,32.0,101.0,69.0,2,"lower-income, hispanic/latino-plurality, farther reach",0.4774208019552083,0.09694654761460844,1207.3972081447218,245.17781891734475
34017013500,5203,57708.0,33.7,18.98904478185662,0.0,10.090332500480493,65.21237747453392,29.0,94.0,65.0,2,"lower-income, hispanic/latino-plurality, farther reach",0.5116869459983875,0.1139653110697771,2662.30718002961,592.9615134960502
34017013600,2070,62933.0,35.9,11.014492753623188,0.0,10.193236714975846,70.48309178743962,24.0,92.0,68.0,2,"lower-income, hispanic/latino-plurality, farther reach",0.5743491774985175,0.1193552004888021,1188.9027974219314,247.06526501182034
34017013700,2777,61100.0,43.4,33.05725603168887,7.670147641339575,14.764133957508102,43.35613971912135,29.0,98.0,69.0,2,"lower-income, hispanic/latino-plurality, farther reach",0.5116869459983875,0.1039047370178485,1420.9546490375221,288.54345469856526
34017013800,4891,120433.0,32.1,19.21897362502556,10.304641177673277,41.423021876916785,22.244939685135964,18.0,90.0,72.0,3,"higher-income, white_nh-plurality, closer reach",0.6597539553864472,0.12500000000000003,3226.856595795113,611.3750000000001
34017013900,4658,113750.0,33.0,37.93473593817089,5.2382996994418205,24.388149420352082,29.690854443967368,14.0,102.0,88.0,3,"higher-income, white_nh-plurality, closer reach",0.7236346187201891,0.09473228540689989,3370.690053998641,441.2629854253397
34017014000,4821,80179.0,39.0,16.822236050611906,1.4312383322962041,2.177971375233354,76.7475627463182,88.0,87.0,-1.0,2,"lower-income, hispanic/latino-plurality, farther reach",0.13091176535257834,0.13397168281703667,631.1256207647801,645.8774828609338
34017014101,4475,122228.0,48.1,32.58100558659218,3.7094972067039107,20.98324022346369,39.77653631284916,87.0,77.0,-10.0,0,"higher-income, asian_nh-plurality, closer reach",0.13397168281703667,0.16879374327102378,599.523280606239,755.3520011378314
34017014102,4450,68487.0,44.8,35.86516853932584,7.123595505617978,5.213483146067416,47.07865168539326,92.0,83.0,-9.0,2,"lower-income, hispanic/latino-plurality, farther reach",0.1193552004888021,0.14694348828545112,531.1306421751693,653.8985228702575
34017014200,6343,101670.0,41.2,27.037679331546588,5.943559829733565,1.686898943717484,63.47154343370645,87.0,77.0,-10.0,2,"lower-income, hispanic/latino-plurality, farther reach",0.13397168281703667,0.16879374327102378,849.7823841084636,1070.6587135681038
34017014300,5459,69846.0,39.3,17.164315808756182,0.0,3.883495145631068,77.37680893936619,86.0,84.0,-2.0,2,"lower-income, hispanic/latino-plurality, farther reach",0.13710312246182826,0.14358729437462942,748.4459455191205,783.8430399911019
34017014401,4259,86505.0,39.6,22.446583705095094,0.0,4.766377083822493,71.89481098849495,82.0,87.0,5.0,2,"lower-income, hispanic/latino-plurality, farther reach",0.15037812951026458,0.13397168281703667,640.4604535842168,570.5853971177592
34017014402,3804,86762.0,39.8,13.117770767613038,4.153522607781283,1.077812828601472,76.31440588853837,81.0,86.0,5.0,2,"lower-income, hispanic/latino-plurality, farther reach",0.15389305166811457,0.13710312246182826,585.4091685455078,521.5402778447947
34017014501,4995,62074.0,35.2,13.193193193193194,0.5605605605605606,11.591591591591591,71.41141141141141,80.0,84.0,4.0,2,"lower-income, hispanic/latino-plurality, farther reach",0.15749013123685918,0.14358729437462942,786.6632055281116,717.2185354012739
34017014502,3841,27169.0,50.8,9.711012757094506,0.0,2.3171049205935956,86.25357979692788,84.0,83.0,-1.0,2,"lower-income, hispanic/latino-plurality, farther reach",0.14358729437462942,0.14694348828545112,551.5187976929516,564.4099385044177
34017014600,4262,84487.0,32.9,14.101360863444393,2.651337400281558,7.954012200844674,73.86203660253402,82.0,87.0,5.0,2,"lower-income, hispanic/latino-plurality, farther reach",0.15037812951026458,0.13397168281703667,640.9115879727476,570.9873121662102
34017014700,5444,84698.0,36.3,12.803085966201323,4.463629684055841,1.7266715650257163,80.08817046289494,69.0,71.0,2.0,2,"lower-income, hispanic/latino-plurality, farther reach",0.2030630990890589,0.19389309522921686,1105.4755114408367,1055.5540104278566
34017014801,4931,48242.0,41.4,26.870817278442505,0.9531535185560738,7.767187183127155,64.40884201987427,71.0,76.0,5.0,2,"lower-income, hispanic/latino-plurality, farther reach",0.19389309522921686,0.17273910999597203,956.0868525752683,851.776551390138
34017014802,1267,36742.0,44.9,9.94475138121547,3.393843725335438,29.439621152328336,57.22178374112076,74.0,75.0,1.0,2,"lower-income, hispanic/latino-plurality, farther reach",0.1809086546800473,0.17677669529663692,229.21126547961993,223.97607294083898
34017014900,2851,75104.0,43.0,15.082427218519818,0.0,13.468958260259559,67.37986671343388,65.0,78.0,13.0,2,"lower-income, hispanic/latino-plurality, farther reach",0.22272467953508487,0.16493848884661183,634.988061354527,470.2396317016903
34017015001,2180,108688.0,46.8,45.36697247706422,4.4495412844036695,22.24770642201835,21.05504587155963,85.0,75.0,-10.0,3,"higher-income, white_nh-plurality, closer reach",0.14030775603867163,0.17677669529663692,305.8709081643041,385.3731957466685
34017015003,2418,60417.0,36.4,10.21505376344086,1.943755169561621,1.902398676592225,85.9387923904053,87.0,78.0,-9.0,2,"lower-income, hispanic/latino-plurality, farther reach",0.13397168281703667,0.16493848884661183,323.9435290515947,398.8212660311074
34017015004,4016,88450.0,36.6,13.869521912350598,2.8884462151394423,4.158366533864542,75.0,83.0,73.0,-10.0,2,"lower-income, hispanic/latino-plurality, farther reach",0.14694348828545112,0.18513719403582055,590.1250489543717,743.5109712478553
34017015100,3024,70511.0,35.6,10.44973544973545,0.03306878306878307,4.034391534391534,82.20899470899471,85.0,80.0,-5.0,2,"lower-income, hispanic/latino-plurality, farther reach",0.14030775603867163,0.15749013123685918,424.29065426094303,476.25015686026217
34017015201,3069,158693.0,40.9,37.080482241772565,2.541544477028348,35.67937438905181,23.004235907461712,83.0,73.0,-10.0,3,"higher-income, white_nh-plurality, closer reach",0.14694348828545112,0.18513719403582055,450.9695655480495,568.1860484959333
34017015202,5809,88551.0,40.6,20.106730934756413,2.0313306937510758,4.579101394388019,72.52539163367189,80.0,70.0,-10.0,2,"lower-income, hispanic/latino-plurality, farther reach",0.15749013123685918,0.19842513149602495,914.860172354915,1152.651588860409
34017015300,4863,59545.0,36.3,8.06086777709233,1.5011309891013778,1.5628213037219822,88.17602303105079,83.0,73.0,-10.0,2,"lower-income, hispanic/latino-plurality, farther reach",0.14694348828545112,0.18513719403582055,714.5861835321488,900.3221745961953
34017015500,4624,48478.0,40.0,16.30622837370242,1.1245674740484428,0.8866782006920415,81.6825259515571,82.0,77.0,-5.0,2,"lower-income, hispanic/latino-plurality, farther reach",0.15037812951026458,0.16879374327102378,695.3484708554635,780.502268885214
34017015600,4363,61772.0,38.6,8.36580334632134,2.7045610818244326,7.105202842081137,81.8244327297731,80.0,71.0,-9.0,2,"lower-income, hispanic/latino-plurality, farther reach",0.15749013123685918,0.19389309522921686,687.1294425864166,845.9555744850732
34017015700,3674,55179.0,39.0,5.933587370713119,1.2248230811105063,0.4899292324442025,92.35166031573218,78.0,70.0,-8.0,2,"lower-income, hispanic/latino-plurality, farther reach",0.16493848884661183,0.19842513149602495,605.9840080224519,729.0139331163956
34017015801,3378,170015.0,35.0,39.10597986974541,6.986382474837182,38.75074008288929,13.439905269390172,83.0,72.0,-11.0,3,"higher-income, white_nh-plurality, closer reach",0.14694348828545112,0.1894645708137998,496.37510342825385,640.0113202090157
34017015802,5166,55373.0,53.0,3.619821912504839,2.032520325203252,7.4332171893147505,86.2175764614789,73.0,67.0,-6.0,2,"lower-income, hispanic/latino-plurality, farther reach",0.18513719403582055,0.21266679023771395,956.4187443890489,1098.6366383680304
34017015900,6282,66892.0,30.5,10.17191977077364,0.8755173511620503,0.8595988538681948,87.21744667303406,76.0,70.0,-6.0,2,"lower-income, hispanic/latino-plurality, farther reach",0.17273910999597203,0.19842513149602495,1085.1470889946963,1246.5066760580287
34017016000,3728,49083.0,34.8,14.484978540772532,1.3948497854077253,2.8701716738197427,80.92811158798283,78.0,73.0,-5.0,2,"lower-income, hispanic/latino-plurality, farther reach",0.16493848884661183,0.18513719403582055,614.8906864201689,690.191459365539
34017016100,3970,65188.0,36.7,6.3727959697733,2.292191435768262,1.309823677581864,88.58942065491183,70.0,67.0,-3.0,2,"lower-income, hispanic/latino-plurality, farther reach",0.19842513149602495,0.21266679023771395,787.7477720392191,844.2871572437244
34017016200,4240,53574.0,38.6,10.283018867924529,1.4150943396226414,2.5,83.16037735849056,71.0,68.0,-3.0,2,"lower-income, hispanic/latino-plurality, farther reach",0.19389309522921686,0.20780947403569697,822.1067237718795,881.1121699113552
34017016300,4295,74495.0,40.4,10.267753201396973,6.10011641443539,5.518044237485448,74.9941792782305,69.0,66.0,-3.0,2,"lower-income, hispanic/latino-plurality, farther reach",0.2030630990890589,0.21763764082403103,872.1560105875079,934.7536673392133
34017016400,3616,40727.0,40.0,3.5674778761061945,1.0508849557522124,2.295353982300885,92.72676991150442,66.0,64.0,-2.0,2,"lower-income, hispanic/latino-plurality, farther reach",0.21763764082403103,0.22793062213955423,786.9777092196962,824.1971296566281
34017016500,4585,88695.0,38.3,15.44165757906216,5.910577971646674,8.309705561613958,65.08178844056707,61.0,59.0,-2.0,2,"lower-income, hispanic/latino-plurality, farther reach",0.2442899921085615,0.2558434729991938,1120.0696138177545,1173.0423237013035
34017016600,3207,45583.0,35.2,8.387901465544122,2.556906766448394,3.4299968818210167,83.97256002494544,63.0,65.0,2.0,2,"lower-income, hispanic/latino-plurality, farther reach",0.23325824788420185,0.22272467953508487,748.0592009646354,714.2780472690172
34017016700,1706,70278.0,36.8,10.140679953106682,0.41031652989449,3.223915592028136,85.99062133645955,57.0,62.0,5.0,2,"lower-income, hispanic/latino-plurality, farther reach",0.2679433656340733,0.23871040097760418,457.11138177172904,407.23994406779275
34017016800,3807,65192.0,33.0,2.6530076175466246,2.4691358024691357,1.3921723141581297,93.48568426582611,59.0,62.0,3.0,2,"lower-income, hispanic/latino-plurality, farther reach",0.2558434729991938,0.23871040097760418,973.9961017079308,908.7704965217391
34017016900,3195,39735.0,40.4,5.38341158059468,1.4397496087636932,0.9702660406885759,90.61032863849765,65.0,64.0,-1.0,2,"lower-income, hispanic/latino-plurality, farther reach",0.22272467953508487,0.22793062213955423,711.6053511145961,728.2383377358758
34017017000,5276,61036.0,30.0,4.965883244882487,4.719484457922669,1.9143290371493555,87.86959818043972,63.0,68.0,5.0,2,"lower-income, hispanic/latino-plurality, farther reach",0.23325824788420185,0.20780947403569697,1230.670515837049,1096.4027850123373
34017017100,4683,85008.0,39.4,21.311125346999788,0.5551996583386718,2.904121289771514,73.26500106769166,67.0,72.0,5.0,2,"lower-income, hispanic/latino-plurality, farther reach",0.21266679023771395,0.1894645708137998,995.9185786832145,887.2625851210245
34017017200,3146,53148.0,36.9,6.834075015893197,0.8900190718372537,6.547997457088366,84.61538461538461,69.0,67.0,-2.0,2,"lower-income, hispanic/latino-plurality, farther reach",0.2030630990890589,0.21266679023771395,638.8365097341792,669.0497220878481
34017017300,2380,81962.0,41.8,20.88235294117647,1.7647058823529411,7.016806722689076,67.81512605042016,73.0,67.0,-6.0,2,"lower-income, hispanic/latino-plurality, farther reach",0.18513719403582055,0.21266679023771395,440.6265218052529,506.1469607657592
34017017400,2212,50086.0,40.8,6.871609403254973,1.2658227848101267,0.6781193490054249,87.25135623869801,70.0,67.0,-3.0,2,"lower-income, hispanic/latino-plurality, farther reach",0.19842513149602495,0.21266679023771395,438.9163908692072,470.4189400058233
34017017500,4628,73783.0,32.0,1.6421780466724287,3.0466724286949005,1.166810717372515,93.19360414866033,68.0,70.0,2.0,2,"lower-income, hispanic/latino-plurality, farther reach",0.20780947403569697,0.19842513149602495,961.7422458372056,918.3115085636034
34017017600,3176,47041.0,39.3,4.880352644836272,6.738035264483627,3.1486146095717884,85.23299748110831,65.0,73.0,8.0,2,"lower-income, hispanic/latino-plurality, farther reach",0.22272467953508487,0.18513719403582055,707.3735822034296,587.995728257766
34017017700,1713,71012.0,44.7,18.622300058377117,5.954465849387041,7.122008172796264,65.55750145942791,63.0,76.0,13.0,2,"lower-income, hispanic/latino-plurality, farther reach",0.23325824788420185,0.17273910999597203,399.57137862563775,295.9020954231001
34017017800,6540,94910.0,37.4,18.211009174311926,4.541284403669724,6.605504587155964,69.00611620795107,68.0,70.0,2.0,2,"lower-income, hispanic/latino-plurality, farther reach",0.20780947403569697,0.19842513149602495,1359.073960193458,1297.7003599840032
34017017900,5123,168784.0,35.1,47.76498145617802,4.8018739020105405,34.66718719500293,9.44758930314269,77.0,69.0,-8.0,3,"higher-income, white_nh-plurality, closer reach",0.16879374327102378,0.2030630990890589,864.7303467774549,1040.2922566332488
34017018000,4116,88779.0,41.6,38.33819241982507,2.2351797862001943,6.681243926141885,50.097181729834794,70.0,63.0,-7.0,2,"lower-income, hispanic/latino-plurality, farther reach",0.19842513149602495,0.23325824788420185,816.7178412376387,960.0909482913748
34017018100,2757,88307.0,47.3,34.92927094668118,5.150525933986217,11.570547696771854,43.126586869785996,67.0,62.0,-5.0,3,"higher-income, white_nh-plurality, closer reach",0.21266679023771395,0.23871040097760418,586.3223406853774,658.1245754952547
34017018200,4950,174313.0,38.0,39.717171717171716,1.696969696969697,5.898989898989899,47.95959595959596,67.0,64.0,-3.0,3,"higher-income, white_nh-plurality, closer reach",0.21266679023771395,0.22793062213955423,1052.700611676684,1128.2565795907935
34017018301,2551,250001.0,35.2,57.31085848686789,3.6456291650333204,30.419443355546843,3.1752254018032144,75.0,77.0,2.0,3,"higher-income, white_nh-plurality, closer reach",0.17677669529663692,0.16879374327102378,450.9573497017208,430.5928390843817
34017018302,5903,247679.0,35.1,61.002879891580555,0.1016432322547857,26.986278163645604,7.978993732000678,82.0,70.0,-12.0,3,"higher-income, white_nh-plurality, closer reach",0.15037812951026458,0.19842513149602495,887.6820984990918,1171.3035512210354
34017018401,3098,171875.0,33.2,70.9812782440284,1.2588766946417043,12.943834732085216,12.298256939961265,78.0,65.0,-13.0,3,"higher-income, white_nh-plurality, closer reach",0.16493848884661183,0.22272467953508487,510.97943844680344,690.0010571996929
34017018402,3226,250001.0,32.5,71.04773713577185,2.851828890266584,7.873527588344699,13.174209547427154,77.0,63.0,-14.0,3,"higher-income, white_nh-plurality, closer reach",0.16879374327102378,0.23325824788420185,544.5286157923227,752.4911076744352
34017018501,5441,203912.0,31.4,69.58279727991179,5.23800771916927,10.47601543833854,11.137658518654659,69.0,72.0,3.0,3,"higher-income, white_nh-plurality, closer reach",0.2030630990890589,0.1894645708137998,1104.8663221435695,1030.8767297978848
34017018502,1934,184896.0,33.3,67.99379524301965,1.4477766287487073,8.841778697001034,20.527404343329888,71.0,72.0,1.0,3,"higher-income, white_nh-plurality, closer reach",0.19389309522921686,0.1894645708137998,374.9892461733054,366.4244799538888
34017018600,2509,150417.0,33.3,72.73814268632921,0.3985651654045436,15.065763252291749,4.224790753288163,75.0,70.0,-5.0,3,"higher-income, white_nh-plurality, closer reach",0.17677669529663692,0.19842513149602495,443.532728499262,497.84865492352657
34017018701,3162,152500.0,21.2,63.18785578747628,5.502846299810247,14.041745730550284,14.358001265022137,78.0,73.0,-5.0,3,"higher-income, white_nh-plurality, closer reach",0.16493848884661183,0.18513719403582055,521.5355017329866,585.4038075412645
34017018702,4294,96338.0,31.3,65.48672566371681,1.560316721006055,11.99347927340475,18.0018630647415,78.0,68.0,-10.0,3,"higher-income, white_nh-plurality, closer reach",0.16493848884661183,0.20780947403569697,708.2458711073511,892.3338815092828
34017018800,3163,167778.0,31.6,67.81536515965855,0.37938665823585205,9.421435346190325,13.246917483401834,76.0,73.0,-3.0,3,"higher-income, white_nh-plurality, closer reach",0.17273910999597203,0.18513719403582055,546.3738049172596,585.5889447353004
34017018900,4391,138320.0,32.5,61.626053290822135,2.3684809838305627,17.125939421544068,11.227510817581416,73.0,75.0,2.0,3,"higher-income, white_nh-plurality, closer reach",0.18513719403582055,0.17677669529663692,812.9374190112881,776.2264690475328
34017019000,4963,112907.0,28.6,45.839210155148095,20.67298005238767,2.1156558533145273,27.966955470481565,71.0,78.0,7.0,3,"higher-income, white_nh-plurality, closer reach",0.19389309522921686,0.16493848884661183,962.2914316226032,818.5897201457345
34017019100,3706,134083.0,33.8,71.53264975715057,0.5126821370750135,5.612520237452779,18.807339449541285,70.0,76.0,6.0,3,"higher-income, white_nh-plurality, closer reach",0.19842513149602495,0.17273910999597203,735.3635373242685,640.1711416450723
34017019200,4545,209792.0,32.2,64.15841584158416,1.1221122112211221,15.115511551155116,13.817381738173818,68.0,75.0,7.0,3,"higher-income, white_nh-plurality, closer reach",0.20780947403569697,0.17677669529663692,944.4940594922427,803.4500801232148
34017019300,2672,175823.0,33.0,66.39221556886227,0.7859281437125748,10.928143712574851,16.84131736526946,68.0,71.0,3.0,3,"higher-income, white_nh-plurality, closer reach",0.20780947403569697,0.19389309522921686,555.2669146233823,518.0823504524674
34017019400,2782,130361.0,32.3,73.75988497483824,3.882099209202013,5.643421998562186,9.777138749101367,70.0,72.0,2.0,3,"higher-income, white_nh-plurality, closer reach",0.19842513149602495,0.1894645708137998,552.0187158219414,527.090436003991
34017019800,7320,142857.0,40.7,46.53005464480874,0.7923497267759563,32.93715846994535,13.729508196721312,96.0,84.0,-12.0,3,"higher-income, white_nh-plurality, closer reach",0.10881882041201553,0.14358729437462942,796.5537654159536,1051.0589948222873
34017019900,5194,100750.0,40.8,28.263380824027724,3.0227185213708125,35.75279168271082,30.612244897959183,71.0,85.0,14.0,0,"higher-income, asian_nh-plurality, closer reach",0.19389309522921686,0.14030775603867163,1007.0807366205523,728.7584848648604
34017020000,5247,128633.0,46.2,44.291976367448065,6.78482942633886,17.934057556699067,21.15494568324757,78.0,75.0,-3.0,3,"higher-income, white_nh-plurality, closer reach",0.16493848884661183,0.17677669529663692,865.4322509781723,927.5473202214539
34017020100,3676,200333.0,32.8,13.08487486398259,14.7170837867247,59.521218715995644,12.023939064200217,44.0,80.0,36.0,3,"higher-income, white_nh-plurality, closer reach",0.36181730936009454,0.15749013123685918,1330.0404292077076,578.9337224266943
34017032400,6727,32642.0,33.3,6.005648877657202,0.02973093503790694,2.690649620930578,90.6347554630593,82.0,77.0,-5.0,2,"lower-income, hispanic/latino-plurality, farther reach",0.15037812951026458,0.16879374327102378,1011.5936772155499,1135.475510984177
34031124322,5234,123686.0,43.4,51.60489109667558,2.350019105846389,13.698891860909438,27.474207107374855,89.0,92.0,3.0,3,"higher-income, white_nh-plurality, closer reach",0.1279217364995969,0.1193552004888021,669.5423688388902,624.7051193583902
34031124402,5565,138528.0,38.0,57.21473495058401,1.1141060197663972,11.78796046720575,29.03863432165319,84.0,93.0,9.0,3,"higher-income, white_nh-plurality, closer reach",0.14358729437462942,0.11662912394210094,799.0632931948127,649.0410747377917
34031154003,3936,150625.0,48.7,80.3099593495935,0.9400406504065041,9.197154471544716,5.182926829268292,88.0,104.0,16.0,3,"higher-income, white_nh-plurality, closer reach",0.13091176535257834,0.09045432734002365,515.2687084277484,356.0282324103331
34031154006,4638,115227.0,49.8,66.08451918930574,0.9055627425614489,6.576110392410522,21.90599396291505,87.0,103.0,16.0,3,"higher-income, white_nh-plurality, closer reach",0.13397168281703667,0.09256859701791026,621.3606649054161,429.3331529690678
34031175402,3612,38761.0,30.0,1.3565891472868217,15.116279069767442,0.0,83.49944629014396,90.0,102.0,12.0,2,"lower-income, hispanic/latino-plurality, farther reach",0.12500000000000003,0.09473228540689989,451.5000000000001,342.1730148897224
34031175601,2399,148438.0,22.9,95.12296790329304,1.0421008753647354,0.45852438516048355,1.709045435598166,89.0,103.0,14.0,3,"higher-income, white_nh-plurality, closer reach",0.1279217364995969,0.09256859701791026,306.88424586253296,222.07206424596671
34031175701,5694,67875.0,34.0,35.84474885844749,4.935019318580962,7.534246575342466,50.807867931155606,85.0,96.0,11.0,2,"lower-income, hispanic/latino-plurality, farther reach",0.14030775603867163,0.10881882041201553,798.9123628841962,619.6143634260164
34031175704,4887,81650.0,28.3,48.04583589113976,1.2482095355023533,13.689379987722528,30.91876406793534,87.0,97.0,10.0,3,"higher-income, white_nh-plurality, closer reach",0.13397168281703667,0.10633339511885696,654.7196139268582,519.651301945854
34031175801,3383,39097.0,39.7,3.0446349394028966,4.167898315104936,24.711794265444873,68.0756724800473,89.0,100.0,11.0,2,"lower-income, hispanic/latino-plurality, farther reach",0.1279217364995969,0.09921256574801247,432.75923457813633,335.6361099255262
34039030200,3998,65169.0,31.5,2.4012006003001503,22.26113056528264,1.6758379189594796,72.13606803401701,73.0,111.0,38.0,2,"lower-income, hispanic/latino-plurality, farther reach",0.18513719403582055,0.07694652583405728,740.1785017552105,307.63221028456104
34039030703,5301,70825.0,32.1,10.111299754763252,15.336728919071874,0.0,73.74080362195812,57.0,114.0,57.0,2,"lower-income, hispanic/latino-plurality, farther reach",0.2679433656340733,0.0717936471873147,1420.3677812262224,380.5781237399552
34039030704,2743,54665.0,40.7,8.603718556325191,6.598614655486694,5.103900838497995,76.15749179730223,51.0,107.0,56.0,2,"lower-income, hispanic/latino-plurality, farther reach",0.3077861033362291,0.08439687163551189,844.2572814512764,231.50061889620912
34039030802,3246,102627.0,40.9,20.147874306839185,7.178065311152188,1.5711645101663585,69.56253850893407,57.0,112.0,55.0,2,"lower-income, hispanic/latino-plurality, farther reach",0.2679433656340733,0.07518906475513229,869.7441648482019,244.0637041951594
34039030900,6609,82761.0,34.7,10.803449841125738,0.6052352852171281,1.3466485096081102,86.79073990013617,69.0,117.0,48.0,2,"lower-income, hispanic/latino-plurality, farther reach",0.2030630990890589,0.06698584140851833,1342.0440218795902,442.70942586889765
34039031000,4055,61532.0,33.3,3.847102342786683,13.662145499383477,2.6387176325524044,75.63501849568433,67.0,113.0,46.0,2,"lower-income, hispanic/latino-plurality, farther reach",0.21266679023771395,0.07347174414272556,862.3638344139301,297.92792249875214
34039031100,6028,50000.0,33.8,7.000663570006636,13.370935633709356,0.0165892501658925,79.61181154611812,56.0,106.0,50.0,2,"lower-income, hispanic/latino-plurality, farther reach",0.2742062449236565,0.086369554997986,1652.9152443998012,520.6356775278596
34039031200,6385,65370.0,31.7,9.303054032889586,18.668754894283477,1.0649960845732185,64.5105716523101,56.0,102.0,46.0,2,"lower-income, hispanic/latino-plurality, farther reach",0.2742062449236565,0.09473228540689989,1750.8068738375466,604.8656423230558
34039031301,3484,74717.0,36.8,24.65556831228473,3.04247990815155,0.0,64.03559127439725,67.0,83.0,16.0,2,"lower-income, hispanic/latino-plurality, farther reach",0.21266679023771395,0.14694348828545112,740.9310971881954,511.9511131865117
34039031302,3857,71875.0,39.9,10.578169561835624,19.237749546279492,0.466683951257454,68.52476017630282,57.0,91.0,34.0,2,"lower-income, hispanic/latino-plurality, farther reach",0.2679433656340733,0.12214499605428075,1033.4575612506208,471.1132497813609
34039031400,5986,52133.0,34.3,4.243234213164049,34.69762779819579,2.9401937854994986,56.94954894754427,50.0,92.0,42.0,2,"lower-income, hispanic/latino-plurality, farther reach",0.3149802624737183,0.1193552004888021,1885.4718511676776,714.4602301259694
34039031500,5592,72880.0,38.0,16.82761087267525,5.293276108726753,1.0014306151645207,63.42989985693848,61.0,83.0,22.0,2,"lower-income, hispanic/latino-plurality, farther reach",0.2442899921085615,0.14694348828545112,1366.069635871076,821.7079864922426
34039031601,4030,63378.0,35.8,8.411910669975185,27.915632754342433,2.6799007444168734,57.07196029776675,53.0,86.0,33.0,2,"lower-income, hispanic/latino-plurality, farther reach",0.2938869765709022,0.13710312246182826,1184.3645155807358,552.525583521168
34039031602,5558,67673.0,36.9,16.462756387189636,9.589780496581504,0.9535804246131702,65.94098596617488,55.0,92.0,37.0,2,"lower-income, hispanic/latino-plurality, farther reach",0.2806155120773433,0.1193552004888021,1559.661016125874,663.3762043167621
34039031700,5732,50955.0,39.5,10.99092812281926,28.838101884159105,3.977669225401256,55.460572226099096,54.0,93.0,39.0,2,"lower-income, hispanic/latino-plurality, farther reach",0.2871745887492588,0.11662912394210094,1646.0847427107512,668.5181384361226
34039031801,5448,71920.0,37.3,16.59324522760646,16.666666666666668,3.1754772393538913,62.73861967694567,53.0,106.0,53.0,2,"lower-income, hispanic/latino-plurality, farther reach",0.2938869765709022,0.086369554997986,1601.096248358275,470.54133562902774
34039031802,3353,37256.0,35.1,4.920966298836863,14.554130629287206,0.3877124962719952,79.66000596480764,51.0,102.0,51.0,2,"lower-income, hispanic/latino-plurality, farther reach",0.3077861033362291,0.09473228540689989,1032.006804486376,317.6373529693353
34039031903,7011,55203.0,36.6,6.93196405648267,24.518613607188705,0.2282128084438739,65.04065040650407,50.0,101.0,51.0,2,"lower-income, hispanic/latino-plurality, farther reach",0.3149802624737183,0.09694654761460844,2208.326620203239,679.6922453260198
34039031904,2988,36995.0,46.1,7.764390896921017,20.816599732262382,0.0,64.4912985274431,44.0,97.0,53.0,2,"lower-income, hispanic/latino-plurality, farther reach",0.36181730936009454,0.10633339511885696,1081.1101203679625,317.7241846151446
34039032002,5065,79313.0,37.3,23.59328726554788,4.54096742349457,0.5528134254689042,70.06910167818361,60.0,110.0,50.0,2,"lower-income, hispanic/latino-plurality, farther reach",0.25,0.07874506561842959,1266.25,398.84375735734585
34039032003,3427,75523.0,41.1,24.569594397432155,14.44412022176831,1.838342573679603,59.14794280711993,56.0,103.0,47.0,2,"lower-income, hispanic/latino-plurality, farther reach",0.2742062449236565,0.09256859701791026,939.7048013533707,317.2325819803785
34039032004,2761,66023.0,34.8,5.9760956175298805,10.249909453096704,14.668598333936979,66.24411445128577,59.0,104.0,45.0,2,"lower-income, hispanic/latino-plurality, farther reach",0.2558434729991938,0.09045432734002365,706.383828950774,249.7443977858053
34039032101,3617,118848.0,42.3,36.521979541056126,8.321813657727398,0.0,53.96737627868399,70.0,115.0,45.0,2,"lower-income, hispanic/latino-plurality, farther reach",0.19842513149602495,0.07015387801933584,717.7037006211223,253.74657679593773
34039032200,6247,103673.0,32.7,1.8728989915159275,75.58828237554026,0.30414599007523613,19.78549703857852,60.0,85.0,25.0,1,"lower-income, black_nh-plurality, farther reach",0.25,0.14030775603867163,1561.75,876.5025519735816
34039032300,2818,74303.0,40.7,6.1745919091554295,71.930447125621,0.0,18.701206529453515,67.0,84.0,17.0,1,"lower-income, black_nh-plurality, farther reach",0.21266679023771395,0.14358729437462942,599.295014889878,404.6289955477057
34039032401,3782,86700.0,49.2,26.99629825489159,35.08725542041248,4.944473823373876,25.621364357482815,63.0,91.0,28.0,1,"lower-income, black_nh-plurality, farther reach",0.23325824788420185,0.12214499605428075,882.1826934980514,461.9523750772898
34039032402,3430,96583.0,31.8,12.973760932944606,42.71137026239067,0.26239067055393583,32.59475218658892,74.0,87.0,13.0,1,"lower-income, black_nh-plurality, farther reach",0.1809086546800473,0.13397168281703667,620.5166855525622,459.5228720624358
34039032500,5902,100759.0,33.9,29.430701457133175,31.887495764147747,3.320908166723145,31.95526940020332,69.0,100.0,31.0,1,"lower-income, black_nh-plurality, farther reach",0.2030630990890589,0.09921256574801247,1198.4784108236256,585.5525630447696
34039032600,5169,108268.0,37.7,9.22809053975624,62.584639195202165,4.681756626039853,16.908492938672858,80.0,113.0,33.0,1,"lower-income, black_nh-plurality, farther reach",0.15749013123685918,0.07347174414272556,814.0664883633251,379.7754454737484
34039032800,5547,104333.0,41.8,10.131602668108888,69.56913647016405,3.10077519379845,13.59293311700018,75.0,109.0,34.0,1,"lower-income, black_nh-plurality, farther reach",0.17677669529663692,0.0805856442774737,980.580328810445,447.00856880714656
34039032901,4813,122685.0,44.1,29.648867650114273,43.42405983793891,8.99646789943902,15.582796592561811,89.0,107.0,18.0,1,"lower-income, black_nh-plurality, farther reach",0.1279217364995969,0.08439687163551189,615.6873177725598,406.2021431817187
34039033100,6644,106579.0,41.1,14.027694160144492,43.31727874774232,19.38591210114389,12.477423239012642,72.0,99.0,27.0,1,"lower-income, black_nh-plurality, farther reach",0.1894645708137998,0.10153154954452946,1258.802608486886,674.5756151738537
34039033200,3908,122393.0,41.1,36.82190378710338,20.624360286591607,11.182190378710338,18.44933469805527,63.0,101.0,38.0,3,"higher-income, white_nh-plurality, closer reach",0.23325824788420185,0.09694654761460844,911.5732327314608,378.8671080778898
34039033300,3782,128266.0,46.4,37.361184558434694,20.22739291380222,7.747223691168694,27.710206240084613,73.0,105.0,32.0,3,"higher-income, white_nh-plurality, closer reach",0.18513719403582055,0.08838834764831845,700.1888678434733,334.28473080594034
34039033400,3754,141184.0,42.3,51.67820990942994,15.716568993074054,6.20671283963772,23.947789025039956,80.0,97.0,17.0,3,"higher-income, white_nh-plurality, closer reach",0.15749013123685918,0.10633339511885696,591.2179526631694,399.17556527618905
34039033501,4497,113566.0,52.1,33.91149655325773,22.99310651545475,12.452746275294642,24.92772959750945,68.0,91.0,23.0,3,"higher-income, white_nh-plurality, closer reach",0.20780947403569697,0.12214499605428075,934.5192047385293,549.2860472561006
34039033502,4460,125125.0,28.3,30.336322869955158,29.394618834080717,7.6008968609865475,20.807174887892376,56.0,105.0,49.0,3,"higher-income, white_nh-plurality, closer reach",0.2742062449236565,0.08838834764831845,1222.959852359508,394.21203051150025
34039033700,4644,113971.0,37.5,44.96124031007752,9.905254091300604,5.4909560723514215,35.31438415159345,60.0,109.0,49.0,3,"higher-income, white_nh-plurality, closer reach",0.25,0.0805856442774737,1161.0,374.23973202458785
34039033800,5940,101786.0,41.2,37.22222222222222,4.511784511784512,21.447811447811446,32.50841750841751,59.0,109.0,50.0,3,"higher-income, white_nh-plurality, closer reach",0.2558434729991938,0.0805856442774737,1519.7102296152111,478.67872700819373
34039033900,3381,104444.0,37.8,25.761608991422655,17.420881396036677,9.494232475598935,44.83880508725229,56.0,102.0,46.0,2,"lower-income, hispanic/latino-plurality, farther reach",0.2742062449236565,0.09473228540689989,927.0913140868826,320.2898569607285
34039034000,6147,71667.0,41.9,14.787701317715959,38.26256710590532,0.0,44.9975597852611,59.0,104.0,45.0,1,"lower-income, black_nh-plurality, farther reach",0.2558434729991938,0.09045432734002365,1572.6698285260443,556.0227501591254
34039034100,3371,72386.0,40.8,11.687926431326016,47.31533669534263,3.4114506081281517,37.3183031741323,67.0,112.0,45.0,1,"lower-income, black_nh-plurality, farther reach",0.21266679023771395,0.07518906475513229,716.8997498913337,253.46233728955096
34039034200,3917,88750.0,32.3,15.649731937707429,39.724278784784275,1.3020168496298188,40.10722491702834,67.0,112.0,45.0,1,"lower-income, black_nh-plurality, farther reach",0.21266679023771395,0.07518906475513229,833.0158173611255,294.5155666458532
34039034700,4013,79773.0,39.7,36.257164216297035,25.816097682531773,3.23947171692001,27.934213805133318,58.0,114.0,56.0,1,"lower-income, black_nh-plurality, farther reach",0.26182353070515674,0.0717936471873147,1050.697828719794,288.1079061626939
34039035100,4241,78875.0,35.0,26.196651733081822,46.38057062013676,0.7073803348266918,23.060598915350152,54.0,110.0,56.0,1,"lower-income, black_nh-plurality, farther reach",0.2871745887492588,0.07874506561842959,1217.9074308856066,333.9578232877599
34039035300,6848,87880.0,36.4,20.44392523364486,24.255257009345794,3.3878504672897196,50.45268691588785,57.0,113.0,56.0,2,"lower-income, hispanic/latino-plurality, farther reach",0.2679433656340733,0.07347174414272556,1834.8761678621338,503.13450388938463
34039035500,7150,73184.0,41.3,32.15384615384615,18.825174825174827,0.34965034965034963,35.25874125874126,67.0,119.0,52.0,2,"lower-income, hispanic/latino-plurality, farther reach",0.21266679023771395,0.06396086824979845,1520.5675501996548,457.3202079860589
34039035700,5266,88281.0,35.4,33.725788074439805,22.426889479680973,8.45043676414736,32.71933156095708,60.0,116.0,56.0,2,"lower-income, hispanic/latino-plurality, farther reach",0.25,0.06855156123091415,1316.5,360.9925214419939
34039035800,3276,79273.0,40.3,24.694749694749696,51.64835164835165,4.487179487179487,17.796092796092797,61.0,117.0,56.0,1,"lower-income, black_nh-plurality, farther reach",0.2442899921085615,0.06698584140851833,800.2940141476475,219.44561645430608
34039035900,4324,97115.0,38.0,22.82608695652174,27.26641998149861,12.974098057354302,33.163737280296026,50.0,106.0,56.0,1,"lower-income, black_nh-plurality, farther reach",0.3149802624737183,0.086369554997986,1361.9746549363579,373.4619558112915
34039036000,5768,91286.0,39.0,13.280166435506242,53.27669902912621,12.066574202496533,20.960471567267685,61.0,117.0,56.0,1,"lower-income, black_nh-plurality, farther reach",0.2442899921085615,0.06698584140851833,1409.0646744821827,386.37433324433374
34039036600,4119,157500.0,37.9,68.60888565185725,5.656712794367565,6.870599660111678,9.759650400582666,60.0,115.0,55.0,3,"higher-income, white_nh-plurality, closer reach",0.25,0.07015387801933584,1029.75,288.96382356164435
34039036900,4688,100948.0,42.7,69.45392491467577,0.0,3.3063139931740615,21.053754266211605,57.0,113.0,56.0,3,"higher-income, white_nh-plurality, closer reach",0.2679433656340733,0.07347174414272556,1256.1184980925354,344.4355365410974
34039037200,4196,102774.0,47.1,80.62440419447093,1.8112488083889418,4.933269780743565,7.7216396568160155,58.0,111.0,53.0,3,"higher-income, white_nh-plurality, closer reach",0.26182353070515674,0.07694652583405728,1098.6115348388378,322.8676223997044
34039037500,5527,135346.0,39.7,50.93178939750317,11.977564682467884,14.438212411796634,20.62601773113805,84.0,110.0,26.0,3,"higher-income, white_nh-plurality, closer reach",0.14358729437462942,0.07874506561842959,793.6069760085768,435.22397767306035
34039039900,1706,50976.0,40.4,6.799531066822977,29.66002344665885,0.7033997655334114,62.13364595545135,40.0,95.0,55.0,2,"lower-income, hispanic/latino-plurality, farther reach",0.3968502629920499,0.11136233976754245,677.0265486644371,189.98415164342742
